channel_title,norm_title,video_id,title,published_at,view_count,like_count,comment_count,channel_subscribers,has_uzor_arukwe,has_bamike_olawunmi,has_maurice_sam,has_sonia_uche,has_uche_montana,has_timini_egbuson,has_bimbo_ademoye,age_days,log_views,log_age,year,like_rate,comment_rate,pair_arukwe_olawunmi,pair_sam_uche,pair_sam_montana,pair_egbuson_ademoye,expected_log_views,premium
Uche Nancy tv,betrayed vow,X8lDCkDIjAs,BETRAYED VOW -  LATEST 2018 NIGERIAN NOLLYWOOD MOVIES,2019-01-11 18:34:23+00:00,650783,3910.0,481.0,2360000,0,0,0,0,0,0,0,2824,13.385933068898801,7.945909598613133,2019,0.006008147108944149,0.000739109657136096,0,0,0,0,12.246225504749365,1.139707564149436
Uche Nancy tv,the nancies,4PxRU2wZYL8,THE NANCIES - UCHENANCY`S NEW YEAR SURPRISE FOR HER KIDS,2019-01-25 17:38:08+00:00,195423,3489.0,484.0,2360000,0,0,0,0,0,0,0,2810,12.182926836022862,7.940939762327791,2019,0.017853579159054972,0.00247667879420539,0,0,0,0,12.24569748893586,-0.06277065291299877
Uche Nancy tv,3 call girls,VbOMnYBvDj4,3 CALL GIRLS (FULL MOVIE) - RECENT NIGERIAN NOLLYWOOD MOVIES,2019-04-23 16:34:02+00:00,70641,775.0,120.0,2360000,0,0,0,0,0,0,0,2722,11.165380147447829,7.909122183211411,2019,0.010970965869679081,0.0016987301991761158,0,0,0,0,12.242317058684973,-1.0769369112371443
Uche Nancy tv,audition uchenancy academy watch out,Qs-PPVNv1Fs,AUDITION 2020-UCHENANCY FILM ACADEMY...WATCH OUT,2020-01-20 08:18:49+00:00,23965,633.0,126.0,2360000,0,0,0,0,0,0,0,2450,10.084391438242461,7.803843303538772,2020,0.02641351971625287,0.005257667431671187,0,0,0,0,12.81579956316638,-2.7314081249239184
Uche Nancy tv,how i got married to a fighter,enXYpNR5jZE,HOW I GOT  MARRIED TO A FIGHTER (NEW MOVIE) 2020 UCHENANCY NOLLYWOOD SHORT MOVIES,2020-01-27 08:04:16+00:00,55193,901.0,145.0,2360000,0,0,0,0,0,0,0,2443,10.918609530705213,7.8009820712577405,2020,0.01632453390828547,0.002627144746616419,0,0,0,0,12.81549557410039,-1.8968860433951775
Uche Nancy tv,my wife is too troublesome uchenancy,BOPHnigkK88,MY WIFE IS TOO TROUBLESOME-2020 UCHENANCY NOLLYWOOD NEW MOVIE,2020-02-26 08:19:33+00:00,1190209,4065.0,332.0,2360000,0,0,0,0,0,0,0,2413,13.989640320106846,7.7886260656250315,2020,0.00341536654486733,0.00027894260587846335,0,0,0,0,12.81418282132721,1.175457498779636
Uche Nancy tv,married women association uchenancy,ilLxu7idxdg,MARRIED WOMEN ASSOCIATION  -2020 LATEST UCHENANCY NOLLYWOOD MOVIES (COMPLETE  MOVIE),2020-04-18 12:24:32+00:00,860981,2614.0,324.0,2360000,0,0,0,0,0,0,0,2361,13.665828877267991,7.766840537085513,2020,0.003036071643857414,0.00037631492448729996,0,0,0,0,12.811868237322022,0.8539606399459689
Uche Nancy tv,hear my cry oh lord uchenancy,HGBBls2GhK8,HEAR MY CRY OH LORD  -2020 LATEST UCHENANCY NOLLYWOOD MOVIES (COMPLETE MOVIE),2020-05-04 07:56:07+00:00,1420833,5985.0,414.0,2360000,0,0,0,0,0,0,0,2345,14.166754581113901,7.76004068088038,2020,0.004212317703769549,0.0002913783674787959,0,0,0,0,12.811145792678028,1.3556087884358732
Uduak Isong TV,best friends,Ocil4o4jbL4,Best Friends - Best Friends With Benefits- New Nigerian Movie starring Bimbo Ademoye/Daniel Effiong,2020-08-26 15:00:08+00:00,6197573,40322.0,3609.0,814000,0,0,0,0,0,0,1,2231,15.639668483118705,7.7102051944325325,2020,0.006506095208559867,0.000582324726146832,0,0,0,0,14.515784568529975,1.1238839145887294
ChinneyLoveEze Tv,when love finds you i love my bestfriend but he s in love with someone else,N7g3FbLY4_g,WHEN LOVE FINDS YOU- I love my bestfriend but he's in love with someone else,2020-08-30 12:01:57+00:00,3523905,19716.0,1612.0,829000,0,0,0,0,0,0,0,2227,15.075080591448618,7.708410667257367,2020,0.0055949294887347985,0.0004574470651166816,0,0,0,0,14.142435796782909,0.932644794665709
Uche Nancy tv,clash of billionaire side chicks,9oJa0On74ac,CLASH OF BILLIONAIRE SIDE CHICKS | (NEW MOVIE) 2020 UCHE NANCY & CHINENYE NNEBE HIT NOLLYWOOD MOVIES,2020-09-21 09:30:12+00:00,27161,478.0,45.0,2360000,0,0,0,0,0,0,0,2205,10.209574216664013,7.6984827878809465,2020,0.017598762932145354,0.0016567873053274916,0,0,0,0,12.804605629364064,-2.5950314127000507
Uche Nancy tv,love triangle,oiisSObrQCo,LOVE TRIANGLE (Evergreen Hit Movie) 2020 Latest Nigerian Nollywood Movie Full HD,2020-10-22 12:00:10+00:00,1057796,3955.0,287.0,2360000,0,0,0,0,0,0,0,2174,13.871699001535122,7.684324067681155,2020,0.003738906178507009,0.00027131885543148204,0,0,0,0,12.803101348793183,1.0685976527419392
Uche Nancy tv,forced love,AXByv4C5c5Q,FORCED LOVE (Evergreen Hit Movie) 2020 Latest Nigerian Nollywood Movie Full HD,2020-10-29 13:15:18+00:00,586076,2477.0,158.0,2360000,0,0,0,0,0,0,0,2167,13.281206459244421,7.681099001536359,2020,0.0042264143216920675,0.0002695896095386946,0,0,0,0,12.802758704523576,0.478447754720845
Uche Nancy tv,house of commotion,Mz0kcuHxwOo,HOUSE OF COMMOTION (Evergreen Hit Movie) 2020 Latest Nigerian Nollywood Movie Full HD,2020-11-12 13:40:15+00:00,217990,1361.0,,2360000,0,0,0,0,0,0,0,2153,12.292209056515333,7.674617497364363,2020,0.006243405660810129,,0,0,0,0,12.802070082906761,-0.5098610263914285
ChinneyLoveEze Tv,my neighbour my neighbour is a very hot guy lastest,Ex1OZ03IqHg,MY NEIGHBOUR/ MY NEIGHBOUR IS A VERY HOT GUY/LASTEST NIGERIAN MOVIE,2020-11-17 16:05:37+00:00,3898493,24059.0,1801.0,829000,0,0,0,0,0,0,0,2148,15.176100882677126,7.672292455628756,2020,0.006171359035401628,0.0004619733830482702,0,0,0,0,14.138598449675177,1.0375024330019489
Uche Nancy tv,holy ghost sister final episodes,IzVUphuWTA0,HOLY GHOST SISTER FINAL EPISODES (New Hit Movie) 2020 Latest Nigerian Nollywood Movie Full HD,2020-11-18 12:44:35+00:00,44221,969.0,193.0,2360000,0,0,0,0,0,0,0,2147,10.6969776817921,7.671826797878781,2020,0.021912665927952782,0.004364442233328057,0,0,0,0,12.801773587534575,-2.104795905742474
Uche Nancy tv,against my destiny,4VVRwFwDkWA,AGAINST MY DESTINY (Evergreen Hit Movie) 2020 Latest Nigerian Nollywood Movie Full HD,2020-11-19 13:57:10+00:00,1848118,8418.0,,2360000,0,0,0,0,0,0,0,2146,14.42967892304996,7.671360923190644,2020,0.004554903961760018,,0,0,0,0,12.801724091094787,1.6279548319551722
Uche Nancy tv,blood enemies,wUU2gyAgoFA,BLOOD ENEMIES (New Hit Movie) 2020 Latest Nigerian Nollywood Movie Full HD,2020-11-28 18:23:44+00:00,219010,1507.0,246.0,2360000,0,0,0,0,0,0,0,2137,12.296877235847742,7.667158255319148,2020,0.006880964339527875,0.00112323638190037,0,0,0,0,12.801277582403625,-0.5044003465558831
Uche Nancy tv,stronger than pain,NXmiUcdylic,STRONGER THAN PAIN (Evergreen Hit Movie) Jerry & Chinenye 2020 Latest Nigerian Nollywood Movie,2020-12-03 11:44:13+00:00,4743936,30391.0,,2360000,0,0,0,0,0,0,0,2132,15.372377939638973,7.664815785285735,2020,0.006406283727267821,,0,0,0,0,12.801028708768902,2.571349230870071
Uche Nancy tv,swag mama,EGpDVxHhsdM,SWAG MAMA (Evergreen Hit Movie) Chinenye Nnebe & Ogbu Johnson 2020 Latest Nigerian Nollywood Movie,2020-12-07 15:44:36+00:00,40613,449.0,,2360000,0,0,0,0,0,0,0,2128,10.611868113736662,7.662937850461535,2020,0.011055573338586167,,0,0,0,0,12.800829189262227,-2.1889610755255653
Uche Nancy tv,secrets of a woman,EVoZDTVPHlY,SECRETS OF A WOMAN (New Hit Movie) Sonia Uche 2020 Latest Nigerian Nollywood Movie Full HD,2020-12-11 13:49:29+00:00,354516,1635.0,,2360000,0,0,0,1,0,0,0,2124,12.77851157867053,7.66105638236183,2020,0.004611921605794943,,0,0,0,0,12.944827541943777,-0.16631596327324694
Uche Nancy tv,test of love,ZbqgLTWmFgs,TEST OF LOVE (New Hit Movie) Sonia Uche 2020 Latest Nigerian Nollywood Movie Full HD,2020-12-15 10:36:26+00:00,776629,9016.0,1076.0,2360000,0,0,0,1,0,0,0,2120,13.562719325458904,7.659171367666058,2020,0.011609146709690212,0.0013854749178822835,0,0,0,0,12.944627270242476,0.6180920552164277
Uche Nancy tv,forces of life,OyniJUEwYw0,FORCES OF LIFE (Hit Movie) Mercy Johnson & Chinenye Nnebe 2020 Latest Nigerian Nollywood Hit Movie,2020-12-22 15:20:00+00:00,125424,1295.0,,2360000,0,0,0,0,0,0,0,2113,11.739463249352454,7.655864017616056,2020,0.010324977675723945,,0,0,0,0,12.800077636214992,-1.0606143868625377
Uduak Isong TV,the proposal,ye8l5k0bzCg,The Proposal - New Nollywood movie featuring Daniel Etim Effiong,2020-12-23 16:00:13+00:00,3100861,21221.0,2464.0,814000,0,0,0,0,0,0,0,2112,14.947190695318731,7.655390644826152,2020,0.006843583120946086,0.0007946180109330924,0,0,0,0,13.58542092632378,1.361769768994952
Uche Nancy tv,family case,DW25GNRWOFA,FAMILY CASE (New Hit Movie) Sonia Uche & Chinenye Nnebe 2020 Latest Nigerian Nollywood Hit Movie,2020-12-24 15:47:01+00:00,1483610,9177.0,,2360000,0,0,0,1,0,0,0,2111,14.209989538967498,7.65491704784832,2020,0.006185587856646963,,0,0,0,0,12.944175273836457,1.2658142651310413
Uche Nancy tv,women of nowadays,z-dyrA6GH-w,WOMEN OF NOWADAYS (Full Movie) Sonia Uche & Chinenye Nnebe 2020 Latest Nigerian Nollywood Hit Movie,2020-12-26 16:17:50+00:00,75452,748.0,,2360000,0,0,0,1,0,0,0,2109,11.231265224836942,7.653969180478774,2020,0.00991358744632349,,0,0,0,0,12.944074568515095,-1.7128093436781526
Uche Nancy tv,unholy debauchers,Ty8DfXsrqgE,UNHOLY DEBAUCHERS (New Hit Movie) Chinenye Nnebe & Babarex 2021 Latest Nigerian Nollywood Movie,2021-01-02 13:43:27+00:00,66661,864.0,83.0,2360000,0,0,0,0,0,0,0,2102,11.10739035441195,7.650644551436897,2021,0.01296110169364396,0.0012451058339958897,0,0,0,0,11.565918683445236,-0.4585283290332871
Uche Nancy tv,disharmony,YzEOIaGIJp0,DISHARMONY (New Hit Movie) Chinenye Nnebe & Darlington 2021 Latest Nigerian Nollywood Movie,2021-01-06 17:02:05+00:00,82635,907.0,82.0,2360000,0,0,0,0,0,0,0,2098,11.32220069991152,7.6487397889562425,2021,0.010975978701518728,0.0009923156047679555,0,0,0,0,11.565716313658182,-0.24351561374666275
Uche Nancy tv,broken pieces,EC1UNsA6Uis,BROKEN PIECES (New Hit Movie) Luchy Donalds & Eddie Watson 2021 Latest Nigerian Nollywood Movie,2021-01-09 18:20:16+00:00,61913,486.0,39.0,2360000,0,0,0,0,0,0,0,2095,11.033501604343769,7.647308832356238,2021,0.007849724613570655,0.0006299161726939415,0,0,0,0,11.565564282953375,-0.5320626786096057
Uche Nancy tv,daughter of jezebel,z1DT-CHd13I,DAUGHTER OF JEZEBEL (New Hit Movie) Frank Eche-Ben & Oluchi N. 2021 Latest Nigerian Nollywood Movie,2021-01-11 18:10:14+00:00,20313,255.0,23.0,2360000,0,0,0,0,0,0,0,2093,9.919065582499446,7.646353722445999,2021,0.012553537143701079,0.001132279820804411,0,0,0,0,11.565462808154752,-1.6463972256553063
Uche Nancy tv,if only i was able to see through the heart of the man i loved all my life,1h02TZ10iZU,IF ONLY I WAS ABLE TO SEE THROUGH THE HEART OF THE MAN I LOVED ALL MY LIFE. 2021 NOLLYWOOD MOVIES,2021-01-12 15:58:08+00:00,147880,800.0,50.0,2360000,0,0,0,0,0,0,0,2092,11.904163175267358,7.645875825184813,2021,0.005409791723018664,0.0003381119826886665,0,0,0,0,11.565412034387439,0.33875114087991953
Uche Nancy tv,my father s secret,jTCp0COKcP0,MY FATHER'S SECRET (Full Movie) Stephen Odimgbe/Chinenye Nnebe 2021 Latest Nigerian Nollywood Movie,2021-01-14 15:51:07+00:00,157215,1588.0,202.0,2360000,0,0,0,0,0,0,0,2090,11.965375934968375,7.644919344958857,2021,0.01010081735203384,0.0012848646757624908,0,0,0,0,11.565310414000848,0.40006552096752657
Uche Nancy tv,marital jealousy,6ub1vKSnrQ0,MARITAL JEALOUSY (Full Movie) Latest Nigerian Nollywood New Hit Movie,2021-01-22 15:56:14+00:00,21899,257.0,,2360000,0,0,0,0,0,0,0,2082,9.994241915804592,7.641084249174914,2021,0.0117356956938673,,0,0,0,0,11.564902957677546,-1.5706610418729543
Uche Nancy tv,my stubborn wife,yDgzJzXAo8s,MY STUBBORN WIFE (Full Movie) Sonia Uche/Angel Palazzo & Rhema Isaac Latest Nigerian Nollywood Movie,2021-01-25 14:04:43+00:00,869855,6534.0,811.0,2360000,0,0,0,1,0,0,0,2079,13.676082959689897,7.639642287858013,2021,0.007511596760379604,0.0009323392979289652,0,0,0,0,11.708948005364352,1.9671349543255445
Uche Nancy tv,marriage on fire,07d6kmyKmyg,MARRIAGE ON FIRE (New Full Movie) Ken Erics & Chinenye Nnebe 2021 Latest Nigerian Nollywood Movie,2021-01-26 14:55:58+00:00,434699,2688.0,339.0,2360000,0,0,0,0,0,0,0,2078,12.982411416976884,7.639161171659173,2021,0.006183589104184734,0.000779849965148298,0,0,0,0,11.564698642025961,1.4177127749509228
Uche Nancy tv,vanity,nZS1F-espKo,VANITY (Full Movie) Chinenye Nnebe/Sonia Uche & Eddie Watson 2021 Latest Nigerian Nollywood Movie,2021-01-27 16:58:41+00:00,309566,2305.0,297.0,2360000,0,0,0,1,0,0,0,2077,12.642929825869395,7.638679823876112,2021,0.007445908142367056,0.0009594076868906792,0,0,0,0,11.70884574923896,0.9340840766304339
Uche Nancy tv,family disaster,e450y8wPeYk,FAMILY DISASTER (Full Movie) Chinenye Nnebe/Sonia Uche & Flashboy Latest Nigerian Nollywood Movie,2021-02-12 11:30:03+00:00,125878,1429.0,105.0,2360000,0,0,0,1,0,0,0,2061,11.743076407073067,7.630946580890459,2021,0.01135226171372281,0.0008341409936605285,0,0,0,0,11.708024137750842,0.03505226932222527
Royal Arts TV,watch bimbo ademoye nino b and monalisa in the personal assistant,TBvR2MsNJls,"Watch Bimbo Ademoye, Nino B and Monalisa in THE PERSONAL ASSISTANT (Sexy Secretary) - Trending Film",2021-02-13 15:00:14+00:00,3969781,25297.0,2508.0,705000,0,0,0,0,0,0,1,2060,15.194221739316871,7.630461261783627,2021,0.006372391827156209,0.0006317728862121109,0,0,0,0,14.62084487195369,0.5733768673631818
Uche Nancy tv,war front,7F3l3sVBrGY,WAR FRONT (Full Movie) Sonia Uche & Chinenye Nnebe 2021 Latest Nigerian Nollywood Hit Movie,2021-02-21 12:00:02+00:00,133656,1359.0,103.0,2360000,0,0,0,1,0,0,0,2052,11.803032095803442,7.62657020629066,2021,0.010167893697252649,0.0007706350631471839,0,0,0,0,11.70755917374361,0.09547292205983204
Uche Nancy tv,love and regrets,AH1aYnK3MDQ,LOVE AND REGRETS (Full Movie) Sonia Uche & Jerry Williams 2021 Latest Nigerian Nollywood Movie,2021-03-09 16:40:15+00:00,51655,693.0,57.0,2360000,0,0,0,1,0,0,0,2036,10.852361634306304,7.618742377670413,2021,0.013415932629948698,0.0011034749782208885,0,0,0,0,11.706727513089294,-0.8543658787829909
Uche Nancy tv,obsession,pj0F6URo-zk,"OBSESSION (Full Movie) Chinenye Nnebe, Sonia Uche & Darlington 2021 Latest Nigerian Nollywood Movie",2021-03-13 16:59:32+00:00,228551,1883.0,188.0,2360000,0,0,0,1,0,0,0,2032,12.339519034541992,7.616775808698373,2021,0.008238861348232998,0.0008225735175081273,0,0,0,0,11.706518576726813,0.6330004578151787
Uche Nancy tv,sweet blunder,QQ4JI1nHfX0,SWEET BLUNDER (Full Movie) Jerry William & Georgina Ibeh 2021 Latest Nigerian Nollywood Movie,2021-03-16 17:32:24+00:00,80927,724.0,75.0,2360000,0,0,0,0,0,0,0,2029,11.301315149469692,7.615298339825815,2021,0.008946334350711134,0.0009267611551151037,0,0,0,0,11.562163356789261,-0.2608482073195688
Uche Nancy tv,act of contrition,-xqWZnWte_Y,ACT OF CONTRITION (Full Movie) Chinenye Nnebe/Nazo Ekezie 2021 Latest Nigerian Nollywood Full Movie,2021-03-26 13:38:40+00:00,51232,566.0,88.0,2360000,0,0,0,0,0,0,0,2019,10.84413913465654,7.610357618312838,2021,0.011047782635852592,0.001717676452217364,0,0,0,0,11.561638434248719,-0.7174992995921787
Uche Nancy tv,storms in love,6rWZorgjmlA,STORMS IN LOVE (Full Movie) Chinenye Nnebe & Chuks Omalicha  Latest Nigerian Nollywood Full Movie,2021-03-31 16:13:02+00:00,1535154,8343.0,519.0,2360000,0,0,0,0,0,0,0,2014,14.244141911104277,7.607878073278507,2021,0.0054346339194634545,0.0003380768313797834,0,0,0,0,11.561374997203059,2.6827669139012187
Uche Nancy tv,how the rich daughter of a billionaire fell head over heels for an ordinary gateman,ZQuLKRVrV-w,How The Rich Daughter Of A Billionaire Fell Head Over Heels For An Ordinary Gateman - Nigerian Movie,2021-04-17 17:06:47+00:00,45650,463.0,45.0,2360000,0,0,0,0,0,0,0,1997,10.728780791588225,7.599401333415815,2021,0.010142387732749178,0.0009857612267250822,0,0,0,0,11.560474393553864,-0.8316936019656396
Uche Nancy tv,never green,YcYT_nq5DeU,NEVER GREEN (New Movie) Chinenye Nnebe & Queen Nwokoma 2021 Latest Nigerian Nollywood Full Movie,2021-04-19 16:03:43+00:00,189324,1866.0,314.0,2360000,0,0,0,0,0,0,0,1995,12.151220393982024,7.598399329323964,2021,0.009856119667870951,0.0016585324628678878,0,0,0,0,11.560367936524836,0.5908524574571885
Uche Nancy tv,ladies world,Ybs5tz6V6vw,LADIES WORLD (Full Movie) Jerry Williams & Lizzy Gold 2021 Latest Nigerian Nollywood Full Movie,2021-04-27 14:02:20+00:00,36616,419.0,36.0,2360000,0,0,0,1,0,0,0,1987,10.508267892425925,7.594381242551817,2021,0.011443084990168233,0.0009831767533318768,0,0,0,0,11.704139286065496,-1.195871393639571
Uche Nancy tv,my inheritance,whS9gahz3vw,MY INHERITANCE (New Movie) Chinenye Nnebe & Bishop Umoh 2021 Latest Nigerian Nollywood Full Movie,2021-04-29 16:29:47+00:00,107144,820.0,55.0,2360000,0,0,0,0,0,0,0,1985,11.581938336257183,7.59337419312129,2021,0.007653251698648548,0.0005133278578361831,0,0,0,0,11.559834045421047,0.022104290836136187
Uche Nancy tv,storms in marriage,_SmA1VGKbb0,STORMS IN MARRIAGE (Full Movie) Sonia Uche & Rhema Isaac 2021 Latest Nigerian Nollywood Full Movie,2021-05-01 15:08:30+00:00,182934,1910.0,237.0,2360000,0,0,0,1,0,0,0,1983,12.116886177471372,7.592366128519796,2021,0.010440924049110609,0.0012955492144707927,0,0,0,0,11.703925192076513,0.41296098539485904
NollyFamily tv,endless love,rLtPMf3eVgw,ENDLESS LOVE (Full Movie) Stephen Odimgbe/Chinenye Nnebe/Rhema 2021 Latest Nigerian Nollywood Movie,2021-05-03 15:19:04+00:00,845492,6018.0,658.0,1670000,0,0,0,0,0,0,0,1981,13.647675168161722,7.591357046698551,2021,0.007117749192186325,0.0007782450927980394,0,0,0,0,11.508440103353456,2.1392350648082665
Uche Nancy tv,loving a tout,qMrwCC34aic,LOVING A TOUT (New Movie) Ray Emodi & Sonia Uche 2021 Latest Nigerian Nollywood Full Movie,2021-05-11 14:06:54+00:00,270758,2814.0,274.0,2360000,0,0,0,1,0,0,0,1973,12.508984405307997,7.587310506022615,2021,0.010393044711513602,0.0010119737920947858,0,0,0,0,11.703388061983617,0.80559634332438
NollyFamily tv,strike of reality,r5ZUtANe-yk,STRIKE OF REALITY (Full Movie) Ken Erics/Chinenye Nnebe & Rhema 2021 Latest Nigerian Nollywood Movie,2021-05-14 13:29:50+00:00,49004,484.0,38.0,1670000,0,0,0,0,0,0,0,1970,10.799677612703281,7.585788821732034,2021,0.00987674475553016,0.0007754469022936903,0,0,0,0,11.50784851226943,-0.7081708995661486
Uche Nancy tv,disloyalty,Ge3jZ_L9o98,DISLOYALTY (Full Movie) Queen Nwokoma & Georgina Ibeh 2021 Latest Nigerian Nollywood Full Movie,2021-05-15 17:23:39+00:00,69428,698.0,71.0,2360000,0,0,0,0,0,0,0,1969,11.148059926647772,7.585281078639126,2021,0.010053580687906896,0.001022642161663882,0,0,0,0,11.558974199707476,-0.4109142730597046
NollyFamily tv,beautiful love,rw7XAQROr3c,BEAUTIFUL LOVE (Full Movie) Ray Emodi/Sonia & Rhema 2021 Latest Nigerian Nollywood Full Movie,2021-05-26 17:10:42+00:00,174337,1569.0,101.0,1670000,0,0,0,0,0,0,0,1958,12.068751222663124,7.579678823090456,2021,0.008999810711438192,0.0005793377194743514,0,0,0,0,11.507199360925597,0.5615518617375272
NollyFamily tv,akachi goes to school,pfw48e0MWwc,AKACHI GOES TO SCHOOL (Full Movie) Sonia Uche/Rhema Isaac 2021 Latest Nigerian Nollywood Full Movie,2021-06-08 17:53:27+00:00,122350,1286.0,138.0,1670000,0,0,0,1,0,0,0,1945,11.714649242110813,7.573017256052546,2021,0.010510829587249694,0.0011279117286473234,0,0,0,0,11.65068985626848,0.06395938584233285
Uche Nancy tv,battle of love,3zfPruFzePI,BATTLE OF LOVE (Full Movie) Chinenye Nnebe & Sonia Uche 2021 Latest Nigerian Nollywood Full Movie,2021-06-09 19:01:59+00:00,123030,976.0,51.0,2360000,0,0,0,1,0,0,0,1944,11.72019163512002,7.572502985020384,2021,0.007933024465577502,0.00041453304072177515,0,0,0,0,11.701814850151456,0.018376784968564763
Uche Nancy tv,wicked maid,hiBrAizHmIM,WICKED MAID (Full Movie) Sonia Uche & Queeneth Hilbert 2021 Latest Nigerian Nollywood Full Movie,2021-06-15 16:17:50+00:00,69013,760.0,67.0,2360000,0,0,0,1,0,0,0,1938,11.142064661548995,7.569411792450712,2021,0.011012417950241259,0.0009708315824554794,0,0,0,0,11.701486429160166,-0.5594217676111715
Uche Nancy tv,dark feelings,pwz6aPgS5To,DARK FEELINGS (Full Movie) Ruby Orjiakor & Junior Pope 2021 Latest Nigerian Nollywood Full Movie,2021-06-17 16:16:25+00:00,18713,304.0,26.0,2360000,0,0,0,0,0,0,0,1936,9.837027185835858,7.568379267836522,2021,0.016245390904718646,0.0013894084326404104,0,0,0,0,11.5571784819276,-1.7201512960917427
Uche Nancy tv,two worlds,qddidkz-EKk,TWO WORLDS (Full Movie) Chinenye Nnebe & Ogbu Johnson 2021 Latest Nigerian Nollywood Full Movie,2021-06-21 18:05:03+00:00,306819,2561.0,235.0,2360000,0,0,0,0,0,0,0,1932,12.634016535398764,7.566311014772463,2021,0.008346940704454417,0.0007659238834622367,0,0,0,0,11.55695874222966,1.0770577931691037
Uche Nancy tv,devilish agenda,A1I_WppB7zA,DEVILISH AGENDA (Full Movie) Nazo Ekezie & Chuks Omalicha 2021 Latest Nigerian Nollywood Full Movie,2021-06-27 16:15:28+00:00,95392,770.0,89.0,2360000,0,0,0,0,0,0,0,1926,11.465760479482228,7.563200592358071,2021,0.008071955719557196,0.0009329922844682992,0,0,0,0,11.556628278180709,-0.09086779869848094
NollyFamily tv,my village people,FlUF8FBIwS0,MY VILLAGE PEOPLE (Full Movie) Ebele Okaro/Harry B/Rhema 2021 Latest Nigerian Nollywood Full Movie,2021-06-28 16:34:14+00:00,84225,440.0,24.0,1670000,0,0,0,0,0,0,0,1925,11.341258941163606,7.562681246721884,2021,0.005224102107450282,0.00028495102404274265,0,0,0,0,11.505393468618772,-0.16413452745516643
Uche Nancy tv,regrets,X72Ru9rAZZg,REGRETS (Full Movie) Chinenye Nnebe/Jerry William/Chinyere 2021 Latest Nigerian Nollywood Full Movie,2021-06-28 19:07:08+00:00,1680193,6738.0,568.0,2360000,0,0,0,0,0,0,0,1925,14.334419820903056,7.562681246721884,2021,0.004010253583963271,0.00033805640185383465,0,0,0,0,11.556573100767846,2.7778467201352104
Uche Nancy tv,games in marriage,hhV1EqOfmJQ,GAMES IN MARRIAGE (Full Movie) Ruby Orjiakor/Darlington 2021 Latest Nigerian Nollywood Full Movie,2021-07-03 14:28:37+00:00,28714,218.0,28.0,2360000,0,0,0,0,0,0,0,1920,10.265174913298397,7.560080465021827,2021,0.007592115344431288,0.0009751340809361287,0,0,0,0,11.55629678304101,-1.2911218697426126
Uche Nancy tv,together forever,_oipqb5v1FA,TOGETHER FOREVER (Full Movie) Stephen Odimgbe/Chinenye Nnebe 2021 Latest Nigerian Nollywood Movie,2021-07-05 12:54:57+00:00,117421,1183.0,109.0,2360000,0,0,0,0,0,0,0,1918,11.673529562346564,7.559038255443384,2021,0.010074858841263488,0.0009282836971240238,0,0,0,0,11.556186054415999,0.11734350793056514
Uche Nancy tv,love and madness,joufhmysLck,LOVE AND MADNESS (Full Movie) Stephen Odimgbe/Chinenye Nnebe 2021 Latest Nigerian Nollywood Movie,2021-07-05 17:50:35+00:00,2868345,37754.0,3494.0,2360000,0,0,0,1,0,0,0,1918,14.869246114987105,7.559038255443384,2021,0.01316229393605023,0.0012181240401695054,0,0,0,0,11.700384301993923,3.168861812993182
Uche Nancy tv,misconstrue,CXaNMR_AHRQ,MISCONSTRUE (Full Movie) Ray Emodi & Kenechukwu Ezeh 2021 Latest Nigerian Nollywood Full Movie,2021-07-07 12:52:18+00:00,41688,393.0,37.0,2360000,0,0,0,0,0,0,0,1916,10.637992584019639,7.557994958530806,2021,0.009427173287276915,0.0008875455766647476,0,0,0,0,11.556075210268146,-0.9180826262485073
Uche Nancy tv,the rugged lover,tCxu1Y4wP_8,THE RUGGED LOVER (Full Movie) Ray Emodi & Kenechukwu Ezeh 2021 Latest Nigerian Nollywood Full Movie,2021-07-09 16:25:18+00:00,10689,146.0,20.0,2360000,0,0,0,0,0,0,0,1914,9.27706400401909,7.5569505720129,2021,0.013658901674618766,0.0018710824211806531,0,0,0,0,11.555964250356148,-2.2789002463370576
NollyFamily tv,my true love,opwCQDlq3ro,MY TRUE LOVE (Full Movie) Queen Nwokoye/Sonia Uche/Rhema 2021 Latest Nigerian Nollywood Full Movie,2021-07-11 16:33:53+00:00,53286,556.0,79.0,1670000,0,0,0,1,0,0,0,1912,10.883447677965874,7.555905093611346,2021,0.010434260406110424,0.0014825657771272004,0,0,0,0,11.6488717898668,-0.7654241119009253
Uche Nancy tv,forced marriage,pHhCdap0RfA,FORCED MARRIAGE (Full Movie) Rudy Orjiakor & Walter Anga 2021 Latest Nigerian Nollywood Full Movie,2021-07-13 10:32:42+00:00,43324,340.0,26.0,2360000,0,0,0,1,0,0,0,1910,10.676485114583807,7.554858521040676,2021,0.007847844151047919,0.0006001292586095467,0,0,0,0,11.69994022984865,-1.0234551152648432
Uche Nancy tv,labor of love,AQ9IC_hoRuE,LABOR OF LOVE (Full Movie) Chinenye Nnebe/Stan Nze/Omalicha 2021 Trending Nigerian Nollywood Movie,2021-07-14 10:14:32+00:00,296823,2427.0,178.0,2360000,0,0,0,0,0,0,0,1909,12.600894649539857,7.554334823725748,2021,0.008176590089042965,0.0005996839867530481,0,0,0,0,11.555686342517646,1.045208307022211
Uche Nancy tv,brutal love,mo_tUEuBLYo,BRUTAL LOVE (Full Movie) Ray Emodi/Sonia Uche/Rhema Isaac 2021 Trending Nigerian Nollywood Movie,2021-07-16 11:29:48+00:00,163902,1877.0,152.0,2360000,0,0,0,1,0,0,0,1907,12.007030068408215,7.553286605600419,2021,0.011451965198716305,0.0009273834364437285,0,0,0,0,11.699773223097866,0.3072568453103486
Uche Nancy tv,heart robber,Y5mQCY0N6xg,HEART ROBBER (Full Movie) Chuks Omalicha/Georgina Ibeh/Lydia 2021 Trending Nigerian Nollywood Movie,2021-07-18 11:16:46+00:00,46866,432.0,27.0,2360000,0,0,0,0,0,0,0,1905,10.755069082040832,7.552237287560802,2021,0.009217769811803866,0.0005761106132377416,0,0,0,0,11.555463491662827,-0.8003944096219957
Uche Nancy tv,blood battle,aFeLeY77s9Y,BLOOD BATTLE (Full Movie) Chinenye Nnebe & Sonia Uche 2021 Trending Nigerian Nollywood Full Movie,2021-07-27 09:16:03+00:00,371310,3339.0,167.0,2360000,0,0,0,1,0,0,0,1896,12.824795265365985,7.547501682814967,2021,0.008992486062858528,0.00044975896151463736,0,0,0,0,11.699158609147776,1.1256366562182087
NollyFamily tv,arrogant soul,LBnDeH4isps,ARROGANT SOUL (Full Movie) Sonia Uche & Rhema Isaac 2021 Latest Nigerian Nollywood Full Movie,2021-07-27 18:12:13+00:00,8234,122.0,4.0,1670000,0,0,0,1,0,0,0,1896,9.016148642611741,7.547501682814967,2021,0.01481661403934904,0.00048579062424095217,0,0,0,0,11.647978976998704,-2.6318303343869633
Uche Nancy tv,envy and jealousy,t9Fp5qy25r4,ENVY AND JEALOUSY (Full Movie) Chinenye Nnebe & Queen Nwokoma 2021 Trending Nigerian Nollywood Movie,2021-07-27 18:33:41+00:00,235707,1960.0,258.0,2360000,0,0,0,0,0,0,0,1896,12.370349029799222,7.547501682814967,2021,0.008315408536869927,0.0010945792869961435,0,0,0,0,11.554960361569853,0.8153886682293692
Uche Nancy tv,desperate love,f0o-scmqxn4,DESPERATE LOVE (Full Movie) Sonia Uche & Ruby Orjiakor 2021 Trending Nigerian Nollywood Movie,2021-07-28 09:29:11+00:00,22030,287.0,18.0,2360000,0,0,0,1,0,0,0,1895,10.000205831412565,7.546974117516527,2021,0.013027689514298684,0.000817067635043123,0,0,0,0,11.699102558444245,-1.6988967270316806
Uche Nancy tv,local boss ladies,VWomCWw2mTk,LOCAL BOSS LADIES (Full Movie) Sonia Uche & Ekene Umenwa 2021 Trending Nigerian Nollywood Movie,2021-07-30 11:33:04+00:00,97242,1122.0,77.0,2360000,0,0,0,1,0,0,0,1893,11.484968279455602,7.545918151209323,2021,0.011538224224100698,0.0007918389173402439,0,0,0,0,11.698990368247884,-0.2140220887922819
Uche Nancy tv,distrust,Ye8eG293uUc,DISTRUST (Full Movie) Sonia Uche/Ray Emodi & Ruth Kadiri 2021 Trending Nigerian Nollywood Movie,2021-08-01 08:00:13+00:00,57952,597.0,61.0,2360000,0,0,0,1,0,0,0,1891,10.967387616194118,7.544861068658458,2021,0.010301628934290447,0.0010525952512424074,0,0,0,0,11.698878059457213,-0.7314904432630946
Uche Nancy tv,my saving grace,hWeoasfmT_E,My Saving Grace (Trending New Movie) Ruby Orjiakor/Queen N. 2021 Trending Nigerian Nollywood Movie,2021-08-04 15:38:44+00:00,29096,346.0,25.0,2360000,0,0,0,0,0,0,0,1888,10.278390355061653,7.543273346705446,2021,0.011891668957932361,0.0008592246356887545,0,0,0,0,11.554511125779685,-1.2761207707180322
Uche Nancy tv,mad love,Lpa-nMrvbwo,Mad Love (Trending New Movie) Chinenye Nnebe & Oluebube 2021 Trending Nigerian Nollywood Movie,2021-08-06 12:49:05+00:00,921963,5994.0,358.0,2360000,0,0,0,1,0,0,0,1886,13.734261456223289,7.542213463193403,2021,0.006501345498680533,0.0003883019166712764,0,0,0,0,11.698596766981323,2.0356646892419654
Uche Nancy tv,more than love,lq4HE_TnKs4,More Than Love (Trending New Movie) Jerry W/Chinenye/Sonia 2021 Trending Nigerian Nollywood Movie,2021-08-07 10:32:31+00:00,318533,2437.0,204.0,2360000,0,0,0,1,0,0,0,1885,12.671484498689402,7.541683099882111,2021,0.007650698671723181,0.0006404359987819159,0,0,0,0,11.698540419005417,0.9729440796839857
NollyFamily tv,sacred bond,nMkFClmZeqU,SACRED BOND (Trending New Movie) Flashboy & Chinenye Nnebe 2021 Latest Nigerian Nollywood Full Movie,2021-08-07 18:31:07+00:00,21313,233.0,14.0,1670000,0,0,0,0,0,0,0,1885,9.967119412780901,7.541683099882111,2021,0.010932294843522733,0.0006568760850185333,0,0,0,0,11.50316253927842,-1.5360431264975194
Uche Nancy tv,the dead man,oKg27EGndS0,THE DEAD MAN (Trending New Movie) Ken Erics & Chinenye Nnebe 2021 Trending Nigerian Nollywood Movie,2021-08-09 09:20:54+00:00,36674,537.0,47.0,2360000,0,0,0,1,0,0,0,1883,10.509850603011182,7.5406215286571525,2021,0.014642526040246497,0.001281561869444293,0,0,0,0,11.698427633319579,-1.1885770303083962
Uche Nancy tv,save my love,5-x6nqnD1NQ,SAVE MY LOVE (New Movie) Jerry Williams/Chinenye Nnebe/Sonia 2021 Trending Nigerian Nollywood Movie,2021-08-10 10:10:02+00:00,588401,4794.0,464.0,2360000,0,0,0,1,0,0,0,1882,13.28516566675191,7.540090320145325,2021,0.008147504847884351,0.0007885778576175092,0,0,0,0,11.698371195546097,1.5867944712058133
Uche Nancy tv,counter attack,eGH_IgEeSb8,COUNTER ATTACK (Trending New Movie) Chinenye Nnebe & Omalicha 2021 Trending Nigerian Nollywood Movie,2021-08-10 16:14:22+00:00,131142,1418.0,133.0,2360000,0,0,0,0,0,0,0,1882,11.78404360987134,7.540090320145325,2021,0.010812706836863858,0.001014167848591603,0,0,0,0,11.554172947968173,0.22987066190316696
Uche Nancy tv,firebrand ministers,-Acnmu1rHHw,FIREBRAND MINISTERS (Trending New Movie) Chinenye Nnebe/Sonia 2021 Trending Nigerian Nollywood Movie,2021-08-11 11:45:00+00:00,508962,4570.0,861.0,2360000,0,0,0,0,0,0,0,1881,13.140130601338438,7.53955882930103,2021,0.008979059340382976,0.001691678357126858,0,0,0,0,11.55411648019853,1.5860141211399075
Uche Nancy tv,yahoo mama,hfT0WOLjFCE,YAHOO MAMA (Trending New Movie) Patience Ozokwor/Walter Anga 2021 Trending Nigerian Nollywood Movie,2021-08-12 13:25:51+00:00,458281,2822.0,313.0,2360000,0,0,0,0,0,0,0,1880,13.03523999414223,7.539027055823995,2021,0.006157794017207783,0.0006829870756151793,0,0,0,0,11.554059982400826,1.4811800117414045
Uche Nancy tv,queen of my heart,bYrnFFJTW-g,Queen Of My Heart (Trending New Movie) Jerry W/Chinenye/Sonia 2021 Trending Nigerian Nollywood Movie,2021-08-12 18:00:12+00:00,316069,2378.0,221.0,2360000,0,0,0,1,0,0,0,1880,12.663718987024684,7.539027055823995,2021,0.007523673628226748,0.00069921441204294,0,0,0,0,11.69825822997875,0.9654607570459337
Uche Nancy tv,wicked plot,Qmyin0w71mw,Wicked Plot (Trending New Movie) Chinenye/Queen Nwokoma 2021 Trending Nigerian Nollywood Movie,2021-08-16 08:52:44+00:00,19587,284.0,20.0,2360000,0,0,0,1,0,0,0,1876,9.882672412822208,7.53689712956617,2021,0.014499412875887067,0.001021085413794864,0,0,0,0,11.698031937867468,-1.8153595250452597
Uche Nancy tv,evil agenda,BVwc8RQTHeQ,EVIL AGENDA (Trending New Movie) Chinenye/Jennifer & Georgina 2021 Trending Nigerian Nollywood Movie,2021-08-17 09:30:29+00:00,67118,493.0,54.0,2360000,0,0,0,0,0,0,0,1875,11.114222442341186,7.536363938404511,2021,0.0073452725051402,0.0008045531750052147,0,0,0,0,11.553777041871204,-0.43955459953001785
Uche Nancy tv,shattered soul,vrqFDIYvl30,SHATTERED SOUL (Trending New Movie) Luchy Donald/Eddie Watson 2021 Trending Nigerian Nollywood Movie,2021-08-18 16:18:36+00:00,40261,326.0,27.0,2360000,0,0,0,0,0,0,0,1874,10.603163375058774,7.535830462798367,2021,0.008097165991902834,0.0006706241772434863,0,0,0,0,11.553720363232312,-0.9505569881735383
Uche Nancy tv,unfaithful heart,F-PmpvRD0IU,UNFAITHFUL HEART (Trending New Movie) Sonia Uche/Rhema Isaac 2021 Trending Nigerian Nollywood Movie,2021-08-20 14:53:44+00:00,9496,146.0,15.0,2360000,0,0,0,1,0,0,0,1872,9.158731238242952,7.534762657037537,2021,0.015374894692502106,0.0015796124684077507,0,0,0,0,11.697805162741709,-2.539073924498757
Uche Nancy tv,the target,dtpCUpyW0MY,THE TARGET (Trending New Movie) Wole Ojo/Sambasa Nzeribe 2021 Trending Nigerian Nollywood Movie,2021-08-20 19:15:17+00:00,19819,272.0,17.0,2360000,0,0,0,0,0,0,0,1872,9.894446807883979,7.534762657037537,2021,0.013724204046621929,0.0008577627529138706,0,0,0,0,11.553606915163785,-1.6591601072798063
NollyFamily tv,the past,1vi-wd2uvp0,THE PAST (Trending New Movie) Chinenye Nnebe & Chacha Eke 2021 Latest Nigerian Nollywood Full Movie,2021-08-23 14:56:48+00:00,32776,271.0,18.0,1670000,0,0,0,0,0,0,0,1869,10.397482328890645,7.533158807455563,2021,0.008268245057359043,0.000549182328533073,0,0,0,0,11.502256883449586,-1.1047745545589418
Uche Nancy tv,marriage battles,LUDXdV7k_gQ,MARRIAGE BATTLES (Trending New Movie) Ruby Orjiakor/Walter 2021 Trending Nigerian Nollywood Movie,2021-08-24 16:52:26+00:00,35001,285.0,31.0,2360000,0,0,0,0,0,0,0,1868,10.463160481696102,7.532623618788788,2021,0.008142624496442959,0.0008856889803148481,0,0,0,0,11.553379654957173,-1.0902191732610707
Uche Nancy tv,sweet mistake,0xX_dayFAqI,SWEET MISTAKE (Trending Movie) Nosa Rex/Esther Audu/Debby F. 2021 Trending Nigerian Nollywood Movie,2021-08-26 08:33:14+00:00,80761,637.0,30.0,2360000,0,0,0,0,0,0,0,1866,11.29926183685515,7.531552381407289,2021,0.007887470437463627,0.0003714664256262305,0,0,0,0,11.553265842299174,-0.254004005444024
NollyFamily tv,reckless heart,u02Ra1r2TJ0,RECKLESS HEART (New Movie) Chinenye/Jerry Williams/Sonia 2021 Latest Nigerian Nollywood Full Movie,2021-08-26 17:09:44+00:00,13919,183.0,12.0,1670000,0,0,0,1,0,0,0,1866,9.54108193388841,7.531552381407289,2021,0.013147496228177312,0.0008621309002083483,0,0,0,0,11.646284457728026,-2.1052025238396155
Uche Nancy tv,deception,D5EhXL1R7Eo,DECEPTION (Trending Movie) Chinenye Nnebe/Stan Nze 2021 Trending Nigerian Nollywood Movie,2021-08-31 16:02:21+00:00,56429,686.0,46.0,2360000,0,0,0,1,0,0,0,1861,10.940756210963185,7.528869256642251,2021,0.012156869694660547,0.0008151836821492496,0,0,0,0,11.697179023684933,-0.7564228127217483
NollyFamily tv,village mama,3Uk0zVY33AA,VILLAGE MAMA (New Movie) Oluebube/Chinenye Nnebe/Sonia 2021 Latest Nigerian Nollywood Full Movie,2021-08-31 17:49:49+00:00,1927329,11826.0,491.0,1670000,0,0,0,1,0,0,0,1861,14.471646183383461,7.528869256642251,2021,0.006135952917223785,0.00025475671252806343,0,0,0,0,11.645999391535861,2.8256467918476
Uche Nancy tv,yahoo papa,WMU3bT5FdO0,YAHOO PAPA (Trending New Movie) Charles Inojie/Uche Ogbodo 2021 Trending Nigerian Nollywood Movie,2021-09-02 11:16:50+00:00,509735,3135.0,200.0,2360000,0,0,0,0,0,0,0,1859,13.141648223616192,7.527793987721444,2021,0.006150254544027779,0.00039236073646110235,0,0,0,0,11.552866535121721,1.5887816884944712
Uche Nancy tv,venomous mother,AbUXb46ZYaA,VENOMOUS MOTHER (Trending Movie) Queen Nwokoye/Chinenye Nnebe 2021 Trending Nigerian Nollywood Movie,2021-09-06 07:41:18+00:00,66598,671.0,63.0,2360000,0,0,0,0,0,0,0,1855,11.106444841400739,7.5256399750415355,2021,0.010075377638968137,0.0009459743535841917,0,0,0,0,11.552637683970056,-0.44619284256931735
NollyFamily tv,two hearts,cNuJyvmYPV4,TWO HEARTS (New Movie) Chinenye Nnebe/Jerry Williams 2021 Latest Nigerian Nollywood Full Movie,2021-09-06 18:47:50+00:00,50242,508.0,36.0,1670000,0,0,0,1,0,0,0,1855,10.824626512735104,7.5256399750415355,2021,0.01011106245770471,0.0007165319851916723,0,0,0,0,11.645656299398908,-0.8210297866638037
Uche Nancy tv,the painful secret,NyYiuIK9HQg,THE PAINFUL SECRET (Trending Movie) Sonia Uche/Kene Eze/Joyce 2021 Trending Nigerian Nollywood Movie,2021-09-07 14:20:15+00:00,692806,4928.0,447.0,2360000,0,0,0,1,0,0,0,1854,13.448506740105415,7.5251007461258,2021,0.00711310236920581,0.0006452022644145691,0,0,0,0,11.696778641653856,1.7517280984515597
Uche Nancy tv,the wicked serpent,OzSrERqPvs0,THE WICKED SERPENT (Trending Movie) Oge Okoye/Eddie Watson 2021 Trending Nigerian Nollywood Movie,2021-09-07 18:01:32+00:00,151232,1262.0,140.0,2360000,0,0,0,1,0,0,0,1854,11.926576972881891,7.5251007461258,2021,0.008344794752433347,0.0009257300042319086,0,0,0,0,11.696778641653856,0.22979833122803583
Uche Nancy tv,rich sugar mummies,BJ1E0Z1sEt0,RICH SUGAR MUMMIES (Trending Movie) Latest Chinenye Nnebe 2021 Trending Nigerian Nollywood Movie,2021-09-09 12:40:31+00:00,2063236,9743.0,1006.0,2360000,0,0,0,1,0,0,0,1852,14.539786666695957,7.524021415206125,2021,0.004722193680218841,0.0004875835822949968,0,0,0,0,11.69666396910513,2.843122697590827
Uche Nancy tv,blind seer,-1UyOTNRG3M,BLIND SEER (Trending Movie) Latest Sonia Uche/Chinenye Nnebe 2021 Trending Nigerian Nollywood Movie,2021-09-09 17:31:00+00:00,435232,4248.0,322.0,2360000,0,0,0,1,0,0,0,1852,12.983636798855015,7.524021415206125,2021,0.009760311741783692,0.0007398353062274833,0,0,0,0,11.69666396910513,1.2869728297498852
NollyFamily tv,madam jolly,kwYc1IGFH5Y,MADAM JOLLY (New Movie) Chinenye Nnebe/Oluebube/Chikamso 2021 Latest Nigerian Nollywood Full Movie,2021-09-14 16:34:41+00:00,145282,1118.0,61.0,1670000,0,0,0,0,0,0,0,1847,11.886438843401653,7.52131798019924,2021,0.007695378642915158,0.00041987307443454796,0,0,0,0,11.500998865342478,0.38543997805917485
Uche Nancy tv,madam and cook,Sg5pdwV5t4w,MADAM AND COOK (New Movie) Chinenye Nnebe & Oluebube Obio 2021 Trending Nigerian Nollywood Movie,2021-09-17 18:36:34+00:00,423561,2957.0,117.0,2360000,0,0,0,0,0,0,0,1844,12.95645518141444,7.519692404116539,2021,0.006981284868059146,0.00027622939789074066,0,0,0,0,11.552005789613776,1.4044493918006644
NollyFamily tv,tears of a mother,mS_lRO3VxG0,TEARS OF A MOTHER (Full Movie) Chinenye Nnebe/Jerry William 2021 Latest Nigerian Nollywood Movie,2021-09-21 10:55:25+00:00,26844,249.0,13.0,1670000,0,0,0,0,0,0,0,1840,10.19783486285667,7.517520850603031,2021,0.009275815824765311,0.00048427954105200415,0,0,0,0,11.500595442702853,-1.3027605798461828
Uche Nancy tv,big girls in love,wL2q-2vR61w,BIG GIRLS IN LOVE (Full Movie) Chinenye Nnebe & Chizzy Alichi 2021 Trending Nigerian Nollywood Movie,2021-09-21 14:40:28+00:00,280513,2122.0,298.0,2360000,0,0,0,0,0,0,0,1840,12.544378913572823,7.517520850603031,2021,0.007564711795888248,0.0010623393568212525,0,0,0,0,11.551775074851927,0.9926038387208962
NollyFamily tv,caught in the middle,_gfeN2VzFSM,CAUGHT IN THE MIDDLE (New Movie) Sonia Uche & Wole Ojo 2021 Latest Nigerian Nollywood Movie,2021-09-22 15:53:01+00:00,45962,344.0,33.0,1670000,0,0,0,1,0,0,0,1839,10.735592003983863,7.516977224604321,2021,0.007484443670858536,0.0007179844219137549,0,0,0,0,11.644735933222503,-0.9091439292386401
Uche Nancy tv,forsaken,KnypvPnLD5E,FORSAKEN (Full Movie) Sonia Uche & Wole Ojo 2021 Trending Nigerian Nollywood Movie,2021-09-22 16:37:39+00:00,827823,4370.0,508.0,2360000,0,0,0,1,0,0,0,1839,13.626555850386763,7.516977224604321,2021,0.005278906239618856,0.0006136577505094688,0,0,0,0,11.695915565371575,1.9306402850151887
NollyFamily tv,love flight,lr_l1o0P23o,LOVE FLIGHT (Full Movie) Sonia Uche & Ray Emodi 2021 Latest Nigerian Nollywood Movie,2021-09-23 17:35:45+00:00,16944,217.0,23.0,1670000,0,0,0,1,0,0,0,1838,9.737728084041152,7.516433302915632,2021,0.01280689329556185,0.0013574126534466478,0,0,0,0,11.644678144748909,-1.9069500607077572
Uche Nancy tv,love and ego,FOT_18dlf8M,LOVE AND EGO (Full Movie) Chinenye Nnebe/Jerry & Flashboy 2021 Trending Nigerian Nollywood Movie,2021-09-25 14:28:35+00:00,216919,2001.0,257.0,2360000,0,0,0,1,0,0,0,1836,12.287283900954996,7.515344571180436,2021,0.009224641456027366,0.0011847740400794766,0,0,0,0,11.695742105568014,0.5915417953869824
Uche Nancy tv,do or die ladies,BpQ2W3gysA4,DO OR DIE LADIES (Full Movie) Chinenye Nnebe & Sonia Uche 2021 Trending Nigerian Nollywood Movie,2021-09-26 17:55:57+00:00,494667,3308.0,257.0,2360000,0,0,0,1,0,0,0,1835,13.111642109455511,7.51479976048867,2021,0.00668732703010308,0.0005195414288804388,0,0,0,0,11.695684222643084,1.4159578868124267
Uche Nancy tv,decency,Z-_8UrxTw1c,"DECENCY (Full Movie) Tana Adelana, Wole Ojo & Mike Uchegbu 2021 Trending Nigerian Nollywood Movie",2021-09-27 14:59:04+00:00,44871,526.0,54.0,2360000,0,0,0,0,0,0,0,1834,10.711569271188173,7.51425465281641,2021,0.011722493369882552,0.0012034498896837601,0,0,0,0,11.551428060587803,-0.8398587893996297
NollyFamily tv,pompous doll,UC6Davw3gHw,POMPOUS DOLL (Full Movie) Sonia Uche & Maleek Milton 2021 Latest Nigerian Nollywood Full Movie,2021-09-28 17:12:14+00:00,216240,2165.0,188.0,1670000,0,0,0,1,0,0,0,1833,12.284148805430942,7.513709247839705,2021,0.010012023677395487,0.0008694043655197929,0,0,0,0,11.644388729952452,0.63976007547849
Uche Nancy tv,unloyal love,xiu-OuV02uQ,UNLOYAL LOVE (Full Movie) Chinenye Nnebe/Sonia Uche/Omalicha 2021 Trending Nigerian Nollywood Movie,2021-09-29 12:32:18+00:00,259191,1746.0,149.0,2360000,0,0,0,1,0,0,0,1832,12.465324378786416,7.513163545234075,2021,0.006736345011979583,0.0005748656396248326,0,0,0,0,11.695510384416004,0.7698139943704128
Uche Nancy tv,love in advance,o-cEDEAxViY,LOVE IN ADVANCE (Full Movie) Chinenye Nnebe/Sonia Uc/Omalicha 2021 Trending Nigerian Nollywood Movie,2021-09-30 10:55:35+00:00,299555,1853.0,121.0,2360000,0,0,0,1,0,0,0,1831,12.61005665735654,7.5126175446745105,2021,0.006185842332793644,0.0004039324998748143,0,0,0,0,11.695452375074632,0.9146042822819069
Uche Nancy tv,crisis,mwMbC1RBwNI,CRISIS (Full Movie) Chinenye Nnebe/Wole Ojo/Sonia Uche 2021 Trending Nigerian Nollywood Movie,2021-10-02 13:52:48+00:00,99136,721.0,66.0,2360000,0,0,0,1,0,0,0,1829,11.504258010878667,7.511524648390866,2021,0.007272837314396385,0.0006657520981278244,0,0,0,0,11.695336261285936,-0.19107825040726922
Uche Nancy tv,sweet love,uSy0B1qCqEk,SWEET LOVE (Full Movie) Ray Emodi & Onyi Alex 2021 Trending Nigerian Nollywood Movie,2021-10-07 17:39:17+00:00,30571,295.0,17.0,2360000,0,0,0,0,0,0,0,1824,10.327839836362775,7.508787170634276,2021,0.009649667985999803,0.0005560825619050734,0,0,0,0,11.550847172830847,-1.223007336468072
Uche Nancy tv,depth of love,k_2bH_yqI_Q,DEPTH OF LOVE (Full Movie) Jerry Williams & Chinenye Nnebe 2021 Nigerian Nollywood Romantic Movie,2021-10-11 09:15:34+00:00,346042,2251.0,207.0,2360000,0,0,0,0,0,0,0,1820,12.754318323774706,7.506591780070841,2021,0.006504990723669381,0.0005981932828962958,0,0,0,0,11.550613925522935,1.2037043982517712
Uche Nancy tv,beloved,aCQfTCRqD-E,BELOVED (Full Movie) Jerry Williams & Chinenye Nnebe 2021 Nigerian Nollywood Romantic Movie,2021-10-11 12:55:06+00:00,120869,1133.0,112.0,2360000,0,0,0,0,0,0,0,1820,11.702470866853503,7.506591780070841,2021,0.009373784841439905,0.0009266230381652864,0,0,0,0,11.550613925522935,0.1518569413305677
Uche Nancy tv,the humble queen,n7NmGTgrIxU,THE HUMBLE QUEEN (Full Movie) Chinenye Nnebe/Wole Ojo 2021 Nigerian Nollywood Trending Movie,2021-10-19 17:00:25+00:00,1223067,7601.0,725.0,2360000,0,0,0,0,0,0,0,1812,14.016873014104826,7.502186486602924,2021,0.006214704509237843,0.0005927721048805993,0,0,0,0,11.550145889056411,2.466727125048415
Uche Nancy tv,madam trouble,nshFL67phrw,MADAM TROUBLE (Full Movie) Chinenye Nnebe/Queen/Eniola Badmus 2021 Nigerian Nollywood Trending Movie,2021-10-20 15:15:05+00:00,136428,1039.0,76.0,2360000,0,0,0,0,0,0,0,1811,11.823559611763876,7.501634457883413,2021,0.0076157387046647314,0.0005570703961063711,0,0,0,0,11.550087239258577,0.27347237250529943
NollyFamily tv,the busybody,CePE4I7hnSw,THE BUSYBODY (Full Movie) Sonia Uche/Ruth Kadiri/Ray Emodi 2021 Latest Nigerian Nollywood Full Movie,2021-10-20 18:05:00+00:00,116331,877.0,87.0,1670000,0,0,0,1,0,0,0,1811,11.664203451132721,7.501634457883413,2021,0.0075388331571120334,0.000747866003043041,0,0,0,0,11.643105854687427,0.021097596445294187
Uche Nancy tv,love and affinity,sxdk96oMe2M,LOVE AND AFFINITY (Full Movie) Ngozi Ezeonu/Watabombshell 2021 Nigerian Nollywood Trending Movie,2021-10-23 11:35:14+00:00,126595,781.0,28.0,2360000,0,0,0,0,0,0,0,1808,11.748756192616442,7.4999765409521215,2021,0.006169279987361271,0.0002211777716339508,0,0,0,0,11.549911095356254,0.19884509726018784
Uche Nancy tv,double crossed,iaiV8R0bL3s,DOUBLE CROSSED (Full Movie) Ray Emodi & Ebube Nwagbo 2021 Nigerian Nollywood Trending Full Movie,2021-10-23 14:00:14+00:00,184880,1266.0,118.0,2360000,0,0,0,0,0,0,0,1808,12.127467653847525,7.4999765409521215,2021,0.006847684984855041,0.0006382518390307227,0,0,0,0,11.549911095356254,0.5775565584912705
Uche Nancy tv,love or not,ouPcr-TAmpw,LOVE OR NOT (Full Movie) Chinenye Nnebe & Chuks Omalicha 2021 Nigerian Nollywood Trending Full Movie,2021-10-24 19:12:55+00:00,707839,4215.0,351.0,2360000,0,0,0,0,0,0,0,1807,13.469973358435997,7.499423290592229,2021,0.0059547439460103215,0.0004958754745076211,0,0,0,0,11.549852315766328,1.9201210426696687
Uche Nancy tv,royal tension,Xdl5eDgN1z0,ROYAL TENSION (Full Movie) Chinenye Nnebe/Sonia Uche/Wole Ojo 2021 Nigerian Nollywood Trending Movie,2021-10-27 14:01:03+00:00,186462,1406.0,143.0,2360000,0,0,0,1,0,0,0,1804,12.135988106962914,7.4977617006225685,2021,0.007540410378522165,0.0007669122931213867,0,0,0,0,11.693874029203252,0.44211407775966194
Uche Nancy tv,sweet karma,sIP8UwDXlZE,SWEET KARMA (Full Movie) Chinenye Nnebe/Georgina Ibeh 2021 Nigerian Nollywood Trending Full Movie,2021-10-30 12:22:17+00:00,152506,1084.0,89.0,2360000,0,0,0,0,0,0,0,1801,11.934965775615499,7.496097345175956,2021,0.007107917065558076,0.000583583596710949,0,0,0,0,11.549498953668701,0.3854668219467978
Uche Nancy tv,the rogue,vEufpZMKH3Y,THE ROGUE (Full Movie) Chinenye Nnebe/Stephen Odimgbe 2021 Nigerian Nollywood Trending Full Movie,2021-10-30 17:25:52+00:00,243674,1299.0,93.0,2360000,0,0,0,0,0,0,0,1801,12.40359064920541,7.496097345175956,2021,0.005330892914303537,0.00038165746037738946,0,0,0,0,11.549498953668701,0.8540916955367095
Uche Nancy tv,house of terror,4B0PmoP0Ssc,"HOUSE OF TERROR (Full Movie) Ruby Orjiakor, Emeka Maicon 2021 Nigerian Nollywood Trending Full Movie",2021-10-31 10:36:09+00:00,19537,96.0,14.0,2360000,0,0,0,0,0,0,0,1800,9.880116566212887,7.495541943884256,2021,0.004913753391001689,0.0007165890361877463,0,0,0,0,11.549439945554948,-1.6693233793420603
NollyFamily tv,the judas kiss,jfaX5BHP-Hw,"THE JUDAS KISS (Full Movie) Ray Emodi, Ebube Nwagbo 2021 Latest Nigerian Nollywood Full Movie",2021-10-31 11:12:28+00:00,26140,190.0,25.0,1670000,0,0,0,1,0,0,0,1800,10.171260241993542,7.495541943884256,2021,0.0072685539403213465,0.0009563886763580719,0,0,0,0,11.6424585609838,-1.4711983189902575
Uche Nancy tv,slay baby,5AFQgDQfwvg,SLAY BABY (Full Movie) Chinenye Nnebe/Sonia Uche/Ebube Obio 2021 Nigerian Nollywood Trending Movie,2021-11-01 11:47:18+00:00,388759,2934.0,169.0,2360000,0,0,0,1,0,0,0,1799,12.870717465617407,7.4949862339505335,2021,0.007547092157351984,0.0004347166239238191,0,0,0,0,11.693579152227723,1.1771383133896833
Uche Nancy tv,bush baby,RCr1jh60YkQ,"BUSH BABY (Full Movie) Sonia Uche, Ebube Obio, Amaechi 2021 Nigerian Nollywood Trending Full Movie",2021-11-01 17:14:51+00:00,67165,558.0,29.0,2360000,0,0,0,1,0,0,0,1799,11.114922446093194,7.4949862339505335,2021,0.008307898459018834,0.00043177250055832653,0,0,0,0,11.693579152227723,-0.5786567061345291
Uche Nancy tv,sweet like candy,0DJjE6IdmYE,SWEET LIKE CANDY (Full Movie) Chinenye Nnebe/Toosweet/Chioma 2021 Trending Nigerian Nollywood Movie,2021-11-03 14:00:00+00:00,52580,574.0,28.0,2360000,0,0,0,0,0,0,0,1797,10.870110116741285,7.493873886783559,2021,0.010916698364397109,0.0005325218714340054,0,0,0,0,11.549262724319393,-0.6791526075781071
Uche Nancy tv,sugar or spice,l6gN-CMY_0s,SUGAR OR SPICE (Full Movie) Chinenye Nnebe/Toosweet A/Chioma 2021 Trending Nigerian Nollywood Movie,2021-11-03 16:18:04+00:00,336179,3027.0,257.0,2360000,0,0,0,0,0,0,0,1797,12.725402009787386,7.493873886783559,2021,0.00900413172744282,0.0007644736881244813,0,0,0,0,11.549262724319393,1.1761392854679933
Uche Nancy tv,the menders,HkYFSmAraAw,"THE MENDERS (Full Movie) Sonia Uche, Ray Emodi, Rhema Isaac 2021 Trending Nigerian Nollywood Movie",2021-11-03 19:12:02+00:00,134862,1175.0,116.0,2360000,0,0,0,1,0,0,0,1797,11.812014727332564,7.493873886783559,2021,0.008712609927184827,0.0008601385119603744,0,0,0,0,11.693460971897316,0.11855375543524715
Uche Nancy tv,thick madam,zxlZvk4w29w,THICK MADAM (Full Movie) Chinenye Nnebe/Ebube Obio/Chikamso 2021 Nigerian Nollywood Trending Movie,2021-11-07 17:33:22+00:00,209912,1291.0,67.0,2360000,0,0,0,0,0,0,0,1793,12.254448438145284,7.491645473605133,2021,0.006150196272723808,0.00031918137124128205,0,0,0,0,11.549025968553272,0.7054224695920119
NollyFamily tv,chair baby,OTeOahNkdrI,CHAIR BABY (Full Movie) Sonia Uche/Ebube Obio/Toosweet 2021 Latest Nigerian Nollywood Full Movie,2021-11-09 14:40:30+00:00,7622,98.0,5.0,1670000,0,0,0,1,0,0,0,1791,8.938925271988273,7.490529402060711,2021,0.012857517711886644,0.0006559958016268696,0,0,0,0,11.641926007958563,-2.7030007359702903
Uche Nancy tv,lost virtue,vaTPpT5OBGQ,LOST VIRTUE (Full Movie) Chinenye Nnebe/Queen/Darlington 2021 Nigerian Nollywood Trending Full Movie,2021-11-11 13:14:38+00:00,12906,180.0,14.0,2360000,0,0,0,0,0,0,0,1789,9.465525078835189,7.489412083508719,2021,0.01394700139470014,0.0010847667751433443,0,0,0,0,11.548788684018948,-2.0832636051837596
NollyFamily tv,love sick,-ChEfdm9ujg,"LOVE SICK (Full Movie) Ray Emodi, Kene Ezeh 2021 Latest Nigerian Nollywood Full Movie",2021-11-11 17:34:33+00:00,21478,175.0,19.0,1670000,0,0,0,0,0,0,0,1789,9.974830992604263,7.489412083508719,2021,0.008147872241363256,0.0008846261290622963,0,0,0,0,11.497609051869874,-1.5227780592656117
Uche Nancy tv,twin lovers,H4Pb0IhoF1A,TWIN LOVERS (Full Movie) Chizzy Alichi/Omalicha 2021 Romantic Nigerian Nollywood Trending Full Movie,2021-11-12 13:08:05+00:00,50772,498.0,28.0,2360000,0,0,0,0,0,0,0,1788,10.835119996209482,7.488852955733459,2021,0.009808555896951076,0.0005514850705113054,0,0,0,0,11.54872927998828,-0.7136092837787977
Uche Nancy tv,the nanny,qRqnvYnMOMM,THE NANNY (Full Movie) Chinenye Nnebe/David Ossei/Chioma 2021 Nigerian Nollywood Trending Full Movie,2021-11-15 09:00:24+00:00,450352,5935.0,644.0,2360000,0,0,0,0,0,0,0,1785,13.017786998675213,7.487173694213739,2021,0.013178580310512666,0.0014299925391693608,0,0,0,0,11.54855086834924,1.4692361303259727
NollyFamily tv,the blind beauty,8sxLrxIWQgg,THE BLIND BEAUTY (New Movie) Sharon Ifedi/Phyl/Rhema Isaac Latest Nigerian Nollywood Full Movie,2021-11-15 13:59:46+00:00,61730,939.0,55.0,1670000,0,0,0,0,0,0,0,1785,11.03054151483554,7.487173694213739,2021,0.01521140450348291,0.0008909768346023004,0,0,0,0,11.497371236200168,-0.4668297213646273
Uche Nancy tv,life of misery,L2mTozcJxTs,LIFE OF MISERY (Full Movie) Sharon Ifedi/Phyl Daniel 2021 Romantic Nigerian Nollywood Trending Movie,2021-11-20 17:00:17+00:00,23424,209.0,22.0,2360000,0,0,0,0,0,0,0,1780,10.061559107106623,7.484368643286131,2021,0.008922472677595628,0.000939207650273224,0,0,0,0,11.548252848220924,-1.4866937411143013
Uche Nancy tv,wahala compound,574YejzFZUs,WAHALA COMPOUND (Full Movie) Sonia/Oluebube/Watabombshell 2021 Nigerian Nollywood Trending Movie,2021-11-22 14:29:18+00:00,1062302,6616.0,256.0,2360000,0,0,0,0,0,0,0,1778,13.875949750825116,7.48324441607385,2021,0.00622798413257247,0.00024098608493629872,0,0,0,0,11.548133405705723,2.327816345119393
Uche Nancy tv,real feelings,BrHUHhjxxxc,"REAL FEELINGS (Full Movie) Sonia Uche, Ebere Okaro 2021 Nigerian Nollywood Trending Movie",2021-11-22 20:19:04+00:00,104949,1090.0,121.0,2360000,0,0,0,1,0,0,0,1778,11.56123932524878,7.48324441607385,2021,0.010385997008070587,0.001152940952272056,0,0,0,0,11.692331653283647,-0.13109232803486748
NollyFamily tv,true feelings,X0hPfi7Hh2k,"TRUE FEELINGS (Full Movie) Sonia Uche, Ebele Okaro, Rhema Isaac 2021 Latest Nigerian Nollywood Movie",2021-11-23 18:24:17+00:00,23590,308.0,13.0,1670000,0,0,0,1,0,0,0,1777,10.068620562346831,7.482681828154651,2021,0.013056379821958458,0.0005510809665112336,0,0,0,0,11.641092249484007,-1.5724716871371758
Uche Nancy tv,shades of life,72kfOzRgFKc,"SHADES OF LIFE (Full Movie) Chinenye Nnebe, Rechael, Omalicha 2021 Nigerian Nollywood Trending Movie",2021-11-23 22:35:56+00:00,88576,742.0,37.0,2360000,0,0,0,0,0,0,0,1777,11.391627509213443,7.482681828154651,2021,0.008376986994219654,0.00041772037572254336,0,0,0,0,11.548073634055157,-0.1564461248417146
NollyFamily tv,boss baby fights for love,XlMTvsw9LGQ,BOSS BABY FIGHTS FOR LOVE (New Movie) Ebube Obio/Chikamnso 2021 Latest Nigerian Nollywood Movie,2021-11-25 18:17:50+00:00,82092,574.0,19.0,1670000,0,0,0,0,0,0,0,1775,11.315608029929757,7.4815557019095165,2021,0.0069921551430102815,0.0002314476441066121,0,0,0,0,11.496774357629835,-0.1811663277000779
Uche Nancy tv,tough women,7M7xXTC741c,TOUGH WOMEN (New Movie) Destiny Etiko/Lizzy Gold/Georgina 2021 Nigerian Nollywood Trending Movie,2021-11-26 15:14:05+00:00,87131,512.0,31.0,2360000,0,0,0,0,0,0,0,1774,11.375179489168247,7.480992162869525,2021,0.005876209385867258,0.0003557861151599316,0,0,0,0,11.547894117077362,-0.17271462790911585
Uche Nancy tv,red strings,ASPuD_vul4Y,RED STRINGS (Full Movie) Chinenye Nnebe/Sonia Uche/Somadina 2021 Nigerian Nollywood Trending Movie,2021-11-26 19:00:02+00:00,102146,872.0,76.0,2360000,0,0,0,1,0,0,0,1774,11.53416823123888,7.480992162869525,2021,0.008536800266285513,0.0007440330507313062,0,0,0,0,11.692092364655286,-0.15792413341640632
Uche Nancy tv,tyrant lovers,BG1vhmwRpJc,TYRANT LOVERS (Full Movie) Ray Emodi/Kenechukeu Ezeh/Rhema 2021 Nigerian Nollywood Trending Movie,2021-11-27 09:41:06+00:00,8085,96.0,10.0,2360000,0,0,0,0,0,0,0,1773,8.997889450200717,7.480428306074208,2021,0.011873840445269016,0.0012368583797155227,0,0,0,0,11.547834210616186,-2.5499447604154692
Uche Nancy tv,jungle babes,gx7UNKooJ-0,"JUNGLE BABES (Full Movie) Destiny Etiko, Lizzy Gold 2021 Nigerian Nollywood Trending Full Movie",2021-11-27 11:33:59+00:00,26461,301.0,19.0,2360000,0,0,0,0,0,0,0,1773,10.183465020602357,7.480428306074208,2021,0.011375231472733456,0.0007180378670496202,0,0,0,0,11.547834210616186,-1.3643691900138286
Uche Nancy tv,wife material,F9ZYTPlqiyg,"WIFE MATERIAL (Full Movie) Sonia Uche, Darlington 2021 Nigerian Nollywood Trending Full Movie",2021-11-29 21:09:13+00:00,293708,2359.0,258.0,2360000,0,0,0,1,0,0,0,1771,12.590344760230998,7.479299637782834,2021,0.008031786672477427,0.0008784234682065181,0,0,0,0,11.69191254384043,0.8984322163905674
Uche Nancy tv,my choice,qqiLfWwrY6g,"MY CHOICE (Full Movie) Sonia Uche, Patience Ozokwor 2021 Nigerian Nollywood Trending Full Movie",2021-11-30 23:47:35+00:00,81872,648.0,81.0,2360000,0,0,0,1,0,0,0,1770,11.312924545158282,7.478734825567875,2021,0.007914793824506546,0.0009893492280633183,0,0,0,0,11.691852535871549,-0.378927990713267
Uche Nancy tv,screw and spanner,3Pu4W7aXZMM,SCREW AND SPANNER (New Movie) Watabombshell/Dike Osinach 2021 Nigerian Nollywood Trending Full Movie,2021-12-01 12:45:17+00:00,166440,1201.0,33.0,2360000,0,0,0,0,0,0,0,1769,12.022396171249941,7.478169694159785,2021,0.007215813506368661,0.00019826964671953857,0,0,0,0,11.547594246412354,0.4748019248375872
Uche Nancy tv,the kill,h_ANrCc-uZg,THE KILL (New Trending Movie) Chinenye Nnebe/David Osei 2021 Nigerian Nollywood Trending Full Movie,2021-12-02 16:18:53+00:00,17035,253.0,10.0,2360000,0,0,0,0,0,0,0,1768,9.743084031043104,7.477604243197589,2021,0.014851775755796888,0.000587026709715292,0,0,0,0,11.547534170580342,-1.8044501395372379
Uche Nancy tv,beyond pain,kbkFhYG94B0,BEYOND PAIN (New Trending Movie) Sonia Uche 2021 Latest Nigerian Nollywood Trending Full Movie,2021-12-04 19:37:26+00:00,708015,5639.0,526.0,2360000,0,0,0,1,0,0,0,1766,13.470221971290563,7.476472381163905,2021,0.007964520525695077,0.0007429221132320643,0,0,0,0,11.69161216448829,1.7786098068022724
NollyFamily tv,painful ties,DA_3DtDtFzM,PAINFUL TIES (New Movie) Sonia Uche/Patience Ozolwor 2021 Latest Nigerian Nollywood Movie,2021-12-06 15:10:34+00:00,16389,182.0,11.0,1670000,0,0,0,1,0,0,0,1764,9.704426671737876,7.475339236566737,2021,0.011105009457563,0.0006711818902922692,0,0,0,0,11.640312142404431,-1.9358854706665554
NollyFamily tv,blood war,DVfxrj-Hvps,BLOOD WAR (Full Movie) Wole Ojo & Darlington Chibuikem 2021 Latest Nigerian Nollywood Movie,2021-12-09 17:11:55+00:00,3236,30.0,2.0,1670000,0,0,0,0,0,0,0,1761,8.082402253926244,7.473637108496206,2021,0.009270704573547589,0.0006180469715698393,0,0,0,0,11.495933053751218,-3.413530799824974
Uche Nancy tv,mother of wealth,lLufVsC3RB0,MOTHER OF WEALTH (Full Movie) Jerry William/Patience Ozokwor/Sonia U 2021 Nigerian Nollywood Movie,2021-12-13 08:40:04+00:00,621273,4689.0,460.0,2360000,0,0,0,0,0,0,0,1757,13.339527487437532,7.471363088187097,2021,0.007547406695607245,0.0007404152441841187,0,0,0,0,11.546871084645339,1.7926564027921934
Uduak Isong TV,the best men watch daniel etim deyemi okanlawon debby felix in this romantic comedy,rtbprd_QTkA,"THE BEST MEN-Watch Daniel Etim, Deyemi Okanlawon, Debby Felix in this Nollywood romantic comedy.",2021-12-16 17:06:39+00:00,3374295,29417.0,2495.0,814000,0,0,0,0,0,0,0,1754,15.031697267937714,7.469654172932128,2021,0.008717969235055027,0.0007394137145685246,0,0,0,0,12.332083105649401,2.699614162288313
Uche Nancy tv,radio without battery,McoGivPWjAg,RADIO WITHOUT BATTERY (Full Movie) Ebube Obio/Rebecca 2021 Nigerian Nollywood Movie,2021-12-18 16:49:24+00:00,738750,5612.0,464.0,2360000,0,0,0,0,0,0,0,1752,13.512716201339432,7.468513271496337,2021,0.007596615905245347,0.000628087986463621,0,0,0,0,11.546568308418534,1.9661478929208975
Uche Nancy tv,leave my husband,QTBuUU9NBRM,LEAVE MY HUSBAND (Full Movie) Toosweet/Uche Elendu/Goergina Ibeh 2021 Nigerian Nollywood Movie,2021-12-18 20:00:05+00:00,542602,4348.0,450.0,2360000,0,0,0,0,0,0,0,1752,13.204133208126443,7.468513271496337,2021,0.0080132399069668,0.0008293371568847884,0,0,0,0,11.546568308418534,1.6575648997079089
Uche Nancy tv,the joy giver,IRoU2CcEO80,THE JOY GIVER (Full Movie) Chioma Nwosu/Kobby Ache/Chuks Chyke 2021 Nigerian Nollywood Movie,2021-12-20 12:04:03+00:00,15988,144.0,12.0,2360000,0,0,0,0,0,0,0,1750,9.67965626478542,7.4673710669175595,2021,0.009006755066299724,0.0007505629221916438,0,0,0,0,11.5464469559141,-1.8667906911286796
NollyFamily tv,the village gossip,3Ws_4huxm-M,THE VILLAGE GOSSIP (Full Movie) Ebube Obio/Rebecca/Amaechi 2021 Latest Nigerian Nollywood Movie,2021-12-20 13:14:50+00:00,356681,2513.0,262.0,1670000,0,0,0,0,0,0,0,1750,12.784599907500112,7.4673710669175595,2021,0.007045511255155167,0.0007345499199564878,0,0,0,0,11.495267323765027,1.289332583735085
NollyFamily tv,my choice 1 2,gc1JvAOJDvE,MY CHOICE 1&2 (New Movie) Patience Ozokwor/Sammy Lee/Darlington 2021 Latest Nigerian Nollywood Movie,2021-12-20 15:30:12+00:00,38057,537.0,46.0,1670000,0,0,0,0,0,0,0,1750,10.546866590861953,7.4673710669175595,2021,0.014110413327377355,0.0012087132459205928,0,0,0,0,11.495267323765027,-0.9484007329030746
ChinneyLoveEze Tv,our date for christmas mercy johnson had to deal with mofe duncan s kids to be able to win his heart,kWRqPSOF_-E,OUR DATE FOR CHRISTMAS/MERCY JOHNSON HAD TO DEAL WITH MOFE DUNCAN'S KIDS TO BE ABLE TO WIN HIS HEART,2021-12-20 17:52:22+00:00,1841577,15591.0,911.0,829000,0,0,0,0,0,0,0,1750,14.426133370744603,7.4673710669175595,2021,0.008466113553763975,0.0004946847185862985,0,0,0,0,12.883222344663317,1.5429110260812866
NollyFamily tv,hopeless love,qPtyGKyi0C8,HOPELESS LOVE (Full Movie) Sonia Uche/Ruby Orjiakor/Darlington 2021 Latest Nigerian Nollywood Movie,2021-12-21 14:40:38+00:00,21660,307.0,22.0,1670000,0,0,0,1,0,0,0,1749,9.983268687540978,7.466799475018602,2021,0.0141735918744229,0.001015697137580794,0,0,0,0,11.639404843072603,-1.656136155531625
NollyFamily tv,my choice 3 4,S3OrlTb0QjE,MY CHOICE 3&4 (New Movie) Patience Ozokwor/Sammy Lee/Darlington 2021 Latest Nigerian Nollywood Movie,2021-12-23 14:00:13+00:00,18398,322.0,42.0,1670000,0,0,0,0,0,0,0,1747,9.820051594294094,7.465655310134056,2021,0.017501902380693553,0.0022828568322643765,0,0,0,0,11.495085034719311,-1.6750334404252172
Uche Nancy tv,mad son,_TiE554CDV8,MAD SON (Full Movie) Chinenye Nnebe/Sylvester Madu/Sonia Uche 2021 Trending Nigerian Nollywood Movie,2021-12-23 18:59:16+00:00,89214,642.0,48.0,2360000,0,0,0,1,0,0,0,1747,11.39880446586553,7.465655310134056,2021,0.007196179971753312,0.0005380321474208084,0,0,0,0,11.690462914446307,-0.29165844858077783
Uche Nancy tv,christmas day 1,u_nwSEM_hNg,CHRISTMAS DAY 1 (New Movie) Chinenye Nnebe/Sonia Uche/Ebube Obio 2021 Nigerian Nollywood Movie,2021-12-24 15:00:12+00:00,584519,6816.0,329.0,2360000,0,0,0,1,0,0,0,1746,13.278546276588589,7.465082736399547,2021,0.011660869877625877,0.0005628559550673288,0,0,0,0,11.69040208186172,1.588144194726869
NollyFamily tv,my choice 5 6,5KeYNAO3_fg,MY CHOICE 5&6 (New Movie) Patience Ozokwor/Sammy Lee/Darlington 2021 Latest Nigerian Nollywood Movie,2021-12-25 19:30:12+00:00,17065,295.0,37.0,1670000,0,0,0,0,0,0,0,1745,9.744843459096531,7.4645098346365275,2021,0.017286844418400234,0.0021681804863756225,0,0,0,0,11.494963334699039,-1.7501198756025076
NollyFamily tv,dear karma,E5EJj_hS7nU,DEAR KARMA (Full Movie) Toosweet Annan/Uche Elendu 2021 Latest Nigerian Nollywood Movie,2021-12-26 13:19:48+00:00,17642,170.0,15.0,1670000,0,0,0,0,0,0,0,1744,9.778094383128066,7.463936604468925,2021,0.00963609568076182,0.0008502437365378075,0,0,0,0,11.494902432372303,-1.7168080492442375
Uche Nancy tv,christmas day,QprrUXLBFN4,CHRISTMAS DAY (Full Movie) Chinenye Nnebe/Sonia Uche/Ebube Obio 2021 Nigerian Nollywood Movie,2021-12-27 17:37:45+00:00,499125,4415.0,184.0,2360000,0,0,0,1,0,0,0,1743,13.12061384786965,7.463363045520021,2021,0.008845479589281242,0.00036864512897570747,0,0,0,0,11.690219374841488,1.4303944730281621
Uche Nancy tv,the twins,OTXzmQ86b9Q,THE TWINS (Full Movie) Sonia Uche/Ebube Obio/Chikamso Ejiofor 2021 Nigerian Nollywood Movie,2021-12-28 11:32:42+00:00,576009,4612.0,342.0,2360000,0,0,0,1,0,0,0,1742,13.263880300638437,7.462789157412448,2021,0.00800681933789229,0.0005937407228012062,0,0,0,0,11.690158402612509,1.5737218980259282
Uche Nancy tv,stroke of luck,Gi4G-JZdhW4,STROKE OF LUCK (Full Movie) Chinenye Nnebe & Darlington 2021 Trending Nigerian Nollywood Movie,2021-12-28 15:00:07+00:00,20719,204.0,13.0,2360000,0,0,0,0,0,0,0,1742,9.938854696373419,7.462789157412448,2021,0.009846035040301173,0.0006274434094309571,0,0,0,0,11.545960155034583,-1.6071054586611648
NollyFamily tv,my choice,L4qh4ht7iis,MY CHOICE (Full Movie) Patience Ozokwor/Sammy Lee/Darlington 2021 Latest Nigerian Nollywood Movie,2021-12-30 15:16:37+00:00,73132,349.0,37.0,1670000,0,0,0,0,0,0,0,1740,11.200034980259629,7.461640392208575,2021,0.004772192747360937,0.0005059344746485806,0,0,0,0,11.49465847335333,-0.2946234930937006
Uche Nancy tv,area mama,XNaUOkUkvT4,AREA MAMA (Full Movie) Patience Ozokwor/Sammy Lee/Ebube 2021 Trending Nigerian Nollywood Movie,2021-12-30 17:11:02+00:00,269040,1419.0,175.0,2360000,0,0,0,0,0,0,0,1740,12.50261906332666,7.461640392208575,2021,0.005274308652988403,0.0006504608980077312,0,0,0,0,11.545838105502401,0.9567809578242592
NollyFamily tv,small but mighty,pVSdGHcKaZE,"SMALL BUT MIGHTY (Full Movie) Chinenye Nnebe, Sonia Uche, Ebube 2021 Latest Nigerian Nollywood Movie",2022-01-01 20:23:57+00:00,814500,5190.0,259.0,1670000,0,0,0,1,0,0,0,1738,13.610330934770568,7.460490305825338,2022,0.006372007366482505,0.0003179864947820749,0,0,0,0,12.034673645204345,1.575657289566223
Uche Nancy tv,twisted 3 4,MJ01-xYMPRM,TWISTED 3&4 (New Movie) Chinenye Nnebe/Darlington/Ebube Obio 2022 Nigerian Nollywood Movie,2022-01-05 14:00:11+00:00,127300,2005.0,149.0,2360000,0,0,0,0,0,0,0,1734,11.754309639974188,7.458186157340487,2022,0.01575019638648861,0.0011704634721131186,0,0,0,0,11.941410227579443,-0.18710058760525428
Uche Nancy tv,drunk in love,m6detFaxyzI,DRUNK IN LOVE (Full Movie) Sonia Uche 2022 Trending Nigerian Nollywood Movie,2022-01-05 16:18:23+00:00,119962,1119.0,99.0,2360000,0,0,0,1,0,0,0,1734,11.694938640886354,7.458186157340487,2022,0.00932795385205315,0.0008252613327553725,0,0,0,0,12.085608475157366,-0.3906698342710122
NollyFamily tv,soul mate,v13Pt_DNuxI,"SOUL MATE (Full Movie) Sonia Uche, Darlington Chibuikem 2022 Latest Nigerian Nollywood Movie",2022-01-05 17:49:24+00:00,152074,1019.0,49.0,1670000,0,0,0,1,0,0,0,1734,11.932129099188906,7.458186157340487,2022,0.006700685192735116,0.00032221155490090353,0,0,0,0,12.034428843008293,-0.10229974381938689
Uche Nancy tv,oversize love,-41YZbpsrZ8,OVERSIZE LOVE (Full Movie) Ebube Obio 2022 Trending Nigerian Nollywood Movie,2022-01-06 08:16:57+00:00,59227,520.0,44.0,2360000,0,0,0,0,0,0,0,1733,10.989149682028609,7.457609289715606,2022,0.008779779492461209,0.0007429044185928715,0,0,0,0,11.94134893879431,-0.9521992567657005
NollyFamily tv,the royal maid 3 4,mkzd4I_sI6E,THE ROYAL MAID 3&4 (New Movie) Sonia Uche/Somadina Adinma 2021 Latest Nigerian Nollywood Movie,2022-01-06 13:00:11+00:00,120405,1943.0,173.0,1670000,0,0,0,1,0,0,0,1733,11.698624644502233,7.457609289715606,2022,0.016137203604501476,0.0014368174079149537,0,0,0,0,12.034367554223161,-0.3357429097209277
NollyFamily tv,sister caro,_xDSv5WUY3s,SISTER CARO (Full Movie) Chinenye Nnebe/Chuks Omalicha 2022 Latest Nigerian Nollywood Movie,2022-01-07 17:46:03+00:00,123555,1182.0,67.0,1670000,0,0,0,0,0,0,0,1732,11.724449773572278,7.4570320891223805,2022,0.009566589777831735,0.000542268625308567,0,0,0,0,11.89010798248418,-0.16565820891190164
Uche Nancy tv,the rugged prince,gQmv2R6prfE,THE RUGGED PRINCE (Full Movie) Chinenye Nnebe/Dave Ogbeni 2022 Trending Nigerian Nollywood Movie,2022-01-07 19:27:32+00:00,14662,128.0,10.0,2360000,0,0,0,0,0,0,0,1732,9.59308259297708,7.4570320891223805,2022,0.008730050470604283,0.0006820351930159597,0,0,0,0,11.941287614633252,-2.348205021656172
NollyFamily tv,the royal maid 5 6,8XMxYN2dJe0,THE ROYAL MAID 5&6 (New Movie) Sonia Uche/Somadina Adinma 2021 Latest Nigerian Nollywood Movie,2022-01-08 14:00:11+00:00,122828,2161.0,209.0,1670000,0,0,0,1,0,0,0,1731,11.71854842316645,7.456454555176209,2022,0.01759370827498616,0.001701566418080568,0,0,0,0,12.034244870484262,-0.3156964473178121
Uche Nancy tv,twisted,lX_o1d7_1BM,TWISTED (Full Movie) Chinenye Nnebe/Darlington/Ebube Obio 2022 Nigerian Nollywood Movie,2022-01-08 16:11:47+00:00,293920,4502.0,210.0,2360000,0,0,0,0,0,0,0,1731,12.591066302729502,7.456454555176209,2022,0.015317093086554165,0.0007144801306477953,0,0,0,0,11.94122625505541,0.6498400476740915
Uche Nancy tv,loving maidens,gQKfIAP1AJo,LOVING MAIDENS (Full Movie) Sonia Uche/Somadina Adinma/Ebube Nwaguru 2022 Nigerian Nollywood Movie,2022-01-10 13:46:02+00:00,97889,732.0,62.0,2360000,0,0,0,1,0,0,0,1729,11.491599678255476,7.455298485683291,2022,0.007477857573373924,0.0006333704502038023,0,0,0,0,12.085301677063491,-0.5937019988080152
NollyFamily tv,the royal maid,0v6pg5hf3JA,THE ROYAL MAID (Full Movie) Sonia Uche/Somadina Adinma 2021 Latest Nigerian Nollywood Movie,2022-01-10 15:26:50+00:00,45234,400.0,22.0,1670000,0,0,0,1,0,0,0,1729,10.719626402459841,7.455298485683291,2022,0.008842905778838927,0.00048635981783614094,0,0,0,0,12.034122044914419,-1.3144956424545775
NollyFamily tv,the agony,YZq6AJbkjhk,THE AGONY (Full Movie) Chinenye Nnebe/Ebube Obio 2021 Latest Nigerian Nollywood Movie,2022-01-12 16:52:30+00:00,598494,3893.0,204.0,1670000,0,0,0,0,0,0,0,1727,13.302173449726387,7.454141078146678,2022,0.006504660030008655,0.0003408555474240343,0,0,0,0,11.889800829607395,1.4123726201189921
Uche Nancy tv,chase down,n02ftbaKXK0,CHASE DOWN (New Movie) Chinenye Nnebe Latest 2022 Trending Nigerian Nollywood Full Movie,2022-01-14 13:31:44+00:00,24895,278.0,33.0,2360000,0,0,0,0,0,0,0,1725,10.122462426978117,7.45298232946546,2022,0.01116690098413336,0.0013255673830086362,0,0,0,0,11.940857351538659,-1.8183949245605415
Uche Nancy tv,lust,WBxvKvwH2hc,"LUST (Full Movie) Ray Emodi, Ebube Nwagbo 2022 Trending Nigerian Nollywood Full Movie",2022-01-17 20:17:40+00:00,877160,4833.0,392.0,2360000,0,0,0,0,0,0,0,1722,13.684445834893188,7.451241684987676,2022,0.0055098271695015735,0.00044689680331980484,0,0,0,0,11.940672418322112,1.7437734165710754
Uche Nancy tv,loving heart,0VvPDDO3wtQ,LOVING HEART (Full Movie) Chinenye Nnebe/Toosweet Annan 2022 Trending Nigerian Nollywood Full Movie,2022-01-18 11:42:16+00:00,58758,558.0,36.0,2360000,0,0,0,0,0,0,0,1721,10.981199611763149,7.450660796211539,2022,0.009496579189216788,0.0006126825283365669,0,0,0,0,11.940610702313359,-0.9594110905502102
NollyFamily tv,dirty desire,Rf8j5MM5w3g,DIRTY DESIRE (New Movie) Chinenye Nnebe/Wole Ojo Trending 2022 Latest Nigerian Nollywood Full Movie,2022-01-18 13:56:45+00:00,26475,196.0,8.0,1670000,0,0,0,0,0,0,0,1721,10.183993941238814,7.450660796211539,2022,0.007403210576015108,0.00030217186024551464,0,0,0,0,11.889431070164287,-1.7054371289254728
NollyFamily tv,kiss of a chameleon,jz4B8D80oUc,KISS OF A CHAMELEON (Full Movie) Ray Emodi/Ebube Nwagbo Trending 2022 Nigerian Nollywood Movie,2022-01-21 10:22:36+00:00,48137,386.0,9.0,1670000,0,0,0,0,0,0,0,1718,10.781827164981712,7.4489161025442,2022,0.008018779732845836,0.0001869663668280117,0,0,0,0,11.889245706745214,-1.1074185417635025
Uche Nancy tv,hard to love,gZsprieYS9A,HARD TO LOVE (Full Movie) Sonia Uche/Wole Ojo/Darlington 2022 Trending Nigerian Nollywood Full Movie,2022-01-21 11:39:50+00:00,222170,1081.0,71.0,2360000,0,0,0,1,0,0,0,1718,12.311202634618793,7.4489161025442,2022,0.004865643426205158,0.0003195751001485349,0,0,0,0,12.084623586472212,0.22657904814658103
RuthKadiri247,mad wife,CPNtPaDYKSs,MAD WIFE,2022-01-21 14:25:11+00:00,4833020,53577.0,4989.0,4100000,0,0,0,0,0,0,0,1718,15.390982295945031,7.4489161025442,2022,0.011085615205399522,0.0010322738163715442,0,0,0,0,13.662350863319125,1.7286314326259067
Uche Nancy tv,love and crown,f0rwPB-n9kc,LOVE AND CROWN (Trending Full Movie) Chinenye Nnebe 2022 Latest Nigerian Nollywood Full Movie,2022-01-24 12:43:04+00:00,12094,168.0,18.0,2360000,0,0,0,0,0,0,0,1715,9.400547423044127,7.44716835960004,2022,0.013891185711923267,0.0014883413262774929,0,0,0,0,11.940239651507525,-2.539692228463398
Uche Nancy tv,her wish,2q-4ucz-hjU,HER WISH (Full Movie) Chinenye Nnebe/Sonia Uche/Justice Slik 2022 Trending Nigerian Nollywood Movie,2022-01-24 14:43:40+00:00,342329,3390.0,407.0,2360000,0,0,0,1,0,0,0,1715,12.743530463096835,7.44716835960004,2022,0.009902754367874179,0.0011889147574409412,0,0,0,0,12.084437899085449,0.6590925640113863
Uche Nancy tv,sweet soul,Doa_Zas78TA,SWEET SOUL (Full Movie) Sonia Uche/Kenechukwu Ezeh/Chuks Omalicha 2022 Nigerian Nollywood Movie,2022-01-24 19:03:37+00:00,41063,445.0,29.0,2360000,0,0,0,1,0,0,0,1715,10.622887104240139,7.44716835960004,2022,0.010837006550909578,0.0007062318875873658,0,0,0,0,12.084437899085449,-1.4615507948453104
NollyFamily tv,the talkative,b8rZW2hfDnQ,THE TALKATIVE (Full Movie) Ebube Obio Trending 2022 Nigerian Nollywood Full Movie,2022-01-25 18:23:36+00:00,1718088,10860.0,689.0,1670000,0,0,0,0,0,0,0,1714,14.356723184608283,7.446585099157725,2022,0.0063209800662131395,0.0004010271883628778,0,0,0,0,11.888998051374147,2.4677251332341363
Uche Nancy tv,yahoo plus,Tw7cA_sC4Lc,"YAHOO PLUS (Full Movie) Chinenye Nnebe, Eddie Watson 2022 Trending Nigerian Nollywood Movie",2022-01-27 11:40:48+00:00,65035,702.0,47.0,2360000,0,0,0,0,0,0,0,1712,11.082696241715446,7.445417556701687,2022,0.010794187745060352,0.0007226877835011916,0,0,0,0,11.940053639018664,-0.8573573973032182
Uche Nancy tv,nonye,4bI-lJEMWBU,NONYE (Full Movie) Chinenye Nnebe/Jennifer Eliogu/Uche Elendu 2022 Trending Nigerian Nollywood Movie,2022-01-29 19:44:03+00:00,360907,3855.0,569.0,2360000,0,0,0,0,0,0,0,1710,12.79637835719041,7.444248649496705,2022,0.010681422083805523,0.001576583441163513,0,0,0,0,11.93992944951758,0.8564489076728297
Uche Nancy tv,mortify,z2kNUuHtprk,MORTIFY (Full Movie) Chinenye Nnebe/Kenechukwu Eze/Darlington 2022 Trending Nigerian Nollywood Movie,2022-01-30 17:02:34+00:00,52385,527.0,64.0,2360000,0,0,0,0,0,0,0,1709,10.866394659038862,7.443663683115591,2022,0.010060131717094589,0.0012217237758900448,0,0,0,0,11.93986730028733,-1.0734726412484683
NollyFamily tv,beautiful scars,07Mp8flktQA,BEAUTIFUL SCARS (Full Movie) Chinenye Nnebe/Kenechukwu 2022 Latest Nigerian Nollywood Full Movie,2022-02-01 15:36:42+00:00,126508,1174.0,111.0,1670000,0,0,0,0,0,0,0,1707,11.748068730863997,7.442492722794441,2022,0.009280045530717426,0.0008774148670439814,0,0,0,0,11.88856326050568,-0.14049452964168374
Uche Nancy tv,reckless life,jH_bAupIu6I,"RECKLESS LIFE (Full Movie) Eddie Watson, Oge Okoye 2022 Latest Nigerian Nollywood Full Movie",2022-02-02 13:36:44+00:00,51507,430.0,58.0,2360000,0,0,0,0,0,0,0,1706,10.849492414393675,7.441906728051625,2022,0.008348379831867514,0.0011260605354611994,0,0,0,0,11.939680634167136,-1.0901882197734611
NollyFamily tv,spiritual daughter,gaI1WhCYPk4,"SPIRITUAL DAUGHTER (Full Movie) Ebube Obio, Sonia Uche Trending 2022 Nigerian Nollywood Full Movie",2022-02-05 18:27:02+00:00,244833,1891.0,90.0,1670000,0,0,0,1,0,0,0,1703,12.408335708865028,7.440146680662688,2022,0.007723632026728423,0.00036759750523826447,0,0,0,0,12.032512254934488,0.37582345393053984
Uche Nancy tv,dangerous secret,2EYH2c3Iisk,DANGEROUS SECRET (Full Movie) Sonia Uche/Toosweet/Darlington 2022 Latest Nigerian Nollywood Movie,2022-02-07 20:20:50+00:00,83033,767.0,64.0,2360000,0,0,0,1,0,0,0,1701,11.327005441453986,7.438971592395862,2022,0.009237291197475702,0.0007707778834921056,0,0,0,0,12.083567040881086,-0.7565615994270996
NollyFamily tv,how d beautiful billionaire celebrity lady fell in love with a handsome uber driver crushing on her,GZS1xj9eL7Q,How D Beautiful Billionaire Celebrity Lady Fell In Love With A Handsome Uber Driver Crushing On Her,2022-02-09 17:40:50+00:00,9467,111.0,8.0,1670000,0,0,0,0,0,0,0,1699,9.155672970633875,7.4377951216719325,2022,0.011724939262702018,0.0008450406675821274,0,0,0,0,11.888064168073695,-2.7323911974398207
Uche Nancy tv,tiger queen,rY5gMKJbqcg,TIGER QUEEN (Full Movie) Ebube Obio/Chinenye Nnebe/Sonia Uche 2022 Nigerian Nollywood Full Movie,2022-02-09 19:15:12+00:00,568244,4535.0,263.0,2360000,0,0,0,1,0,0,0,1699,13.250307942731952,7.4377951216719325,2022,0.00798072658928207,0.0004628293479561597,0,0,0,0,12.083442047800691,1.1668658949312611
Uche Nancy tv,romantic cheat,2WFSiDvnaqY,ROMANTIC CHEAT (Full Movie) Sonia Uche/Benita Onyiuke/Justice Slik 2022 Nigerian Nollywood Movie,2022-02-10 15:59:16+00:00,71889,644.0,82.0,2360000,0,0,0,1,0,0,0,1698,11.182892451977917,7.437206366871292,2022,0.008958255087704656,0.0011406473869437605,0,0,0,0,12.083379496073196,-0.9004870440952786
Uche Nancy tv,rugged women,Nze_hGkIxw8,RUGGED WOMEN (Full Movie) Destiny Etiko/Sonia Uche/Lizzygold 2022 Latest Nigerian Nollywood Movie,2022-02-12 20:03:04+00:00,475019,2295.0,105.0,2360000,0,0,0,1,0,0,0,1696,13.071112187393535,7.4360278163518485,2022,0.004831385691940743,0.00022104378982735427,0,0,0,0,12.083254282026786,0.9878579053667487
Uche Nancy tv,home alone,u1o69SOjF8s,HOME ALONE (Full Movie) Ebube Obio/Chikamnso/Ruby Orjiakor/Uche Elendu 2022 Nigerian Nollywood Movie,2022-02-13 21:19:38+00:00,511927,3985.0,285.0,2360000,0,0,0,0,0,0,0,1695,13.145939269133022,7.43543801981455,2022,0.007784312997751633,0.0005567200010939059,0,0,0,0,11.938993372042987,1.2069458970900353
NollyFamily tv,save the child 1,zuQEW7Go628,SAVE THE CHILD 1 (New Movie) Ebube Obio/Chinenye Nnebe/Justice 2022 Latest Nigerian Nollywood Movie,2022-02-14 16:00:12+00:00,183889,2695.0,190.0,1670000,0,0,0,0,0,0,0,1694,12.122093031734899,7.434847875211999,2022,0.01465558026853156,0.0010332320040894235,0,0,0,0,11.887751040508158,0.23434199122674038
NollyFamily tv,double trouble,8IZxYsbKv2Y,"DOUBLE TROUBLE (Full Movie) Ebube Obio, Sonia Uche Trending 2022 Nigerian Nollywood Full Movie",2022-02-17 21:18:54+00:00,815663,5584.0,346.0,1670000,0,0,0,1,0,0,0,1691,13.611757784441997,7.43307534889858,2022,0.006845964571152547,0.00042419479613516856,0,0,0,0,12.031760967612408,1.5799968168295884
Uche Nancy tv,our love,UlVECiH1IgE,"OUR LOVE (Full Movie) Jerry Williams, Chinenye Nnebe 2022 Latest Nigerian Nollywood Full Movie",2022-02-18 09:00:23+00:00,32482,333.0,33.0,2360000,0,0,0,0,0,0,0,1690,10.388472154542294,7.432483807917119,2022,0.010251831783757158,0.0010159472938858444,0,0,0,0,11.93867950444077,-1.5502073498984767
RuthKadiri247,the guest,qVbpr7TZA18,THE GUEST,2022-02-18 09:51:32+00:00,4101940,49506.0,4736.0,4100000,0,0,0,0,0,0,0,1690,15.22697083428333,7.432483807917119,2022,0.012068923484985153,0.0011545756398192075,0,0,0,0,13.660605028865609,1.5663658054177212
Uche Nancy tv,princess cinderella 2,VSn51owcVes,PRINCESS CINDERELLA 2 (New Movie) Ebube Obio/Jnr Pope/Juliet 2022 Latest Nigerian Nollywood Movie,2022-02-18 14:00:12+00:00,417781,7124.0,600.0,2360000,0,0,0,0,0,0,0,1690,12.942715044361767,7.432483807917119,2022,0.017051996141519123,0.0014361591360066638,0,0,0,0,11.93867950444077,1.0040355399209968
Uche Nancy tv,sister philo 1,b3avNwC0sms,SISTER PHILO 1 (New Movie) Nuella Njubigbo/Rhema Isaac/Darlingt 2022 Latest Nigerian Nollywood Movie,2022-02-18 15:15:10+00:00,21343,375.0,55.0,2360000,0,0,0,0,0,0,0,1690,9.96852594871535,7.432483807917119,2022,0.017570163519655155,0.0025769573162160897,0,0,0,0,11.93867950444077,-1.970153555725421
Uche Nancy tv,women of war,GU2chf3PbBQ,WOMEN OF WAR (Full Movie) Ebube Obio/Sonia Uche/Chinenye Nnebe 2022 Latest Nigerian Nollywood Movie,2022-02-19 12:42:13+00:00,94681,871.0,51.0,2360000,0,0,0,1,0,0,0,1689,11.458279187190199,7.4318919168078,2022,0.009199311371869752,0.0005386508380773333,0,0,0,0,12.082814867076888,-0.624535679886689
Uche Nancy tv,sister philo 2,9_7ZfkNj9v4,SISTER PHILO 2 (New Movie) Nuella Njubigbo/Rhema Isaac/Darlingt 2022 Latest Nigerian Nollywood Movie,2022-02-20 19:00:13+00:00,14071,237.0,29.0,2360000,0,0,0,0,0,0,0,1688,9.551942286417393,7.431299675155903,2022,0.01684315258332741,0.0020609764764409066,0,0,0,0,11.938553697314074,-2.3866114108966805
Uche Nancy tv,collision of mummy g os,1tRc0-J9unA,COLLISION OF MUMMY G.Os (Full Movie) Ebube Obio/Sonia Uche 2022 Latest Nigerian Nollywood Full Movie,2022-02-21 13:55:50+00:00,157342,1467.0,189.0,2360000,0,0,0,1,0,0,0,1687,11.966183414690148,7.430707082545968,2022,0.009323638952091621,0.0012012050183676324,0,0,0,0,12.082688985419885,-0.11650557072973733
Uche Nancy tv,princess cinderella,bMzI7MM9zQE,PRINCESS CINDERELLA (Full Movie) Ebube Obio/Jnr Pope/Juliet 2022 Latest Nigerian Nollywood Movie,2022-02-22 11:12:29+00:00,676853,5061.0,329.0,2360000,0,0,0,0,0,0,0,1686,13.425210871325362,7.430114138561801,2022,0.007477251338178305,0.00048607304688019407,0,0,0,0,11.938427741038407,1.4867831302869554
Uche Nancy tv,sister philo 3,Edbf3Zi5_0Q,SISTER PHILO 3 (New Movie) Nuella Njubigbo/Rhema Isaac/Darlingt 2022 Latest Nigerian Nollywood Movie,2022-02-22 19:24:09+00:00,11681,235.0,59.0,2360000,0,0,0,0,0,0,0,1686,9.365804474600255,7.430114138561801,2022,0.020118140570156665,0.0050509374197414605,0,0,0,0,11.938427741038407,-2.5726232664381516
Uche Nancy tv,enemy within,o06_7dKYE9k,ENEMY WITHIN (Full Movie) Ruth Kadiri/Ray Emodi/Sonia Uche 2022 Latest Nigerian Nollywood Full Movie,2022-02-23 16:35:51+00:00,516089,3089.0,273.0,2360000,0,0,0,1,0,0,0,1685,13.154036447859195,7.429520842786462,2022,0.00598540174272267,0.0005289785288971476,0,0,0,0,12.082562954437039,1.0714734934221557
Uche Nancy tv,miracle baby,woknv2wTgkg,MIRACLE BABY (Full Movie) Ebube Obio/Chinenye Nnebe/Slik 2022 Latest Nigerian Nollywood Full Movie,2022-02-23 18:23:21+00:00,687934,5828.0,528.0,2360000,0,0,0,0,0,0,0,1685,13.441449635708086,7.429520842786462,2022,0.008471742928827474,0.0007675154884044109,0,0,0,0,11.938364706859113,1.5030849288489723
Uche Nancy tv,house of war,OTJa_bE044E,"HOUSE OF WAR (Full Movie) Chinenye Nnebe, Sonia Uche 2022 Latest Nigerian Nollywood Full Movie",2022-02-24 12:09:32+00:00,32138,311.0,19.0,2360000,0,0,0,1,0,0,0,1684,10.377825524930667,7.428927194802272,2022,0.009677017860476695,0.000591200448067708,0,0,0,0,12.08249988283763,-1.7046743579069634
NollyFamily tv,save the child,pv5EUOIjB60,SAVE THE CHILD (Full Movie) Ebube Obio/Chinenye Nnebe/Justice 2022 Latest Nigerian Nollywood Movie,2022-02-24 18:56:52+00:00,46675,517.0,28.0,1670000,0,0,0,0,0,0,0,1684,10.750985392925998,7.428927194802272,2022,0.011076593465452598,0.0005998928762720943,0,0,0,0,11.887122003110635,-1.1361366101846375
RuthKadiri247,love happened,qDCqyPfhWiM,LOVE HAPPENED,2022-02-25 07:43:19+00:00,2035574,19848.0,2334.0,4100000,0,0,0,0,0,0,0,1683,14.526288892230161,7.428333194190806,2022,0.009750566670629512,0.0011466053309778961,0,0,0,0,13.660164050620567,0.8661248416095937
NollyFamily tv,baby teacher,YIsd2BPAd8E,BABY TEACHER (Full Movie) Latest Ebube Obio Trending 2022 Nigerian Nollywood Full Movie,2022-02-25 15:48:45+00:00,1005697,6127.0,371.0,1670000,0,0,0,0,0,0,0,1683,13.821192385765983,7.428333194190806,2022,0.0060922922112723816,0.000368898385895553,0,0,0,0,11.887058894046657,1.9341334917193258
Uche Nancy tv,plots of daddy g o,auz5f0H-Eww,"PLOTS OF DADDY G.O (Full Movie) Ebube Obio, Rhema Isaac 2022 Latest Nigerian Nollywood Full Movie",2022-02-25 18:55:08+00:00,37370,331.0,42.0,2360000,0,0,0,0,0,0,0,1683,10.528650281554203,7.428333194190806,2022,0.008857372223708858,0.0011238961734011239,0,0,0,0,11.93823852619573,-1.4095882446415278
Uche Nancy tv,tangolo 1,cNY99Fj-mvg,TANGOLO 1 (New Movie) Ebube Obio/Sonia Uche/Chikanso Ejiofor 2022 Latest Nigerian Nollywood Movie,2022-02-27 18:00:13+00:00,574701,6934.0,451.0,2360000,0,0,0,1,0,0,0,1681,13.261606924566339,7.427144133408616,2022,0.012065404445094057,0.0007847558991545168,0,0,0,0,12.082310443073775,1.179296481492564
NollyFamily tv,ghetto mama,ohROuYOnUcA,GHETTO MAMA (Full Movie) Latest Ebube Obio Trending 2022 Nigerian Nollywood Full Movie,2022-02-27 20:43:09+00:00,143101,970.0,18.0,1670000,0,0,0,0,0,0,0,1681,11.871312941687266,7.427144133408616,2022,0.0067784292213192085,0.0001257852845193255,0,0,0,0,11.886932563346777,-0.015619621659510585
Uche Nancy tv,mr and mrs trouble,riBDSZOYzMo,"MR AND MRS TROUBLE (Full Movie) Ebube Obio, Chikanso Ejiofor 2022 Latest Nigerian Nollywood Movie",2022-02-28 18:09:48+00:00,169641,1177.0,65.0,2360000,0,0,0,0,0,0,0,1680,12.041445613191277,7.426549072397305,2022,0.00693818121798386,0.00038316208935339923,0,0,0,0,11.93804897377064,0.10339663942063737
Uche Nancy tv,tangolo 2,kpgiZlZsurg,TANGOLO 2 (New Movie) Ebube Obio/Sonia Uche/Chikanso Ejiofor 2022 Latest Nigerian Nollywood Movie,2022-03-01 14:00:12+00:00,459766,6379.0,587.0,2360000,0,0,0,1,0,0,0,1679,13.038475118400676,7.425953657077541,2022,0.013874449176320127,0.0012767364267910197,0,0,0,0,12.082183961980169,0.956291156420507
Uche Nancy tv,mine forever,HpB2P1ruKCY,"MINE FOREVER (Romantic Movie) Chinenye Nnebe, Jerry Williams 2022 Latest Nigerian Nollywood Movie",2022-03-04 10:21:15+00:00,227717,1853.0,244.0,2360000,0,0,0,0,0,0,0,1676,12.335863300310834,7.424165281042028,2022,0.008137293219215079,0.001071505421202633,0,0,0,0,11.937795709989015,0.39806759032181915
Uche Nancy tv,dead ringer,Hb7FmfQizic,DEAD RINGER (Full Movie) Jerry William/Chinenye Nnebe/Sonia Uch 2022 Latest Nigerian Nollywood Movie,2022-03-04 13:30:43+00:00,315317,2170.0,233.0,2360000,0,0,0,0,0,0,0,1676,12.661336932390821,7.424165281042028,2022,0.0068819632306535965,0.0007389389090978286,0,0,0,0,11.937795709989015,0.7235412224018063
Uche Nancy tv,tangolo 3,qFkLJL8Wzfk,TANGOLO 3 (New Movie) Ebube Obio/Sonia Uche/Chikanso Ejiofor 2022 Latest Nigerian Nollywood Movie,2022-03-04 17:00:13+00:00,657468,8476.0,977.0,2360000,0,0,0,1,0,0,0,1676,13.396152893633568,7.424165281042028,2022,0.012891882190464023,0.0014860038815577336,0,0,0,0,12.081993957566938,1.3141589360666295
Uche Nancy tv,tangolo,x0rHYyGU-MA,TANGOLO (Full Movie) Ebube Obio/Sonia Uche/Chikanso Ejiofor 2022 Latest Nigerian Nollywood Movie,2022-03-06 13:06:17+00:00,699705,6040.0,645.0,2360000,0,0,0,1,0,0,0,1674,13.458415525800838,7.422971251049421,2022,0.008632209288200026,0.0009218170514716916,0,0,0,0,12.081867098917739,1.3765484268830992
RuthKadiri247,insecurity,Limsk9-RVQg,INSECURITY,2022-03-06 15:41:40+00:00,2231177,25158.0,2933.0,4100000,0,0,0,0,0,0,0,1674,14.61804025508187,7.422971251049421,2022,0.01127566302449335,0.0013145528122600761,0,0,0,0,13.659594375764653,0.9584458793172175
NollyFamily tv,royal attack,gVcHLFdqlbg,ROYAL ATTACK (Full Movie) Latest Chinenye Nnebe Trending 2022 Nigerian Nollywood Full Royal Movie,2022-03-06 18:19:10+00:00,18016,168.0,14.0,1670000,0,0,0,0,0,0,0,1674,9.7990710356157,7.422971251049421,2022,0.009325044404973356,0.0007770870337477797,0,0,0,0,11.886489219190743,-2.0874181835750427
Uche Nancy tv,deep emotion,R3DSIApKL7E,DEEP EMOTION (Full Movie) Jerry Williams/Chinenye Nnebe/Chioma 2022 Latest Nigerian Nollywood Movie,2022-03-07 20:41:19+00:00,33334,389.0,48.0,2360000,0,0,0,0,0,0,0,1673,10.414363175052161,7.422373700986824,2022,0.011669766604667906,0.0014399712005759885,0,0,0,0,11.937605365167576,-1.5232421901154147
Uche Nancy tv,broken mind,06zj_zdle7s,BROKEN MIND (Full Movie) Ebube Obio/Sonia Uche/Justice Slik 2022 Latest Nigerian Nollywood Movie,2022-03-08 11:00:01+00:00,81778,739.0,78.0,2360000,0,0,0,1,0,0,0,1672,11.311775765915282,7.421775793644647,2022,0.009036660226466776,0.0009538017559734892,0,0,0,0,12.081740088614412,-0.7699643226991295
NollyFamily tv,small shit,hnfh6NoXtLg,SMALL SHIT (Full Movie) Ebube Obio/Rebecca/Kenechukwu Ezeh Trending 2022 Nigerian Nollywood Movie,2022-03-09 17:16:41+00:00,60121,668.0,42.0,1670000,0,0,0,0,0,0,0,1671,11.004131110113317,7.421177528595393,2022,0.011110926298631094,0.0006985911744648292,0,0,0,0,11.886298646752056,-0.8821675366387396
Uche Nancy tv,stubborn blood,zwbQgkDv2LU,STUBBORN BLOOD (Full Movie) Ebube Obio/Ray Emodi/Benita 2022 Latest Nigerian Nollywood Movie,2022-03-10 19:15:22+00:00,73979,682.0,79.0,2360000,0,0,0,0,0,0,0,1670,11.211550065386445,7.4205789054108005,2022,0.009218832371348625,0.0010678706119304127,0,0,0,0,11.937414678716003,-0.7258646133295574
Uche Nancy tv,rugged bus driver,xAVuE2GehNg,RUGGED BUS DRIVER (Full Movie) Ebube Obio 2022 Latest Nigerian Nollywood Full Movie,2022-03-11 10:02:09+00:00,32556,338.0,52.0,2360000,0,0,0,0,0,0,0,1669,10.39074767827941,7.419979923661835,2022,0.010382110824425606,0.0015972478191424008,0,0,0,0,11.937351040435525,-1.5466033621561142
NollyFamily tv,black sheep,i1ylRIEXF0U,BLACK SHEEP (Full Movie) Jerry Williams/Sonia Uche/Chinenye Trending 2022 Nigerian Nollywood Movie,2022-03-12 19:37:10+00:00,54372,412.0,22.0,1670000,0,0,0,1,0,0,0,1668,10.90362298610533,7.419380582918692,2022,0.007577429559332009,0.00040462002501287427,0,0,0,0,12.030305979442884,-1.126682993337555
Uche Nancy tv,games women play sonia uche,Tv8MDl1Ultg,GAMES WOMEN PLAY/LATEST NOLLYWOOD MOVIE 2022/SONIA UCHE FILMS,2022-03-15 19:28:22+00:00,54386,454.0,39.0,2360000,0,0,0,1,0,0,0,1665,10.903880433697777,7.417580402414544,2022,0.008347736549847388,0.0007170963115507667,0,0,0,0,12.081294353023509,-1.1774139193257316
Uche Nancy tv,deputy jesus,jMvtslSRST0,DEPUTY JESUS (Full Movie) Ebube Obio 2022 Latest Nigerian Nollywood Full Movie,2022-03-16 12:51:13+00:00,502642,3957.0,356.0,2360000,0,0,0,0,0,0,0,1664,13.12763545554541,7.416979621381154,2022,0.007872402226634463,0.000708257567015888,0,0,0,0,11.93703227600174,1.1906031795436682
Uche Nancy tv,broken pride,HMeMh80LioU,BROKEN PRIDE (Full Movie) Wole Ojo/Sonia Uche 2022 Latest Nigerian Movie,2022-03-17 19:53:50+00:00,338264,1655.0,124.0,2360000,0,0,0,1,0,0,0,1663,12.731584890947788,7.416378479192928,2022,0.004892628243029114,0.0003665775843719698,0,0,0,0,12.08116665576525,0.6504182351825385
Uche Nancy tv,trouble in paradise,uCQ09M9BCbQ,TROUBLE IN PARADISE (Full Movie) Chinenye Nnebe/Queen Nwokoma 2022 Latest Nigerian Movie,2022-03-20 19:03:27+00:00,283757,2416.0,95.0,2360000,0,0,0,1,0,0,0,1660,12.55587704121291,7.414572881350589,2022,0.008514327399852691,0.00033479350289155864,0,0,0,0,12.080974821636548,0.4749022195763608
Uche Nancy tv,shades of love,j8znjSdfBpE,SHADES OF LOVE (Full Movie) Jnr Pope/Sonia Uche/Chinenye Nnebe 2022 Latest Nigerian Nollywood Movie,2022-03-21 17:31:50+00:00,245484,3202.0,422.0,2360000,0,0,0,1,0,0,0,1659,12.41099112455371,7.413970290190444,2022,0.013043619950791091,0.001719052972902511,0,0,0,0,12.080910799877406,0.3300803246763042
NollyFamily tv,the betrayer,0W2I_llww6Q,THE BETRAYER (Full Movie) Ray Emodi/Ebube Obio Trending 2022 Nigerian Nollywood Movie,2022-03-21 17:59:18+00:00,98386,672.0,41.0,1670000,0,0,0,0,0,0,0,1659,11.496663960491407,7.413970290190444,2022,0.006830240074807392,0.0004167259569450938,0,0,0,0,11.885532920150409,-0.3888689596590016
Uche Nancy tv,a father s sacrifice 2,J00cz1Q30Ns,A FATHER'S SACRIFICE 2 (New Movie) Sambasa Nzeribe/Ebube Obio 2022 Latest Nigerian Nollywood Movie,2022-03-23 15:29:49+00:00,171600,3271.0,885.0,2360000,0,0,0,0,0,0,0,1657,12.052927293524847,7.4127640174265625,2022,0.01906177156177156,0.005157342657342657,0,0,0,0,11.936584392927994,0.11634290059685348
Uche Nancy tv,indebted,htSYgSnVBUE,INDEBTED (Full Movie) Sonia Uche/Chinenye Nnebe Latest 2022 Trending Nigerian Nollywood Full Movie,2022-03-25 14:10:36+00:00,33721,414.0,65.0,2360000,0,0,0,1,0,0,0,1655,10.425905722337927,7.411556287811163,2022,0.012277215978173838,0.0019275822187954095,0,0,0,0,12.080654326352542,-1.6547486040146158
Uche Nancy tv,power of love,lNI9dtNY8GM,POWER OF LOVE (Full Movie) Sonia Uche/Chinenye Nnebe Latest 2022 Trending Nigerian Nollywood Movie,2022-03-26 15:08:44+00:00,172030,1438.0,118.0,2360000,0,0,0,1,0,0,0,1654,12.055429972113794,7.4109518755836366,2022,0.008359007149915712,0.0006859268732197873,0,0,0,0,12.080590111115724,-0.025160139001929593
Uche Nancy tv,a father s sacrifice,YyDKL8_QHtw,A FATHER'S SACRIFICE (Full Movie) Sambasa Nzeribe/Ebube Obio 2022 Latest Nigerian Nollywood Movie,2022-03-26 18:21:48+00:00,252354,3156.0,559.0,2360000,0,0,0,0,0,0,0,1654,12.438592105322861,7.4109518755836366,2022,0.012506241232554269,0.0022151422208484908,0,0,0,0,11.9363918635378,0.5022002417850615
NollyFamily tv,small madam,Fpkc3MuchJM,SMALL MADAM (Full Movie) Sonia Uche/Ebube Obio Trending 2022 Nigerian Nollywood Movie,2022-03-26 19:14:08+00:00,123566,915.0,46.0,1670000,0,0,0,1,0,0,0,1654,11.724538798066213,7.4109518755836366,2022,0.007404949581600116,0.00037227068934820256,0,0,0,0,12.029410478966652,-0.3048716809004386
Uche Nancy tv,best of ebube obio,wdfBysoOdD8,BEST OF EBUBE OBIO (Part 1) Best Ebube Obio 2022 Trending Nigerian Nollywood Movie,2022-03-29 08:19:04+00:00,183709,1302.0,94.0,2360000,0,0,0,0,0,0,0,1651,12.121113706302983,7.409136443920128,2022,0.007087295668693423,0.0005116787963572824,0,0,0,0,11.936198984623559,0.1849147216794247
NollyFamily tv,smart baby,9gEp4wQYlbk,SMART BABY (Full Movie) Ebube Obio/Chinenye Nnebe Trending 2022 Nigerian Nollywood Movie,2022-03-29 18:58:08+00:00,34338,414.0,15.0,1670000,0,0,0,0,0,0,0,1651,10.444037013468341,7.409136443920128,2022,0.012056613664162153,0.0004368338284116722,0,0,0,0,11.885019352474487,-1.4409823390061458
NollyFamily tv,madam security,U2NM6dHO9bg,MADAM SECURITY (Full Movie) Sonia Uche/Chinenye Nnebe Trending 2022 Nigerian Nollywood Movie,2022-04-01 18:03:56+00:00,27885,331.0,37.0,1670000,0,0,0,1,0,0,0,1648,10.235880049754966,7.4073177104694174,2022,0.011870181100950332,0.001326878249955173,0,0,0,0,12.02902437034274,-1.793144320587773
Uche Nancy tv,turning tables,aGkFYYKy63E,TURNING TABLES (New Movie) Chinenye Nnebe/Ray Emodi/Sonia Uche Latest 2022 Nigerian Nollywood Movie,2022-04-04 11:59:13+00:00,1214064,10813.0,1088.0,2360000,0,0,0,1,0,0,0,1645,14.009484791178144,7.405495663199472,2022,0.008906449742352957,0.0008961636289355422,0,0,0,0,12.08001042070838,1.929474370469764
Uche Nancy tv,no stepmom 1,lEdj-nvDQy4,NO STEPMOM 1 (New Movie) Queen Nwokoye/Ebube Obio/Chigozie 2022 Latest Nigerian Nollywood Movie,2022-04-06 16:15:11+00:00,441611,6447.0,1074.0,2360000,0,0,0,0,0,0,0,1643,12.998186947488861,7.404279118037268,2022,0.014598821134437322,0.0024320046375656402,0,0,0,0,11.93568292237719,1.0625040251116715
NollyFamily tv,house on fire,565Qq4AKSYY,HOUSE ON FIRE (Full Movie) Chinenye Nnebe/Chuks Omalicha Trending 2022 Nigerian Nollywood Movie,2022-04-06 20:11:06+00:00,12015,194.0,9.0,1670000,0,0,0,0,0,0,0,1643,9.393994374003915,7.404279118037268,2022,0.0161464835622139,0.000749063670411985,0,0,0,0,11.884503290228118,-2.4905089162242025
Uche Nancy tv,disguised,FFxGhIf3G-w,DISGUISED (New Movie) Chinenye Nnebe/Ray Emodi/Sonia Uche Latest 2022 Nigerian Nollywood Movie,2022-04-07 08:33:36+00:00,608853,3190.0,195.0,2360000,0,0,0,1,0,0,0,1642,13.31933378067624,7.403670290012373,2022,0.005239359911177246,0.0003202743519371671,0,0,0,0,12.079816485565852,1.2395172951103888
Uche Nancy tv,father s wish,4XNVzWyHX2k,FATHER'S WISH (Full Movie) Jerry Williams/Luchy Donald Latest 2022 Latest Nigerian Nollywood Movie,2022-04-07 12:00:04+00:00,40236,492.0,63.0,2360000,0,0,0,0,0,0,0,1642,10.602542249310535,7.403670290012373,2022,0.012227855651655234,0.0015657620041753654,0,0,0,0,11.935618237987928,-1.3330759886773933
Uche Nancy tv,the ex,SCE1dW5UAVA,THE EX (Full Movie) Chinenye Nnebe/Walter Anga/Ebube Obio 2022 Latest Nigerian Nollywood Movie,2022-04-08 14:02:12+00:00,39126,368.0,52.0,2360000,0,0,0,0,0,0,0,1641,10.574568044746826,7.403061091090091,2022,0.009405510402290037,0.0013290395133670704,0,0,0,0,11.935553514193003,-1.3609854694461774
Uche Nancy tv,no stepmom 2,8xMdOLAD8_g,NO STEPMOM 2 (New Movie) Queen Nwokoye/Ebube Obio/Chigozie 2022 Latest Nigerian Nollywood Movie,2022-04-08 16:00:11+00:00,252937,3634.0,855.0,2360000,0,0,0,0,0,0,0,1641,12.440899678389187,7.403061091090091,2022,0.014367213970277183,0.003380288372203355,0,0,0,0,11.935553514193003,0.5053461641961832
NollyFamily tv,the little bride 1,dkA7bJJSbVI,THE LITTLE BRIDE 1 (New Movie) Ebube Obio/Kenechukwu Ezeh Trending 2022 Nigerian Nollywood Movie,2022-04-09 17:02:30+00:00,1134256,12809.0,610.0,1670000,0,0,0,0,0,0,0,1640,13.941488368986118,7.402451520818244,2022,0.011292865102763398,0.0005377974637118957,0,0,0,0,11.884309118795304,2.0571792501908135
Uche Nancy tv,no stepmom 3,T61Dk0h6JLw,NO STEPMOM 3 (New Movie) Queen Nwokoye/Ebube Obio/Chigozie 2022 Latest Nigerian Nollywood Movie,2022-04-10 16:00:12+00:00,214564,3311.0,511.0,2360000,0,0,0,0,0,0,0,1639,12.27636800174883,7.40184157874383,2022,0.015431293227195615,0.0023815737961633823,0,0,0,0,11.93542394819392,0.3409440535549102
Uche Nancy tv,no stepmom,RJyNzhANUDo,NO STEPMOM (Full Movie) Queen Nwokoye/Ebube Obio/Chigozie 2022 Latest Nigerian Nollywood Movie,2022-04-11 16:24:49+00:00,606992,4140.0,404.0,2360000,0,0,0,0,0,0,0,1638,13.316272537849933,7.401231264413015,2022,0.006820518227587843,0.000665577141049635,0,0,0,0,11.935359105893415,1.3809134319565182
Uche Nancy tv,romantic ruse,rXDUJEo3c-I,ROMANTIC RUSE (Full Movie) Ebube Obio/Chinenye Nnebe/Justice 2022 Latest Nigerian Nollywood Movie,2022-04-12 17:39:44+00:00,47417,505.0,33.0,2360000,0,0,0,0,0,0,0,1637,10.76675718243303,7.400620577371135,2022,0.01065018875086994,0.0006959529282746694,0,0,0,0,11.935294223994553,-1.1685370415615228
NollyFamily tv,painful life,_wS1L1Z479s,PAINFUL LIFE (Full Movie) Sonia Uche/Ebube Obio Trending 2022 Nigerian Nollywood Movie,2022-04-12 18:24:12+00:00,293544,2147.0,131.0,1670000,0,0,0,1,0,0,0,1637,12.589786228473825,7.400620577371135,2022,0.007314065353064617,0.0004462704057994713,0,0,0,0,12.028312839423405,0.5614733890504198
NollyFamily tv,the little bride 2,UGBu8FFuEgU,THE LITTLE BRIDE 2 (New Movie) Ebube Obio/Kenechukwu Ezeh Trending 2022 Nigerian Nollywood Movie,2022-04-13 18:00:10+00:00,1174978,14071.0,1064.0,1670000,0,0,0,0,0,0,0,1636,13.97676083306026,7.400009517162692,2022,0.0119755433718759,0.0009055488698511802,0,0,0,0,11.884049670299873,2.092711162760386
NollyFamily tv,the little bride,76PynbfsIf8,THE LITTLE BRIDE (New Movie) Ebube Obio/Kenechukwu Ezeh Trending 2022 Nigerian Nollywood Movie,2022-04-17 07:25:38+00:00,191457,1901.0,93.0,1670000,0,0,0,0,0,0,0,1632,12.162423742399612,7.397561535524052,2022,0.009929122466141223,0.00048574875820680364,0,0,0,0,11.883789586678974,0.27863415572063843
Uche Nancy tv,wedding day,m_M2YbIEWrU,WEDDING DAY (Full Movie) Ebube Obio 2022 Latest Trending Nigerian Nollywood Full Movie,2022-04-17 10:30:25+00:00,1366439,10368.0,528.0,2360000,0,0,0,0,0,0,0,1632,14.127719375592651,7.397561535524052,2022,0.0075876054474440496,0.0003864058329716877,0,0,0,0,11.934969218828046,2.192750156764605
ChinneyLoveEze Tv,the boy next door is so hot but he has a girlfriend maurice sam emem inwang shine rosman,BBbslcaJLA0,The boy next door is so Hot…But he has a girlfriend- Maurice Sam/Emem inwang/Shine rosman,2022-04-17 16:43:41+00:00,8573169,50822.0,2807.0,829000,0,0,1,0,0,0,0,1632,15.964148117162177,7.397561535524052,2022,0.0059280296469135275,0.0003274168513416684,0,0,0,0,13.742048069433507,2.22210004772867
Uche Nancy tv,save my daughter,2MM6ZXFKgcI,SAVE MY DAUGHTER (New Movie) Patience Ozokwor/Kenechukwu/Benita Onyiuke 2022 Latest Nigerian Movie,2022-04-21 12:02:57+00:00,110758,787.0,46.0,2360000,0,0,0,0,0,0,0,1628,11.615111948713986,7.395107546562485,2022,0.007105581538128171,0.0004153198865996136,0,0,0,0,11.934708496964491,-0.3195965482505052
Uche Nancy tv,royal rampage,1NpxDWUOBtg,ROYAL RAMPAGE (Full Movie) Sonia Uche/Ebube Nwaguru/Somadina Adinma 2022 Latest Nigerian Movie,2022-04-22 13:23:49+00:00,25669,242.0,13.0,2360000,0,0,0,1,0,0,0,1627,10.153078273865185,7.394493107219038,2022,0.00942771436362928,0.0005064474658147961,0,0,0,0,12.078841463983629,-1.9257631901184435
NollyFamily tv,blood sisters,_kgXPvBB8_4,BLOOD SISTERS (Full Movie) Sonia Uche/Chinenye Nnebe Trending 2022 Nigerian Nollywood Movie,2022-04-22 19:32:43+00:00,880319,6913.0,519.0,1670000,0,0,0,1,0,0,0,1627,13.688040756718348,7.394493107219038,2022,0.007852835165434347,0.0005895590121308299,0,0,0,0,12.027661831834557,1.6603789248837906
Uche Nancy tv,the man is mine,ZdZ1jVmCtNM,THE MAN IS MINE (Full Movie) Toosweet Annan/Georginia Ibeh 2022 Latest Nigerian Movie,2022-04-27 18:55:57+00:00,63916,555.0,36.0,2360000,0,0,0,0,0,0,0,1622,11.065340645671654,7.3914152346753585,2022,0.008683271794229926,0.0005632392515176168,0,0,0,0,11.93431621058867,-0.868975564917017
Uche Nancy tv,german machine,2JGtE3teeLw,GERMAN MACHINE (Full Movie) - Sonia Uche/Stephen Odimgbe 2022 Latest Nigerian Movie,2022-04-28 20:13:23+00:00,380711,3814.0,437.0,2360000,0,0,0,1,0,0,0,1621,12.8497984627564,7.390798521735676,2022,0.010018097717166038,0.0011478523079186049,0,0,0,0,12.07844893605161,0.7713495267047907
Uche Nancy tv,will you forgive,xr9S1A_u8Ww,Will You Forgive (Full Movie) Ebube Obio/Sambasa Nzeribe/Uche 2022 Latest Nigerian Nollywood Movie,2022-04-30 09:59:30+00:00,42689,486.0,26.0,2360000,0,0,0,0,0,0,0,1619,10.661719979752007,7.389563953677635,2022,0.01138466583897491,0.000609056197146806,0,0,0,0,11.934119522893962,-1.2723995431419546
Uche Nancy tv,shadow in the day,8FfLZzF6_a8,SHADOW IN THE DAY (New Movie) Sonia Uche/Ebele Okaro/Ogbu Johnson 2022 Movies | Nigerian Movies 2022,2022-04-30 13:59:11+00:00,221469,3372.0,473.0,2360000,0,0,0,1,0,0,0,1619,12.30804241911389,7.389563953677635,2022,0.015225607195589451,0.0021357390876375476,0,0,0,0,12.078317770471887,0.22972464864200326
NollyFamily tv,oversea bride,61bXZf_B7-M,OVERSEA BRIDE (Full Movie) Chinenye Nnebe/Jerry Williams Trending 2022 Nigerian Nollywood Movie,2022-04-30 16:25:37+00:00,67568,586.0,45.0,1670000,0,0,0,0,0,0,0,1619,11.120904576969489,7.389563953677635,2022,0.008672744494435235,0.0006659957376272792,0,0,0,0,11.88293989074489,-0.7620353137754012
NollyFamily tv,thorny crown,J5dFbUr_jMI,THORNY CROWN (Full Movie) Chinenye Nnebe/Rhema Isaac Trending 2022 Nigerian Nollywood Movie,2022-05-01 16:38:54+00:00,67222,657.0,50.0,1670000,0,0,0,0,0,0,0,1618,11.115770729857758,7.388946097618437,2022,0.009773586028383565,0.0007438041117491297,0,0,0,0,11.882874247180194,-0.7671035173224361
Uche Nancy tv,more than pain,rqO4Wj4uz6k,MORE THAN PAIN (Full Movie) Chinenye Nnebe/Jennifer/Darlington 2022 New Nigerian Nollywood Movie,2022-05-04 11:33:08+00:00,34474,341.0,18.0,2360000,0,0,0,0,0,0,0,1615,10.447989702661502,7.387090235656757,2022,0.009891512444160817,0.0005221326216859082,0,0,0,0,11.933856704934138,-1.4858670022726361
NollyFamily tv,family abuse,8ey0BxNWj3E,FAMILY ABUSE (Full Movie) Patience Ozokwor/Benita Onyiuke Trending 2022 Nigerian Nollywood Movie,2022-05-04 14:33:09+00:00,22510,201.0,18.0,1670000,0,0,0,0,0,0,0,1615,10.021759357614163,7.387090235656757,2022,0.008929364726788094,0.0007996446023989338,0,0,0,0,11.882677072785064,-1.8609177151709009
NollyFamily tv,baby daddy 1,yHwi-8Fus68,BABY DADDY 1 (New Movie) Ebube Obio/Sonia Uche/Stephen Trending 2022 Nigerian Nollywood Movie,2022-05-06 17:30:11+00:00,2211447,18048.0,1052.0,1670000,0,0,0,1,0,0,0,1613,14.609158062561665,7.385851078125209,2022,0.00816117230030835,0.00047570663009332805,0,0,0,0,12.026743667178756,2.5824143953829086
RuthKadiri247,10 days,HOWt7oq1V0g,10 DAYS,2022-05-07 06:52:40+00:00,2249454,21119.0,2376.0,4100000,0,0,0,0,0,0,0,1612,14.62619852261784,7.385230923066573,2022,0.009388500498343154,0.001056256318199883,0,0,0,0,13.655584688354907,0.9706138342629327
NollyFamily tv,pretty stain,XaPFhhXoRek,PRETTY STAIN (Full Movie) Chinenye Nnebe/Chibuikem Darlington Trending 2022 Nigerian Nollywood Movie,2022-05-08 19:48:07+00:00,16423,189.0,13.0,1670000,0,0,0,0,0,0,0,1611,9.70649895869877,7.384610383176974,2022,0.011508250624124703,0.0007915727942519637,0,0,0,0,11.882413603075138,-2.175914644376368
Uche Nancy tv,tomato jos,3-YS8mZ8Ung,TOMATO JOS (S1) Ebube Obio/Queen Nwokoye/Oma Nnadi/Chikanso Nigerian Movies 2022 Latest Full Movies,2022-05-10 12:16:43+00:00,218708,1837.0,140.0,2360000,0,0,0,0,0,0,0,1609,12.295497358081503,7.3833681469923835,2022,0.008399326956489931,0.0006401229035974907,0,0,0,0,11.933461254951236,0.3620361031302668
Uche Nancy tv,child of destiny,z0hmyOK49vI,CHILD OF DESTINY (Full Movie) Sonia Uche/Toosweet Annan Trending 2022 Movies | Nigerian Movies 2022,2022-05-13 12:25:48+00:00,117607,1173.0,74.0,2360000,0,0,0,1,0,0,0,1606,11.675112339343801,7.381501894506707,2022,0.009973896111626008,0.0006292142474512572,0,0,0,0,12.077461224202098,-0.4023488848582968
NollyFamily tv,baby daddy,D_2PIFQqm5U,BABY DADDY (Full Movie) Ebube Obio/Sonia Uche/Stephen Trending 2022 Nigerian Nollywood Movie,2022-05-17 12:40:24+00:00,593282,4717.0,303.0,1670000,0,0,0,1,0,0,0,1602,13.293426798541093,7.379008127628304,2022,0.007950687868500983,0.000510718343047657,0,0,0,0,12.026016644020254,1.2674101545208387
Uduak Isong TV,selina,WnPcQVAeiWY,SELINA - Nollywood Romantic Comedy starring Bimbo Ademoye and Daniel Etim Effiong | Part 1.,2022-05-17 15:00:18+00:00,9598254,90570.0,6435.0,814000,0,0,0,0,0,0,1,1602,16.077091869082413,7.379008127628304,2022,0.009436091189085016,0.0006704344352629134,0,0,0,0,13.642931531152124,2.4341603379302885
Uche Nancy tv,the class prefect,Y8wk8rWP4oA,THE CLASS PREFECT (Full Movie) Ebube Obio/Sonia Uche/Stephen Odi 2022 Movies | Nigerian Movies 2022,2022-05-17 15:18:36+00:00,4364234,27485.0,1987.0,2360000,0,0,0,1,0,0,0,1602,15.28895347416445,7.379008127628304,2022,0.006297783299428949,0.00045529181065909847,0,0,0,0,12.077196276169326,3.211757197995123
Uche Nancy tv,omugwo special,rhcqyVmVoVA,OMUGWO SPECIAL (Full Movie) Patience Ozokwor/Oge Okoye/Chikamso/Ebube Obio 2022 Movies,2022-05-18 14:02:13+00:00,594034,4553.0,397.0,2360000,0,0,0,0,0,0,0,1601,13.294693519167838,7.3783837129967145,2022,0.007664544453684469,0.0006683119148062232,0,0,0,0,11.932931688217046,1.3617618309507922
Uche Nancy tv,bound in pain,elZVgly5Ock,BOUND IN PAIN (Full Movie) Patience Ozokwor/Benita/Kenechukwu 2022 Movies | Nigerian Movies 2022,2022-05-20 14:17:50+00:00,26083,264.0,27.0,2360000,0,0,0,0,0,0,0,1599,10.169077378513093,7.377133712833954,2022,0.010121535099490089,0.0010351569988114864,0,0,0,0,11.932798883067152,-1.7637215045540593
NollyFamily tv,shoki 1,G3OLsYFMQI0,SHOKI 1 (New Movie) Ebube Obio/Kenechukwu Ezeh/Ebube Nwaguru Trending 2022 Nigerian Nollywood Movie,2022-05-20 18:00:13+00:00,830757,10421.0,718.0,1670000,0,0,0,0,0,0,0,1599,13.630093816023017,7.377133712833954,2022,0.012543980971571712,0.0008642719832634573,0,0,0,0,11.88161925091808,1.748474565104937
RuthKadiri247,the rich and the poor,2m_pV00ZytM,THE RICH AND THE POOR,2022-05-21 17:48:46+00:00,1494181,16442.0,1267.0,4100000,0,0,0,0,0,0,0,1598,14.217089457871168,7.37650812632622,2022,0.011004021601131323,0.0008479561713072245,0,0,0,0,13.6546579426127,0.5624315152584689
Uche Nancy tv,the kidnap,bRqs-vdyJ1c,THE KIDNAP (Full Movie) Chinenye Nnebe Latest 2022 Trending Nigerian Nollywood Full Movie,2022-05-24 14:26:10+00:00,19881,291.0,22.0,2360000,0,0,0,0,0,0,0,1595,9.897570078772091,7.374629015218945,2022,0.014637090689603139,0.0011065841758462853,0,0,0,0,11.932532773708042,-2.0349626949359507
NollyFamily tv,shoki 2,8-8RH8mucR0,SHOKI 2 (New Movie) Ebube Obio/Kenechukwu Ezeh/Ebube Nwaguru Trending 2022 Nigerian Nollywood Movie,2022-05-26 16:00:13+00:00,885766,10006.0,639.0,1670000,0,0,0,0,0,0,0,1593,13.694209215318024,7.373374309910049,2022,0.01129643720802108,0.0007214094918974086,0,0,0,0,11.88121983651503,1.8129893788029943
Uche Nancy tv,the hustler,oAT0MkX_o9o,THE HUSTLER (New Movie) Ebube Obio/Ebube Nwaguru/Kenechukwu Ezeh 2022 Movies | Nigerian Movies,2022-05-27 19:39:23+00:00,65778,714.0,33.0,2360000,0,0,0,0,0,0,0,1592,11.094055917438379,7.3727463664043285,2022,0.010854693058469396,0.0005016874942990057,0,0,0,0,11.932332753367668,-0.8382768359292889
NollyFamily tv,shoki,WDVkOAJ6xeI,SHOKI (Full Movie) Ebube Obio/Kenechukwu Ezeh/Ebube Nwaguru Trending 2022 Nigerian Nollywood Movie,2022-05-27 20:21:10+00:00,1621823,11882.0,690.0,1670000,0,0,0,0,0,0,0,1592,14.299061999755278,7.3727463664043285,2022,0.007326323526056789,0.00042544716655270026,0,0,0,0,11.881153121218595,2.4179088785366822
Uche Nancy tv,finding ife,G2doBTCcfm8,FINDING IFE (Full Movie) Chinenye Nnebe/Juliet Njemanze/Darlington 2022 Movies | Nigerian Movie 2022,2022-05-28 13:46:00+00:00,107330,750.0,67.0,2360000,0,0,0,0,0,0,0,1591,11.583672796491703,7.372118028337787,2022,0.0069877946520078265,0.0006242429889126991,0,0,0,0,11.932265996151472,-0.34859319965976887
NollyFamily tv,yours forever,EAbhCbWjnh4,YOURS FOREVER (Full Movie) Chinenye Nnebe/Stephen Odimgbe Latest 2022 Nigerian Nollywood Movie,2022-05-28 18:04:46+00:00,24164,281.0,22.0,1670000,0,0,0,0,0,0,0,1591,10.092660584279184,7.372118028337787,2022,0.011628869392484687,0.0009104452905148154,0,0,0,0,11.8810863640024,-1.788425779723216
Uche Nancy tv,the hands you re dealt,G683e7lQmPI,THE HANDS YOU'RE DEALT (Full Movie) Ray Emodi/Chinenye Nnebe/Esther 2022 Movies | Nigerian Movies,2022-05-30 17:48:37+00:00,618266,4841.0,284.0,2360000,0,0,0,0,0,0,0,1589,13.334675681972874,7.370860166536716,2022,0.00782996315501742,0.0004593492121514041,0,0,0,0,11.932132355748843,1.4025433262240306
Uche Nancy tv,twins apart 1,RdHnd20RWC4,TWINS APART 1 (New Movie) Ebube Obio/Chikamso Ejiofor/Oma Nnadi 2022 Movies | Latest Nigerian Movies,2022-05-31 14:00:12+00:00,950225,10515.0,562.0,2360000,0,0,0,0,0,0,0,1588,13.7644551300211,7.370230641807081,2022,0.011065800205214554,0.000591438869741377,0,0,0,0,11.932065472456687,1.8323896575644127
ChinneyLoveEze Tv,its never safe to stay in an unhealthy relationship maurice sam emem inwang and kachi nnochiri,o2Wy3sZ1X9E,Its never safe to stay in an unhealthy relationship / Maurice sam /Emem inwang and kachi Nnochiri,2022-06-01 15:01:25+00:00,2608954,23675.0,2982.0,829000,0,0,1,0,0,0,0,1587,14.774460315982383,7.369600720526409,2022,0.009074517986902031,0.0011429868062066252,0,0,0,0,13.73907739763878,1.0353829183436023
RuthKadiri247,man and wife staring ruth kadiri melvin oduah oby titus,oCG64y7gBHk,"MAN AND WIFE staring Ruth Kadiri Melvin Oduah, Oby titus. #ruthkadirifilms #ruthkadiri247",2022-06-02 07:00:14+00:00,2439699,20419.0,1874.0,4100000,0,0,0,0,0,0,0,1586,14.70738563889064,7.368970402194793,2022,0.008369475086885719,0.0007681275436027149,0,0,0,0,13.65385710385047,1.0535285350401704
Uche Nancy tv,my blood,D4oEcznLagI,MY BLOOD (Full Movie) Ebube Obio/Sambasa Nzeribe/Ebube Nwaguru 2022 Movies | Nigerian Movies,2022-06-02 16:01:51+00:00,15359,209.0,26.0,2360000,0,0,0,0,0,0,0,1586,9.639522006701663,7.368970402194793,2022,0.013607656748486229,0.001692818542873885,0,0,0,0,11.931931579425632,-2.292409572723969
NollyFamily tv,lost,H9Q_2qYpBrE,LOST (Full Movie) Toosweet Annan/Sonia Uche Trending 2022 Nigerian Nollywood Movie,2022-06-04 19:38:13+00:00,14391,183.0,10.0,1670000,0,0,0,1,0,0,0,1584,9.574427775630369,7.367708572374371,2022,0.012716281008963937,0.0006948787436592314,0,0,0,0,12.024816132873186,-2.450388357242817
Uche Nancy tv,lover s passion,UWllz20zP68,LOVER'S PASSION (Full Movie) Chinenye Nnebe/Sonia Uche/Darlington 2022 Movie | Latest Nigerian Movie,2022-06-06 17:23:23+00:00,41262,595.0,52.0,2360000,0,0,0,1,0,0,0,1582,10.62772149362817,7.366445148327599,2022,0.014420047501332946,0.001260239445494644,0,0,0,0,12.075861533663808,-1.4481400400356375
Uduak Isong TV,the good neighbor,omYbgmiHsMQ,The Good Neighbor - A Nollywood love story featuring Bimbo Ademoye and Kachi Nnochiri,2022-06-07 15:00:33+00:00,1544835,14598.0,907.0,814000,0,0,0,0,0,0,1,1581,14.25042831381248,7.365812837209472,2022,0.009449552864869063,0.0005871177180734512,0,0,0,0,13.641529609317095,0.6088987044953846
Uche Nancy tv,risky desire,0lYdvJoON0o,RISKY DESIRE (Full Movie) Chinenye Nnebe/Somadina/Queen Nwokoye 2022 Movie | Latest Nigerian Movie,2022-06-07 17:18:31+00:00,41868,542.0,28.0,2360000,0,0,0,0,0,0,0,1581,10.642300975279205,7.365812837209472,2022,0.01294544759721028,0.0006687685105569886,0,0,0,0,11.931596106756373,-1.289295131477168
Uche Nancy tv,instagram lifestyle,WG7hiK_fhHE,INSTAGRAM LIFESTYLE (Full Movie) Ebube Obio/Chacha Eke Faani 2022 Movie | Latest Nigerian Movie,2022-06-08 15:38:46+00:00,18339,346.0,38.0,2360000,0,0,0,0,0,0,0,1580,9.816839745810455,7.365180126021013,2022,0.01886689568678772,0.002072086809531599,0,0,0,0,11.931528884921747,-2.1146891391112916
Uche Nancy tv,twins apart,ozcqTRFVDbM,TWINS APART (Full Movie) Ebube Obio/Chikamso Ejiofor/Oma Nnadi 2022 Movies | Latest Nigerian Movies,2022-06-09 12:54:55+00:00,767119,6072.0,320.0,2360000,0,0,0,0,0,0,0,1579,13.550398521827562,7.364547014255642,2022,0.007915329955326357,0.00041714518868650105,0,0,0,0,11.931461620528186,1.6189369012993762
NollyFamily tv,in love with the healer,FiOgben8No0,IN LOVE WITH THE HEALER - Ray Emodi/Sonia Uche/Rhema Trending 2022 Nigerian Nollywood Movie,2022-06-09 13:22:57+00:00,23671,273.0,10.0,1670000,0,0,0,1,0,0,0,1579,10.072048194080045,7.364547014255642,2022,0.011533099573317562,0.0004224578598284821,0,0,0,0,12.024480235957038,-1.9524320418769925
Uche Nancy tv,not married,OTXsnXquWTc,NOT MARRIED (Full Movie) Ebube Obio/Queen Nwokoye/Chigozie 2022 Movies | Latest Nigerian Movies,2022-06-11 14:44:45+00:00,21590,229.0,19.0,2360000,0,0,0,0,0,0,0,1577,9.980031840175913,7.3632795869630385,2022,0.010606762389995368,0.0008800370541917554,0,0,0,0,11.931326963848461,-1.9512951236725478
NollyFamily tv,village nanny,_DrICqGxUwQ,VILLAGE NANNY (Full Movie) Ebube Obio/Kenechukwu Ezeh/Rhema Trending 2022 Nigerian Nollywood Movie,2022-06-11 19:28:14+00:00,21965,262.0,14.0,1670000,0,0,0,0,0,0,0,1577,9.997251082348292,7.3632795869630385,2022,0.011928067379922604,0.0006373776462554063,0,0,0,0,11.880147331699389,-1.8828962493510968
Uche Nancy tv,ungodly day,1hHUZ3TMFcQ,UNGODLY DAY (Full Movie) Ebube Obio/Ray Emodi/Sonia Uche/Rhema 2022 Movies | Latest Nigerian Movies,2022-06-13 17:35:18+00:00,113181,1224.0,135.0,2360000,0,0,0,1,0,0,0,1575,11.636752421506987,7.362010551259734,2022,0.010814536008694038,0.0011927797068412543,0,0,0,0,12.075390383862501,-0.43863796235551433
Uche Nancy tv,bitcoin girl,PzN3Elrdu1U,BITCOIN GIRL (Full Movie) Ebube Obio/Oma Nnadi/Chikamso 2022 Movies | Latest Nigerian Movies,2022-06-13 19:47:39+00:00,22078,335.0,16.0,2360000,0,0,0,0,0,0,0,1575,10.002382209510342,7.362010551259734,2022,0.0151734758583205,0.0007247033245765015,0,0,0,0,11.931192136284578,-1.9288099267742354
NollyFamily tv,master plan,ou8sreCQdoo,MASTER PLAN (Full Movie) Ray Emodi/Benita Onyiuke/Justic Slik Trending 2022 Nigerian Nollywood Movie,2022-06-14 13:00:13+00:00,12322,156.0,12.0,1670000,0,0,0,0,0,0,0,1574,9.419222713938122,7.3613754289773485,2022,0.012660282421684791,0.0009738678785911378,0,0,0,0,11.879945026136362,-2.4607223121982393
Uche Nancy tv,jolly bus stop,f5VLdTlD9pI,JOLLY BUS STOP - Ebube Obio/Chinenye Nnebe/Chikamso Ejiofor Latest 2022 Nigerian Full Movies,2022-06-15 18:13:47+00:00,151956,1481.0,91.0,2360000,0,0,0,0,0,0,0,1573,11.931352865069307,7.360739903058278,2022,0.00974624233330701,0.0005988575640316934,0,0,0,0,11.93105713740227,0.00029572766703722664
NollyFamily tv,endowed,69v0QzYmM-0,ENDOWED (Full Movie) Ebube Obio/Ray EmodiTrending 2022 Nigerian Nollywood Movie,2022-06-15 20:49:30+00:00,6873,106.0,1.0,1670000,0,0,0,0,0,0,0,1573,8.835501457409778,7.360739903058278,2022,0.01542266841262913,0.00014549687181725592,0,0,0,0,11.879877505253198,-3.0443760478434196
NollyFamily tv,madam president,OQb5HPkjIUk,MADAM PRESIDENT (Full Movie) Ebube Obio/Chikamso Ejiofor/Oma Trending 2022 Nigerian Nollywood Movie,2022-06-16 19:04:54+00:00,20260,253.0,18.0,1670000,0,0,0,0,0,0,0,1572,9.91645313492615,7.360103972989152,2022,0.01248766041461007,0.0008884501480750247,0,0,0,0,11.879809941431473,-1.9633568065053222
Uche Nancy tv,problem house,WEzx4bFk9KM,PROBLEM HOUSE - Ebube Obio/Watabombshell/Chikamso Ejiofor Latest 2022 Nigerian Full Movies,2022-06-17 10:00:17+00:00,292189,2145.0,76.0,2360000,0,0,0,0,0,0,0,1571,12.585159554578272,7.359467638255621,2022,0.007341138783458652,0.00026010561657009674,0,0,0,0,11.930921966765615,0.6542375878126574
NollyFamily tv,broken heart,2q9mJpZNV9U,BROKEN HEART (Full Movie) Sonia Uche/Pitakwa Trending 2022 Nigerian Nollywood Full Movie,2022-06-17 19:16:26+00:00,13293,151.0,8.0,1670000,0,0,0,1,0,0,0,1571,9.495068084601527,7.359467638255621,2022,0.011359362070262544,0.0006018205070337771,0,0,0,0,12.023940582194465,-2.5288724975929373
Uche Nancy tv,buga pounds and dollars 1,wiHsOYHcLLQ,BUGA POUNDS AND DOLLARS 1 (New Movie) Ebube Obio/Flashboy/Sonia/Chinenye 2022 Latest Nigerian Movies,2022-06-18 15:00:12+00:00,1336856,14691.0,700.0,2360000,0,0,0,0,0,0,0,1570,14.105831894492539,7.358830898342354,2022,0.010989216490033331,0.0005236166049297755,0,0,0,0,11.930854316902723,2.174977577589816
Uche Nancy tv,keke and pepe,ctgPxeK5x1c,KEKE AND PEPE (Full Movie) Ebube Obio/Sonia Uche/Chikamso Ejiofor Latest 2022 Nigerian Full Movies,2022-06-19 15:04:44+00:00,1906282,11345.0,558.0,2360000,0,0,0,1,0,0,0,1569,14.460665830663427,7.358193752733032,2022,0.005951375504778412,0.0002927163976788324,0,0,0,0,12.07498487151494,2.3856809591484858
NollyFamily tv,cold blooded,0AP4pS07QTU,"COLD BLOODED - Chinenye Nnebe, Chuks Omalicha, Chioma Trending 2022 Nigerian Nollywood Full Movie",2022-06-19 16:50:36+00:00,39486,459.0,26.0,1670000,0,0,0,0,0,0,0,1569,10.583726782795289,7.358193752733032,2022,0.011624373195562985,0.0006584612267639163,0,0,0,0,11.879606991787945,-1.2958802089926564
Uche Nancy tv,buga pounds and dollars 2,3eDcH_W-z8o,BUGA POUNDS AND DOLLARS 2 (New Movie) Ebube Obio/Flashboy/Sonia/Chinenye 2022 Latest Nigerian Movies,2022-06-20 14:00:12+00:00,703639,8956.0,476.0,2360000,0,0,0,0,0,0,0,1568,13.464022140712842,7.357556200910353,2022,0.012728117685347174,0.000676483253486518,0,0,0,0,11.930718887813535,1.533303252899307
RuthKadiri247,what love means to a man and a woman,D6jLVg0MFbI,WHAT LOVE MEANS TO A MAN AND A WOMAN,2022-06-20 18:27:30+00:00,1604107,19542.0,3887.0,4100000,0,0,0,0,0,0,0,1568,14.288078396812745,7.357556200910353,2022,0.01218247909896285,0.0024231550638454916,0,0,0,0,13.652644412238374,0.6354339845743713
Uche Nancy tv,my queen,LmqKOoHFfM8,MY QUEEN - Jerry Williams/Chinenye Nnebe Latest 2022 Nigerian Nollywood Full Movies,2022-06-21 21:33:16+00:00,138023,1355.0,88.0,2360000,0,0,0,0,0,0,0,1567,11.8351828620617,7.356918242356021,2022,0.009817204378980315,0.0006375748969374669,0,0,0,0,11.930651108477214,-0.0954682464155141
NollyFamily tv,tom and jenny 1,mAvjAnat9r0,TOM AND JENNY 1 (New Movie) Kiriku/Ebube Obio/Ebube Nwaguru Trending 2022 Nigerian Nollywood Movie,2022-06-22 18:00:21+00:00,4131057,48298.0,1822.0,1670000,0,0,0,0,0,0,0,1566,15.234044106464314,7.356279876550748,2022,0.01169143877704907,0.0004410493488712453,0,0,0,0,11.879403653723807,3.3546404527405063
Uche Nancy tv,buga pounds and dollars 3,PSK7CvL0NTE,BUGA POUNDS AND DOLLARS 3 (New Movie) Ebube Obio/Flashboy/Sonia/Chinenye 2022 Latest Nigerian Movies,2022-06-23 14:00:13+00:00,783874,10014.0,824.0,2360000,0,0,0,0,0,0,0,1565,13.572004847845323,7.355641102974253,2022,0.012775012310651966,0.00105118934930869,0,0,0,0,11.930515419945257,1.6414894279000656
ChinneyLoveEze Tv,ini edo ray emodi onyi alex in love like never seen before,QYqNXH1FCUE,Ini Edo/ Ray Emodi/ Onyi Alex in Love movie like never seen before,2022-06-25 15:11:15+00:00,3709173,27077.0,1522.0,829000,0,0,0,0,0,0,0,1563,15.126319768285883,7.354362330421477,2022,0.007300010002229607,0.0004103340555967597,0,0,0,0,13.267154946647723,1.85916482163816
NollyFamily tv,tom and jenny 2,V2_-dO4FdCc,TOM AND JENNY 2 (New Movie) Kiriku/Ebube Obio/Ebube Nwaguru Trending 2022 Nigerian Nollywood Movie,2022-06-25 16:00:10+00:00,2210402,27027.0,1896.0,1670000,0,0,0,0,0,0,0,1563,14.608685409810835,7.354362330421477,2022,0.01222718763374264,0.0008577625246448384,0,0,0,0,11.879199925749434,2.729485484061401
Uche Nancy tv,buga pounds and dollars,BifCJK-Raz8,BUGA POUNDS AND DOLLARS (Full Movie) Ebube Obio/Flashboy/Sonia/Chinenye 2022 Latest Nigerian Movies,2022-06-26 13:02:45+00:00,1124375,8376.0,399.0,2360000,0,0,0,0,0,0,0,1562,13.932738773069529,7.3537223303996315,2022,0.007449471928849361,0.000354863813229572,0,0,0,0,11.930311561668294,2.002427211401235
Uche Nancy tv,the game 1,vJA5bkP46jg,THE GAME 1 (New Movie) Ray Emodi/Chinenye Nnebe/Sonia Uche/Ola Daniel 2022 Latest Nigerian Movies,2022-06-26 14:00:11+00:00,848124,9465.0,662.0,2360000,0,0,0,1,0,0,0,1562,13.65078330957127,7.3537223303996315,2022,0.011159924727987889,0.0007805462408798713,0,0,0,0,12.074509809246218,1.576273500325053
NollyFamily tv,reverse,Vk6V0XX9hQU,REVERSE (Full Movie) Chienney Nnebe/Ray Emodi/Sonia Uche Trending 2022 Nigerian Nollywood Movie,2022-06-26 21:15:38+00:00,23831,270.0,16.0,1670000,0,0,0,1,0,0,0,1562,10.078784494393119,7.3537223303996315,2022,0.011329780537954765,0.0006713944022491712,0,0,0,0,12.023330177097145,-1.9445456827040264
NollyFamily tv,hidden truth,BXF-ANBlyjc,HIDDEN TRUTH(Full Movie) Oma Nnadi/Ebube Obio/Chikamso Ejiofor 2022 Trending Nigeria Nollywood Movie,2022-06-27 12:00:05+00:00,19893,208.0,13.0,1670000,0,0,0,0,0,0,0,1561,9.898173457712359,7.353081920515432,2022,0.010455939275121902,0.0006534962046951189,0,0,0,0,11.879063889743549,-1.98089043203119
NollyFamily tv,double wahala,Scx2Stkovxo,DOUBLE WAHALA (Full Movie) Sonia Uche/Ebube Obio/Chikamso Ejiofor Trending 2022 Nigerian Full Movies,2022-06-27 14:00:19+00:00,23600,262.0,17.0,1670000,0,0,0,1,0,0,0,1561,10.069044362997353,7.353081920515432,2022,0.011101694915254237,0.0007203389830508475,0,0,0,0,12.023262137321472,-1.9542177743241194
Uche Nancy tv,the game 2,QDwVx0E2fOc,THE GAME 2 (New Movie) Ray Emodi/Chinenye Nnebe/Sonia Uche/Ola Daniel 2022 Latest Nigerian Movies,2022-06-28 17:45:12+00:00,563573,7334.0,708.0,2360000,0,0,0,1,0,0,0,1560,13.242053925934032,7.352441100243583,2022,0.013013398441728045,0.0012562702613503486,0,0,0,0,12.074373686093603,1.1676802398404291
Uche Nancy tv,selfish interest,Xwj1dVemCbM,SELFISH INTEREST (New Movie) Ray Emodi/Ebube Obio/Nwagbo Ebube 2022 Latest Nigerian Movies,2022-06-29 14:52:14+00:00,226060,1577.0,124.0,2360000,0,0,0,0,0,0,0,1559,12.328560153339291,7.351799869057777,2022,0.00697602406440768,0.0005485269397505087,0,0,0,0,11.930107311481553,0.398452841857738
Uche Nancy tv,husband snatcher,KOA1woIT-Io,HUSBAND SNATCHER (Full Movie) Toosweet Annan/Georgina Ibeh/Uche Elendu 2022 Nigerian Nollywood Movie,2022-06-29 20:00:07+00:00,76291,674.0,55.0,2360000,0,0,0,0,0,0,0,1559,11.242323362496316,7.351799869057777,2022,0.008834593857728959,0.0007209238311203156,0,0,0,0,11.930107311481553,-0.6877839489852366
Uche Nancy tv,love and crime,i4dymkTUUN0,"LOVE AND CRIME (Full Movie) Sonia Uche, Ebele Okaro 2022 Latest Nigerian Nollywood Full Movies",2022-06-30 16:51:17+00:00,41107,556.0,36.0,2360000,0,0,0,1,0,0,0,1558,10.623958028744964,7.351158226430694,2022,0.013525676892013526,0.0008757632520008758,0,0,0,0,12.074237388312138,-1.4502793595671744
Uche Nancy tv,love in two,OYGrZi04csc,"LOVE IN TWO (Full Movie) Chinenye Nnebe, Sonia Uche 2022 Latest Nigerian Nollywood Full Movies",2022-07-01 14:00:25+00:00,189526,1180.0,71.0,2360000,0,0,0,1,0,0,0,1557,12.152286773566358,7.350516171833998,2022,0.0062260586937939915,0.00037461878581302827,0,0,0,0,12.074169173795458,0.07811759977090027
Uche Nancy tv,husband wahala,sMP8PNqjAVo,HUSBAND WAHALA (Full Movie)Stephen Odimgb/Ebube Obio/Sonia Uche 2022 Latest Nigerian Nollywood Movie,2022-07-02 14:00:29+00:00,85291,847.0,60.0,2360000,0,0,0,1,0,0,0,1556,11.353835942446125,7.349873704738337,2022,0.009930707812078648,0.0007034739890492549,0,0,0,0,12.074100915453192,-0.7202649730070672
NollyFamily tv,tom and jenny,aREWPqecQeU,TOM AND JENNY (Full Movie) Kiriku/Ebube Obio/Ebube Nwaguru Trending 2022 Nigerian Nollywood Movie,2022-07-02 19:41:57+00:00,1407415,11064.0,455.0,1670000,0,0,0,0,0,0,0,1556,14.157265956930852,7.349873704738337,2022,0.00786122074867754,0.0003232877296319849,0,0,0,0,11.878723035726196,2.2785429212046555
RuthKadiri247,how to be an unforgettable woman,2uZEA1G8jao,HOW TO BE AN UNFORGETTABLE WOMAN,2022-07-06 13:33:41+00:00,2181937,21774.0,2689.0,4100000,0,0,0,0,0,0,0,1552,14.59572403067265,7.347299700743164,2022,0.00997920654904335,0.0012323912193615122,0,0,0,0,13.651554719546589,0.9441693111260623
Uche Nancy tv,the game,n7DKyLogRTs,THE GAME (Full Movie) Ray Emodi/Chinenye Nnebe/Sonia Uche/Ola Daniel 2022 Latest Nigerian Movies,2022-07-06 15:20:08+00:00,2741111,17731.0,1007.0,2360000,0,0,0,1,0,0,0,1552,14.82387423544977,7.347299700743164,2022,0.0064685450534473065,0.00036736928931371257,0,0,0,0,12.073827442699676,2.7500467927500942
NollyFamily tv,blind and broken,o90p_l6IHcg,BLIND AND BROKEN (Full Movie) Latest Sharon Ifedi Trending 2022 Nigerian Nollywood Movie,2022-07-06 20:41:38+00:00,14352,240.0,12.0,1670000,0,0,0,0,0,0,0,1552,9.57171425857138,7.347299700743164,2022,0.016722408026755852,0.0008361204013377926,0,0,0,0,11.87844956297268,-2.3067353044013004
NollyFamily tv,small hustler,qiY04sXrf6M,SMALL HUSTLER (Full Movie) Ebube Obio/Sonia Uche/Chinenye Trending 2022 Nigerian Nollywood Movie,2022-07-07 17:48:09+00:00,23040,300.0,11.0,1670000,0,0,0,1,0,0,0,1551,10.045030516645731,7.346655163176539,2022,0.013020833333333334,0.00047743055555555554,0,0,0,0,12.022579332233,-1.9775488155872694
Uche Nancy tv,romeo and juliet,t7-HQueQEV4,ROMEO AND JULIET (Full Movie) Kiriku/Ebube Obio 2022 Latest Nigerian Nollywood Full Movies,2022-07-08 20:01:45+00:00,96481,843.0,32.0,2360000,0,0,0,0,0,0,0,1550,11.477111741431065,7.346010209913293,2022,0.008737471626537867,0.0003316715208175703,0,0,0,0,11.929492194321233,-0.4523804528901678
NollyFamily tv,format girl,D4ImQjUu_SQ,FORMAT GIRL (Full Movie) Ebube Obio/Sonia Uche/Chinenye Trending 2022 Nigerian Nollywood Movie,2022-07-09 15:37:29+00:00,69286,614.0,24.0,1670000,0,0,0,1,0,0,0,1549,11.146012577393165,7.3453648404168685,2022,0.008861819126519066,0.0003463903241636117,0,0,0,0,12.022442243044845,-0.8764296656516795
Uche Nancy tv,tomato jos s3e1,9o6F8mmmBUI,TOMATO JOS s3e1 (New Movie) Ebube Obio/Queen Nwokoye/Oma/Chika 2022 Latest Nigerian Nollywood Movies,2022-07-11 16:45:11+00:00,144639,2423.0,274.0,2360000,0,0,0,0,0,0,0,1547,11.882003175626004,7.344072850573066,2022,0.016752051659649197,0.0018943715042277671,0,0,0,0,11.929286361309972,-0.04728318568396794
NollyFamily tv,secret life,z0XJGXane18,"SECRET LIFE (Full Movie) Ray Emodi, Sonia Uche Trending 2022 Nigerian Nollywood Movie",2022-07-11 19:33:15+00:00,141012,1202.0,83.0,1670000,0,0,0,1,0,0,0,1547,11.856607363691838,7.344072850573066,2022,0.00852409723995121,0.00058860238844921,0,0,0,0,12.022304976738823,-0.16569761304698538
Uche Nancy tv,tomato jos s3e2,I-nMUA7ojQM,TOMATO JOS s3e2 (New Movie) Ebube Obio/Queen Nwokoye/Oma/Chika 2022 Latest Nigerian Nollywood Movies,2022-07-13 14:00:11+00:00,114801,2047.0,148.0,2360000,0,0,0,0,0,0,0,1545,11.650964184318637,7.3427791893318455,2022,0.017830855131923937,0.0012891873764165817,0,0,0,0,11.929148917427826,-0.2781847331091889
Uche Nancy tv,tomato jos s3e3,2TSdfOoImBk,TOMATO JOS s3e3 (New Movie) Ebube Obio/Queen Nwokoye/Oma/Chika 2022 Latest Nigerian Nollywood Movies,2022-07-15 14:00:12+00:00,96953,2001.0,237.0,2360000,0,0,0,0,0,0,0,1543,11.481991918200302,7.341483852363161,2022,0.020638866254783245,0.002444483409487071,0,0,0,0,11.929011295509515,-0.4470193773092124
NollyFamily tv,sabina jollof 2,krwdjF4PvPw,SABINA JOLLOF 2 (New Movie) Ray Emodi/Sonia Uche/Ola Daniels Trending 2022 Nigerian Nollywood Movie,2022-07-16 16:00:10+00:00,157347,3084.0,353.0,1670000,0,0,0,1,0,0,0,1542,11.96621519189382,7.340835554123275,2022,0.019599992373543824,0.002243449191913414,0,0,0,0,12.021961033071396,-0.05574584117757553
Uche Nancy tv,tomato jos s3,p_MkN90fNls,TOMATO JOS S3 (Full Movie) Ebube Obio/Queen Nwokoye/Oma/Chika 2022 Latest Nigerian Nollywood Movies,2022-07-16 18:46:54+00:00,185536,1494.0,110.0,2360000,0,0,0,0,0,0,0,1542,12.131009602056386,7.340835554123275,2022,0.008052345636426353,0.0005928768540876164,0,0,0,0,11.928942417642544,0.20206718441384197
Uche Nancy tv,stoking fire,5COllpxq-jg,STOKING FIRE (New Movie) Chinenye Nnebe/Dan David/Chioma/Miracle 2022 Latest Nigeria Nollywood Movie,2022-07-17 14:00:02+00:00,331067,2442.0,216.0,2360000,0,0,0,0,0,0,0,1541,12.710079071326156,7.340186835320115,2022,0.007376150446888394,0.000652435911764084,0,0,0,0,11.928873495093203,0.7812055762329528
NollyFamily tv,sharp shooter,unRZKLjfAfY,SHARP SHOOTER (Full Movie) Ebube Obio/Sonia Uche/Chinenye Trending 2022 Nigerian Nollywood Movie,2022-07-18 17:22:23+00:00,27314,337.0,18.0,1670000,0,0,0,1,0,0,0,1540,10.215191280829819,7.3395376954076745,2022,0.012337995167313466,0.0006590027092333602,0,0,0,0,12.021823143232337,-1.8066318624025186
Uche Nancy tv,stubborn sisters,fj2u9oXcVhM,STUBBORN SISTERS (Full Movie) Chinenye Nnebe/Chioma Chijioke 2022 Latest Nigerian Nollywood Movies,2022-07-19 14:00:20+00:00,125251,1142.0,57.0,2360000,0,0,0,0,0,0,0,1539,11.738082986883496,7.338888133838879,2022,0.009117691675116366,0.00045508618693663127,0,0,0,0,11.928735515715264,-0.19065252883176775
Uche Nancy tv,crazy twins,Bbp3rpDTcxI,CRAZY TWINS (Full Movie) Ebube Obio/Sonia Uche/Chikamso Ejiofor 2022 Latest Nigeria Nollywood Movie,2022-07-19 20:14:57+00:00,31546,316.0,16.0,2360000,0,0,0,1,0,0,0,1539,10.359233776285055,7.338888133838879,2022,0.01001711785963355,0.0005071958409941039,0,0,0,0,12.072933763293188,-1.7136999870081322
Uche Nancy tv,love and hope,QjV4dahJEDI,LOVE AND HOPE (Full Movie) Chinenye Nnebe/Ebube Nwaguru/Slik 2022 Latest Nigerian Nollywood Movies,2022-07-21 17:00:30+00:00,53396,297.0,18.0,2360000,0,0,0,0,0,0,0,1537,10.885509843594862,7.337587743538596,2022,0.005562214398082253,0.00033710390291407597,0,0,0,0,11.928597356910254,-1.0430875133153918
ChinneyLoveEze Tv,maurice sam and uche montana serving it hot in this lastest love story,ErD7cNM7eqo,Maurice Sam and Uche Montana serving it hot in this Lastest Love Story,2022-07-23 15:39:37+00:00,11511733,83501.0,4682.0,829000,0,0,1,0,1,0,0,1535,16.258877420958548,7.336285660021297,2022,0.007253556002384697,0.0004067154788944462,0,0,1,0,14.443755303030148,1.8151221179284
Uche Nancy tv,love at stake,Fc9cgxGBTk4,LOVE AT STAKE (Full Movie) Ray Emodi/Chinenye Nnebe/Sonia Uche 2022 Latest Nigerian Nollywood Movies,2022-07-23 17:15:00+00:00,138605,837.0,53.0,2360000,0,0,0,1,0,0,0,1535,11.839390654844243,7.336285660021297,2022,0.006038743191082573,0.0003823815879658021,0,0,0,0,12.07265726578884,-0.23326661094459666
NollyFamily tv,sabina jollof,E4dqR5IdbQY,SABINA JOLLOF (Full Movie) Ray Emodi/Sonia Uche/Ola Daniels Trending 2022 Nigerian Nollywood Movie,2022-07-24 14:39:49+00:00,168892,1919.0,191.0,1670000,0,0,0,1,0,0,0,1534,12.037020657295239,7.335633981927201,2022,0.011362290694645099,0.0011309002202591005,0,0,0,0,12.021408396683206,0.015612260612032358
Uche Nancy tv,mama g square,Qnt1goj7Ue0,MAMA G SQUARE (Full Movie) Patience Ozokwo/Ebube Obio/Sonia 2022 Latest Nigerian Nollywood Movies,2022-08-02 12:00:21+00:00,2278529,21079.0,1834.0,2360000,0,0,0,0,0,0,0,1525,14.63904105615634,7.329749689041512,2022,0.009251144049516158,0.0008049052700228964,0,0,0,0,11.927764609816796,2.7112764463395447
NollyFamily tv,crazy lovers,gLV45wVvJVo,"CRAZY LOVERS (Full Movie) Ray Emodi, Chinenye Nnebe, Sonia Uc Trending 2022 Nigerian Nollywood Movie",2022-08-02 13:50:52+00:00,609827,7132.0,774.0,1670000,0,0,0,1,0,0,0,1525,13.320932229176151,7.329749689041512,2022,0.011695120091435769,0.0012692124159802698,0,0,0,0,12.020783225245648,1.3001490039305033
RuthKadiri247,married,y1YcW7t5Q6Y,MARRIED | WHAT HAPPENS WHEN THE VOWS MEAN NOTHING? #movie,2022-08-02 18:49:20+00:00,1190594,11148.0,1157.0,4100000,0,0,0,0,0,0,0,1525,13.989963740129364,7.329749689041512,2022,0.009363393398589276,0.0009717838322719583,0,0,0,0,13.649690134241634,0.34027360588772915
NollyFamily tv,romeo 2,jKOGIKHi2qA,ROMEO 2 (New Movie) Ray Emodi/Chinenye Nnebe/Ebube/Darlington Trending 2022 Nigerian Nollywood Movie,2022-08-03 16:00:11+00:00,177208,3621.0,247.0,1670000,0,0,0,0,0,0,0,1524,12.085085105931066,7.329093736246592,2022,0.0204336147352264,0.0013938422644575866,0,0,0,0,11.876515286549395,0.20856981938167074
NollyFamily tv,romeo 1,DMTuFuJx3vc,ROMEO 1 (Recap) Ray Emodi/Chinenye Nnebe/Ebube/Darlington Trending 2022 Nigerian Nollywood Movie,2022-08-07 15:31:06+00:00,16961,306.0,16.0,1670000,0,0,0,0,0,0,0,1520,9.738730826921646,7.326465613840322,2022,0.01804138906904074,0.0009433406049171629,0,0,0,0,11.87623606403367,-2.1375052371120233
Uche Nancy tv,the miscarriage,vnwbp-CRUZA,THE MISCARRIAGE (Full Movie) Chinenye Nnebe/Chioma Chijioke 2022 Latest Nigerian Nollywood Movie,2022-08-08 15:15:03+00:00,81791,702.0,66.0,2360000,0,0,0,0,0,0,0,1519,11.311934718297152,7.325807502595773,2022,0.008582851413969752,0.0008069347483219425,0,0,0,0,11.927345775741863,-0.6154110574447103
Uche Nancy tv,agbo,sxN-5HZ_a6I,AGBO (Full Movie) Toosweet/Ebube Obio/Juliet Njemanze/Joseph 2022 Latest Nigerian Nollywood Movies,2022-08-08 18:25:55+00:00,248000,2191.0,178.0,2360000,0,0,0,0,0,0,0,1519,12.421188057397055,7.325807502595773,2022,0.008834677419354838,0.000717741935483871,0,0,0,0,11.927345775741863,0.4938422816551924
Uche Nancy tv,traditional love,JKW5iTdjrFo,TRADITIONAL LOVE (New Movie) Sambasa Nze/Johnson/Ebube/Juliet 2022 Latest Nigerian Nollywood Movie,2022-08-09 14:00:09+00:00,72616,795.0,98.0,2360000,0,0,0,0,0,0,0,1518,11.19295433318138,7.325148957955575,2022,0.010948000440674231,0.0013495648341963205,0,0,0,0,11.92727580925525,-0.7343214760738697
Uche Nancy tv,my brothers wife,RSpGLo85EvQ,MY BROTHERS WIFE (Full Movie)  Sambasa Nze/Johnson/Ebube/Juliet 2022 Latest Nigerian Nollywood Movie,2022-08-10 12:00:16+00:00,39527,277.0,17.0,2360000,0,0,0,0,0,0,0,1517,10.584764560525587,7.324489979348532,2022,0.00700786803956789,0.0004300857641612063,0,0,0,0,11.927205796662218,-1.3424412361366311
NollyFamily tv,selfless love,QEmdv3B1UXI,"SELFLESS LOVE (Full Movie) Chinenye Nnebe, Chioma Chijioke Trending 2022 Nigerian Nollywood Movie",2022-08-10 15:00:14+00:00,11805,171.0,5.0,1670000,0,0,0,0,0,0,0,1517,9.376363155800634,7.324489979348532,2022,0.014485387547649302,0.00042354934349851756,0,0,0,0,11.876026164513146,-2.4996630087125116
NollyFamily tv,stubborn twins 1,n3jOR4WrRJU,STUBBORN TWINS 1 (New Movie) Kiriku/Ebube Obi/Stephen Odimgbe Trending 2022 Nigerian Nollywood Movie,2022-08-11 19:00:12+00:00,2090531,21934.0,633.0,1670000,0,0,0,0,0,0,0,1516,14.552929137004341,7.323830566202317,2022,0.010492071153214183,0.0003027938834678845,0,0,0,0,11.875956105752888,2.6769730312514532
Uche Nancy tv,hidden attack,BAb51SD8P-A,HIDDEN ATTACK (Full Movie) Sambasa Nze/Ruby Orjiakor Latest 2022 Trending Nigeria Nollywood Movie,2022-08-13 14:00:07+00:00,12690,128.0,10.0,2360000,0,0,0,0,0,0,0,1514,9.448648359810164,7.322510433997394,2022,0.01008668242710796,0.0007880220646178094,0,0,0,0,11.92699548163594,-2.4783471218257755
NollyFamily tv,stubborn twins 2,Fz1y45P_Bys,STUBBORN TWINS 2 (New Movie) Kiriku/Ebube Obi/Stephen Odimgbe Trending 2022 Nigerian Nollywood Movie,2022-08-13 16:00:12+00:00,1205253,13727.0,955.0,1670000,0,0,0,0,0,0,0,1514,14.002200891075885,7.322510433997394,2022,0.011389309962306669,0.0007923647566112675,0,0,0,0,11.875815849486868,2.1263850415890175
Uche Nancy tv,devilish act,Sx_RYnGewAI,DEVILISH ACT (Full Movie)  Sonia Uche/Ray Emodi/Georgina Ibeh 2022 Latest Nigerian Nollywood Movie,2022-08-13 18:00:08+00:00,56932,521.0,45.0,2360000,0,0,0,1,0,0,0,1514,10.94963041685042,7.322510433997394,2022,0.00915126817958266,0.0007904166373919764,0,0,0,0,12.071193729213864,-1.1215633123634436
NollyFamily tv,dotty love,_XFfQxXup_g,"DOTTY LOVE (Full Movie) Ray Emodi, Kenechukwu Ezeh Trending 2022 Nigerian Nollywood Full Movie",2022-08-14 13:43:52+00:00,79842,820.0,58.0,1670000,0,0,0,0,0,0,0,1513,11.287817485429718,7.321849713788356,2022,0.010270283810525789,0.000726434708549385,0,0,0,0,11.875745651858889,-0.5879281664291707
Uche Nancy tv,barbie,6eC_vNBwDYQ,BARBIE (Full Movie) Ebube Obio/Chinenye Nnebe/Chikamso Latest 2022 Trending Nigeria Nollywood Movie,2022-08-16 12:00:03+00:00,48353,624.0,44.0,2360000,0,0,0,0,0,0,0,1511,10.786304227552566,7.32052696227274,2022,0.012905093789423614,0.000909974562074742,0,0,0,0,11.926784749455617,-1.1404805219030507
Uche Nancy tv,rough phase,uCc1KmLWOPo,ROUGH PHASE (Full Movie) Chinenye Nnebe/Ogbu Johnson/Darlington 2022 Latest Nigerian Nollywood Movie,2022-08-17 11:20:24+00:00,47763,431.0,42.0,2360000,0,0,0,0,0,0,0,1510,10.774027496653275,7.31986492980897,2022,0.009023721290538701,0.0008793417498900823,0,0,0,0,11.926714412408307,-1.152686915755032
NollyFamily tv,stubborn twins,7j3F3jF2oas,STUBBORN TWINS (Full Movie) Kiriku/Ebube Obi/Stephen Odimgbe Trending 2022 Nigerian Nollywood Movie,2022-08-17 13:00:08+00:00,1170168,9172.0,386.0,1670000,0,0,0,0,0,0,0,1510,13.972658740787288,7.31986492980897,2022,0.007838190755515447,0.0003298671643729789,0,0,0,0,11.875534780259233,2.097123960528055
Uche Nancy tv,crippled love,yqtjQTNOmIc,CRIPPLED LOVE (Full Movie) Chacha Eke/Chinenye Nnebe/Darlington 2022 Latest Nigeria Nollywood Movie,2022-08-18 17:00:29+00:00,97396,889.0,23.0,2360000,0,0,0,0,0,0,0,1509,11.486550688334916,7.319202458767849,2022,0.00912768491519159,0.00023614932851451806,0,0,0,0,11.926644028764738,-0.4400933404298222
NollyFamily tv,romeo,YijaEAjDXd0,ROMEO (Full Movie) Ray Emodi/Chinenye Nnebe/Ebube/Darlington Trending 2022 Nigerian Nollywood Movie,2022-08-19 20:04:19+00:00,225831,2126.0,69.0,1670000,0,0,0,0,0,0,0,1508,12.327546638991414,7.318539548567902,2022,0.009414119407875801,0.0003055382122029305,0,0,0,0,11.87539396631406,0.4521526726773537
Uche Nancy tv,lover boy,5ArZ2vaHd2k,LOVER BOY (Full Movie) Ray Emodi/Chinenye Nnebe/Darlington/Ebube 2022 Latest Nigeria Nollywood Movie,2022-08-21 15:47:58+00:00,193546,1402.0,91.0,2360000,0,0,0,0,0,0,0,1506,12.173275656014836,7.317212408359839,2022,0.007243756006324078,0.00047017246546040734,0,0,0,0,11.926432597638083,0.24684305837675247
NollyFamily tv,bolingo 1,DUCwQa9JUD4,BOLINGO 1 (New Movie) Kiriku/Sonia Uche/Rhema Isaac/Ijeoma Trending 2022 Nigerian Nollywood Movie,2022-08-21 18:00:12+00:00,595004,9397.0,688.0,1670000,0,0,0,1,0,0,0,1506,13.296325087853804,7.317212408359839,2022,0.01579317113834529,0.0011562947475983354,0,0,0,0,12.019451213066933,1.2768738747868706
Uche Nancy tv,lost hope,rp1-FNVtvUI,LOST HOPE (Full Movie) Jerry Williams/Chinenye Nnebe/Johnson 2022 Latest Nigeria Nollywood Movie,2022-08-22 16:00:20+00:00,82221,830.0,55.0,2360000,0,0,0,0,0,0,0,1505,11.317178185137777,7.316548177182976,2022,0.010094744651609686,0.0006689288624560635,0,0,0,0,11.926362026990466,-0.6091838418526887
NollyFamily tv,uzunma,OsMtPCgtegU,UZUNMA (The Problem Child 3) Ebube Obio/Queen/Chikamso Trending 2022 Nigerian Nollywood Movie,2022-08-22 19:14:23+00:00,39979,501.0,13.0,1670000,0,0,0,0,0,0,0,1505,10.596134608054392,7.316548177182976,2022,0.012531579079016484,0.0003251707146251782,0,0,0,0,11.875182394841392,-1.2790477867870003
RuthKadiri247,the other side of love,QOdlAAapT8Y,The Other Side Of Love,2022-08-24 14:25:47+00:00,1585889,13919.0,1021.0,4100000,0,0,0,0,0,0,0,1503,14.276656321898995,7.315218389752975,2022,0.008776780720466565,0.0006438029395499938,0,0,0,0,13.648146269338525,0.6285100525604701
NollyFamily tv,bolingo 2,l2OLMR5qf4k,BOLINGO 2 (New Movie) Kiriku/Sonia Uche/Rhema Isaac/Ijeoma Trending 2022 Nigerian Nollywood Movie,2022-08-27 15:00:11+00:00,348270,6222.0,542.0,1670000,0,0,0,1,0,0,0,1500,12.760736191331526,7.313220387090301,2022,0.017865449220432424,0.0015562638183018922,0,0,0,0,12.019027084335695,0.741709106995831
NollyFamily tv,bolingo 3,39s4o0A7Kac,BOLINGO 3 (New Movie) Kiriku/Sonia Uche/Rhema Isaac/Ijeoma Trending 2022 Nigerian Nollywood Movie,2022-08-31 17:00:10+00:00,316533,6502.0,728.0,1670000,0,0,0,1,0,0,0,1496,12.665185939757226,7.310550158534422,2022,0.02054130217070574,0.0022999181759879696,0,0,0,0,12.018743388289742,0.6464425514674836
Uche Nancy tv,the house wife 1 2,iaW2qPNkl-s,THE HOUSE WIFE 1&2 (New Movie) Ebube Obio/Yvonne Jegede/Ebony/Sambasa 2022 Latest Nollywood Movies,2022-09-03 11:00:23+00:00,159701,2060.0,171.0,2360000,0,0,0,0,0,0,0,1493,11.981064857606214,7.30854279753919,2022,0.012899105202847821,0.0010707509658674649,0,0,0,0,11.925511502586371,0.0555533550198426
NollyFamily tv,secret blood,f5IbjKttcKw,SECRET BLOOD (Full Movie) Ebube Obio/Sonia Uche/Elijah Emeka Trending 2022 Nigerian Nollywood Movie,2022-09-07 19:14:38+00:00,54787,723.0,54.0,1670000,0,0,0,1,0,0,0,1489,10.911226470854713,7.305860032684009,2022,0.013196561228028546,0.0009856352784419662,0,0,0,0,12.018245090061358,-1.1070186192066451
NollyFamily tv,paint my love 1,RB04MomoiR8,PAINT MY LOVE 1 (New Movie) Patience Ozokwor/Maurice/Benita Trending 2022 Nigerian Nollywood Movie,2022-09-08 18:45:11+00:00,138603,2256.0,117.0,1670000,0,0,0,0,0,0,0,1488,11.839376225350357,7.305188215393037,2022,0.01627670396744659,0.0008441375727798099,0,0,0,0,11.873975465855905,-0.03459924050554797
Uche Nancy tv,the house wife,tF6KzkAFDeI,THE HOUSE WIFE (Full Movie) Ebube Obio/Yvonne Jegede/Ebony/Sambasa 2022 Latest Nigerian Movie,2022-09-08 19:31:34+00:00,707672,5336.0,440.0,2360000,0,0,0,0,0,0,0,1488,13.46973740157686,7.305188215393037,2022,0.0075402163714263105,0.0006217569721565923,0,0,0,0,11.925155098004977,1.5445823035718824
NollyFamily tv,bolingo,XZwZuskCJCk,BOLINGO (Full Movie) Kiriku/Sonia Uche/Rhema Isaac/Ijeoma Trending 2022 Nigerian Nollywood Movie,2022-09-14 15:00:21+00:00,143596,1498.0,78.0,1670000,0,0,0,1,0,0,0,1482,11.87476604401313,7.301147805856032,2022,0.010432045460876347,0.0005431906181230675,0,0,0,0,12.017744443734367,-0.14297839972123683
Uche Nancy tv,okoso 1,QNzsy739pN4,OKOSO 1 (New Movie) Ebube Obio/Ray Emodi/Chikamso Ejiofo/Chizoba/Onyinye 2022 Latest Nollywood Movie,2022-09-15 15:00:14+00:00,344667,5380.0,423.0,2360000,0,0,0,0,0,0,0,1481,12.750336913846873,7.300472814267799,2022,0.015609269236683524,0.001227271540356344,0,0,0,0,11.924654114427613,0.8256827994192601
Uche Nancy tv,okoso 2,43De7RShWjM,OKOSO 2 (New Movie) Ebube Obio/Ray Emodi/Chikamso Ejiofo/Chizoba/Onyinye 2022 Latest Nollywood Movie,2022-09-17 14:00:11+00:00,257209,4412.0,285.0,2360000,0,0,0,0,0,0,0,1479,12.457648150838617,7.2991214627108,2022,0.017153365550972167,0.0011080483186824723,0,0,0,0,11.924510541289438,0.5331376095491791
Uche Nancy tv,okoso 3,FHa9bkPqzWc,OKOSO 3 (New Movie) Ebube Obio/Ray Emodi/Chikamso Ejiofo/Chizoba/Onyinye 2022 Latest Nollywood Movie,2022-09-19 14:00:11+00:00,227248,4396.0,462.0,2360000,0,0,0,0,0,0,0,1477,12.33380161159,7.29776828253138,2022,0.019344504682109413,0.0020330211927057666,0,0,0,0,11.924366773870908,0.4094348377190915
Uche Nancy tv,against love,egzKhjjm0fQ,AGAINST LOVE (New Movie) Patience Ozokwor/Sam Maurice/Benita Onyiuke 2022 Latest Nollywood Movie,2022-09-20 14:00:21+00:00,116070,1083.0,95.0,2360000,0,0,0,0,0,0,0,1476,11.661957351816207,7.297091005160418,2022,0.009330576376324631,0.0008184716119583011,0,0,0,0,11.92429481714206,-0.262337465325853
Uche Nancy tv,second hand,E-miRfFUDvk,SECOND HAND (Full Movie) Ebube Obio/Sonia Uche/Dan David 2022 Latest Trending Nollywood Movie,2022-09-20 17:30:03+00:00,78682,876.0,71.0,2360000,0,0,0,1,0,0,0,1476,11.273182400906755,7.297091005160418,2022,0.011133423146335884,0.000902366487887954,0,0,0,0,12.068493064719986,-0.7953106638132308
Uche Nancy tv,killers web,aTHbcwd8vaE,KILLERS WEB (Full Movie) Toosweet Annan/Chacha Eke/Juliet 2022 Latest Nigerian Nollywood Movie,2022-09-22 16:30:00+00:00,104960,874.0,87.0,2360000,0,0,0,0,0,0,0,1474,11.561344131571554,7.295735072749282,2022,0.008326981707317074,0.0008288871951219512,0,0,0,0,11.924150757315134,-0.36280662574358047
Uche Nancy tv,believe,daC0evjSdEQ,BELIEVE (New Movie) Chinenye Nnebe/Sam Maurice/Sambasa Nze/Juliet/Dera 2022 Latest Nollywood Movie,2022-09-23 14:00:12+00:00,570569,7130.0,898.0,2360000,0,0,0,0,0,0,0,1473,13.254391140143817,7.29505641646263,2022,0.012496297555598009,0.0015738674901720913,0,0,0,0,11.924078654084623,1.330312486059194
Uche Nancy tv,okoso,FXKTxTrZRaY,OKOSO (Full Movie) Ebube Obio/Ray Emodi/Chikamso Ejiofo/Chizoba/Onyinye 2022 Latest Nollywood Movie,2022-09-25 16:15:10+00:00,106613,929.0,45.0,2360000,0,0,0,0,0,0,0,1471,11.57697011417313,7.293697720601438,2022,0.008713759110052245,0.0004220873627043606,0,0,0,0,11.923934300657413,-0.34696418648428207
NollyFamily tv,mother and daughter,Fwj7_-D0Db4,MOTHER AND DAUGHTER (Full Movie) Ebube Obio/Yvonne/Ebony NEW Trending 2022 Nigerian Nollywood Movie,2022-09-26 17:47:04+00:00,258419,1704.0,87.0,1670000,0,0,0,0,0,0,0,1470,12.462341447276211,7.293017679772782,2022,0.006593942395876464,0.0003366625519021434,0,0,0,0,11.872682418178401,0.5896590290978097
ChinneyLoveEze Tv,pretty thief,T26hFeKHtOk,PRETTY THIEF - Maurice sam and shine rosman in new Love movie/Lastest nollywood movie,2022-09-27 14:44:06+00:00,4945824,42845.0,2664.0,829000,0,0,1,0,0,0,0,1469,15.414054344310564,7.292337176173877,2022,0.00866286386252321,0.0005386362312933093,0,0,0,0,13.730868601436384,1.6831857428741799
Uche Nancy tv,the powerful women,6xc_RJL_5yM,THE POWERFUL WOMEN (Full Movie) Destiny Etiko/Sonia Uche/Lizzy Gold/Gina 2022 Latest Nollywood Movie,2022-09-28 11:00:04+00:00,82812,722.0,51.0,2360000,0,0,0,1,0,0,0,1468,11.3243403328803,7.291656209174461,2022,0.008718543206298604,0.0006158527749601507,0,0,0,0,12.067915649678724,-0.7435753167984238
NollyFamily tv,paint my love,no_PUdQEnyI,PAINT MY LOVE (Full Movie) Benita Onyiuke/Sam Maurice/Patience Ozokwor Trending 2022 Nollywood Movie,2022-09-29 14:43:13+00:00,297307,3446.0,575.0,1670000,0,0,0,0,0,0,0,1467,12.602523917470435,7.2909747781429814,2022,0.0115907126303787,0.0019340277894566895,0,0,0,0,11.872465371920931,0.7300585455495039
Uduak Isong TV,selina 2,Fxk-evaehas,"SELINA 2 - Nollywood romantic drama starring Bimbo Ademoye, Daniel Etim, Ehis Perfect",2022-09-29 15:00:07+00:00,5549025,51994.0,5447.0,814000,0,0,0,0,0,0,1,1467,15.529132974825986,7.2909747781429814,2022,0.009369934357837638,0.0009816138871243146,0,0,0,0,13.633578506630725,1.895554468195261
NollyFamily tv,jealous husband,EkEzT4UlHYo,JEALOUS HUSBAND (Full Movie) Sonia Uche/Ray Emodi/Darlington Trending 2022 Nigerian Nollywood Movie,2022-10-01 14:34:38+00:00,319673,3251.0,350.0,1670000,0,0,0,1,0,0,0,1465,12.675057005497422,7.289610521451167,2022,0.010169767230889065,0.0010948688190744918,0,0,0,0,12.01651867526617,0.6585383302312522
RuthKadiri247,blood pressure is this love or friends with benefits,Cs5ULzWuFOE,BLOOD PRESSURE; is this love or friends with benefits,2022-10-02 10:22:39+00:00,1544152,15675.0,1609.0,4100000,0,0,0,0,0,0,0,1464,14.249986097921694,7.288927694521257,2022,0.010151202731337329,0.0010419958656919786,0,0,0,0,13.645353037925378,0.6046330599963152
Uche Nancy tv,the rift,JXdoqcrQodY,THE RIFT (New Movie) Chinenye Nnebe/Maurice Sam/Sambasa Nze/Juliet 2022 Latest Nollywood Movie,2022-10-02 19:21:47+00:00,102978,1139.0,90.0,2360000,0,0,1,0,0,0,0,1464,11.542280362929562,7.288927694521257,2022,0.011060614888616985,0.0008739730816290859,0,0,0,0,12.393730975356783,-0.8514506124272216
Uche Nancy tv,better tomorrow 1,kMgFuXMPRCo,BETTER TOMORROW 1 (New) Sonia Uche/Chinenye Nnebe/Maurice Sam/Faith 2022 Latest Nollywood Movie,2022-10-04 16:30:11+00:00,367056,5533.0,498.0,2360000,0,0,1,1,0,0,0,1462,12.813272428328336,7.2875606403097235,2022,0.015073994158929427,0.0013567412057015824,0,1,0,0,12.53778398148204,0.27548844684629614
Uduak Isong TV,selina 3,Er1yorq4AvU,"SELINA 3 - Bimbo Ademoye, Daniel Etim continue their drama in this Nollywood Romantic Comedy",2022-10-06 15:00:09+00:00,5213287,58735.0,9253.0,814000,0,0,0,0,0,0,1,1460,15.466721308723349,7.286191714702382,2022,0.011266404477635703,0.001774887897021591,0,0,0,0,13.63307033433115,1.8336509743921994
NollyFamily tv,take my heart,EfJSKJkt3mo,TAKE MY HEART - Sonia Uche/Chinenye Nnebe/Rhema Isaac Trending 2022 Nigerian Nollywood Movie,2022-10-07 18:41:55+00:00,22964,382.0,30.0,1670000,0,0,0,1,0,0,0,1459,10.041726596759894,7.285506548522785,2022,0.016634732624978228,0.0013063926145270859,0,0,0,0,12.016082652331011,-1.9743560555711177
Uche Nancy tv,better tomorrow 3,P4kLJPzcqwA,BETTER TOMORROW 3 (New) Sonia Uche/Chinenye Nnebe/Maurice Sam/Faith 2022 Latest Nollywood Movie,2022-10-09 15:15:11+00:00,395598,6526.0,705.0,2360000,0,0,1,1,0,0,0,1457,12.888156350921635,7.284134806195205,2022,0.016496544471913406,0.0017821121441463303,0,1,0,0,12.53742000679896,0.35073634412267474
NollyFamily tv,the caregivers,AwTDzE_mzXs,THE CAREGIVERS (Full Movie) Ebube Obio/Rebecca/Kenechukwu Eze Trending 2022 Nigerian Nollywood Movie,2022-10-12 13:43:49+00:00,119764,1094.0,55.0,1670000,0,0,0,0,0,0,0,1454,11.693286768388997,7.282073658093465,2022,0.00913463144183561,0.0004592364984469457,0,0,0,0,11.87151968037815,-0.17823291198915214
RuthKadiri247,love is not enough,HtW_2bhfVvU,LOVE IS NOT ENOUGH,2022-10-13 14:14:35+00:00,1647962,19274.0,2604.0,4100000,0,0,0,0,0,0,0,1453,14.315050537743206,7.2813856635702825,2022,0.011695658030949742,0.0015801335224962711,0,0,0,0,13.644551741588955,0.6704987961542503
Uche Nancy tv,better tomorrow,HSN-17pt3MU,BETTER TOMORROW (Full Movie) Sonia Uche/Chinenye Nnebe/Maurice Sam/Faith 2022 Latest Nollywood Movie,2022-10-13 19:11:25+00:00,777334,4902.0,368.0,2360000,0,0,1,1,0,0,0,1453,13.563626681864445,7.2813856635702825,2022,0.006306169548739667,0.00047341297305919977,0,1,0,0,12.537127926598286,1.026498755266159
NollyFamily tv,carry me dey go,P4Ozansak68,CARRY ME DEY GO (Full Movie) Ebube Obio & Ray Emodi Trending 2022 Nigerian Nollywood Movie,2022-10-14 11:37:30+00:00,614823,4266.0,276.0,1670000,0,0,0,0,0,0,0,1452,13.329091326969882,7.280697195384741,2022,0.00693858232369316,0.0004489096862023704,0,0,0,0,11.871373439328107,1.4577178876417758
ChinneyLoveEze Tv,kafaya faya,tFEfCqKu58o,KAFAYA FAYA - Mercy Johnson and Ebube Nwagbo Battle it out in this hilarious comedy,2022-10-18 16:00:25+00:00,1499229,18077.0,1073.0,829000,0,0,0,0,0,0,0,1448,14.220462200938442,7.277938572945661,2022,0.012057530904218102,0.0007157012037520619,0,0,0,0,13.259035372851342,0.9614268280871006
Uche Nancy tv,fake it,Ki80EI3bvQA,FAKE IT (Full Movie) Sonia Uche/Chacha Eke/Georgina/Humphrey 2022 Latest Nigerian Nollywood Movie,2022-10-18 17:03:20+00:00,315014,1957.0,127.0,2360000,0,0,0,1,0,0,0,1448,12.660375535721638,7.277938572945661,2022,0.006212422305040411,0.0004031566850997099,0,0,0,0,12.066458231680048,0.5939173040415895
Uduak Isong TV,koko diary of an innocent housemaid,q-sXa3iEgpo,KOKO- Diary of an innocent Nigerian housemaid. New Nollywood drama starring Yemi Blaq.,2022-10-20 15:00:36+00:00,643110,5391.0,631.0,814000,0,0,0,0,0,0,0,1446,13.374072616626027,7.27655640271871,2022,0.008382702803563931,0.0009811696288348805,0,0,0,0,12.707506719839605,0.6665658967864214
Uche Nancy tv,local maid,_kyBwzciiNQ,"LOCAL MAID (2022 Full Movie) Ebube Obio, Toosweet Annan 2022 Latest Nigerian Nollywood Full Movie",2022-10-20 15:32:41+00:00,333548,2693.0,215.0,2360000,0,0,0,0,0,0,0,1446,12.7175450600819,7.27655640271871,2022,0.008073800472495713,0.0006445848873325578,0,0,0,0,11.92211313666191,0.79543192341999
RuthKadiri247,breakfast ruth kadiri eddie watson scarlet gomez,Ftu7QyWAe8c,"BREAKFAST RUTH KADIRI, EDDIE WATSON, SCARLET GOMEZ,",2022-10-20 16:15:14+00:00,3478410,33847.0,4115.0,4100000,0,0,0,0,0,0,0,1446,15.062086138277532,7.27655640271871,2022,0.009730595300726482,0.0011830117783700024,0,0,0,0,13.644038661086748,1.4180474771907843
Uche Nancy tv,secret agent,zq8g1S_Mouk,"SECRET AGENT (2022 Full Movie) Ebube Obio, Toosweet Annan 2022 Latest Nigerian Nollywood Full Movie",2022-10-22 19:37:30+00:00,58726,637.0,47.0,2360000,0,0,0,0,0,0,0,1444,10.980654865992737,7.275172319452771,2022,0.010846984299969348,0.000800326942069952,0,0,0,0,11.921966085972578,-0.9413112199798412
NollyFamily tv,bad habbit 1,Z8K54DPi254,BAD HABBIT 1 (New Movie) Stephen Odimgbe/ Queen Nwokoye 2022 Nigerian Nollywood Family Comedy Movie,2022-10-23 16:01:18+00:00,266779,3601.0,455.0,1670000,0,0,0,0,0,0,0,1443,12.494179627695035,7.274479558773871,2022,0.013498063940565037,0.0017055315448367375,0,0,0,0,11.870712852084448,0.623466775610586
Uche Nancy tv,up to me,8XVvTD60_Gc,UP TO ME (Full Movie) Sonia Uche/Kachi Nnochiri/Walter/Nuela 2022 Latest Nigerian Nollywood Movie,2022-10-24 17:40:12+00:00,72624,767.0,50.0,2360000,0,0,0,1,0,0,0,1442,11.193064494154212,7.273786317844895,2022,0.010561246970698391,0.0006884776382463098,0,0,0,0,12.066017079048647,-0.8729525848944348
NollyFamily tv,bad habbit 2,jCgYM13jtXA,BAD HABBIT 2 (New Movie) Stephen Odimgbe/Queen Nwokoye 2022 Nigerian Nollywood Family Comedy Movie,2022-10-25 17:00:10+00:00,250706,3869.0,876.0,1670000,0,0,0,0,0,0,0,1441,12.432040205575484,7.273092595999522,2022,0.015432418849169944,0.0034941325696233837,0,0,0,0,11.87056549546432,0.561474710111165
Uche Nancy tv,false hearted,9fmTX7eNp-g,"FALSE HEARTED - Ray Emodi, Chinenye Nnebe 2022 Latest Nigerian Nollywood Full Movie",2022-10-26 19:17:43+00:00,564343,3772.0,229.0,2360000,0,0,0,0,0,0,0,1440,13.243419273627069,7.272398392570047,2022,0.006683878421456455,0.00040578159027400006,0,0,0,0,11.92167137259059,1.3217479010364794
NollyFamily tv,man for hire,HW2A98153Oo,"MAN FOR HIRE - Ray Emodi, Chinenye Nnebe 2022 Trending Nigerian Nollywood Full Movie",2022-10-27 11:59:56+00:00,1417571,10812.0,568.0,1670000,0,0,0,0,0,0,0,1439,14.164456106944884,7.271703706887368,2022,0.007627131198366784,0.0004006853977684363,0,0,0,0,11.870417934182152,2.2940381727627326
ChinneyLoveEze Tv,perfect assistant watch maurice sam and shine rosman in another fine romcom,MyVG-UcdLU8,PERFECT ASSISTANT- Watch Maurice Sam and Shine rosman in another fine romcom,2022-10-28 15:56:15+00:00,6499626,50033.0,3405.0,829000,0,0,1,0,0,0,0,1438,15.687255348603921,7.271008538280992,2022,0.0076978275365382565,0.000523876296882313,0,0,0,0,13.728602559369525,1.958652789234396
Uche Nancy tv,risky love,9B4WvUz02G8,"RISKY LOVE - Ray Emodi, Chinenye Nnebe, Sonia Uche 2022 Latest Nigerian Nollywood Full Movie",2022-10-30 16:57:57+00:00,172511,1311.0,70.0,2360000,0,0,0,1,0,0,0,1436,12.058222078251395,7.269616749608169,2022,0.007599515393221302,0.0004057712261826782,0,0,0,0,12.065574086998591,-0.007352008747195882
RuthKadiri247,trapped in the rain,ka39mSz1BLU,TRAPPED  IN THE RAIN,2022-11-03 14:23:29+00:00,2784862,29487.0,3458.0,4100000,0,0,0,0,0,0,0,1432,14.839709238033011,7.266827347520591,2022,0.01058831640490624,0.0012417132339053066,0,0,0,0,13.64300500631421,1.196704231718801
Uche Nancy tv,the hook up 1,K53htZZsCZ4,THE HOOK UP 1 (New) Sonia Uche/Chief Imo/Joseph/Darlington 2022 Latest Nigerian Nollywood Movie,2022-11-04 15:00:08+00:00,105275,1645.0,181.0,2360000,0,0,0,1,0,0,0,1431,11.564340751916385,7.266128779556451,2022,0.0156257421040133,0.001719306578009974,0,0,0,0,12.065203510738408,-0.5008627588220236
ChinneyLoveEze Tv,best friends forever,p7cnVRqug8c,Best Friends Forever - Daniel effiong / Shine rosman /Racheal Anthony,2022-11-05 16:01:31+00:00,1911901,15553.0,1297.0,829000,0,0,0,0,0,0,0,1430,14.463609116049764,7.265429723253953,2022,0.008134835433424638,0.000678382405783563,0,0,0,0,13.257706381297742,1.205902734752021
Uche Nancy tv,the hook up 2,mz01_dQSqvA,THE HOOK UP 2 (New) Sonia Uche/Chief Imo/Joseph/Darlington 2022 Latest Nigerian Nollywood Movie,2022-11-06 14:00:09+00:00,64516,1054.0,102.0,2360000,0,0,0,1,0,0,0,1429,11.07468403394795,7.264730177929867,2022,0.016337032674065347,0.001581003162006324,0,0,0,0,12.065054917558829,-0.9903708836108791
NollyFamily tv,omotola,H-UTdYVX4YA,OMOTOLA - Chinenye Nnebe/Flashboy/Kachi/Justice/Ego 2022 Trending Nigerian Nollywood Movie,2022-11-06 15:55:39+00:00,68600,718.0,63.0,1670000,0,0,0,0,0,0,0,1429,11.136062390867204,7.264730177929867,2022,0.010466472303206997,0.0009183673469387755,0,0,0,0,11.869677037831831,-0.733614646964627
Uche Nancy tv,way to my heart,Fsg3A4gOecs,"WAY TO MY HEART - Chinenye Nnebe, Jerry Williams 2022 Latest Romantic Nigerian Nollywood Movie",2022-11-06 18:28:58+00:00,202893,2039.0,151.0,2360000,0,0,0,0,0,0,0,1429,12.22043895415932,7.264730177929867,2022,0.0100496320720774,0.0007442346458478114,0,0,0,0,11.920856669980905,0.29958228417841504
Uche Nancy tv,the spinster,RilQw6KIMN4,"THE SPINSTER - Sonia Uche, Ebele Okaro, Ebube Nwaguru 2022 Latest Romantic Nigerian Nollywood Movie",2022-11-08 14:31:43+00:00,37854,548.0,56.0,2360000,0,0,0,1,0,0,0,1427,10.541518350537407,7.2633296174768365,2022,0.014476673535161409,0.0014793680984836477,0,0,0,0,12.064906116265483,-1.523387765728076
Uche Nancy tv,the hook up 3,naZuoYDYp0c,THE HOOK UP 3 (New) Sonia Uche/Chief Imo/Joseph/Darlington 2022 Latest Nigerian Nollywood Movie,2022-11-09 16:15:07+00:00,66148,1136.0,144.0,2360000,0,0,0,1,0,0,0,1426,11.099665052270861,7.262628600974241,2022,0.01717361069117736,0.002176936566487271,0,0,0,0,12.064831637393818,-0.9651665851229563
NollyFamily tv,watch sonia uche ebube nwaguru chibuikem darlington in blind date,-z4z08TBQyo,"Watch Sonia Uche, Ebube Nwaguru, Chibuikem Darlington in Blind Date 2022 Trending Nollywood Movie",2022-11-09 17:14:39+00:00,29673,354.0,15.0,1670000,0,0,0,1,0,0,0,1426,10.298026520510739,7.262628600974241,2022,0.011930037407744414,0.0005055100596501871,0,0,0,0,12.013652005244746,-1.715625484734007
RuthKadiri247,lets switch wives,wr0QR8rznAA,LETS SWITCH WIVES,2022-11-10 15:53:24+00:00,2580592,31871.0,4060.0,4100000,0,0,0,0,0,0,0,1425,14.763529775448735,7.261927092702751,2022,0.012350266915498459,0.001573282409617638,0,0,0,0,13.642484383121518,1.1210453923272166
NollyFamily tv,house husband,xe2NdH57qNw,HOUSE HUSBAND - Ebube Obio/Sonia Uche/Flashboy 2022 Trending Nigerian Nollywood Full Movie,2022-11-10 16:35:36+00:00,84068,808.0,51.0,1670000,0,0,0,1,0,0,0,1425,11.339393169209067,7.261927092702751,2022,0.009611267069515154,0.0006066517581005853,0,0,0,0,12.013577474125531,-0.674184304916464
Uche Nancy tv,not man enough,dK8j-R4xhG4,"NOT MAN ENOUGH - Chinenye Nnebe, Georgina Ibeh, Didi Ezenwa 2022 Latest Nigerian Nollywood Movie",2022-11-11 16:10:14+00:00,159939,763.0,77.0,2360000,0,0,0,0,0,0,0,1424,11.98255402388588,7.261225091971921,2022,0.004770568779347126,0.0004814335465396182,0,0,0,0,11.920484275256564,0.062069748629316024
Uche Nancy tv,lovinger,OoYInlHYLFg,"LOVINGER - Ray Emodi, Chinenye Nnebe, Sonia Uche, Victoria 2022 Latest Nigerian Nollywood Movie",2022-11-14 11:00:12+00:00,230382,1918.0,68.0,2360000,0,0,0,1,0,0,0,1421,12.347498420359425,7.259116128097101,2022,0.00832530319208966,0.0002951619484161089,0,0,0,0,12.06445845785285,0.2830399625065745
Uche Nancy tv,entangled,9yrbdK2Ix5g,"ENTANGLED - Ebube Obio, Ebube Nwaguru, Sambasa Nzeribe 2022 Latest Nigerian Nollywood Movie",2022-11-14 15:20:04+00:00,27208,370.0,49.0,2360000,0,0,0,0,0,0,0,1421,10.211303079907536,7.259116128097101,2022,0.013598941487797707,0.001800940899735372,0,0,0,0,11.920260210274927,-1.7089571303673914
NollyFamily tv,our father,R9aGn4A8ECA,"OUR FATHER - Ray Emodi, Ebube Obio/Chikamso Ejiofor 2022 Trending Nigerian Nollywood Full Movie",2022-11-14 18:00:23+00:00,24439,309.0,10.0,1670000,0,0,0,0,0,0,0,1421,10.103976413285531,7.259116128097101,2022,0.012643725193338517,0.00040918204509186136,0,0,0,0,11.869080578125855,-1.7651041648403236
ChinneyLoveEze Tv,14 days,xnHRybwr6Eo,14 DAYS - When a single mother refuses to believe in Love /Uche Jombo/ Uzo arukwe/ Anita Joseph,2022-11-15 15:59:23+00:00,881180,7740.0,549.0,829000,0,0,0,0,0,0,0,1420,13.689018332170837,7.258412150595307,2022,0.008783676433872761,0.0006230282121700447,0,0,0,0,13.256960805563764,0.432057526607073
NollyFamily tv,crush,-0gqKXy0vCU,CRUSH - Ebube Obio/Ray Emodi/Benita Onyiuke 2022 Trending Nigerian Nollywood Full Movie,2022-11-16 16:53:57+00:00,80966,758.0,40.0,1670000,0,0,0,0,0,0,0,1419,11.301796943234223,7.257707677160043,2022,0.009361954400612603,0.0004940345330138576,0,0,0,0,11.868930938515089,-0.5671339952808658
Uche Nancy tv,the hook up,xtS3KFuDokk,"THE HOOK UP - Sonia Uche, Joseph Daniels, Darlington, Humphrey 2022 Latest Nigerian Nollywood Movie",2022-11-16 17:23:04+00:00,26332,338.0,24.0,2360000,0,0,0,1,0,0,0,1419,10.178578184473086,7.257707677160043,2022,0.012836092966732493,0.0009114385538508279,0,0,0,0,12.064308818242084,-1.8857306337689987
RuthKadiri247,the manager,95RiRADOJd8,THE MANAGER,2022-11-17 16:02:56+00:00,3349542,41190.0,6480.0,4100000,0,0,0,0,0,0,0,1418,15.024334476585032,7.257002707092073,2022,0.012297203617688627,0.0019345928488133603,0,0,0,0,13.641961196174313,1.3823732804107198
Uche Nancy tv,watch chinenye nnebe kachi nnochiri flashboy justice slik in omotola,jVDuV6Bi6A4,"Watch Chinenye Nnebe, Kachi Nnochiri, Flashboy, Justice Slik in Omotola 2022 Latest Nollywood Movie",2022-11-17 17:25:15+00:00,23094,300.0,23.0,2360000,0,0,0,0,0,0,0,1418,10.047371422864705,7.257002707092073,2022,0.012990387113535984,0.0009959296787044253,0,0,0,0,11.920035671749474,-1.8726642488847691
Uche Nancy tv,tiktokk mama,aF6XZ9_uIDI,"TIKTOKK MAMA (Full Movie) Ebube Obio, Flashboy, Chinyere Wilfred 2022 Latest Nollywood Movie",2022-11-18 16:00:00+00:00,1289993,10377.0,888.0,2360000,0,0,0,0,0,0,0,1417,14.070148125164247,7.256297239690681,2022,0.008044229697370451,0.000688375828395968,0,0,0,0,11.919960719996045,2.150187405168202
NollyFamily tv,bad habit,9g4HW1MDYeI,BAD HABIT - Flashboy/Queen Nwokoye/Ijeoma Nnanna 2022 Trending Nigerian Nollywood Full Movie,2022-11-18 17:00:09+00:00,112804,1167.0,174.0,1670000,0,0,0,0,0,0,0,1417,11.633415943304852,7.256297239690681,2022,0.010345377823481437,0.0015424984929612426,0,0,0,0,11.868781087846973,-0.23536514454212032
Uche Nancy tv,the sleep walker,LNHwNF8Gudo,"THE SLEEP WALKER (Full Movie) Ebube Obio, Eddie Watson, Ruby Orjiakor 2022 Latest Nollywood Movie",2022-11-19 18:18:50+00:00,130872,1146.0,80.0,2360000,0,0,0,0,0,0,0,1416,11.781982666298669,7.255591274253665,2022,0.00875664771685311,0.0006112843083318051,0,0,0,0,11.919885715329265,-0.13790304903059614
ChinneyLoveEze Tv,victoria s secret,U64A2f4O6KE,VICTORIA'S SECRET - Uche Montana lastest most interesting movie,2022-11-22 16:08:56+00:00,2302549,21716.0,1339.0,829000,0,0,0,0,1,0,0,1413,14.649527762402421,7.253470382684528,2022,0.009431286804319908,0.0005815294267353268,0,0,0,0,13.964653206063394,0.684874556339027
NollyFamily tv,heart gone,KYeVH-tEC7c,HEART GONE - Sonia Uche/Kachi Nnochiri/Emmanuella Iloba 2022 Trending Nigerian Nollywood Full Movie,2022-11-22 18:51:07+00:00,42314,475.0,41.0,1670000,0,0,0,1,0,0,0,1413,10.652896912104206,7.253470382684528,2022,0.011225599092498937,0.0009689464479841187,0,0,0,0,12.012678998529259,-1.359782086425053
Uche Nancy tv,love and friendship,SkzEjfwPEss,"LOVE AND FRIENDSHIP - Sonia Uche, Chinenye Nnebe, Justice Slik 2022 Latest Nigerian Nollywood Movie",2022-11-22 20:00:52+00:00,39019,606.0,49.0,2360000,0,0,0,1,0,0,0,1413,10.571829614177101,7.253470382684528,2022,0.015530895204900176,0.0012557984571618954,0,0,0,0,12.06385863067833,-1.4920290165012293
Uche Nancy tv,last chance,TRGQvvBAFlQ,"LAST CHANCE - Ebube Obio, Chinenye Nnebe, Darlington, Juliet 2022 Latest Nigerian Nollywood Movie",2022-11-24 18:22:03+00:00,219472,2212.0,75.0,2360000,0,0,0,0,0,0,0,1411,12.298984497097688,7.252053951852814,2022,0.010078734417146606,0.0003417292410877014,0,0,0,0,11.919509895672865,0.3794746014248229
Uche Nancy tv,alter ego,voNgwH89dbQ,"ALTER EGO - Chinenye Nnebe, Queen Nwokoma, Chibuikem Darlington 2022 Latest Nigerian Nollywood Movie",2022-11-28 21:00:27+00:00,41029,523.0,39.0,2360000,0,0,0,0,0,0,0,1407,10.622058785436232,7.249215057114389,2022,0.012747081332715885,0.0009505471739501329,0,0,0,0,11.919208279839122,-1.2971494944028894
NollyFamily tv,domestic staffs,OuwvF4HOlXc,"DOMESTIC STAFFS - Ebube Obio, Amaechi Aniekwe, Chris Iyke 2022 Trending Nigerian Nollywood Movie",2022-11-29 15:38:13+00:00,40127,352.0,24.0,1670000,0,0,0,0,0,0,0,1406,10.599829623992592,7.2485040723706105,2022,0.008772148428738755,0.0005981010292321878,0,0,0,0,11.867953109751511,-1.2681234857589185
ChinneyLoveEze Tv,her desire,qyTnN48ezb0,HER DESIRE - When desires turn to lust!/ Uche Montana/Maurice Sam,2022-12-01 16:11:44+00:00,6674607,52684.0,3348.0,829000,0,0,1,0,1,0,0,1404,15.713821033934353,7.247080584585756,2022,0.007893198805562635,0.0005016025662634519,0,0,1,0,14.434277789532596,1.2795432444017578
NollyFamily tv,strong feelings,gBL89dmXqLw,STRONG FEELINGS - Maurice Sam/Benita Onyiuke/Stephen Odimgbe 2022 Trending Nigerian Nollywood Movie,2022-12-02 14:00:31+00:00,2095600,16801.0,1515.0,1670000,0,0,1,0,0,0,0,1403,14.555350943706392,7.246368080102461,2022,0.008017274288986447,0.000722943309791945,0,0,0,0,12.338029635018628,2.2173213086877634
Uchenna Mbunabo Tv,between two hearts,FPYAjl05dW0,"BETWEEN TWO HEARTS - RAY EMODI, LUCHY DONALDS, DERA OSADEBE 2022 EXCLUSIVE NOLLYWOOD MOVIE",2022-12-03 17:00:14+00:00,5845498,53843.0,3518.0,3910000,0,0,0,0,0,0,0,1402,15.581182521357231,7.2456550675945355,2022,0.009211020173131529,0.000601830673793747,0,0,0,0,13.599298837729425,1.9818836836278066
NollyFamily tv,dumebi,mWbSZNbnEAs,DUMEBI (Full Movie) Ebube Obio/Rebecca/Juliet Njemanze/Emma 2022 Trending Nigerian Nollywood Movie,2022-12-03 19:44:48+00:00,706459,5233.0,524.0,1670000,0,0,0,0,0,0,0,1402,13.468021862377228,7.2456550675945355,2022,0.007407365466361105,0.0007417274038550007,0,0,0,0,11.867650419785855,1.6003714425913724
Uche Nancy tv,dead walker,R1XnUMZ1tms,"DEAD WALKER - Ebube Obio, Juliet Njemanze, Rebecca, Rhema Isaac 2022 Latest Nigerian Nollywood Movie",2022-12-04 17:37:07+00:00,16740,276.0,25.0,2360000,0,0,0,0,0,0,0,1401,9.725616079415785,7.244941546337007,2022,0.016487455197132617,0.0014934289127837516,0,0,0,0,11.91875424450675,-2.193138165090966
NollyFamily tv,hunt down,rBxna1b3oM4,"HUNT DOWN - Ebube Obio, Ruby Orjiakor 2022 Trending Nigerian Nollywood Movie",2022-12-04 18:16:15+00:00,26815,281.0,20.0,1670000,0,0,0,0,0,0,0,1401,10.196754003281809,7.244941546337007,2022,0.010479209397725155,0.0007458512026850643,0,0,0,0,11.867574612357679,-1.6708206090758697
NollyFamily tv,desire,o0KVXVLOgdA,DESIRE - Ray Emodi and Sonia Uche 2022 Trending Nigerian Nollywood Romantic Movie,2022-12-06 14:00:18+00:00,290880,2891.0,286.0,1670000,0,0,0,1,0,0,0,1399,12.580669527809127,7.243512974665482,2022,0.009938806380638064,0.0009832233223322333,0,0,0,0,12.011621082615388,0.5690484451937383
Uche Nancy tv,forever and again,ioTv5VIytIw,"FOREVER AND AGAIN - Toosweet Annan, Ruby Orjiakor, Darlington Chibuikem, Faith Duke NEW 2022 Movie",2022-12-07 14:00:30+00:00,414562,4575.0,457.0,2360000,0,0,0,0,0,0,0,1398,12.934980232357942,7.242797922793756,2022,0.01103574374882406,0.0011023682826694198,0,0,0,0,11.918526497139624,1.0164537352183185
Uchenna Mbunabo Tv,knocked into silence,Moh-TxFP5E0,"KNOCKED INTO SILENCE - PAMELA OKOYE, CHIKE DANIEL, KHING BASSEY 2022 EXCLUSIVE NOLLYWOOD MOVIE",2022-12-07 17:00:11+00:00,809925,7873.0,1315.0,3910000,0,0,0,0,0,0,0,1398,13.604698164450532,7.242797922793756,2022,0.009720653146896317,0.0016236071241164305,0,0,0,0,13.598995282934121,0.005702881516411296
Uduak Isong TV,a christmas getaway,6d6NDdfrM0Q,"A CHRISTMAS GETAWAY -  A romantic comedy starring Daniel Effiong, Shine Rosman",2022-12-08 15:00:17+00:00,2347081,24089.0,1438.0,814000,0,0,0,0,0,0,0,1397,14.668683412441839,7.242082359256962,2022,0.010263386734416069,0.0006126759153177926,0,0,0,0,12.703844055909007,1.9648393565328313
NollyFamily tv,perfect boyfriend,dqflUmINpqw,PERFECT BOYFRIEND - Maurice Sam and Benita Onyiuke 2022 Trending Nigerian Nollywood Romantic Movie,2022-12-08 15:00:31+00:00,569769,5249.0,486.0,1670000,0,0,1,0,0,0,0,1397,13.252988049607232,7.242082359256962,2022,0.009212505418862732,0.0008529772592050463,0,0,0,0,12.337574302438483,0.9154137471687491
Uche Nancy tv,spiritual directors,j6W5r2Qz4I0,SPIRITUAL DIRECTORS - Ebube Obio and Sonia Uche 2022 Latest Nigerian Nollywood Comedy Movie,2022-12-09 16:00:21+00:00,389725,4197.0,377.0,2360000,0,0,0,1,0,0,0,1396,12.873199207089451,7.241366283322318,2022,0.010769132080313042,0.0009673487715696966,0,0,0,0,12.062572641461674,0.8106265656277767
RuthKadiri247,father of the year watch eddie watson ruth kadiri atewe raphael sapphire ekeng,3QahSbQDRVI,FATHER OF THE YEAR    WATCH  EDDIE WATSON  RUTH KADIRI  ATEWE RAPHAEL  SAPPHIRE EKENG,2022-12-11 15:06:21+00:00,2386928,27709.0,3873.0,4100000,0,0,0,0,0,0,0,1394,14.685518160429494,7.2399325913204695,2022,0.011608645086906686,0.0016225876943083328,0,0,0,0,13.640147596983457,1.0453705634460366
NollyFamily tv,my sugar daddy,pCGBXLV7mzI,"MY SUGAR DADDY - Ebube Obio, Toosweet Annan, Georgina Ibeh 2022 Trending Nigerian Nollywood Movie",2022-12-11 17:10:36+00:00,46811,639.0,30.0,1670000,0,0,0,0,0,0,0,1394,10.753894859294657,7.2399325913204695,2022,0.013650637670632971,0.0006408750080109376,0,0,0,0,11.867042440409547,-1.1131475811148892
Uche Nancy tv,boyz in the hood,Nmx3gL6VYRg,"BOYZ IN THE HOOD - Sonia Uche, Chinenye Nnebe New 2022 Nollywood Movie",2022-12-14 16:00:09+00:00,291690,3438.0,474.0,2360000,0,0,0,1,0,0,0,1391,12.5834503017631,7.237778191923443,2022,0.011786485652576366,0.001625012856114368,0,0,0,0,12.062191427898464,0.5212588738646371
Uche Nancy tv,two halves,_3TxCPCKIA4,"TWO HALVES - Toosweet Annan, Georgina Ibeh, Didi Ezenwa #latestmovies",2022-12-16 20:07:18+00:00,20439,274.0,15.0,2360000,0,0,0,0,0,0,0,1389,9.92524904431764,7.236339342754344,2022,0.013405743920935466,0.0007338910905621606,0,0,0,0,11.917840311076784,-1.9925912667591437
Uchenna Mbunabo Tv,the care giver,4S91RWQKXUc,"THE CARE GIVER - SONIA UCHE, BLOSSOM CHUKWUJEKWU, STAN NZE 2022 EXCLUSIVE NOLLYWOOD MOVIE",2022-12-19 18:00:01+00:00,3224700,31323.0,3427.0,3910000,0,0,0,1,0,0,0,1386,14.986350790735584,7.234177179749849,2022,0.009713461717369058,0.0010627345179396533,0,0,0,0,13.74227762737359,1.2440731633619944
Uduak Isong TV,lagos couples drama featuring elma mbadiwe,YZ6ydL8VyZM,Lagos Couples Part 1- Nollywood Drama featuring Elma Mbadiwe (Netflix Far From Home Star),2022-12-20 15:00:24+00:00,91236,965.0,47.0,814000,0,0,0,0,0,0,0,1385,11.421215795542103,7.233455418621439,2022,0.010576965233022052,0.0005151475294839756,0,0,0,0,12.702927494312972,-1.2817116987708683
Uche Nancy tv,friend request,RnWahbH3OrU,"FRIEND REQUEST - Chinenye Nnebe, Sonia Uche, Chibuikem Darlington 2022 Nigerian Nollywood Movie",2022-12-26 18:00:15+00:00,684195,5140.0,581.0,2360000,0,0,0,1,0,0,0,1379,13.435999705264763,7.229113877793302,2022,0.007512478167773807,0.0008491731158514751,0,0,0,0,12.061270895588901,1.3747288096758616
Uche Nancy tv,village maid,F0NGlXYkw-Y,"VILLAGE MAID - Ebube Obio, Phyl Daniel, Ijeoma Nnanna 2022 Nigerian Nollywood Movie",2022-12-28 14:04:58+00:00,793102,5735.0,371.0,2360000,0,0,0,0,0,0,0,1377,13.5837083786894,7.227662498728654,2022,0.007231100161139425,0.00046778346290893226,0,0,0,0,11.916918447539668,1.6667899311497312
NollyFamily tv,strong bond,Q-0lgJIsDxA,"STRONG BOND - Ebube Obio, Kiriku NEW 2023 Trending Nigerian Nollywood Movie",2023-01-03 16:00:09+00:00,1423784,8565.0,494.0,1670000,0,0,0,0,0,0,0,1371,14.168829376408889,7.223295679562314,2023,0.006015659678715311,0.000346962741539447,0,0,0,0,13.216677964718833,0.9521514116900551
RuthKadiri247,first time,ALRFyZ2xPEs,"FIRST TIME - EDDIE WATSON, SUNSHINE ROSMAN, OBY TITUS",2023-01-05 15:00:05+00:00,2923403,32196.0,2708.0,4100000,0,0,0,0,0,0,0,1369,14.888259248706216,7.221835825288449,2023,0.011013192502025893,0.0009263177194522959,0,0,0,0,14.989628020380408,-0.101368771674192
NollyFamily tv,babyhood,8NL6SX0mVZA,"BABYHOOD - Ebube Obio, Kiriku NEW 2023 Trending Nigerian Nollywood Movie",2023-01-06 19:19:31+00:00,186803,1620.0,45.0,1670000,0,0,0,0,0,0,0,1368,12.13781521782385,7.221105098182496,2023,0.00867223759789725,0.00024089548883047916,0,0,0,0,13.216445228358335,-1.0786300105344857
Uchenna Mbunabo Tv,love me again,ehLf85GTPxw,"LOVE ME AGAIN - CHRIS OKAGBUE, MIWA OLORUNFEMI, VICTORIA EGBUCHERE 2023 EXCLUSIVE NOLLYWOD MOVIE",2023-01-09 17:30:09+00:00,1643394,14765.0,1633.0,3910000,0,0,0,0,0,0,0,1365,14.312274782001674,7.21890970761906,2023,0.008984455340593916,0.0009936752841984333,0,0,0,0,14.947860398993994,-0.6355856169923193
RuthKadiri247,money magnet,0OqePUZS1Ws,MONEY MAGNET | WHEN LOVE MEETS GREED AND SUPERSTITION #nollywood,2023-01-12 14:54:48+00:00,782751,9642.0,1265.0,4100000,0,0,0,0,0,0,0,1362,13.570571194279607,7.216709486709457,2023,0.012318093493333128,0.0016160950289427927,0,0,0,0,14.989083377120613,-1.418512182841006
NollyFamily tv,young ballers,xCeTatFp6oo,"YOUNG BALLERS - Ebube Obio, Kiriku, Stephen Odimgbe 2023 Trending Nigerian Nollywood Movie",2023-01-15 19:48:05+00:00,243929,2088.0,115.0,1670000,0,0,0,0,0,0,0,1359,12.404636577869994,7.214504414151143,2023,0.00855986783039327,0.00047144865924100864,0,0,0,0,13.2157439445839,-0.811107366713907
RuthKadiri247,a passionate love affair maurice sam scarlet gomez onyeka mercy,GBB8ZyXNry8,"A PASSIONATE LOVE AFFAIR-MAURICE SAM, SCARLET GOMEZ, ONYEKA MERCY",2023-01-19 15:02:52+00:00,2814630,24579.0,2875.0,4100000,0,0,1,0,0,0,0,1355,14.850341727482387,7.2115567333138015,2023,0.008732586521141322,0.0010214486451149884,0,0,0,0,15.458839389298479,-0.6084976618160916
Uche Nancy tv,faces of betrayal,W07TCK9pe9M,"FACES OF BETRAYAL (Full Movie) Ray Emodi, Yvonne Jegede, Juliet Njemanze, Ebube 2023 Nollywood Movie",2023-01-20 14:00:17+00:00,555967,2066.0,190.0,2360000,0,0,0,0,0,0,0,1354,13.228466017619592,7.21081845347222,2023,0.0037160478949290155,0.00034174690224419795,0,0,0,0,13.266531965135592,-0.038065947515999454
Uchenna Mbunabo Tv,prepped for love,g2pamxQdUlk,"PREPPED FOR LOVE - CHINENYE NNEBE, CHRIS OKAGBUE, ALEX CROSS 2023 XCLUSIVE NOLLYWOD MOVIE",2023-01-20 17:30:08+00:00,2969237,27393.0,2560.0,3910000,0,0,0,0,0,0,0,1354,14.903815912203719,7.21081845347222,2023,0.009225602402233302,0.0008621743565771274,0,0,0,0,14.947000750930087,-0.04318483872636847
Uche Nancy tv,intrusion,jMvo1lNoBNQ,"INTRUSION - Toosweet Annan, Faith Duke, Tommy Roland 2023 Nigerian Nollywood Romantic Movie",2023-01-21 14:00:19+00:00,95289,1048.0,90.0,2360000,0,0,0,0,0,0,0,1353,11.464680152342234,7.210079628170788,2023,0.010998121504056081,0.0009444951673330604,0,0,0,0,13.26645346930189,-1.8017733169596557
Uche Nancy tv,pitter patter,Zli0hn5tlsg,"PITTER PATTER - Maurice Sam, Chinenye Nnebe, Sonia Uche 2023 Nigerian Nollywood Romantic Movie",2023-01-26 19:00:25+00:00,962885,7339.0,438.0,2360000,0,0,1,1,0,0,0,1348,13.777690303710484,7.206377291472252,2023,0.007621886310410901,0.0004548829818721862,0,1,0,0,13.88056182728311,-0.10287152357262563
Uche Nancy tv,your matter,eDVjsmBvj-k,"YOUR MATTER (Full Movie) Regina Daniels, Maurice Sam, Ebube Obio, Kene 2023 Nigerian Nollywood Movie",2023-01-29 14:00:18+00:00,1104417,10687.0,793.0,2360000,0,0,1,0,0,0,0,1345,13.914829057347912,7.20414929203594,2023,0.009676598603607152,0.0007180258905829953,0,0,0,0,13.736126867896726,0.17870218945118665
RuthKadiri247,love and the ceo,MjsGz0XEgro,"LOVE AND THE CEO - RUTH KADIRI, DEZA THE GREAT, SIR CHRIS AKWARANDU",2023-02-02 15:00:02+00:00,4775462,41512.0,3675.0,4100000,0,0,0,0,0,0,0,1341,15.379001490547111,7.201170883281678,2023,0.008692771505667933,0.0007695590499934875,0,0,0,0,14.98743249208968,0.39156899845743176
Uche Nancy tv,sorry tale,mksb9BWtZHI,"SORRY TALE - Ebube Obio, Walter Anga, Oma Nnanna 2023 Trending Nigerian Nollywood Emotional Movie",2023-02-03 15:00:36+00:00,66961,797.0,84.0,2360000,0,0,0,0,0,0,0,1340,11.111880573295556,7.200424892944957,2023,0.011902450680246712,0.0012544615522468302,0,0,0,0,13.265427710588371,-2.153547137292815
Uchenna Mbunabo Tv,the true bosses,ujPkpaSrcN0,"THE TRUE BOSSES  - RAY EMODI, BENITA ONYIUKE, DERA OSADEBE, KING DAVID 2023 EXCLUSIVE NOLLYWOD MOVIE",2023-02-03 18:00:38+00:00,5710366,50622.0,4307.0,3910000,0,0,0,0,0,0,0,1340,15.557793852771663,7.200424892944957,2023,0.00886493089935041,0.0007542423725554544,0,0,0,0,14.945896496382868,0.6118973563887948
Uchenna Mbunabo Tv,strings of the heart,vxqw6HorKjs,"STRINGS OF THE HEART - EDDIE WATSON, PAMELA OKOYE, CHRISTIAN OCHIAGA 2023 EXCLUSIVE NOLLYWOD MOVIE",2023-02-06 17:00:39+00:00,1834938,18226.0,2165.0,3910000,0,0,0,0,0,0,0,1337,14.422521796411452,7.198183577101943,2023,0.009932760670932751,0.0011798763772944917,0,0,0,0,14.945658369784681,-0.5231365733732289
Uche Nancy tv,by force marriage,QTrAJ60WZVc,"BY FORCE MARRIAGE (Full Movie) Toosweet Annan, Faith Duke, Rowland 2023 Nigerian Nollywood Movie",2023-02-08 14:00:24+00:00,241377,2512.0,200.0,2360000,0,0,0,0,0,0,0,1335,12.39411944844695,7.19668657083435,2023,0.010406956752300344,0.0008285793592595815,0,0,0,0,13.265030535897486,-0.8709110874505352
RuthKadiri247,crazy matilda,vWeTkW1o_6k,"CRAZY MATILDA - RUTH KADIRI, EDDIE WATSON,  EBY OKAFOR, OBY TITUS",2023-02-10 14:51:02+00:00,3580104,34429.0,3993.0,4100000,0,0,0,0,0,0,0,1333,15.090902687555717,7.195187320178709,2023,0.009616759736588657,0.001115330727822432,0,0,0,0,14.986796773776625,0.10410591377909206
ChinneyLoveEze Tv,for the one,Rut67GUmgho,FOR THE ONE - MAURICE SAM/ SHINE ROSMAN IN NEW VALENTINE MOVIE/Maurice sam movies,2023-02-12 16:14:53+00:00,4655611,37104.0,2387.0,829000,0,0,1,0,0,0,0,1331,15.353583931587663,7.193685818395112,2023,0.00796973802149707,0.00051271465764644,0,0,0,0,15.071790574242469,0.28179335734519384
Uchenna Mbunabo Tv,bee,GYRYRsUQLPo,"BEE - RAY EMODI, ONYII ALEX, DERA OSADEBE, CHRISTIANA KAYODE 2023 EXCLUSIVE NOLLYWOD MOVIE",2023-02-14 17:00:09+00:00,5945164,55975.0,3514.0,3910000,0,0,0,0,0,0,0,1329,15.598088842137347,7.192182058713246,2023,0.009415215459153019,0.0005910686399904191,0,0,0,0,14.945020743828344,0.6530680983090029
RuthKadiri247,in my bed eddie watson,wIW_XZddzTI,IN MY BED  EDDIE WATSON. AND UCHE MONTANA,2023-02-17 14:59:50+00:00,5202630,51035.0,4798.0,4100000,0,0,0,0,1,0,0,1326,15.464675017134736,7.189922170745808,2023,0.009809461752998003,0.0009222258742213073,0,0,0,0,15.694454816895513,-0.22977979976077734
Uche Nancy tv,criminal love,GECkjHPCotM,"CRIMINAL LOVE (Full Movie) Maurice Sam, Chinenye Nnebe, Darlington NEW 2023 Nigerian Nollywood Movie",2023-02-19 12:00:12+00:00,133066,1477.0,116.0,2360000,0,0,1,0,0,0,0,1324,11.79860803975822,7.188412736496954,2023,0.01109975500879263,0.0008717478544481686,0,0,0,0,13.73445495162069,-1.9358469118624697
Uchenna Mbunabo Tv,on page 31,NsqxfrPvq-4,"ON PAGE 31 - RAY EMODI, EGO NWOSU, JENNIFER OBODO, CHIKE DANIEL 2023 EXCLUSIVE NOLLYWOD MOVIE",2023-02-20 17:30:02+00:00,3612721,33214.0,4393.0,3910000,0,0,0,0,0,0,0,1323,15.099972062801847,7.187657164114956,2023,0.009193624417717284,0.0012159809738975138,0,0,0,0,14.944540000446638,0.15543206235520834
Uche Nancy tv,lies beyond,BOObcfQFZ-Q,"LIES BEYOND - Ebube Obio, Chinyere Wilfred, Mike Uchegbu, Faith Duke 2023 Nigerian Nollywood Movie",2023-02-21 13:07:10+00:00,574552,2319.0,146.0,2360000,0,0,0,0,0,0,0,1322,13.261347626149826,7.186901020411631,2023,0.004036188195324357,0.0002541110291148582,0,0,0,0,13.263990878840312,-0.002643252690486264
NollyFamily tv,the reunion,69mKmoMAleI,"THE REUNION - Maurice Sam, Ebube Obio, Sonia Uche, Chinenye Nnebe NEW 2023 Nigerian Nollywood Movie",2023-02-24 18:10:28+00:00,623565,4430.0,347.0,1670000,0,0,1,1,0,0,0,1319,13.343209892549803,7.1846291527173145,2023,0.007104311499202168,0.0005564776727366033,0,1,0,0,13.82707158357309,-0.4838616910232876
Uche Nancy tv,when love ends,fOvkjlMLebE,WHEN LOVE ENDS (Full Movie) Toosweet Annan/Lizzygold/Joseph Daniel NEW 2023 Nigerian Nollywood Movie,2023-02-26 15:03:46+00:00,178978,1457.0,145.0,2360000,0,0,0,0,0,0,0,1317,12.095023759504793,7.183111701743281,2023,0.00814066533316944,0.0008101554380985373,0,0,0,0,13.263588286065737,-1.1685645265609441
Uche Nancy tv,sisters on fire,1uYyvoz9Rz8,"SISTERS ON FIRE - Ebube Obio, Sonia Uche, Emmanuela Iloba 2023 Nigerian Nollywood Comedy Movie",2023-02-27 14:04:51+00:00,1792849,13321.0,1080.0,2360000,0,0,0,1,0,0,0,1316,14.399317090415073,7.182352111885263,2023,0.007430073586788402,0.0006023931742160104,0,0,0,0,13.407705831698207,0.9916112587168655
Uchenna Mbunabo Tv,the other friend,KlULONrt7ho,"THE OTHER FRIEND - BENITA ONYIUKE, PAMELA OKOYE, BEN LUGO, OGE 2023 EXCLUSIVE NOLLYWOD MOVIE",2023-02-27 17:30:03+00:00,1643069,17732.0,2194.0,3910000,0,0,0,0,0,0,0,1316,14.31207700110271,7.182352111885263,2023,0.010791999605616076,0.0013353060644440374,0,0,0,0,14.94397636991478,-0.6318993688120713
NollyFamily tv,living in despair,lIUCiR-j2wc,"LIVING IN DESPAIR - Ebube Obio, Walter Anga 2023 Trending Nigerian Nollywood Emotional Movie",2023-02-27 17:35:38+00:00,16382,206.0,17.0,1670000,0,0,0,0,0,0,0,1316,9.703999490820264,7.182352111885263,2023,0.012574777194481749,0.0010377243315834452,0,0,0,0,13.212327951971211,-3.5083284611509473
NollyFamily tv,hard to love,LYUYdvCVEvE,"HARD TO LOVE - Toosweet Annan, Faith Duke 2023 Trending Nigerian Nollywood Romantic Movie",2023-03-01 18:22:26+00:00,1354444,7122.0,404.0,1670000,0,0,0,0,0,0,0,1314,14.118902334293423,7.1808311990445555,2023,0.005258246188103753,0.0002982773743321983,0,0,0,0,13.212166363946022,0.9067359703474018
Uche Nancy tv,like father like daughter 1,xzNl4rV6ujE,"LIKE FATHER, LIKE DAUGHTER 1 - Ebube Obio, Zubby Michael, Chinenye Nnebe 2023 Nigerian Comedy Movie",2023-03-04 18:13:36+00:00,1185104,8880.0,402.0,2360000,0,0,0,0,0,0,0,1311,13.985341936220884,7.1785454837637,2023,0.007493013271409091,0.00033921073593541157,0,0,0,0,13.263103152318324,0.7222387839025597
Uche Nancy tv,like father like daughter 2,ojOqs6_syQs,"LIKE FATHER, LIKE DAUGHTER 2 - Ebube Obio, Zubby Michael, Chinenye Nnebe 2023 Nigerian Comedy Movie",2023-03-05 15:45:07+00:00,552996,5303.0,240.0,2360000,0,0,0,0,0,0,0,1310,13.223107855534964,7.177782416195197,2023,0.009589581118127436,0.00043399952260052515,0,0,0,0,13.26302208088663,-0.03991422535166578
Uche Nancy tv,like father like daughter 3,yV2iKDtrKb8,"LIKE FATHER, LIKE DAUGHTER 3 - Ebube Obio, Zubby Michael, Chinenye Nnebe 2023 Nigerian Comedy Movie",2023-03-08 18:51:13+00:00,391685,4747.0,259.0,2360000,0,0,0,0,0,0,0,1307,12.878215777376166,7.175489713624222,2023,0.012119432707405186,0.0006612456438209275,0,0,0,0,13.262778494751466,-0.38456271737529946
ChinneyLoveEze Tv,love like that,p3ujgW5Kqrk,LOVE LIKE THAT - Maurice sam movies/sam maurice movies/lastest nollywood2023 movie/Audrey Harrison,2023-03-09 16:39:05+00:00,4413465,33040.0,2274.0,829000,0,0,1,0,0,0,0,1306,15.300170879776182,7.174724309836376,2023,0.007486181492319527,0.0005152414259544371,0,0,0,0,15.069776025715695,0.23039485406048676
NollyFamily tv,omoge,ZHyMVgUE-1k,"OMOGE (Full Movie) Ebube Obio, Faith Duke, Darlington 2023 Trending Nigerian Nollywood Comedy Movie",2023-03-10 18:04:14+00:00,1289319,7891.0,535.0,1670000,0,0,0,0,0,0,0,1305,14.069625505572107,7.173958319756794,2023,0.006120285204825183,0.00041494773597534825,0,0,0,0,13.21143616102989,0.8581893445422164
Uduak Isong TV,a girl like you,fphNKKE9jZA,"A GIRL LIKE YOU - New Nollywood drama starring Maurice Sam, Miwa Olorunfemi, Aaliyah Agida.",2023-03-12 17:00:02+00:00,2025825,15471.0,1068.0,814000,0,0,1,0,0,0,0,1303,14.521488076588252,7.172424577124845,2023,0.007636888674984266,0.0005271926252267595,0,0,0,0,14.518149887098012,0.0033381894902397846
NollyFamily tv,home to roses,jSMXKKBhIxU,"HOME TO ROSES (New Full Movie) Chinenye Nnebe, Darlington, King David 2023 Nigerian Nollywood Movie",2023-03-13 14:00:25+00:00,361029,4062.0,450.0,1670000,0,0,0,0,0,0,0,1302,12.796716336355273,7.171656822768514,2023,0.011251173728426248,0.0012464372668123612,0,0,0,0,13.211191640539722,-0.41447530418444956
Uche Nancy tv,about time,fs1PPTb3ct0,"ABOUT TIME (New Full Movie) Chris Okagbue, Chinenye Nnebe, Faith Duke 2023 Nigerian Romantic Movie",2023-03-14 16:00:32+00:00,945824,10153.0,755.0,2360000,0,0,0,0,0,0,0,1301,13.759812841492185,7.170888478512505,2023,0.010734555266096018,0.0007982457624251447,0,0,0,0,13.262289640640152,0.49752320085203294
Uchenna Mbunabo Tv,just like rainbow,EpTBrVpfIv8,"JUST LIKE RAINBOW - EBUBE NWAGBO, MAJID MICHEL, CHIKE DANIEL 2023 EXCLUSIVE NOLLYWOD MOVIE",2023-03-14 17:00:08+00:00,4822733,53843.0,5948.0,3910000,0,0,0,0,0,0,0,1301,15.388851545135385,7.170888478512505,2023,0.011164416524821093,0.0012333255853060909,0,0,0,0,14.942758426434649,0.44609311870073576
Uchenna Mbunabo Tv,uncle richie,Cvg_sWw_LME,"UNCLE RICHIE - BENITA ONYIUKE, WALTER ANGA, CHINELO ENEMCHUKWU, DAVID 2023 EXCLUSIVE NOLLYWOD MOVIE",2023-03-15 17:00:12+00:00,820602,10561.0,1062.0,3910000,0,0,0,0,0,0,0,1300,13.617794714845104,7.170119543449628,2023,0.01286981996144294,0.0012941718396981727,0,0,0,0,14.94267673161626,-1.3248820167711557
Uche Nancy tv,like father like daughter,R2gc9Cby-iQ,"LIKE FATHER LIKE DAUGHTER (Full Movie) Ebube Obio, Zubby Michael, Chinenye Nnebe 2023 Nigerian Movie",2023-03-15 18:00:20+00:00,1984449,12856.0,762.0,2360000,0,0,0,0,0,0,0,1300,14.500852355624561,7.170119543449628,2023,0.0064783725860427755,0.0003839856806599716,0,0,0,0,13.262207945821762,1.2386444098027987
Uche Nancy tv,not lucky yet blessed,d56ctedqArc,NOT LUCKY YET BLESSED (Full Movie) Eddie Watson/Faith Duke/Lydia Usang 2023 Nigerian Romantic Movie,2023-03-16 14:02:34+00:00,160694,1302.0,84.0,2360000,0,0,0,0,0,0,0,1299,11.987263437364769,7.1693500166706,2023,0.008102356030716766,0.0005227326471430172,0,0,0,0,13.26212618813702,-1.2748627507722503
Uduak Isong TV,someone special,p4Cp1n8ybrM,SOMEONE SPECIAL - New Nollywood Romantic Movie featuring Ego Nwosu and IK Ogbonna,2023-03-16 15:00:27+00:00,1287464,12422.0,1022.0,814000,0,0,0,0,0,0,0,1299,14.068185726684504,7.1693500166706,2023,0.009648425121013092,0.000793808603580372,0,0,0,0,14.047519771314715,0.020665955369789657
NollyFamily tv,last love,t0Q-6I319is,"LAST LOVE - Toosweet Annan, Lizzygold NEW 2023 Nigerian Nollywood Romantic Movie",2023-03-17 17:31:42+00:00,385275,2298.0,190.0,1670000,0,0,0,0,0,0,0,1298,12.861715239548843,7.168579897264035,2023,0.005964570761144637,0.000493154240477581,0,0,0,0,13.21086473534002,-0.3491494957911776
RuthKadiri247,betrayed sister,O7WLsmha1h8,"BETRAYED SISTER | A TALE OF LOVE, LIES & FAMILY BETRAYAL #movie",2023-03-17 18:50:11+00:00,783155,8765.0,816.0,4100000,0,0,0,0,0,0,0,1298,13.571087188845015,7.168579897264035,2023,0.011191909647515498,0.0010419393351252307,0,0,0,0,14.983969891913931,-1.4128827030689166
RuthKadiri247,fond of you,KFtMV5hCV4Y,FOND OF YOU. RUTH KADIRI FILMS,2023-03-23 14:56:43+00:00,9520622,112748.0,11676.0,4100000,0,0,1,0,0,0,0,1292,16.068970845802838,7.163946684342547,2023,0.011842503567519013,0.001226390460623266,0,0,0,0,15.453781102205047,0.6151897435977904
Uche Nancy tv,endless time,8_JnAZ_aGjc,"ENDLESS TIME - Toosweet Annan, Faith Duke, Tommy Roland 2023 Nigerian Nollywood Romantic Movie",2023-03-28 14:00:05+00:00,239653,1803.0,135.0,2360000,0,0,0,0,0,0,0,1287,12.386951495456204,7.160069207596127,2023,0.007523377550041101,0.000563314458821713,0,0,0,0,13.261140156873193,-0.8741886614169889
Uchenna Mbunabo Tv,where love dares,dyoWqnd6u7w,"WHERE LOVE DARES -  STELLA UDEZE, FIONA GARBA, CHIDI NWACHUKWU 2023 EXCLUSIVE NOLLYWOD MOVIE",2023-03-28 17:00:20+00:00,1291126,13122.0,1392.0,3910000,0,0,0,0,0,0,0,1287,14.071026038344428,7.160069207596127,2023,0.010163221869902705,0.0010781287031629756,0,0,0,0,14.941608942667688,-0.8705829043232605
RuthKadiri247,word on the street,rsCKn4d2u0g,"WORD ON THE STREET - MAURICE SAM, RUTH KADIRI, AUDREY HARRISON, ATEWE RAPHAEL CHUX",2023-03-30 14:58:16+00:00,4103620,48160.0,5489.0,4100000,0,0,1,0,0,0,0,1285,15.227380312640442,7.158513997329321,2023,0.011735979452288468,0.0013375994853324624,0,0,0,0,15.453203911229709,-0.22582359858926715
Uche Nancy tv,dare devil,DW5A0p2ymwA,"DARE DEVIL - Chinenye Nnebe, Kenneth Nwadike, Sonia Uche 2023 Nigerian Nollywood Romantic Movie",2023-04-02 16:00:07+00:00,320450,3090.0,404.0,2360000,0,0,0,1,0,0,0,1282,12.677484657539143,7.156176637480615,2023,0.009642689967233577,0.0012607271025120925,0,0,0,0,13.404924841818834,-0.7274401842796916
NollyFamily tv,broken strings,boGXqzkYW5Y,"BROKEN STRINGS - Maurice Sam, Chinenye Nnebe, Sonia Uche 2023 Nigerian Nollywood Movie",2023-04-04 19:08:01+00:00,670355,5290.0,339.0,1670000,0,0,1,1,0,0,0,1280,13.415564193537872,7.154615356913663,2023,0.007891341155059633,0.0005057022025643129,0,1,0,0,13.823882794667828,-0.408318601129956
NollyFamily tv,a love for me,vPsM9KPY9jg,"A LOVE FOR ME (New Movie) Chris Okagbue, Ebube Nwagbo, Darlington 2023 Nigerian Nollywood Movie",2023-04-05 14:00:39+00:00,460268,4781.0,459.0,1670000,0,0,0,0,0,0,0,1279,13.039566380155254,7.153833801578843,2023,0.010387426455890915,0.000997245083299295,0,0,0,0,13.20929804958576,-0.16973166943050622
Uche Nancy tv,my big sister,QdX0ifOdf84,"MY BIG SISTER (Full Movie) Maurice Sam, Sonia Uche, Ebube Obio, Ebele 2023 Nigerian Nollywood Movie",2023-04-05 18:00:09+00:00,5126560,44052.0,6113.0,2360000,0,0,1,1,0,0,0,1279,15.449945621977895,7.153833801578843,2023,0.008592896601229675,0.0011924175275428357,0,1,0,0,13.874979391169,1.5749662308088954
RuthKadiri247,strangers ruth kadiri,d2efYKq8lPE,"STRANGERS,  RUTH KADIRI FILMS",2023-04-06 15:11:51+00:00,881536,11075.0,1003.0,4100000,0,0,0,0,0,0,0,1278,13.689422253847294,7.15305163493748,2023,0.012563298606069407,0.0011377867721794686,0,0,0,0,14.982320105564053,-1.2928978517167593
Uchenna Mbunabo Tv,to have and to hold,1rwVB9kG9iU,"TO HAVE AND TO HOLD - CHINENYE NNEBE, CHRIS OKAGBUE, OLA DANIELS 2023 EXCLUSIVE NOLLYWOD MOVIE",2023-04-06 17:00:01+00:00,2005118,26162.0,4750.0,3910000,0,0,0,0,0,0,0,1278,14.511213968582517,7.15305163493748,2023,0.013047611163033797,0.002368937887944749,0,0,0,0,14.940863366933712,-0.4296493983511951
Uche Nancy tv,safe haven,7GNB_dCw3Sc,"SAFE HAVEN (New Movie) Kenneth Nwadike, Yvonne Jegede, Chinyere Wilfre 2023 Nigerian Nollywood Movie",2023-04-09 17:00:03+00:00,443689,4181.0,550.0,2360000,0,0,0,0,0,0,0,1275,13.00288139936229,7.150701457592526,2023,0.009423267198420515,0.0012396070220357053,0,0,0,0,13.260144888648068,-0.25726348928577814
Uche Nancy tv,craze jam craze,JL8XicHmqLg,"CRAZE JAM CRAZE (New Movie) Ebube Obio, Destiny Etiko, Bryan 2023 Nigerian Nollywood Comedy Movie",2023-04-12 17:00:16+00:00,2004427,18275.0,1558.0,2360000,0,0,0,0,0,0,0,1272,14.510869291237748,7.148345743900068,2023,0.009117318814803432,0.0007772794918448015,0,0,0,0,13.25989460795263,1.2509746832851185
NollyFamily tv,love perfect,BiydpCI64To,"LOVE PERFECT - Maurice Sam, Benita Onyiuke 2023 Nigerian Nollywood Romantic Movi",2023-04-13 16:00:14+00:00,1399713,10617.0,693.0,1670000,0,0,1,0,0,0,0,1271,14.151778488002032,7.147559271189454,2023,0.007585126379479222,0.0004951014958066404,0,0,0,0,13.678934879569704,0.47284360843232776
RuthKadiri247,10 reasons why,t-nTG1YYv2w,"10 REASONS WHY      - Ruth Kadiri , Deza the Great, Chidi Dike, Ukatu Genevieve.",2023-04-14 15:00:23+00:00,7954851,92407.0,9624.0,4100000,0,0,0,0,0,0,0,1270,15.889292614929794,7.146772179452637,2023,0.011616433796182983,0.0012098278144996053,0,0,0,0,14.981652950429389,0.9076396645004046
NollyFamily tv,in your arms,woUcr10yHFY,"IN YOUR ARMS (New Movie) Chinenye Nnebe, Somadina Adinma 2023 Nigerian Nollywood Movie",2023-04-16 18:00:30+00:00,200151,2575.0,151.0,1670000,0,0,0,0,0,0,0,1268,12.206832356876415,7.145196134997171,2023,0.012865286708535055,0.0007544304050441916,0,0,0,0,13.208380348421162,-1.0015479915447472
Uche Nancy tv,the boss lady,BDLK4gc9wTo,"THE BOSS LADY (New Movie) Maurice Sam, Chinenye Nnebe, Chioma Nwaoha 2023 Nigerian Nollywood Movie",2023-04-18 17:00:05+00:00,6789313,50809.0,3104.0,2360000,0,0,1,0,0,0,0,1266,15.730860463503076,7.143617602704121,2023,0.007483673237630965,0.000457189114716025,0,0,0,0,13.729695732674084,2.0011647308289913
RuthKadiri247,room for two,cwLHxaf-Haw,"ROOM FOR TWO - RUTH KADIRI, EDDIE WATSON, AYO ADESANYA, CHRIS AKWARANDY",2023-04-20 16:20:28+00:00,4539735,42372.0,3973.0,4100000,0,0,0,0,0,0,0,1264,15.328379418547032,7.142036574706803,2023,0.00933358444931257,0.000875161215357284,0,0,0,0,14.981149820336414,0.3472295982106175
Uche Nancy tv,love in a hole,ii1aipvFufo,"LOVE IN A HOLE - Maurice Sam, Chinenye Nnebe, Darlington Chibuikem 2023 Nigerian Nollywood Movie",2023-04-20 17:00:21+00:00,105720,1517.0,121.0,2360000,0,0,1,0,0,0,0,1264,11.568558827621654,7.142036574706803,2023,0.014349224366250473,0.0011445327279606507,0,0,0,0,13.72952775776782,-2.160968930146165
Uchenna Mbunabo Tv,right place right time,gr5b2gBv5q8,"RIGHT PLACE RIGHT TIME - EGO NWOSU, BAAJ ADEBULE, AYO ADESANYA 2023 EXCLUSIVE NOLLYWOD MOVIE",2023-04-23 17:00:19+00:00,1166610,13403.0,1193.0,3910000,0,0,0,0,0,0,0,1261,13.969613522367455,7.13966033596492,2023,0.011488843743838987,0.0010226210987390816,0,0,0,0,14.939440620345106,-0.9698270979776513
RuthKadiri247,cloud 9 shine roseman deza the great ese eriata onyeka mercy,dDyv1DbD2P0,"CLOUD 9 SHINE ROSEMAN, DEZA THE GREAT, ESE ERIATA, ONYEKA MERCY",2023-04-27 16:03:00+00:00,3579806,37391.0,3315.0,4100000,0,0,0,0,0,0,0,1257,15.090819446309128,7.136483208590247,2023,0.010444979420672518,0.0009260278350279317,0,0,0,0,14.980559807917619,0.11025963839150954
Uche Nancy tv,the one i love,3YK-AgNA520,"THE ONE I LOVE (New Movie) Sonia Uche, Darlington Chibuike, Bryan Emma 2023 Nigerian Nollywood Movie",2023-04-27 18:00:01+00:00,351901,4087.0,456.0,2360000,0,0,0,1,0,0,0,1257,12.771108006726319,7.136483208590247,2023,0.011614061909457489,0.0012958189945467618,0,0,0,0,13.402832531070706,-0.6317245243443868
NollyFamily tv,head over heels,dZcmQyBL11w,"HEAD OVER HEELS - Maurice Sam, Sonia Uche, Ebube Obio 2023 Nigerian Nollywood Romantic Movie",2023-04-28 18:00:17+00:00,619083,4795.0,544.0,1670000,0,0,1,1,0,0,0,1256,13.335996245206314,7.135687347028144,2023,0.007745326555566863,0.0008787190085982008,0,1,0,0,13.821871805177647,-0.48587555997133336
Uche Nancy tv,lurk,Q7AFM_AJSro,"LURK - Maurice Sam, Chinenye Nnebe, Heavenly Dera 2023 Nigerian Nollywood Romantic Movie",2023-04-29 19:00:17+00:00,1783349,14707.0,1372.0,2360000,0,0,1,0,0,0,0,1255,14.3940041759548,7.134890851565884,2023,0.00824684343894549,0.0007693390357131442,0,0,0,0,13.728768566800408,0.6652356091543918
Uchenna Mbunabo Tv,karma and i,xQVbso2_Za0,"KARMA AND I - RAY EMODI, EBUBE NWAGBO, STELLA UDEZE, AKEEM OGARA, 2023 EXCLUSIVE NOLLYWOD MOVIE",2023-05-01 17:30:11+00:00,3943577,36034.0,3627.0,3910000,0,0,0,0,0,0,0,1253,15.18759899100837,7.133295954896068,2023,0.009137389735258118,0.0009197233881828604,0,0,0,0,14.938764442367686,0.24883454864068355
Uche Nancy tv,love and pain,URw_MLLBDUw,"LOVE AND PAIN (Full Movie) Sonia Uche, Stan Nze 2023 Nigerian Nollywood Romantic Movie",2023-05-05 18:01:33+00:00,352929,3356.0,255.0,2360000,0,0,0,1,0,0,0,1249,12.774025015968046,7.130098510125578,2023,0.009508994726984748,0.0007225249271099852,0,0,0,0,13.402154194489729,-0.6281291785216823
NollyFamily tv,stuck in the middle,mYhubrKr6tk,"STUCK IN THE MIDDLE - Maurice Sam, Chinenye Nnebe, Chioma Nwaoha 2023 Nigerian Nollywood New Movie",2023-05-07 14:00:24+00:00,224367,1552.0,73.0,1670000,0,0,1,0,0,0,0,1247,12.321042839966433,7.1284959456800365,2023,0.006917238274790856,0.00032535978998694104,0,0,0,0,13.67690951359202,-1.355866673625588
Uche Nancy tv,don t leave me,rvSkDpHtNPk,"DON'T LEAVE ME (New Movie) Sonia Uche, Bryan Emma, Elochukwu Godwin 2023 Nigerian Nollywood Movie",2023-05-09 16:00:36+00:00,355582,4053.0,601.0,2360000,0,0,0,1,0,0,0,1245,12.781513974954933,7.126890808898808,2023,0.01139821475777739,0.0016901867923573184,0,0,0,0,13.401813395140316,-0.6202994201853826
Uche Nancy tv,all we had,qEijYmTrMic,"ALL WE HAD (New Movie) Maurice Sam, Chinenye Nnebe, Faith Duke 2023 Nigerian Nollywood Movie",2023-05-12 18:00:30+00:00,1346839,13238.0,1739.0,2360000,0,0,1,0,0,0,0,1242,14.11327166585772,7.124478262493424,2023,0.00982894020740415,0.0012911714020755265,0,0,0,0,13.727662290582415,0.3856093752753047
RuthKadiri247,love in lagos sandra okonzuwa deza the great onyeka mercy,IMB9EERsm88,LOVE IN LAGOS Sandra Okonzuwa Deza the Great  Onyeka Mercy. Atewe Rapheal  Bianca Ugowanne.,2023-05-18 15:47:19+00:00,3540710,39912.0,5147.0,4100000,0,0,0,0,0,0,0,1236,15.079838112400434,7.119635638017636,2023,0.011272315439558733,0.0014536632483315493,0,0,0,0,14.978769852842493,0.10106825955794108
Uche Nancy tv,ena s paradise,N5DcvRK8zwo,"ENA'S PARADISE (New Movie) Sonia Uche, John Ekanem, Emmanuella Iloba 2023 Nigerian Nollywood Movie",2023-05-18 17:00:12+00:00,810472,8895.0,1166.0,2360000,0,0,0,1,0,0,0,1236,13.60537330683309,7.119635638017636,2023,0.010975086122654453,0.0014386678380005726,0,0,0,0,13.401042575995579,0.20433073083751196
ChinneyLoveEze Tv,two can also play daniel etim effiong and mimi chaka,puiNIQGDsjg,Two can also play- Daniel Etim Effiong and Mimi Chaka(Tumini of The Men’s Club) in a Love story,2023-05-21 16:16:41+00:00,2155363,20647.0,1853.0,829000,0,0,0,0,0,0,0,1233,14.58347017676914,7.117205503164344,2023,0.00957936087795884,0.0008597159735970228,0,0,0,0,14.593361529661726,-0.009891352892585914
Uche Nancy tv,love whispers,lio69XVlXzw,"LOVE WHISPERS - Ruth Kadiri, Ray Emodi, Sonia Uche 2023 Nigerian Nollywood Romantic Movie",2023-05-21 17:00:27+00:00,598032,4155.0,361.0,2360000,0,0,0,1,0,0,0,1233,13.301401215356679,7.117205503164344,2023,0.006947788747090457,0.0006036466276052117,0,0,0,0,13.400784388490434,-0.09938317313375578
Uche Nancy tv,her father s daughter,crOOaJylN4Q,"HER FATHER'S DAUGHTER (New Movie) Toosweet Annan, Ebube Obio, Jojo 2023 Nigerian Nollywood Movie",2023-05-24 18:00:13+00:00,552204,6596.0,752.0,2360000,0,0,0,0,0,0,0,1230,13.221674633127527,7.114769448366463,2023,0.011944860957182491,0.0013618155609158933,0,0,0,0,13.256327324448144,-0.034652691320616213
RuthKadiri247,wait for you chidi dike and genevieve edwin takes the lead,DK7boRDWNwM,WAIT FOR YOU -CHIDI DIKE AND GENEVIEVE EDWIN TAKES THE LEAD,2023-05-25 17:08:43+00:00,11005138,119565.0,12040.0,4100000,0,0,0,0,0,0,0,1229,16.213872903485377,7.113956109566034,2023,0.01086447075902183,0.0010940344410038294,0,0,0,0,14.97816643641919,1.235706467066187
Uche Nancy tv,love crisis,RJJgcYURJQw,"LOVE CRISIS - Chinenye Nnebe, Sonia Uche, Jerry Williams, Flashboy  2023 Nigerian Nollywood Movie",2023-05-27 17:01:30+00:00,117437,1522.0,153.0,2360000,0,0,0,1,0,0,0,1227,11.67366581373058,7.112327444710911,2023,0.012960140330560215,0.0013028261961732673,0,0,0,0,13.400266123530637,-1.726600309800057
Uche Nancy tv,amaka,PhEJdygTB28,"AMAKA (New Movie) Sonia Uche, Faith Duke, Kenneth Nwadike, Ego Nworji 2023 Nigerian Nollywood Movie",2023-05-28 18:00:08+00:00,2374467,9942.0,1070.0,2360000,0,0,0,1,0,0,0,1226,14.680283970359131,7.111512116496157,2023,0.004187044924187196,0.00045062744607526656,0,0,0,0,13.400179499713298,1.280104470645833
Uchenna Mbunabo Tv,in her shoes,_imEplm-5dI,"IN HER SHOES - MAJID MICHEL, EGO NWOSU, DERA OSADEBE, FIONA GARBA, 2023 EXCLUSIVE NOLLYWOD MOVIE",2023-05-30 17:30:06+00:00,3190159,27273.0,2466.0,3910000,0,0,0,0,0,0,0,1224,14.975581630243031,7.1098794630722715,2023,0.008549103665365895,0.0007730022234001502,0,0,0,0,14.93627657812631,0.03930505211672042
BASEFLIX TV,open secret,90f4bBvYSLg,"OPEN SECRET - Toosweet Annan, Sonia Uche, Chinenye Nnebe 2023 Nigerian Nollywood Romantic Movie",2023-06-01 15:30:37+00:00,595336,3950.0,212.0,109000,0,0,0,1,0,0,0,1222,13.296882910746064,7.108244139731541,2023,0.006634908690218633,0.0003561014284370507,0,0,0,0,13.432267883851123,-0.1353849731050598
RuthKadiri247,seperate ways,YWW1A3nk29U,SEPERATE WAYS - RUTH KADIRI DEZA THE GREAT RECHEAL EDWARD,2023-06-01 16:36:38+00:00,2469670,24098.0,2132.0,4100000,0,0,0,0,0,0,0,1222,14.7195955013519,7.108244139731541,2023,0.009757578947794644,0.0008632732308365086,0,0,0,0,14.977559573290161,-0.257964071938261
ChinneyLoveEze Tv,a reason to love maurice sam emem inwang echelon mbadiwe,Y7-e9GLz4iE,A REASON TO LOVE/Maurice Sam/Emem inwang/Echelon Mbadiwe,2023-06-02 15:10:29+00:00,5804476,42635.0,3479.0,829000,0,0,1,0,0,0,0,1221,15.574140074309446,7.107425474110705,2023,0.007345193605762174,0.0005993650417367562,0,0,0,0,15.062625921073717,0.5115141532357281
Uche Nancy tv,take a chance,fnnFUx29o70,"TAKE A CHANCE (New Movie) Maurice Sam, Chinenye Nnebe, Emmanuela Iloba 2023 Nigerian Nollywood Movie",2023-06-02 17:00:19+00:00,1970045,20330.0,2314.0,2360000,0,0,1,0,0,0,0,1221,14.493567450695366,7.107425474110705,2023,0.010319561228296815,0.0011745924585479012,0,0,0,0,13.725850532324502,0.7677169183708639
BASEFLIX TV,forever bind,NghktDWlUlc,"FOREVER BIND - Toosweet Annan, Sonia Uche, Chinenye Nnebe 2023 Nigerian Nollywood Romantic Movie",2023-06-05 14:00:09+00:00,926731,5446.0,347.0,109000,0,0,0,1,0,0,0,1218,13.73941969811057,7.1049654482698426,2023,0.005876570439534234,0.0003744344367459381,0,0,0,0,13.431919542207659,0.30750015590291113
Uche Nancy tv,the thief his victim,Co3Sz7Whaq4,"THE THIEF, HIS VICTIM (New Movie) Toosweet Annan, Sonia Uche 2023 Nigerian Nollywood Romantic Movie",2023-06-06 17:00:27+00:00,677355,7459.0,813.0,2360000,0,0,0,1,0,0,0,1217,13.425952263019402,7.104144092987527,2023,0.01101195089724,0.001200256881546604,0,0,0,0,13.399396690642039,0.02655557237736339
RuthKadiri247,crazy bestie,bRhW7xd7K6w,"CRAZY BESTIE - TOOSWEET ANNAN, FRANCESS BEN, MARYROSE EMEKA, UCHE GODSON, TEMITOPE  AREMU",2023-06-08 15:58:01+00:00,8843521,107930.0,10993.0,4100000,0,0,0,0,0,0,0,1215,15.995195771556723,7.102499355774649,2023,0.012204414960964078,0.0012430569226895033,0,0,0,0,14.976949223854032,1.0182465477026916
Uche Nancy tv,caught in the net,20JEUI6vZFA,"CAUGHT IN THE NET (New Movie) Chinenye Nnebe, Ebube Obio, Ola Daniels 2023 Nigerian Nollywood Movie",2023-06-09 17:02:29+00:00,1536583,17058.0,2479.0,2360000,0,0,0,0,0,0,0,1214,14.245072328762214,7.101675971619444,2023,0.011101255187646876,0.0016133199443180094,0,0,0,0,13.254936219715663,0.990136109046551
Uchenna Mbunabo Tv,things i did for us,E1mX4_nyOIk,"THINGS I DID FOR US - FREDERICK LEONARD, NADIA BUARI, PRECIOUS AKAEZE, 2023 EXCLUSIVE NOLLYWOD MOVIE",2023-06-09 17:30:02+00:00,4271182,41180.0,4504.0,3910000,0,0,0,0,0,0,0,1214,15.267401396014098,7.101675971619444,2023,0.009641359230302057,0.0010545090328625659,0,0,0,0,14.935405005510159,0.3319963905039387
Uche Nancy tv,wounded heart,NBKDC4MSvDk,"WOUNDED HEART - Chinenye Nnebe,Toosweet Annan, Chioma Nwaoha 2023 Nigerian Nollywood Movie",2023-06-11 17:02:26+00:00,640755,5096.0,473.0,2360000,0,0,0,0,0,0,0,1212,13.370404008209007,7.10002716662926,2023,0.007953117806337836,0.0007381916645207607,0,0,0,0,13.254761043903379,0.11564296430562848
BASEFLIX TV,entrapped,ingNndLt-54,"ENTRAPPED - Chinenye Nnebe, Yvonne Jegede, Faith Duke, Kenneth Nwadike 2023 Nigerian Nollywood Movie",2023-06-13 16:00:34+00:00,559243,1772.0,104.0,109000,0,0,0,0,0,0,0,1210,13.234341150640375,7.098375638590786,2023,0.003168568940514231,0.0001859656714523025,0,0,0,0,13.287021166191138,-0.05268001555076296
RuthKadiri247,strange proposal,vEQ_E73STVU,STRANGE PROPOSAL. RUTH KADIRI  TOOSWEET ANANN  EBERE OKAFOR,2023-06-15 16:02:32+00:00,9376522,110327.0,10243.0,4100000,0,0,0,0,0,0,0,1208,16.053719569959966,7.0967213784947605,2023,0.011766303113243908,0.0010924093176553097,0,0,0,0,14.976335347822973,1.0773842221369936
BASEFLIX TV,wounded,wCoJW3oM3yk,"WOUNDED - Maurice Sam, Sonia Uche, Ebube Obio 2023 Nigerian Nollywood Emotional Movie",2023-06-15 17:00:07+00:00,2057767,14373.0,1201.0,109000,0,0,1,1,0,0,0,1208,14.537132458214929,7.0967213784947605,2023,0.0069847558056864555,0.0005836423657294533,0,1,0,0,13.901347120240178,0.6357853379747507
Uche Nancy tv,high hopes,xgYS-RfwIu4,"HIGH HOPES (New Movie) Chinenye Uba, Bryan Emmanuel, Juliet Njemanze 2023 Nigerian Nollywood Movie",2023-06-17 17:00:29+00:00,364639,2649.0,310.0,2360000,0,0,0,0,0,0,0,1206,12.806665844479511,7.095064377287131,2023,0.00726471935256514,0.0008501559076237045,0,0,0,0,13.254233776786055,-0.44756793230654424
Uche Nancy tv,unclean,_pc4rvXbjYo,"UNCLEAN - Ray Emodi, Ebube Nwagbo 2023 Nigerian Nollywood Romantic Movie",2023-06-19 17:01:52+00:00,530129,3646.0,292.0,2360000,0,0,0,0,0,0,0,1204,13.180877538470211,7.093404625868766,2023,0.006877571308115572,0.0005508093313136991,0,0,0,0,13.254057437980293,-0.07317989951008208
Uchenna Mbunabo Tv,love stitches,ZjNc2CEIJ_Q,"LOVE & STITCHES - SONIA UCHE, MAURICE SAM, CHIKE DANIEL nigerian movies 2023 latest full movies",2023-06-19 18:15:44+00:00,9381849,85196.0,8925.0,3910000,0,0,1,1,0,0,0,1204,16.054287529680483,7.093404625868766,2023,0.009080939162418837,0.0009513050146085275,0,1,0,0,15.549027933208958,0.5052595964715252
Uche Nancy tv,money hustle,OpZpOmj2sLY,"MONEY HUSTLE - Chinenye Nnebe, Walter Anga, Georgina Ibeh 2023 Nigerian Nollywood Romantic Movie",2023-06-21 17:03:10+00:00,109003,1228.0,154.0,2360000,0,0,0,0,0,0,0,1202,11.59913985778566,7.091742115095153,2023,0.011265744979495977,0.0014128051521517756,0,0,0,0,13.2538808060093,-1.6547409482236404
RuthKadiri247,marriage interview,5RK6JVk460E,"MARRIAGE INTERVIEW - EDDIE WTASON, UCHE MONTANA, VIVIAN GABRIEL",2023-06-22 16:01:10+00:00,6846988,71920.0,5422.0,4100000,0,0,0,0,1,0,0,1201,15.739319551558898,7.0909098220799835,2023,0.010503888717199445,0.0007918810431681785,0,0,0,0,15.683935338420516,0.05538421313838171
Uche Nancy tv,false shadow,DpFt2Lw-cz0,"FALSE SHADOW (New Movie) Toosweet Annan, Georgina Ibeh, Emmanuella 2023 Nigerian Nollywood Movie",2023-06-23 17:13:58+00:00,334632,4202.0,538.0,2360000,0,0,0,0,0,0,0,1200,12.720789687895861,7.090076835776092,2023,0.012557077625570776,0.00160773625953286,0,0,0,0,13.253703879896673,-0.5329141920008116
Uche Nancy tv,the plot,69O3zl8hksw,"THE PLOT - Ray Emodi, Sonia Uche, Chinenye Nnebe 2023 Nigerian Nollywood Romantic Movie",2023-06-25 17:37:26+00:00,1394678,7739.0,415.0,2360000,0,0,0,1,0,0,0,1198,14.148174839231922,7.088408778675395,2023,0.0055489510840495086,0.00029755972346305024,0,0,0,0,13.39772490623904,0.7504499329928827
NollyFamily tv,heaven sent,Zgw1g2FjvEM,"HEAVEN SENT (New Movie) Ruth Kadiri, Deza The Great, Kenneth Nwadike 2023 Nigerian Nollywood Movie",2023-06-27 16:00:25+00:00,3324767,32667.0,3173.0,1670000,0,0,0,0,0,0,0,1196,15.016910455201652,7.086737934510577,2023,0.009825350167395188,0.0009543525907228988,0,0,0,0,13.202169509167351,1.8147409460343003
RuthKadiri247,let me be your man,tqz-nJG4dk4,LET ME BE YOUR MAN - TOO SWEET ANNAN  FRANCESS BEN  EBERE OKAFOR,2023-06-29 16:06:58+00:00,2993378,34262.0,3045.0,4100000,0,0,0,0,0,0,0,1194,14.91191340761862,7.085064293952548,2023,0.011445931653135687,0.0010172453996788913,0,0,0,0,14.975096851296273,-0.06318344367765327
Uche Nancy tv,wind of grace,dlwopxFv1Ig,"WIND OF GRACE (New Movie) Maurice Sam, Sonia Uche, Chinenye Nnebe 2023 Nigerian Nollywood Movie",2023-07-01 17:00:45+00:00,5462076,54642.0,8294.0,2360000,0,0,1,1,0,0,0,1192,15.51333967831664,7.083387847625295,2023,0.01000388863135555,0.0015184702666165759,0,1,0,0,13.86749492376417,1.6458447545524706
ChinneyLoveEze Tv,phil s love story,vPCduym5vFQ,Phil's Love Story - Uche Montana/Daniel Etim Effiong/Inem king/Rachel Anthony,2023-07-01 17:09:11+00:00,3563303,35324.0,2106.0,829000,0,0,0,0,1,0,0,1192,15.086198762306719,7.083387847625295,2023,0.00991327428512254,0.0005910246757011683,0,0,0,0,15.297986037292992,-0.21178727498627303
Uduak Isong TV,watch ruke,CnJhw0vI6-k,Watch Ruke (Maurice Sam) and Jess (Omeche Oko) begin to fall in love. Nollywood drama.,2023-07-07 15:00:15+00:00,1330052,10336.0,734.0,814000,0,0,1,0,0,0,0,1186,14.100729349028022,7.078341579557671,2023,0.007771124737980169,0.00055185812284031,0,0,0,0,14.50815412312405,-0.40742477409602884
Uche Nancy tv,teenage girl,M5kxdECyxIc,"Teenage Girl - Ebube Obio, Uche Elendu, Ruby Orjiakor, Chikamnso 2023 Nigerian Nollywood Movie",2023-07-07 17:00:24+00:00,57460,964.0,72.0,2360000,0,0,0,0,0,0,0,1186,10.958861735792912,7.078341579557671,2023,0.01677688827010094,0.0012530455969369996,0,0,0,0,13.252457078090112,-2.2935953422972
Uche Nancy tv,fight,9B1gb6I4aQM,"FIGHT (New Movie) Toosweet Annan, Georgina Ibeh, Jojo Yovwe 2023 Nigerian Nollywood Romantic Movie",2023-07-09 17:00:03+00:00,492745,6010.0,770.0,2360000,0,0,0,0,0,0,0,1184,13.10774910727527,7.076653815443951,2023,0.01219697815300003,0.001562674405625628,0,0,0,0,13.252277763100574,-0.1445286558253045
Uche Nancy tv,gold digger,-Q2fa6RAS3o,"GOLD DIGGER - Chinenye Nnebe, Georgina Ibeh, Darlington Chibuikem 2023 Nigerian Nollywood Movie",2023-07-12 17:00:00+00:00,394185,2853.0,257.0,2360000,0,0,0,0,0,0,0,1181,12.884578158103064,7.074116816197362,2023,0.007237718330225656,0.000651978132095336,0,0,0,0,13.252008221883491,-0.36743006378042686
Uduak Isong TV,a holiday affair,4sKi9iG0JuA,"A Holiday Affair - New Nollywood Romantic Movie starring Maurice Sam, Ekamma Etim-Inyang, Ben Olaye",2023-07-12 18:58:47+00:00,2302179,18978.0,1774.0,814000,0,0,1,0,0,0,0,1181,14.649367058082822,7.074116816197362,2023,0.008243494532788284,0.0007705743124231435,0,0,0,0,14.50770526691743,0.1416617911653919
RuthKadiri247,better half,_Dz_6uUP39k,BETTER HALF - UCHE MONTANA CHIDI DIKE DETOLA JONES CHRIS AKWARANDU,2023-07-13 16:15:13+00:00,24462269,289340.0,38078.0,4100000,0,0,0,0,1,0,0,1180,17.012642488496127,7.07326971745971,2023,0.011828011538913254,0.0015566013111866278,0,0,0,0,15.682061181273957,1.33058130722217
Uduak Isong TV,the drama continues with maurice sam jessica nze jess simi ify shola,dgxvc-KBdc8,"The drama continues with Maurice Sam, Jessica Nze, Jess, Simi, Ify, Shola",2023-07-14 16:00:11+00:00,270876,3298.0,465.0,814000,0,0,1,0,0,0,0,1179,12.509420122290868,7.072421900537371,2023,0.012175312689200963,0.0017166526381074735,0,0,0,0,14.507525192118251,-1.9981050698273837
Uche Nancy tv,chidera,hAnVPLe3MUE,"CHIDERA (New Movie) Bryan Emmanuel, Duke Faith, Jojo Yovwe 2023 Nigerian Nollywood Romantic Movie",2023-07-14 16:00:28+00:00,432796,3417.0,366.0,2360000,0,0,0,0,0,0,0,1179,12.978024074882253,7.072421900537371,2023,0.007895174631928206,0.0008456640079852864,0,0,0,0,13.251828147084312,-0.2738040722020596
Uchenna Mbunabo Tv,a heart to love,-gED5NaTYFw,"A HEART TO LOVE - MAURICE SAM, EGO NWOSU, AUDREY HARRISON nigerian movies 2023 latest full movie",2023-07-17 18:00:01+00:00,4195172,35711.0,4050.0,3910000,0,0,1,0,0,0,0,1176,15.249445136604034,7.069874128458572,2023,0.00851240425899105,0.0009653954593518454,0,0,0,0,15.402329708968043,-0.15288457236400887
Uche Nancy tv,tender love,39gBVBjaYXA,"TENDER LOVE - Ebube Obi, Junior Pope, Juliet Njemanze 2023 Nigerian Nollywood Movie",2023-07-18 17:00:04+00:00,118621,1624.0,116.0,2360000,0,0,0,0,0,0,0,1175,11.683697245813722,7.069023426578259,2023,0.01369066185582654,0.0009779044182733243,0,0,0,0,13.251467079256487,-1.5677698334427657
RuthKadiri247,sapa meet japa,wfuF9HwZP6k,"SAPA MEET JAPA - RUTH KADIRI, KENNETH KENNETH NWADIKE, OBY TITUS, MARYROSE EMEKA",2023-07-20 16:02:39+00:00,1804788,22783.0,3039.0,4100000,0,0,0,0,0,0,0,1173,14.405954245409147,7.067319848653476,2023,0.012623643330961864,0.001683854280946017,0,0,0,0,14.973211608567567,-0.5672573631584203
Uduak Isong TV,true love wins in this drama with maurice sam and jess,7Bp_pzu06Bc,True Love Wins in this Nollywood drama with Maurice Sam and Jess.,2023-07-22 15:00:05+00:00,1000541,8806.0,690.0,814000,0,0,1,0,0,0,0,1171,13.816052411135326,7.065613363597717,2023,0.008801238529955294,0.0006896269118406941,0,0,0,0,14.506801825197378,-0.6907494140620525
NollyFamily tv,beautiful side of love,GpesXZ1m2vY,"BEAUTIFUL SIDE OF LOVE (New Movie) Ray Emodi, Okawa Shaznay 2023 Nigerian Nollywood Romantic Movie",2023-07-23 15:02:02+00:00,1177387,9258.0,1045.0,1670000,0,0,0,0,0,0,0,1170,13.978808983575998,7.064759027791802,2023,0.007863174979849447,0.0008875586362003318,0,0,0,0,13.199834379870374,0.778974603705624
Uche Nancy tv,wild rose,ghyJ5tSsy-4,"WILD ROSE (New Movie) Felix Omokhodion, Chinenye Uba, Ola Daniels 2023 Nigerian Nollywood Movie",2023-07-25 17:00:26+00:00,500418,4021.0,564.0,2360000,0,0,0,0,0,0,0,1168,13.123201026478366,7.0630481633881725,2023,0.008035282503826801,0.001127057779696174,0,0,0,0,13.250832242760257,-0.1276312162818911
ChinneyLoveEze Tv,for a better tomorrow ruth kadiri onyii alex hero daniel s,cVTnG_emA6w,FOR A BETTER TOMORROW/ Ruth Kadiri movies/ Onyii Alex/Hero Daniel’s,2023-07-26 16:54:35+00:00,1077188,11475.0,1300.0,829000,0,0,0,0,0,0,0,1167,13.889865428207584,7.062191632286556,2023,0.010652736569661007,0.0012068459730334908,0,0,0,0,14.58751663012825,-0.6976512019206673
Uduak Isong TV,when love calls,Yy9FeQkNEuY,WHEN LOVE CALLS - New Nollywood romantic movie starring Uche Montana and Uzor  Arukwe,2023-07-28 15:00:33+00:00,6151948,51678.0,3039.0,814000,0,0,0,0,1,0,0,1165,15.632279500146259,7.060476365999801,2023,0.008400266062066845,0.0004939898711757641,0,0,0,0,14.744170021837174,0.8881094783090848
RuthKadiri247,within me,s-b7YJtEMX4,"WITHIN ME - CHIDI DIKE, STEFANIA BASSEY, EJIKE IBEDILO, OBY TITUS",2023-07-28 22:29:47+00:00,8248525,111441.0,14166.0,4100000,0,0,0,0,0,0,0,1165,15.925545075681407,7.060476365999801,2023,0.013510415498528525,0.0017173979590290385,0,0,0,0,14.972484528870545,0.9530605468108622
Uche Nancy tv,a turn of fate,PR0CYIP5MFU,"A TURN OF FATE (New Movie) Maurice Sam, Chinenye Nnebe, Sonia Uche 2023 Nigerian Nollywood Movie",2023-08-01 17:00:16+00:00,3273852,31044.0,4073.0,2360000,0,0,1,1,0,0,0,1161,15.001478136699353,7.057036981697891,2023,0.009482407879158862,0.0012441002220014833,0,1,0,0,13.864695299569249,1.136782837130104
RuthKadiri247,saving sarah uche jombo eddie watson ebere okafor,H39HuRzC2V0,SAVING SARAH UCHE JOMBO EDDIE WATSON EBERE OKAFOR,2023-08-03 16:00:46+00:00,2176281,32020.0,4098.0,4100000,0,0,0,0,0,0,0,1159,14.593128474149422,7.055312843339752,2023,0.014713173528602234,0.0018830288919491555,0,0,0,0,14.971935935021298,-0.3788074608718759
ChinneyLoveEze Tv,boss chic maurice sam sophie alakija etinosa idemudia,jMcXsnUQs6U,BOSS CHIC- Maurice sam/ Sophie Alakija/ Etinosa idemudia,2023-08-04 16:01:31+00:00,4040167,35152.0,2365.0,829000,0,0,1,0,0,0,0,1158,15.211796833231151,7.05444965813294,2023,0.008700630444236588,0.0005853718423025583,0,0,0,0,15.05699755286124,0.15479928036991097
Uche Nancy tv,loving april,kh3Y_ObaKPg,"LOVING APRIL (New Movie) Georgina Ibeh, Faith Duke, Maicon Emeka 2023 Nigerian Nollywood Movie",2023-08-06 16:00:35+00:00,278040,2202.0,205.0,2360000,0,0,0,0,0,0,0,1156,12.53552386381276,7.052721049232323,2023,0.00791972378075097,0.000737303985038124,0,0,0,0,13.24973504774837,-0.7142111839356104
Uduak Isong TV,an unlikely pair,aOtziIRQ900,"AN UNLIKELY PAIR - New Nollywood Romantic  movie starring Shine Rossman, Uzor Arukwe, Femi Branch",2023-08-07 15:00:01+00:00,1091012,8925.0,774.0,814000,1,0,0,0,0,0,0,1155,13.902617180417911,7.051855622955894,2023,0.008180478308212925,0.0007094330768130873,0,0,0,0,14.358622660721004,-0.4560054803030926
Uchenna Mbunabo Tv,another day to love,QSfLJbp9ISM,"ANOTHER DAY TO LOVE - BRYAN OKWARA, OKAWA SHAZNAY, PATIENCE nigerian movies 2023 latest full movies",2023-08-07 18:00:10+00:00,2911961,35852.0,3196.0,3910000,0,0,0,0,0,0,0,1155,14.88433763876302,7.051855622955894,2023,0.01231197807937675,0.001097542171752987,0,0,0,0,14.930111887101749,-0.045774248338728896
RuthKadiri247,mannerless chidi dike stephania bassey eronini osinachi,9PyvTGW15xA,MANNERLESS -CHIDI DIKE  STEPHANIA BASSEY ERONINI OSINACHI,2023-08-10 15:59:47+00:00,11999117,149679.0,12684.0,4100000,0,0,0,0,0,0,0,1152,16.300343705051016,7.049254841255837,2023,0.012474167890853968,0.0010570777833068883,0,0,0,0,14.971292308005255,1.3290513970457614
Uchenna Mbunabo Tv,in another body,Ly4zWdieh-Y,"IN ANOTHER BODY - CHIKE DANIEL, IFEKA DORIS, IFUNANYA IGWE nigerian movies 2023 latest full movies",2023-08-12 17:00:10+00:00,2056178,22009.0,1886.0,3910000,0,0,0,0,0,0,0,1150,14.536359964024303,7.047517221357296,2023,0.010703839842659536,0.0009172357646079279,0,0,0,0,14.929650957502085,-0.3932909934777822
Uche Nancy tv,over him,MynS5emYul8,"OVER HIM (New Movie) John Ekanem, Faith Duke, Emmanuella Iloba 2023 Nigerian Nollywood Movie",2023-08-13 17:01:30+00:00,899026,4567.0,374.0,2360000,0,0,0,0,0,0,0,1149,13.709068346373176,7.046647277848756,2023,0.005079942070640894,0.00041600576624035345,0,0,0,0,13.249089745337182,0.45997860103599386
Uchenna Mbunabo Tv,forever my girl,8u_iRDguZv8,"FOREVER MY GIRL - MAURICE SAM, EBUBE NWAGBO, DERA, KIE KIE nigerian movies 2023 latest full movie",2023-08-14 18:00:57+00:00,4731451,55608.0,4905.0,3910000,0,0,1,0,0,0,0,1148,15.369742690104582,7.045776576879511,2023,0.011752842838275194,0.0010366798683955514,0,0,0,0,15.39976948614178,-0.030026796037198267
Uduak Isong TV,mistaken,eXyXgLbxiFw,"MISTAKEN - Watch Maurice Sam, Ekamma Etim Inyang, Ben Olaye in this New Nollywood romantic drama.",2023-08-15 15:00:35+00:00,4166104,36411.0,4063.0,814000,0,0,1,0,0,0,0,1147,15.242492104518083,7.044905117129371,2023,0.008739820225323228,0.0009752516979892965,0,0,0,0,14.504601696062839,0.7378904084552449
RuthKadiri247,lets play,IDgNcxfucKU,"LETS PLAY - DEZA THE GREAT, OKAWA SHAZNAY, ATEWE RAPHAEL",2023-08-17 16:04:04+00:00,3099382,41538.0,5008.0,4100000,0,0,0,0,0,0,0,1145,14.946713617387761,7.0431599159883405,2023,0.013402026597560417,0.0016158059897102067,0,0,0,0,14.970644758118578,-0.02393114073081648
Uche Nancy tv,soft life,cXU33jaDOHQ,"SOFT LIFE (New Movie) Sonia Uche, Ebube Obi, Christian Ochiagha 2023 Nigerian Nollywood Movie",2023-08-20 17:03:32+00:00,2156225,29106.0,3709.0,2360000,0,0,0,1,0,0,0,1142,14.58387002926508,7.040536390215956,2023,0.013498591288014934,0.0017201358856334566,0,0,0,0,13.392638747121197,1.1912312821438835
RuthKadiri247,sorrow gate,obHld_exHEE,"SORROW GATE - RUTH KADIRI, EDDIE WATSON, SCARLET GOMEZ",2023-08-24 16:00:48+00:00,4548293,56592.0,8745.0,4100000,0,0,0,0,0,0,0,1138,15.330262775562716,7.037027614686276,2023,0.012442470175074473,0.0019226993511631727,0,0,0,0,14.96999323724852,0.3602695383141956
Uche Nancy tv,down for you,6ujj7ZBzuOQ,"DOWN FOR YOU (New Movie) Ebube Obi, Doris Ifeka, Tommy Roland, Sonia 2023 Nigerian Nollywood Movie",2023-08-27 17:00:07+00:00,593752,8517.0,966.0,2360000,0,0,0,0,0,0,0,1135,13.294218686949803,7.034387929915503,2023,0.014344372734744473,0.001626941888195745,0,0,0,0,13.247787261874876,0.04643142507492648
Uche Nancy tv,bleeding heart,YkvO1Nrbk2A,"BLEEDING HEART (New Movie) Sonia Uche, Faith Duke, Christian Ochiagha 2023 Nigerian Nollywood Movie",2023-08-29 16:19:53+00:00,549202,6235.0,672.0,2360000,0,0,0,1,0,0,0,1133,13.21622341535193,7.0326242610280065,2023,0.011352835568697857,0.0012235935047578122,0,0,0,0,13.391798130028425,-0.175574714676495
RuthKadiri247,in your heart,4lAQlgCEm8s,"IN YOUR HEART  -  DEZA THE GREAT, SCARLET GOMEZ, DETOLA JONES, NANCEE MAURICE",2023-08-31 16:00:05+00:00,2064786,29226.0,5430.0,4100000,0,0,0,0,0,0,0,1131,14.540537631357422,7.030857476116121,2023,0.014154493492303803,0.0026298124841993313,0,0,0,0,14.969337696391737,-0.42880006503431467
NollyFamily tv,turning point,lMg5mPU5uVw,"TURNING POINT (New Movie) Onyii Alex, Ben Touitou, Sochima Ezeoke 2023 Nigerian Nollywood Movie",2023-09-05 15:00:36+00:00,264416,2955.0,226.0,1670000,0,0,0,0,0,0,0,1126,12.485282681413159,7.026426808699636,2023,0.011175571826213239,0.0008547137843398281,0,0,0,0,13.195761807518819,-0.7104791261056604
ChinneyLoveEze Tv,falling for you eronini osinachi inem king hero daniels,qWPS49t9qNg,FALLING FOR YOU- Eronini osinachi/inem king/Hero Daniels,2023-09-06 16:03:19+00:00,1709127,20761.0,1715.0,829000,0,0,0,0,0,0,0,1125,14.35149385689398,7.025538314638521,2023,0.012147137105668566,0.001003436257223717,0,0,0,0,14.583622431159826,-0.23212857426584677
RuthKadiri247,perfect four,vadub48AcZA,PERFECT FOUR - CHIDI DIKE ERONINI OSINACHI STEFFANIA BASSEY FRANCESS NWABUNIKE,2023-09-07 16:05:27+00:00,6877009,82639.0,6417.0,4100000,0,0,0,0,0,0,0,1124,15.743694522423352,7.024649030453636,2023,0.01201670668164023,0.0009331091467235247,0,0,0,0,14.968678085632172,0.77501643679118
BASEFLIX TV,painted heart,Lh02tiuS09U,PAINTED HEART - RAY EMODI CHINENYE NNEBE JULIET NJEMANZE 2023 NOLLYWOOD ROMANTIC MOVIE,2023-09-09 15:00:14+00:00,1719680,14539.0,1068.0,109000,0,0,0,0,0,0,0,1122,14.357649366472575,7.022868086082641,2023,0.008454479903237812,0.0006210457759583179,0,0,0,0,13.278998933772534,1.0786504327000408
Uche Nancy tv,a blind faith,YnvVQdNhdaQ,"A BLIND FAITH (New Movie) Sonia Uche, Jennifer Eliogu, Felix Omokhodio 2023 Nigerian Nollywood Movie",2023-09-10 16:04:23+00:00,501478,5832.0,614.0,2360000,0,0,0,1,0,0,0,1121,13.125317011130502,7.02197642307216,2023,0.011629622834900035,0.0012243807305604632,0,0,0,0,13.390666860003108,-0.2653498488726065
Uchenna Mbunabo Tv,because i miss you,sOye9U_xDRE,"BECAUSE I MISS YOU - EBUBE NWAGBO, ONYII ALEX, BRYAN OKWARA nigerian movies 2023 latest full movie",2023-09-11 18:00:17+00:00,2317406,21668.0,2390.0,3910000,0,0,0,0,0,0,0,1120,14.6559594461671,7.02108396428914,2023,0.009350109562156999,0.0010313255424383987,0,0,0,0,14.926842579734064,-0.27088313356696325
NollyFamily tv,the one for me,lqgoxO_CPWs,"THE ONE FOR ME (New Movie) Chidi Dike, Hamidat Oyindamola 2023 Nigerian Nollywood Romantic Movie",2023-09-13 16:00:39+00:00,3071514,27629.0,2414.0,1670000,0,0,0,0,0,0,0,1118,14.937681483181553,7.0192966537150445,2023,0.008995238178956698,0.0007859316285063327,0,0,0,0,13.195004270576261,1.742677212605292
Uduak Isong TV,eddie watson and inem king are accidental lovers in this romance with ayo adesanya,KfkLDfvZdmk,Eddie Watson and Inem King are accidental lovers in this Nollywood romance with Ayo Adesanya,2023-09-19 15:00:15+00:00,616492,6102.0,379.0,814000,0,0,0,0,0,0,0,1112,13.33180224710196,7.013915474810528,2023,0.009897938659382441,0.0006147687236817347,0,0,0,0,14.031005767360655,-0.6992035202586955
NollyFamily tv,butterflies,XUTouo2pG9Y,"BUTTERFLIES (New Movie) Chidi Dike, Stefania Bassey, Elochukwu Godwin 2023 Nigerian Nollywood Movie",2023-09-19 15:00:24+00:00,3297644,34559.0,2838.0,1670000,0,0,0,0,0,0,0,1112,15.00871913531343,7.013915474810528,2023,0.010479906260348297,0.000860614426542101,0,0,0,0,13.194432552033888,1.814286583279543
ChinneyLoveEze Tv,half half,5xg4nFbLXXI,HALF & HALF - DANIEL ETIM EFFIONG And INEM KING in this hilarious Drama,2023-09-20 18:18:52+00:00,1679045,16498.0,1239.0,829000,0,0,0,0,0,0,0,1111,14.333736332944653,7.01301578963963,2023,0.009825823608062917,0.0007379194720808555,0,0,0,0,14.58229198668544,-0.24855565374078736
RuthKadiri247,music is my crime,03lJ2mNcrwA,MUSIC IS  MY  CRIME - STEPHEN ODIMGBE  MERCY ISOYIP  ATEWE RAPHEAL,2023-09-21 17:00:26+00:00,2219521,26550.0,3256.0,4100000,0,0,0,0,0,0,0,1110,14.612802415349476,7.01211529430638,2023,0.01196204045827906,0.0014669831914183285,0,0,0,0,14.96734645003935,-0.3545440346898747
Uche Nancy tv,better life,b_WDxoF_0u0,"BETTER LIFE - Sonia Uche, Ebube Obio, Bryan Emmanuel 2023 Nigerian Nollywood Romantic Movie",2023-09-22 17:14:49+00:00,179957,2362.0,146.0,2360000,0,0,0,1,0,0,0,1109,12.100478769312556,7.011213987350367,2023,0.01312535772434526,0.0008113049228426791,0,0,0,0,13.38952341464059,-1.289044645328035
BASEFLIX TV,loving you,iTmdpb5F3tU,LOVING YOU - RUTH KADIRI DANIELROCK OBIORA ONYEKA MERCY CHARLES LENNY 2023 NOLLYWOOD ROMANTIC MOVIE,2023-09-23 15:00:38+00:00,613820,6470.0,614.0,109000,0,0,0,0,0,0,0,1108,13.327458633681248,7.010311867307229,2023,0.01054054934671402,0.0010002932455768791,0,0,0,0,13.277664909532982,0.049793724148265994
Uchenna Mbunabo Tv,love deposit,-xzCaWzvJGw,"LOVE DEPOSIT - ONYII ALEX, CHINENYE NNEBE, DERA OSADEBE, CHIKE DANIELS Latest 2023 nigerian movies",2023-09-25 18:00:00+00:00,6414887,63818.0,4425.0,3910000,0,0,0,0,0,0,0,1106,15.674132096799182,7.00850518208228,2023,0.009948421538836148,0.0006898017065616277,0,0,0,0,14.925506158262907,0.748625938536275
Uche Nancy tv,through the fire,sP5TyZzGgqU,"THROUGH THE FIRE - Chinenye Nnebe, Felix Omokhodion, Eucharia Anunobi Ifeoma 2023 Nollywood Movie",2023-09-28 15:00:51+00:00,363771,5135.0,508.0,2360000,0,0,0,0,0,0,0,1103,12.804282576738588,7.005789019253503,2023,0.01411602354228347,0.0013964829521869529,0,0,0,0,13.244748796176696,-0.4404662194381075
RuthKadiri247,wife for sale,vk0S_zme4oE,WIFE FOR SALE - RUTH KADIRI STEPHEN ODIMGBE  OBY TITUS  ANYALOGWU,2023-09-28 16:00:20+00:00,7284896,77676.0,9693.0,4100000,0,0,0,0,0,0,0,1103,15.801313858870447,7.005789019253503,2023,0.010662609322082291,0.0013305612049918077,0,0,0,0,14.966674320601534,0.8346395382689131
AMCChannels,boomerang,JzZmGeN7Zbc,"BOOMERANG - Uche Montana, Alex Cross, Ruby P. Okezie, Adeola Awoden 2023 Nigerian Nollywood Movie",2023-10-01 11:00:08+00:00,1479599,16129.0,971.0,169000,0,0,0,0,1,0,0,1100,14.207282338940436,7.003065458786462,2023,0.010900926534824638,0.0006562588917672965,0,0,0,0,14.207282338940614,-1.7763568394002505e-13
Uduak Isong TV,just two of us,rHYx7G-d8nU,"JUST TWO OF US - New Nollywood drama featuring Ego Nwosu, Chioma Nwosu, Kenneth Nwadike",2023-10-03 17:00:29+00:00,911281,10893.0,1333.0,814000,0,0,0,0,0,0,0,1098,13.722607678286511,7.001245622069476,2023,0.011953502816365095,0.0014627760262751006,0,0,0,0,14.029659670182003,-0.3070519918954915
Uche Nancy tv,sacrifice,8sXqENIVH88,"SACRIFICE - Ruth Kadiri, Adekanla Desalu, Kenneth Nwadike, Ese Eriata 2023 Nigerian Nollywood Movie",2023-10-04 15:00:07+00:00,351815,3657.0,283.0,2360000,0,0,0,0,0,0,0,1097,12.770863590637976,7.00033446027523,2023,0.010394667652033028,0.0008044000397936415,0,0,0,0,13.244169281433983,-0.47330569079600693
RuthKadiri247,pink or blue,JTlv_iX1zmY,"PINK OR BLUE - DEZA THE GREAT, SCARLET GOMEZ,",2023-10-05 16:00:40+00:00,2757932,37689.0,3689.0,4100000,0,0,0,0,0,0,0,1096,14.829992044074388,6.999422467507961,2023,0.01366567413554794,0.0013375964309489865,0,0,0,0,14.965997912002509,-0.1360058679281213
Uchenna Mbunabo Tv,twisted feelings,BiIdEH55PaA,"TWISTED FEELINGS  - EBUBE NWAGBO, CHIKE DANIELS, MUNACHI ITUMO latest 2023 nigerian movies",2023-10-06 17:30:02+00:00,4499390,39347.0,2278.0,3910000,0,0,0,0,0,0,0,1095,15.319452612248833,6.9985096422506015,2023,0.008744963206123496,0.0005062908527600408,0,0,0,0,14.924444191068693,0.39500842118014035
Uche Nancy tv,made for love,ey3LIU4OY-M,"MADE FOR LOVE - Ray Emodi, Faith Duke, Ola Daniels, Ego Nworji 2023 Nollywood Romantic Movie",2023-10-08 15:00:25+00:00,760093,7262.0,856.0,2360000,0,0,0,0,0,0,0,1093,13.541197388824779,6.996681488176539,2023,0.009554094038492658,0.001126177980852343,0,0,0,0,13.243781174678817,0.29741621414596153
RuthKadiri247,boys to men,gfe6L4Jy7WU,BOYS TO MEN - ERONIN OSINACHIM CHIDI DIKE      SHANKCOMICS GENEVIEVE UKATU  FORTUNE KINGSLEY,2023-10-12 16:01:58+00:00,4637597,65795.0,8731.0,4100000,0,0,0,0,0,0,0,1089,15.34970711775002,6.9930151229329605,2023,0.014187304330238269,0.0018826560393238136,0,0,0,0,14.965317169405784,0.3843899483442357
NollyFamily tv,fatal attraction,yjcV5phu0MM,"FATAL ATTRACTION (New Movie) Sonia Uche, Benita Onyiuke, Stan Nze 2023 Nigerian Nollywood Movie",2023-10-17 15:00:48+00:00,733640,7526.0,716.0,1670000,0,0,0,1,0,0,0,1084,13.505775087130393,6.988413181999592,2023,0.010258437380731693,0.0009759555095142031,0,0,0,0,13.335921331309095,0.1698537558212987
Uche Nancy tv,soul desire,HDIxYgyHLu4,"SOUL DESIRE (New Movie) Maurice Sam, Chinenye Nnebe, Emmanuella Iloba, Ebube 2023 Nollywood Movie",2023-10-18 16:00:20+00:00,996798,12583.0,1743.0,2360000,0,0,1,0,0,0,0,1083,13.81230442380455,6.9874902470009905,2023,0.012623420191453032,0.0017485990140429656,0,0,0,0,13.713108121332588,0.09919630247196132
RuthKadiri247,runaway,iQitgWSGk2Y,"RUNAWAY - RUTH KADIRI, TOOSWEET ANNAN, OMA NNADI, OBY TITUS",2023-10-19 16:01:18+00:00,4912081,61860.0,6612.0,4100000,0,0,0,0,0,0,0,1082,15.40720844248085,6.9865664594064265,2023,0.012593440539763086,0.0013460690082268594,0,0,0,0,14.96463203691399,0.44257640556686084
Uchenna Mbunabo Tv,one string attached,JQ7tmUUg4eI,"ONE STRING ATTACHED - UCHE MONTANA, CHIKE DANIELS, CAROLINE IGBE, latest 2023 nigerian movie",2023-10-19 18:00:49+00:00,8923506,88222.0,5876.0,3910000,0,0,0,0,1,0,0,1082,16.004199588723466,6.9865664594064265,2023,0.009886472872882026,0.0006584855773056016,0,0,0,0,15.631392732497421,0.37280685622604537
Nollysure TV,the good wife,nfOcu0dSfCs,"The Good Wife - Daniel Etim, Nancy Isime, Francess Ben, Deza The Great  | New Trending Movie 2023",2023-10-20 15:00:43+00:00,1579383,7754.0,564.0,63600,0,0,0,0,0,0,0,1081,14.272545455565028,6.985641817639208,2023,0.004909512132269374,0.0003571014757028536,0,0,0,0,14.272545455565018,1.0658141036401503e-14
Uduak Isong TV,selina s wedding,-kcERcOvCXg,SELINA'S WEDDING - Watch Bimbo Ademoye and Daniel Etim celebrate love in this Nollywood drama.,2023-10-20 16:00:00+00:00,6834169,71240.0,9361.0,814000,0,0,0,0,0,0,1,1081,15.737445586969871,6.985641817639208,2023,0.010424091063595296,0.0013697349304648452,0,0,0,0,14.952541777311868,0.7849038096580028
Uche Nancy tv,games girls play,eRnYFiN3zxc,"GAMES GIRLS PLAY (New Movie) Sonia Uche, Sonia Ogene, Tommy Roland 2023 Nollywood Movie",2023-10-22 16:16:08+00:00,482957,7201.0,817.0,2360000,0,0,0,1,0,0,0,1079,13.087684972332033,6.983789965258135,2023,0.014910230103301123,0.0016916619906120008,0,0,0,0,13.386609773928251,-0.29892480159621826
Uchenna Mbunabo Tv,as we are,NPO4HlWvzjo,"AS WE ARE - FREDERICK LEONARD, ONYII ALEX, PATIENCE UJAH, ANTHONY WOODE latest 2023 nigerian movie",2023-10-24 18:00:09+00:00,5661455,56146.0,6359.0,3910000,0,0,0,0,0,0,0,1077,15.549191660914103,6.981934677156389,2023,0.009917238589726493,0.0011232094929660309,0,0,0,0,14.92268319871893,0.6265084621951722
RuthKadiri247,street love,PAcxOcB3CPw,STREET LOVE - RUTH KADIRI  MAURICE SAM BIANCA UGONWANNE,2023-10-26 16:00:06+00:00,4332312,53943.0,7398.0,4100000,0,0,1,0,0,0,0,1075,15.28161213749382,6.980075940561763,2023,0.012451319295563201,0.0017076332452510346,0,0,0,0,15.43424591939758,-0.1526337819037593
Uche Nancy tv,wickedness of the wicked,uQrcDvUeWTw,"WICKEDNESS OF THE WICKED (New Movie) Felix Omokhodion, Georgina Ibeh 2023 Nollywood Romantic Movie",2023-10-29 20:25:24+00:00,281482,3290.0,327.0,2360000,0,0,0,0,0,0,0,1072,12.54782733397452,6.977281341630747,2023,0.01168813636395933,0.0011617083863266569,0,0,0,0,13.241720023451217,-0.6938926894766961
Uche Nancy tv,my mistake,rUM6MhgE8bU,"MY MISTAKE (New Movie) Chinenye Nnebe, Toosweet Annan, Ifeoma Nebe 2023 Nollywood Romantic Movie",2023-11-01 17:00:49+00:00,1170226,10236.0,785.0,2360000,0,0,0,0,0,0,0,1069,13.972708305049073,6.974478911025045,2023,0.008747028351788458,0.0006708105955601739,0,0,0,0,13.241422281716659,0.7312860233324141
ChinneyLoveEze Tv,city girls,zwR1t3c_aRM,CITY GIRLS - UCHE MONTANA/ ONYII ALEX /LINA IDOKO,2023-11-02 15:57:10+00:00,8580406,61959.0,3278.0,829000,0,0,0,0,1,0,0,1068,15.964991906236534,6.97354301952014,2023,0.007220986978937826,0.0003820332044893913,0,0,0,0,15.28631567172332,0.6786762345132136
Uduak Isong TV,the housekeeper,1gAi1bLcb5Q,The Housekeeper - Watch Bimbo Ademoye and Seun Akindele in this new Nollywood romantic drama.,2023-11-03 16:59:50+00:00,3868938,28085.0,1532.0,814000,0,0,0,0,0,0,1,1067,15.168490867210465,6.9726062513017535,2023,0.007259097974689695,0.0003959742957886635,0,0,0,0,14.951156825219083,0.21733404199138207
RuthKadiri247,the masseuse maurice sam stephania bassey francess nwabunike,coNSUx3q6NI,THE MASSEUSE MAURICE SAM STEPHANIA BASSEY FRANCESS NWABUNIKE,2023-11-03 17:28:19+00:00,3674778,49811.0,4126.0,4100000,0,0,1,0,0,0,0,1067,15.117003552766407,6.9726062513017535,2023,0.01355483242797252,0.0011227889140514066,0,0,0,0,15.433452308939446,-0.31644875617303825
NollyFamily tv,bees and honey,yDXxBJZO0LU,"BEES AND HONEY (New Movie) Eronini Osinachi, Stefania Bassey, Daniel Rock 2023 Nollywood Movie",2023-11-04 17:45:01+00:00,884943,11328.0,827.0,1670000,0,0,0,0,0,0,0,1066,13.693279645151845,6.97166860472579,2023,0.012800824459880468,0.0009345234664831521,0,0,0,0,13.189944071087009,0.5033355740648364
Uchenna Mbunabo Tv,when angels meet,sm7-S9eoq70,"WHEN ANGELS MEET - CLINTON JOSHUA, ENOCK DARKO, CHIOMA, PRECIOUS AKAEZE latest 2023 nigerian movie",2023-11-06 18:00:34+00:00,11905544,121360.0,12261.0,3910000,0,0,0,0,0,0,0,1064,16.29251481593969,6.96979066990159,2023,0.010193570323204048,0.0010298563425577194,0,0,0,0,14.921392969523902,1.3711218464157877
NollyFamily tv,crazy babymama,e_VsYxt3pq0,"CRAZY BABYMAMA (New Movie) Onyii Alex, Ben Touitou, Vivian Gabriel 2023 Nigerian Nollywood Movie",2023-11-07 14:00:33+00:00,519087,5227.0,325.0,1670000,0,0,0,0,0,0,0,1063,13.159828704614966,6.968850378341948,2023,0.01006960297599439,0.0006260992858615222,0,0,0,0,13.189644651144123,-0.029815946529156534
RuthKadiri247,my cup of tea,m6ojd20DS1E,"MY CUP OF TEA  - EDDIE WATSON, SCARLET GOMEZ, FRANCES NWABUNIKE",2023-11-09 17:55:05+00:00,2327712,29652.0,2001.0,4100000,0,0,0,0,0,0,0,1061,14.6603967984467,6.966967138613983,2023,0.012738689322390398,0.0008596424299913392,0,0,0,0,14.962549724596599,-0.3021529261498994
NollyFamily tv,warm my heart,9RW3MrzhQbc,"WARM MY HEART - Maurice Sam, Benita Onyiuke 2023 Nigerian Nollywood Romantic Movie",2023-11-11 14:00:04+00:00,1516836,12979.0,904.0,1670000,0,0,1,0,0,0,0,1059,14.232137803645294,6.9650803456014065,2023,0.008556627084272789,0.0005959774161478235,0,0,0,0,13.65954756924195,0.5725902344033447
Uche Nancy tv,unforgiven,0UPo4IzmttM,"UNFORGIVEN (New Movie) Sonia Uche, Chinenye Nnebe, Felix Omokhodion Jojo Yovwe 2023 Nollywood Movie",2023-11-12 16:00:00+00:00,1295329,14470.0,1159.0,2360000,0,0,0,1,0,0,0,1058,14.074276046907906,6.964135612418245,2023,0.011170907159493842,0.0008947533792573161,0,0,0,0,13.384521614780173,0.6897544321277334
Uduak Isong TV,finding love,NTa_KPXGUhU,'Finding Love - Daniel Etim and Chinonso Arubayi are brilliant in this Nollywood Romantic drama,2023-11-14 16:10:13+00:00,1803983,15360.0,929.0,814000,0,0,0,0,0,0,0,1056,14.405508110385775,6.962243464266207,2023,0.008514492653201278,0.0005149715934130199,0,0,0,0,14.025515920790959,0.37999218959481595
RuthKadiri247,last good man nonzo bassey ruth kadiri charles born,YsOPJhApEXE,LAST GOOD MAN- NONZO BASSEY RUTH KADIRI CHARLES BORN,2023-11-16 16:00:42+00:00,1570588,25667.0,3548.0,4100000,0,0,0,0,0,0,0,1054,14.266961266205529,6.960347729101308,2023,0.016342287092477467,0.002259026555659409,0,0,0,0,14.961846451350139,-0.6948851851446101
Uduak Isong TV,until you,4HDt8400GeI,"UNTIL YOU - Watch Maurice Sam, Sandra Ifudu and Omeche Oko in this Nollywood romantic movie.",2023-11-19 17:00:07+00:00,6355810,60991.0,5810.0,814000,0,0,1,0,0,0,0,1051,15.66488007051381,6.957497370876951,2023,0.009596101834384602,0.000914124242228764,0,0,0,0,14.495315138197682,1.1695649323161277
NollyFamily tv,on the wings of love,CrSEwYGJqjI,"ON THE WINGS OF LOVE (New Movie) Chidi Dike, Chinenye Nnebe, Isreal Henry 2023 Nigerian Nolly Movie",2023-11-21 14:00:14+00:00,4096734,40130.0,1867.0,1670000,0,0,0,0,0,0,0,1049,15.225700872962822,6.955592608396297,2023,0.009795607915964278,0.00045572888061563187,0,0,0,0,13.188236091227617,2.0374647817352045
Uchenna Mbunabo Tv,the photographer,zdtZUke0-tU,"THE PHOTOGRAPHER - MAURICE SAM, EGO NWOSU, MICHAEL EJOOR latest 2023 nigerian movies",2023-11-23 17:30:09+00:00,3494600,40526.0,4341.0,3910000,0,0,1,0,0,0,0,1047,15.066729764042817,6.953684210870537,2023,0.011596749270302752,0.0012422022549075716,0,0,0,0,15.389985215038259,-0.3232554509954415
RuthKadiri247,in the morning chidi dike genevieve ukatu frances nwabunike,RAtn9sSDTKA,IN THE MORNING- CHIDI DIKE GENEVIEVE UKATU FRANCES NWABUNIKE,2023-11-23 19:01:02+00:00,3473551,46254.0,3897.0,4100000,0,0,0,0,0,0,0,1047,15.060688259493876,6.953684210870537,2023,0.013316056105121243,0.0011219066597841804,0,0,0,0,14.961138491812356,0.0995497676815198
Uche Nancy tv,short of time,OK1JU9HuMvk,"SHORT OF TIME (New Movie) Sonia Uche, Felix Omokhodion, Alex Cross 2023 Nollywood Romantic Movie",2023-11-24 14:00:16+00:00,421580,8837.0,868.0,2360000,0,0,0,1,0,0,0,1046,12.951767208780106,6.952728644624869,2023,0.02096162057023578,0.0020589212011955025,0,0,0,0,13.38330969168387,-0.4315424829037635
Uduak Isong TV,unlucky,r_-54VLm8WI,UNLUCKY - Watch Bimbo Ademoye and Uzor Arukwe in this Nollywood drama.,2023-11-26 16:07:36+00:00,5482773,44610.0,5241.0,814000,1,0,0,0,0,0,1,1044,15.517121735225544,6.950814768442584,2023,0.008136393755495623,0.0009559031533860694,0,0,0,0,15.272427584838585,0.24469415038695885
Uchenna Mbunabo Tv,light hearts,hJAw45osNdY,"LIGHT HEARTS - UCHE MONTANA, CHIKE DANIELS, FIONA GARBA, CHIOMA EDAK latest 2023 nigerian movies",2023-11-27 18:00:31+00:00,8607422,85471.0,6200.0,3910000,0,0,0,0,1,0,0,1043,15.968135528467903,6.949856455000773,2023,0.00992991862139442,0.0007203085894940437,0,0,0,0,15.627492510895106,0.3406430175727966
NollyFamily tv,turn by turn,hL0jcN27WEc,"TURN BY TURN (New Movie) Ruth Kadiri, Stephen Odimgbe 2023 Nigerian Nollywood Romantic Movie",2023-11-28 14:00:59+00:00,3144744,31772.0,3390.0,1670000,0,0,0,0,0,0,0,1042,14.961243363748348,6.948897222313312,2023,0.010103207129101765,0.0010779891781334187,0,0,0,0,13.187524745918362,1.7737186178299869
Uchenna Mbunabo Tv,miss hilda,7V513bgWg5A,"MISS HILDA - PAMELA OKOYE, CHIKE DANIELS, DONALD NKEM latest 2023 nigerian movies",2023-11-29 18:00:03+00:00,1804675,22495.0,2341.0,3910000,0,0,0,0,0,0,0,1041,14.405891632251775,6.947937068614969,2023,0.012464848241373101,0.0012971864740188676,0,0,0,0,14.91907115319055,-0.5131795209387757
RuthKadiri247,peace or refund,nXyb_4OxZds,"PEACE OR REFUND - RUTH KADIRI, DEZA THE GREAT, MORGAN ULAMBA, TRINITY UGONABO",2023-11-30 17:00:54+00:00,4504614,64428.0,9440.0,4100000,0,0,0,0,0,0,0,1040,15.320612984773277,6.946975992135418,2023,0.014302668330738216,0.002095629059448823,0,0,0,0,14.960425783109446,0.36018720166383034
Uduak Isong TV,matters of the heart,tcMkXFZG95c,"MATTERS OF THE HEART - Watch Maurice Sam, Teniola Aladese, Moc Madu in this new Nollywood drama.",2023-12-01 16:00:40+00:00,5081262,43027.0,4795.0,814000,0,0,1,0,0,0,0,1039,15.441070410700569,6.946013991099227,2023,0.008467778280277616,0.0009436632080770486,0,0,0,0,14.494095096778407,0.9469753139221613
Uche Nancy tv,past mistake,KbdDy3-MWPw,"PAST MISTAKE (New Movie) Maurice Sam, Ebube Nwagbo 2023 Nollywood Romantic Movie",2023-12-03 17:20:10+00:00,829147,10524.0,721.0,2360000,0,0,1,0,0,0,0,1037,13.62815394653055,6.9440872082295275,2023,0.012692562356252872,0.0008695683636315394,0,0,0,0,13.708496804277107,-0.08034285774655814
NollyFamily tv,wild hearts,gBCpZJOy4Ks,"WILD HEARTS (New Movie) Chidi Dike, Chinenye Nnebe, Isreal Henry 2023 Nigerian Nollywood Movie",2023-12-05 14:16:56+00:00,2446085,27224.0,1874.0,1670000,0,0,0,0,0,0,0,1035,14.709999754055167,6.942156705699469,2023,0.011129621415445498,0.0007661221911748774,0,0,0,0,13.186808605756198,1.5231911482989684
RuthKadiri247,why not me,hxmRyu23ekU,"WHY NOT ME | LOVE SPELLS, SECRETS & SWEET CHAOS #nollywood  #movie",2023-12-07 16:01:59+00:00,821767,14613.0,1728.0,4100000,0,0,0,0,0,0,0,1033,13.61921339575873,6.940222469119639,2023,0.017782412776370916,0.0021027858261526687,0,0,0,0,14.959708261093736,-1.3404948653350068
Uche Nancy tv,rihanna,pDBoA5otuJ4,"RIHANNA (New Movie) Sonia Uche, Ebube Obi, Bryan Emmanuel 2023 Nollywood Romantic Movie",2023-12-08 17:00:44+00:00,1185879,13525.0,1068.0,2360000,0,0,0,1,0,0,0,1032,13.985995672982273,6.939253946041508,2023,0.011405042167033905,0.0009005977844282596,0,0,0,0,13.381878084378167,0.6041175886041064
Bimbo Ademoye TV,obsession,TjFSNjGHf0M,"OBSESSION ! THE LANDLORD... MAURICE SAM, BIMBO ADEMOYE,  UZOR ARUKWE .",2023-12-09 13:00:31+00:00,2218683,20876.0,1110.0,1840000,1,0,1,0,0,0,1,1031,14.612424785284555,6.93828448401696,2023,0.009409185539349245,0.0005002967976948487,0,0,0,0,16.46795147391613,-1.855526688631576
Nolly Films 247,playing for keeps love ik ogbonna bolaji ogunmola gold chiaku hillary jack,ygPgmCPv3sg,Playing For Keeps 2023 Full Nollywood Love Movie Ik Ogbonna Bolaji Ogunmola Gold Chiaku Hillary Jack,2023-12-09 14:01:14+00:00,289640,2583.0,258.0,20300,0,0,0,0,0,0,0,1031,12.576397504058598,6.93828448401696,2023,0.008917967131611656,0.0008907609446209087,0,0,0,0,12.576397504058706,-1.0835776720341528e-13
Uduak Isong TV,my single mother,_nAtm_bd9L4,"My single mother - A Christian movie starring  Miwa Olorunfemi, Ujams Chukwunonso, Chike",2023-12-10 16:21:44+00:00,394837,5982.0,373.0,814000,0,0,0,0,0,0,0,1030,12.886230833176072,6.937314081223682,2023,0.015150555798975273,0.000944693633068836,0,0,0,0,14.02286732077445,-1.1366364875983788
RuthKadiri247,bold heart,SoKyX7V58tE,BOLD HEART | LOVE AFTER PAIN 💔 #nollywood  #movie,2023-12-14 16:00:44+00:00,1171799,23810.0,1908.0,4100000,0,0,0,0,0,0,0,1026,13.974051586092825,6.933423025730715,2023,0.020319184433507793,0.0016282655984516117,0,0,0,0,14.95898586030903,-0.9849342742162044
BASEFLIX TV,this thing between us,kPmIL54aSeQ,"THIS THING BETWEEN US - Deza The Great, Stefania Bassey, Chioma Okafor 2023 Nollywood Romantic Movie",2023-12-16 14:00:33+00:00,2496712,23696.0,1700.0,109000,0,0,0,0,0,0,0,1024,14.73048562473053,6.931471805599453,2023,0.009490882408543717,0.0006808955137797231,0,0,0,0,13.269288617653455,1.4611970070770752
Uchenna Mbunabo Tv,intense attraction,Ey4OvWNWXNg,"INTENSE ATTRACTION - FREDERICK LEONARD, EBUBE NWAGBO, BRYAN OKWARA, VICTORIA EGBUCHERE 2023 NG movie",2023-12-18 18:00:05+00:00,2055507,21635.0,3541.0,3910000,0,0,0,0,0,0,0,1022,14.536033577309578,6.92951677076365,2023,0.010525383761767778,0.001722689341364442,0,0,0,0,14.917114105111589,-0.38108052780201085
Uche Nancy tv,mama s house,iLdgnUZjXCk,"MAMA'S HOUSE (New Movie) Chioma Nwosu, Sonia Uche, Chinenye Nnebe, Ebube Obi 2023 Nollywood Movie",2023-12-19 13:00:39+00:00,6079431,59465.0,5517.0,2360000,0,0,0,1,0,0,0,1021,15.6204218285257,6.928537818164665,2023,0.009781343023713897,0.0009074862433671835,0,0,0,0,13.380739558951241,2.239682269574459
RuthKadiri247,win or lose,SiyCJA0jtqE,"WIN OR LOSE - RUTH KADIRI, DEZA THE GREAT, (REUPLOAD)",2023-12-21 16:16:50+00:00,2779388,30614.0,2408.0,4100000,0,0,0,0,0,0,0,1019,14.837741677338077,6.926577033222725,2023,0.011014655024775239,0.0008663777781295739,0,0,0,0,14.95825851395478,-0.12051683661670332
Uche Nancy tv,my mother,tMH2TMCbIYw,"MY MOTHER (New Movie) Sonia Uche, Chinenye Nnebe, Chioma Nwosu, Eucharia 2023 Nollywood Movie",2023-12-22 16:11:29+00:00,3207192,26168.0,1860.0,2360000,0,0,0,1,0,0,0,1018,14.980906657718878,6.925595197110468,2023,0.008159162282769476,0.0005799465700837367,0,0,0,0,13.380426922807802,1.600479734911076
Omoni Oboli TV,the one who stole my heart,OA9qyS-ODhc,THE ONE WHO STOLE MY HEART - Nigerian Movies Latest Full Movies,2023-12-23 17:00:08+00:00,6828701,70269.0,3232.0,2080000,0,0,0,0,0,0,0,1017,15.736645169562474,6.92461239604856,2023,0.01029024407423901,0.0004732964585797504,0,0,0,0,14.748888679197421,0.9877564903650526
Uche Nancy tv,a day with santa,NLqZWv0MA-k,"A DAY WITH SANTA - Sonia Uche, Chinenye Nnebe, Ebube Obi 2023 Nigerian Nollywood Movie",2023-12-24 14:00:56+00:00,579186,7147.0,482.0,2360000,0,0,0,1,0,0,0,1016,13.269380675050375,6.923628628138427,2023,0.012339731968659463,0.0008322024358323578,0,0,0,0,13.38021798644532,-0.11083731139494546
NollyFamily tv,a lot like love,if4SAzZz9Pg,"A LOT LIKE LOVE (New Movie) Chidi Dike, Hamidat Oyindamola, Elochukwu 2023 Nollywood Movie",2023-12-24 16:00:21+00:00,1296846,13856.0,719.0,1670000,0,0,0,0,0,0,0,1016,14.075446491806678,6.923628628138427,2023,0.010684383496575538,0.000554422036232521,0,0,0,0,13.184840106718323,0.8906063850883559
Omoni Oboli TV,another you,gLs0F5QQ3p4,"Another You - Daniel Effiong, Chioma Okafor, Inem King - Latest Nigerian Movie  Full Movie",2023-12-24 17:00:07+00:00,1674563,14227.0,1013.0,2080000,0,0,0,0,0,0,0,1016,14.331063390850305,6.923628628138427,2023,0.008495947898048625,0.0006049339439603049,0,0,0,0,14.74878415965522,-0.41772076880491404
EKENE UMENWA TV,ekene and alex official white wedding video,yF6hFfV1FPA,"Ekene And Alex Official White Wedding Video - Ekene Umenwa,Alex Ifeanyi Ogbodo #ekeneumenwawedding",2023-12-26 09:10:17+00:00,1180646,13416.0,1488.0,939000,0,0,0,0,0,0,0,1014,13.981573151262285,6.921658184151129,2023,0.011363270616255847,0.0012603269735382155,0,0,0,0,14.008083193061946,-0.026510041799660655
Uchenna Mbunabo Tv,the young couple,3CR72PI7UrI,"THE YOUNG COUPLE - CLINTON JOSHUA, CHIOMA EDAK, KOFI ADJORLOLO latest 2023 nigerian movie",2023-12-27 17:02:40+00:00,7766023,93067.0,10057.0,3910000,0,0,0,0,0,0,0,1013,15.865268879662999,6.920671504248683,2023,0.011983868706028813,0.0012950000276846978,0,0,0,0,14.916174347677655,0.9490945319853434
Uche Nancy tv,unavailable,EzXrIHukxok,"UNAVAILABLE (New Movie) Deza The Great, Chinenye Nnebe, Sophia Alakija 2023 Nollywood Movie",2023-12-28 14:02:56+00:00,2356701,32524.0,3523.0,2360000,0,0,0,0,0,0,0,1012,14.672773742020118,6.919683849847411,2023,0.013800647600183477,0.001494886283834903,0,0,0,0,13.235600629424178,1.4371731125959393
RuthKadiri247,social media,iGVALUOKKbY,SOCIAL MEDIA - UCHE MONTANA  OKUSAGA ADEOLUWA  EBERE OKAFOR,2023-12-28 16:08:20+00:00,6088467,91877.0,9833.0,4100000,0,0,0,0,1,0,0,1012,15.621907048105253,6.919683849847411,2023,0.015090333905070029,0.0016150206611943532,0,0,0,0,15.665743588062789,-0.043836539957535336
ChinneyLoveEze Tv,road to salvation,QmTHRNGSWrM,ROAD TO SALVATION - Maurice Sam/ Etinosa idemudia/ Lina idoko,2023-12-29 15:48:27+00:00,1421088,20519.0,2254.0,829000,0,0,1,0,0,0,0,1011,14.16693403706727,6.918695219020472,2023,0.014438936927199442,0.0015861086716656534,0,0,0,0,15.042574443831185,-0.8756404067639156
Omoni Oboli TV,thicker than water,zio8yU9hsZU,THICKER THAN WATER - Nigerian Movies  Latest Full Movies,2023-12-29 17:00:08+00:00,2980178,35372.0,5954.0,2080000,0,0,0,0,0,0,0,1011,14.907493923791725,6.918695219020472,2023,0.011869089698669006,0.001997867241486918,0,0,0,0,14.74826001401355,0.15923390977817498
Uche Nancy tv,still standing,_T74AK-H9LM,"STILL STANDING (New Movie) Chris Okagbue, Faith Duke, Walter Anga 2023 Nollywood Movie",2023-12-31 16:12:34+00:00,697785,9673.0,696.0,2360000,0,0,0,0,0,0,0,1009,13.455667744478228,6.9167150203536085,2023,0.013862436137205586,0.0009974419054579848,0,0,0,0,13.235285208788502,0.2203825356897262
Uchenna Mbunabo Tv,house 45,d9NWhobzdmE,"HOUSE 45 - JACKIE APPIAH, MERCY JOHNSON, DERA OSADEBE, CHIKE DANIELS, latest 2024 nigerian movies",2024-01-03 17:00:25+00:00,7250354,75417.0,5249.0,3910000,0,0,0,0,0,0,0,1006,15.796560991149327,6.913737350659685,2024,0.010401836930996748,0.0007239646505536144,0,0,0,0,15.198070805305884,0.5984901858434437
RuthKadiri247,rude china ruth kadiri maurice sam onyeka mercy,OrjC_jUPDxc,RUDE CHINA- RUTH KADIRI  MAURICE SAM ONYEKA MERCY,2024-01-04 19:14:36+00:00,4140286,48356.0,3568.0,4100000,0,0,1,0,0,0,0,1005,15.23627566707022,6.912742820493176,2024,0.011679386399876724,0.0008617762154595117,0,0,0,0,15.709725342823956,-0.4734496757537361
Omoni Oboli TV,a night in july,mr28XqyK41s,A NIGHT IN JULY - Nigerian Movies Latest Full Movies,2024-01-06 17:00:11+00:00,11263323,113162.0,7491.0,2080000,0,0,0,0,0,0,0,1003,16.23706234137449,6.910750787961936,2024,0.010046946180980515,0.0006650790357339482,0,0,0,0,15.030049135615132,1.2070132057593579
Uche Nancy tv,gee,BKt4oV3CPxw,"GEE (New Movie) Faith Duke, John Ekanem, Felix Omokhodion 2024 Nollywood Romantic Movie",2024-01-07 19:10:20+00:00,387204,5356.0,378.0,2360000,0,0,0,0,0,0,0,1002,12.866709547524325,6.90975328164481,2024,0.013832501730354026,0.0009762295844051198,0,0,0,0,13.517178735660336,-0.650469188136011
Omoni Oboli TV,dark secret,_u39fb0lFoI,DARK SECRET - Nigerian Movies Latest Full Movies,2024-01-12 17:00:09+00:00,996938,8702.0,754.0,2080000,0,0,0,0,0,0,0,997,13.812444863521534,6.904750769961838,2024,0.008728727363186075,0.0007563158390993222,0,0,0,0,15.02941166906624,-1.2169668055447058
BASEFLIX TV,happily ever after,0mRzDWKUkqw,"HAPPILY EVER AFTER (New Movie) Chidi Dike, Sarian Martin, Jerry Mudiag 2024 Nollywood Romantic Movie",2024-01-13 14:03:42+00:00,1091049,14457.0,930.0,109000,0,0,0,0,0,0,0,996,13.902651093279275,6.903747257584598,2024,0.013250550616883384,0.0008523906808951752,0,0,0,0,13.548976218410832,0.3536748748684424
Uche Nancy tv,activated passion,WSIImCx4WL4,"ACTIVATED PASSION (New Movie) Chike Daniel, Shaznay Okawa, Anthiony Wood 2024 Nollywood Movie",2024-01-14 16:00:28+00:00,650380,7362.0,534.0,2360000,0,0,0,0,0,0,0,995,13.385313623996907,6.902742737158593,2024,0.011319536271103048,0.0008210584581321689,0,0,0,0,13.516433906628254,-0.1311202826313469
BOLAJI OGUNMOLA TV,true colors bolaji ogunmola kachi nnochiri,WYmfzX_u6i8,"TRUE COLORS -BOLAJI OGUNMOLA, KACHI NNOCHIRI  #trending ",2024-01-14 17:00:10+00:00,2017404,21193.0,3723.0,751000,0,0,0,0,0,0,0,995,14.517322590037393,6.902742737158593,2024,0.010505084752483886,0.001845440972655948,0,0,0,0,14.739470784750477,-0.22214819471308367
Uche Nancy tv,warm soul,6So9D4hJ07g,"WARM SOUL - Chinenye Nnebe, Sonia Uche, Stephen Odimgbe 2024 Nollywood Romantic Comedy",2024-01-17 16:00:21+00:00,380084,4664.0,494.0,2360000,0,0,0,1,0,0,0,992,12.848150190899512,6.899723107284872,2024,0.012270971679944433,0.0012997126950884542,0,0,0,0,13.66031133632955,-0.8121611454300375
Omoni Oboli TV,a special place,TN4hhXjwSfI,A SPECIAL PLACE - Nigerian Movies 2024 Latest Full Movies.,2024-01-19 17:00:07+00:00,1598622,16173.0,1013.0,2080000,0,0,0,0,0,0,0,990,14.284653191659697,6.897704943128636,2024,0.010116838126836739,0.0006336707489325181,0,0,0,0,15.028663091492744,-0.7440098998330473
Uchenna Mbunabo Tv,blind date,d9587qTnQuI,"BLIND DATE - SONIA UCHE, CHINENYE NNEBE, BRYAN OKWARA latest 2024 nigerian movies",2024-01-19 17:00:36+00:00,5502182,59494.0,5568.0,3910000,0,0,0,1,0,0,0,990,15.520655480546031,6.897704943128636,2024,0.010812801175969824,0.0010119621633744576,0,0,0,0,15.340565704077342,0.18008977646868907
Uche Nancy tv,childhood love,nB2iRQNMhrs,"CHILDHOOD LOVE (New Movie) Chidi Dike, Faith Duke, Maicon Emeka 2024 Nollywood Romantic Movie",2024-01-22 14:00:37+00:00,2045422,25270.0,2072.0,2360000,0,0,0,0,0,0,0,987,14.531115172035133,6.894670039433482,2024,0.01235441879475238,0.001012993895636206,0,0,0,0,13.515576230074787,1.0155389419603456
RuthKadiri247,only me,0tS_2i8odfA,ONLY ME - RUTH KADIRI MAURICE SAM MOC MADU VICTORY OPARA,2024-01-25 16:00:29+00:00,3846526,50382.0,4416.0,4100000,0,0,1,0,0,0,0,984,15.162681221224748,6.891625897052253,2024,0.013098052632427287,0.0011480489147870053,0,0,0,0,15.70748179416979,-0.5448005729450429
Omoni Oboli TV,marriage of inconvenience,K1eXu4Y_Smo,MARRIAGE OF INCONVENIENCE - Nigerian Movies Latest Full Movies,2024-01-26 17:00:12+00:00,2482052,29996.0,2398.0,2080000,0,0,0,0,0,0,0,983,14.72459659826568,6.890609120147166,2024,0.012085161793548242,0.0009661360841755128,0,0,0,0,15.027909202123167,-0.3033126038574867
BASEFLIX TV,two rings,-9hYY5fwdIg,"TWO RINGS (New Movie) Tooswseet Annan, Sandra Okunzuwa, Juliet Njemanz 2024 Nollywood Romantic Movie",2024-01-27 14:06:50+00:00,1297511,13597.0,1074.0,109000,0,0,0,0,0,0,0,982,14.075959142534327,6.889591308354466,2024,0.010479294587868618,0.000827738647302412,0,0,0,0,13.547472232239146,0.5284869102951806
NollyFamily tv,with every heartbeat,bm8UxKe5Zz4,"WITH EVERY HEARTBEAT (New Movie) Chidi Dike, Genevieve Edwin, Hamidat 2024 Nollywood Romantic Movie",2024-01-28 16:55:52+00:00,2856519,32819.0,1673.0,1670000,0,0,0,0,0,0,0,981,14.865114658697498,6.8885724595653635,2024,0.011489158657792929,0.0005856778827657018,0,0,0,0,13.463748766003368,1.4013658926941304
RuthKadiri247,along came love,tOscNvpQcJs,"ALONG CAME LOVE - CHIDI DIKE, ANNABEL APARA  KELVIN BOSCO",2024-01-29 16:08:28+00:00,7404681,89935.0,6031.0,4100000,0,0,0,0,0,0,0,980,15.817623060805133,6.887552571664617,2024,0.01214569540537938,0.0008144847833417807,0,0,0,0,15.23674556549896,0.5808774953061722
Uche Nancy tv,good enough,4CgxyRjW8j8,"GOOD ENOUGH (New Movie) Deza The Great, Sophie Alakija, Juliet Njemanz 2024 Nollywood Romantic Movie",2024-01-29 17:02:37+00:00,984729,12561.0,1397.0,2360000,0,0,0,0,0,0,0,980,13.800122770903627,6.887552571664617,2024,0.012755793725989588,0.0014186644244254002,0,0,0,0,13.514820041074122,0.285302729829505
Shine Nolly tv,all i want,64-vbrWz_Dw,"ALL I WANT - CHIDI DIKE, UCHE MONTANA, ANTHONY MONJARO 2024 LATEST FULL NIGERIAN MOVIES",2024-01-30 16:00:03+00:00,972012,5971.0,111.0,203000,0,0,0,0,1,0,0,979,13.787124457838734,6.88653164253051,2024,0.006142928276605638,0.00011419612103554277,0,0,0,0,12.086886843995815,1.7002376138429192
Maurice Sam TV,love triangle,RLt63rOgjt4,"LOVE TRIANGLE - MAURICE SAM, CHIOMA, NWAOHA, CHRIS AKWARANDU 2024 full nigerian movie",2024-01-30 17:00:18+00:00,6204457,69288.0,6604.0,2830000,0,0,1,0,0,0,0,979,15.640778623893539,6.88653164253051,2024,0.011167455911129692,0.001064396126848812,0,0,0,0,15.369081294455565,0.2716973294379734
Uchenna Mbunabo Tv,treasure in the sky,Q3OQK9QmZEc,"TREASURE IN THE SKY - CLINTON JOSHUA, CHINENYE NNEBE, MIWA OLORUNFEMI latest 2024 nigerian movie",2024-01-31 17:16:11+00:00,29929340,391552.0,51277.0,3910000,0,0,0,0,0,0,0,978,17.21434986154438,6.885509670034818,2024,0.013082547092585403,0.001713268652098576,0,0,0,0,15.19507178061115,2.0192780809332316
ChinneyLoveEze Tv,sugar and spice,dR9ZviTqcsw,SUGAR  AND SPICE - Ini Edo & Elozonam in hot new love film,2024-02-01 17:41:01+00:00,1559634,21126.0,1557.0,829000,0,0,0,0,0,0,0,977,14.259962377490474,6.884486652042782,2024,0.013545485671638345,0.000998311142229523,0,0,0,0,14.8512696939338,-0.5913073164433253
Omoni Oboli TV,not the plan,d8I8M265OZo,NOT THE PLAN - Nigerian Movies Latest Full Movies,2024-02-02 17:00:27+00:00,3160940,36243.0,3664.0,2080000,0,0,0,0,0,0,0,976,14.966380326044124,6.883462586413092,2024,0.011465893057128576,0.0011591488607819193,0,0,0,0,15.027149925035012,-0.06076959899088763
Uche Nancy tv,betrayed trust,GyV7jDoNW1U,"BETRAYED TRUST (New Movie) Faith Duke, Emmanuella Iloba, Ifeoma Nebe 2024 Nollywood Movie",2024-02-04 14:00:17+00:00,606774,6681.0,416.0,2360000,0,0,0,0,0,0,0,974,13.31591332587146,6.881411303642535,2024,0.011010689317604247,0.0006855929884932446,0,0,0,0,13.514167567542911,-0.19825424167145123
Shine Nolly tv,crazy love circle,ohlGdqsDAoE,"CRAZY LOVE CIRCLE - CHIDI DIKE, UCHE MONTANA, CHIOMA NWAOHA 2024 LATEST NIGERIAN MOVIES",2024-02-04 16:00:35+00:00,187475,1503.0,51.0,203000,0,0,0,0,1,0,0,974,12.141406116199903,6.881411303642535,2024,0.00801706894252567,0.00027203627150286703,0,0,0,0,12.08634283816783,0.05506327803207256
EKENE UMENWA TV,baby nanny,FNxNW6dosR0,"BABY NANNY - EKENE UMENWA,ONNY MICHAEL,RUBY ORJIAKOR,UGEGBE AJILO,NEW NIGERIAN NOLLYWOOD MOVIE",2024-02-05 16:00:20+00:00,4047146,50763.0,7486.0,939000,0,0,0,0,0,0,0,973,15.213522746400702,6.880384082186005,2024,0.012542912956438933,0.0018496985282962365,0,0,0,0,14.28633123357208,0.9271915128286228
Uchenna Mbunabo Tv,baby mother,ITCweJjgDMg,"BABY MOTHER - EGO NWOSU, SANDRA OKUNZUWA, BRYAN OKWARA latest 2024 nigerian movie",2024-02-07 17:00:14+00:00,1387376,16473.0,1191.0,3910000,0,0,0,0,0,0,0,971,14.142925472024555,6.878326468291325,2024,0.011873493559064018,0.0008584550979691158,0,0,0,0,15.194308607763112,-1.0513831357385577
RuthKadiri247,bestman win,ljY5Fa2wc3g,"BESTMAN WIN - RAY EMORDI, ONYI ALEX, CHIDI DIKE, OBEY ETOK",2024-02-08 16:37:33+00:00,2558841,42358.0,5138.0,4100000,0,0,0,0,0,0,0,970,14.755065370367449,6.877296071497429,2024,0.016553588128375308,0.0020079403136029164,0,0,0,0,15.235655872807175,-0.48059050243972656
Uche Nancy tv,love me forever,4wobsP2JbEs,"LOVE ME FOREVER (New Movie) Deza The Great, Faith Duke, Chioma Nwaoha 2024 Nollywood Movie",2024-02-09 14:00:44+00:00,2691624,31044.0,2079.0,2360000,0,0,0,0,0,0,0,969,14.80565565840891,6.876264611890766,2024,0.01153355743595688,0.0007723961444837764,0,0,0,0,13.51362076187847,1.2920348965304402
BASEFLIX TV,young in love,MEawhNYDG-Y,"YOUNG IN LOVE (New Movie) Chidi Dike, Hamidat Oyindamola, Thelma Chukwu 2024 Nollywood Romance Movie",2024-02-10 14:00:12+00:00,2823920,26425.0,1283.0,109000,0,0,0,0,0,0,0,968,14.853636902699726,6.875232087276577,2024,0.009357559704240914,0.000454332983937222,0,0,0,0,13.545946649631704,1.3076902530680226
EnitanLagos TV,gaslight,52aJCQC48cs, GASLIGHT Movie - BIMBO ADEMOYE | UZOR ARUKWE,2024-02-11 04:42:02+00:00,935413,7220.0,1239.0,13800,1,0,0,0,0,0,1,967,13.748744491021018,6.874198495453294,2024,0.007718515778591916,0.0013245486218386958,0,0,0,0,13.748744491021176,-1.580957587066223e-13
NollyFamily tv,girl s game,wzGi_aCtuoE,"GIRL'S GAME (New Movie) Toosweet Annan, Sandra Okunzuwa, Juliet Njemanze 2024 Nollywood Romcom Movie",2024-02-11 16:00:36+00:00,1305956,13541.0,489.0,1670000,0,0,0,0,0,0,0,967,14.08244666331476,6.874198495453294,2024,0.010368649479768078,0.00037443834248627057,0,0,0,0,13.462221617035437,0.6202250462793231
Maurice Sam TV,your eyes on me,KzO_04Hg1Ko,"YOUR EYES ON ME - MAURICE SAM, PEARL WATS, CHRIS AKWARANDU 2024 FULL NIGERIAN MOVIE",2024-02-13 16:00:22+00:00,4614589,55175.0,4885.0,2830000,0,0,1,0,0,0,0,965,15.34473358123579,6.872128101338986,2024,0.011956644459560755,0.001058599151517069,0,0,0,0,15.367551003097269,-0.022817421861478948
BOLAJI OGUNMOLA TV,searching,I4EBr3bx6WI,SEARCHING - NIGERIAN MOVIES 2026 LATEST FULL MOVIES #ike ,2024-02-14 09:00:07+00:00,3509920,40112.0,4477.0,751000,0,0,0,0,0,0,0,964,15.071104088066253,6.871091294610546,2024,0.011428180699275196,0.0012755276473537859,0,0,0,0,14.736108005530781,0.3349960825354721
Omoni Oboli TV,fiancee for a day,RbuUoEZNU_s,FIANCEE FOR A DAY - Nigerian Movies  Latest Full Movies,2024-02-14 17:00:11+00:00,3627228,42625.0,3472.0,2080000,0,0,0,0,0,0,0,964,15.103979553851213,6.871091294610546,2024,0.011751398037289081,0.0009572047855828197,0,0,0,0,15.025835548196381,0.07814400565483126
ChinneyLoveEze Tv,his obsession,Hjs3K3TVX8Q,HIS OBSESSION - Ebube Nwagbo / Joseph Benjamin / Moët Abebe / David Eyo / Oma Iyasera,2024-02-15 15:15:35+00:00,633814,7204.0,599.0,829000,0,0,0,0,0,0,0,963,13.359512392730757,6.870053411798126,2024,0.011366110562404743,0.0009450722136147198,0,0,0,0,14.849736247226152,-1.4902238544953956
RuthKadiri247,talk to me,426PwlanKCU,"TALK TO ME  - RUTH KADIRI, DEZA THE GREAT, ANNES ENEKWE",2024-02-15 16:00:52+00:00,2743126,36507.0,3363.0,4100000,0,0,0,0,0,0,0,963,14.824609068519836,6.870053411798126,2024,0.013308539235893648,0.0012259735790481371,0,0,0,0,15.234886382901774,-0.41027731438193804
Uchenna Mbunabo Tv,anonymous valentine,B_DsuVLyyeg,"ANONYMOUS VALENTINE - CLINTON JOSHUA, PRISCA NWAOBODO, THELMA NWOSU latest 2024 nigerian movie",2024-02-15 17:00:17+00:00,7047539,84048.0,6889.0,3910000,0,0,0,0,0,0,0,963,15.768189177725848,6.870053411798126,2024,0.011925865184995783,0.0009775043458432795,0,0,0,0,15.193429644271433,0.5747595334544151
EKENE UMENWA TV,my madam i,qXVHI1EiL6E,"MY MADAM & I - EKENE UMENWA,EUCHARIA ANUNOBI,MALEEK MILTON,2024 LATEST NIGERIAN NOLLYWOOD MOVIE",2024-02-16 14:00:42+00:00,5030459,60693.0,9374.0,939000,0,0,0,0,0,0,0,962,15.431021989186753,6.8690144506657065,2024,0.012065101812776926,0.0018634482459751684,0,0,0,0,14.285123277234733,1.1458987119520199
NollyFamily tv,heart of roses,3agnUBFgtXc,"HEART OF ROSES (New Movie) Chidi Dike, Genevieve Edwin, Frances Nwabunike 2024 Nollywood Movie",2024-02-20 14:00:03+00:00,1883719,23838.0,1061.0,1670000,0,0,0,0,0,0,0,958,14.448759103115869,6.86484777797086,2024,0.012654753707957503,0.0005632474907350831,0,0,0,0,13.461228158415299,0.9875309447005698
Uchenna Mbunabo Tv,happy ending,NMIo6bXyMTI,"HAPPY ENDING - MAURICE SAM, CHINENYE NNEBE, SANDRA OKUNZUWA, MIWA latest 2024 nigerian movie",2024-02-21 18:00:10+00:00,8074112,98428.0,6936.0,3910000,0,0,1,0,0,0,0,957,15.90417357583833,6.863803391452954,2024,0.012190566591100049,0.0008590418364273372,0,0,0,0,15.663069078303113,0.24110449753521657
Uche Nancy tv,perfect obsession,LaJIJgs8M6E,"PERFECT OBSESSION - Maurice Sam, Chinenye Nnebe, Chioma Nwaoha 2024 Nollywood Romantic Movie",2024-02-22 16:00:22+00:00,889606,7568.0,383.0,2360000,0,0,1,0,0,0,0,956,13.698535071152532,6.862757913051401,2024,0.008507136867332279,0.0004305276718007747,0,0,0,0,13.982489216590416,-0.28395414543788355
RuthKadiri247,broke and proud ruth kadiri uzor arukwe jessica obasi deyemi okanlawon mr macaroni,Jy3_c-ok7PE,BROKE AND PROUD- RUTH KADIRI UZOR ARUKWE JESSICA OBASI  DEYEMI OKANLAWON MR MACARONI,2024-02-22 16:02:05+00:00,7156467,87399.0,12759.0,4100000,1,0,0,0,0,0,0,956,15.783527121136899,6.862757913051401,2024,0.012212590374552136,0.0017828629685569708,0,0,0,0,15.557697255395068,0.22582986574183117
Uche Nancy tv,after dark,VMIvwMzrU7A,"AFTER DARK (New Movie) Faith Duke, Victory Michael, Cherry Agba 2024 Nollywood Romantic Movie",2024-02-23 15:00:59+00:00,757128,13088.0,1133.0,2360000,0,0,0,0,0,0,0,955,13.537288927412764,6.86171134048073,2024,0.017286376940226753,0.0014964444585327712,0,0,0,0,13.512074562566953,0.025214364845810522
Omoni Oboli TV,the one who stole my heart 2,IVc78PP8nLo,THE ONE WHO STOLE MY HEART 2 - Nigerian Movies Latest Full Movies,2024-02-23 17:00:11+00:00,3056934,42739.0,2800.0,2080000,0,0,0,0,0,0,0,955,14.932923337971092,6.86171134048073,2024,0.013981001879661125,0.0009159504261459357,0,0,0,0,15.024838983354776,-0.09191564538368446
BASEFLIX TV,her angel,Djk3bRmJWTc,"HER ANGEL (New Movie) Chris Okagbue, Sarian Martin, Elochukwu Godwin 2024 Nollywood Romance Movie",2024-02-25 13:00:25+00:00,689192,9012.0,359.0,109000,0,0,0,0,0,0,0,953,13.443276626880907,6.859614903654202,2024,0.013076181963806893,0.0005208998363300793,0,0,0,0,13.54428741591824,-0.10101078903733196
NollyFamily tv,endless passion,gNXJ2_s4SDE,"ENDLESS PASSION (New Movie) Chinenye Nnebe, Jerry William 2024 Nollywood Romantic Movie",2024-02-25 17:51:55+00:00,426377,5921.0,891.0,1670000,0,0,0,0,0,0,0,953,12.963081555756,6.859614903654202,2024,0.013886771566008486,0.0020896999603637156,0,0,0,0,13.46067219636129,-0.49759064060529035
Uche Nancy tv,truest desire,e0bxbzYU5bs,"TRUEST DESIRE (New Movie) Deza The Great, Faith Duke, Shaznay Okawa, Emmanuella 2024 Nollywood Movie",2024-02-27 14:00:14+00:00,849650,11784.0,946.0,2360000,0,0,0,0,0,0,0,951,13.652580955916775,6.85751406254539,2024,0.013869240275407521,0.0011133996351438827,0,0,0,0,13.51162862652474,0.14095232939203584
Maurice Sam TV,money game,9a0R2Vyqb44,"MONEY GAME - MAURICE SAM, PEARL WATS, SARIAN MARTIN 2024 FULL NIGERIAN MOVIE",2024-02-27 16:00:05+00:00,4084333,52015.0,5508.0,2830000,0,0,1,0,0,0,0,951,15.222669237488793,6.85751406254539,2024,0.012735249549926511,0.0013485678077668985,0,0,0,0,15.365998347609407,-0.14332911012061444
ChinneyLoveEze Tv,oma s truth,5VRwPKtcakU,OMA'S TRUTH - Best Nigerian comedy 2024,2024-02-28 15:05:47+00:00,1504742,16645.0,1995.0,829000,0,0,0,0,0,0,0,950,14.22413267746366,6.856461984594587,2024,0.01106169695535846,0.0013258086768362948,0,0,0,0,14.848292238192546,-0.6241595607288861
RuthKadiri247,lucky star,_0gacz2-RXc,"LUCKY STAR -  RUTH KADIRI, EDDIE WATSON, CHIDI DIKE, OBY TITUS",2024-02-29 16:00:24+00:00,2425274,42412.0,3965.0,4100000,0,0,0,0,0,0,0,949,14.701455477986048,6.855408798609928,2024,0.017487508627891116,0.0016348668232950175,0,0,0,0,15.233330479064689,-0.5318750010786406
Uche Nancy tv,love compromise,IMh7EwxLq_U,"LOVE & COMPROMISE (New Movie) Chinenye Nnebe, Anthony Woode, Chioma Nwosu 2024 Nollywood Movie",2024-03-01 14:00:11+00:00,756315,12201.0,1140.0,2360000,0,0,0,0,0,0,0,948,13.536214557246419,6.854354502255021,2024,0.016132167152575316,0.0015073084627436981,0,0,0,0,13.51129294186608,0.024921615380339546
Omoni Oboli TV,falling again,hz38-9ffuj4,FALLING AGAIN - Nigerian Movies Latest Full Movies,2024-03-01 19:51:21+00:00,1650107,18586.0,861.0,2080000,0,0,0,0,0,0,0,948,14.316351298280162,6.854354502255021,2024,0.011263512002554986,0.0005217843448939978,0,0,0,0,15.024057362653902,-0.7077060643737401
NollyFamily tv,a chance with you,DudiQcuH2P0,"A CHANCE WITH YOU (New Movie) Eronini Osinachi, Shaznay Okawa, Elochukwu Godwin 2024 Nollywood Movie",2024-03-03 15:30:46+00:00,507527,8117.0,423.0,1670000,0,0,0,0,0,0,0,946,13.13730716078993,6.852242569051878,2024,0.015993237798186108,0.0008334531955935349,0,0,0,0,13.459888929261735,-0.32258176847180486
Uchenna Mbunabo Tv,crazy ideas,aBGQCGVoKGc,"CRAZY IDEAS  - EBUBE NWAGBO, BRYAN OKWARA, VICTORIA EGBUCHERE,  KEIRA HEWATCH 2024 nigerian movies",2024-03-04 17:00:00+00:00,1594965,23015.0,1854.0,3910000,0,0,0,0,0,0,0,945,14.28236297735946,6.851184927493743,2024,0.014429783725661692,0.001162407952525604,0,0,0,0,15.191424979023406,-0.9090620016639459
EKENE UMENWA TV,beautiful soul,7fXjADBUW6s,"BEAUTIFUL SOUL ( NEW MOVIE)- EKENE UMENWA,KENNEDY SAMARIO,KING DAVIDS,",2024-03-04 17:00:10+00:00,972164,16105.0,1973.0,939000,0,0,0,0,0,0,0,945,13.787280822122572,6.851184927493743,2024,0.016566134931966212,0.0020294929662073476,0,0,0,0,14.283228995483475,-0.4959481733609028
Maurice Sam TV,fire hearts,Upm67GgY7rA,"FIRE HEARTS - MAURICE SAM, OKAWA SHAZNAY, OBY TITUS 2024 FULL NIGERIAN MOVIE",2024-03-05 17:00:18+00:00,7655755,83342.0,7476.0,2830000,0,0,1,0,0,0,0,944,15.850968341178632,6.8501261661455,2024,0.010886189539764531,0.0009765202778824558,0,0,0,0,15.365213427160581,0.4857549140180506
Uche Nancy tv,kiss or kill,TBZ0QM2gHus,"KISS OR KILL - Maurice Sam, Chinenye Nnebe, Sonia Uche 2024 Nollywood Romantic Movie",2024-03-06 15:03:04+00:00,8933011,60571.0,4662.0,2360000,0,0,1,1,0,0,0,943,16.00526418601678,6.849066282633458,2024,0.0067805804784075606,0.0005218845023251398,0,1,0,0,14.125232809133793,1.8800313768829877
RuthKadiri247,police is your friend 1 ruth kadiri stephen odimgbe atewe rapheal,ODyL415Dr5M,POLICE IS YOUR FRIEND 1- RUTH KADIRI STEPHEN ODIMGBE ATEWE RAPHEAL,2024-03-08 16:00:10+00:00,2286655,31021.0,3036.0,4100000,0,0,0,0,0,0,0,941,14.642601046300046,6.846943139585379,2024,0.013566104200240089,0.0013277035670007063,0,0,0,0,15.232431052689238,-0.5898300063891924
Omoni Oboli TV,thirty to thirty one,dMH3EVR_R6s,THIRTY TO THIRTY ONE - Nigerian Movies Latest Full Movies,2024-03-08 17:00:08+00:00,5430508,61715.0,4335.0,2080000,0,0,0,0,0,0,0,941,15.507543426006812,6.846943139585379,2024,0.011364498496273277,0.0007982678600234085,0,0,0,0,15.023269949052223,0.48427347695458955
Uchenna Mbunabo Tv,love sex and pain,RCQNN_OoEUw,"LOVE, SEX AND PAIN - CHIKE DANIELS, SOSO (SOPHIA CHISOM), UGEGBE AJAELO latest 2024 nigerian movies",2024-03-08 17:00:31+00:00,2434087,28931.0,2785.0,3910000,0,0,0,0,0,0,0,941,14.705082706354277,6.846943139585379,2024,0.011885770722246164,0.0011441661699027191,0,0,0,0,15.190974314058897,-0.4858916077046196
Uche Nancy tv,restless passion,s1upsrMVZhM,"RESTLESS PASSION (New Movie) Eddie Watson, Scarlet Gomez, Rosemary Abazie 2024 Nollywood Movie",2024-03-10 15:00:21+00:00,404673,5076.0,474.0,2360000,0,0,0,0,0,0,0,939,12.91083708368031,6.844815479208263,2024,0.012543461016672721,0.0011713160996656559,0,0,0,0,13.51027947688959,-0.5994423932092801
BOLAJI OGUNMOLA TV,imperfect match,2RMGhCWuF-I,IMPERFECT MATCH - NIGERIAN MOVIES 2026 LATEST FULL MOVIES,2024-03-13 17:00:06+00:00,4801903,64776.0,8153.0,751000,0,0,0,0,0,0,0,936,15.384523063893361,6.841615476477592,2024,0.0134896519150845,0.0016978685325380375,0,0,0,0,14.732976373582233,0.6515466903111289
RuthKadiri247,walls apart,oJIVdS19T8M,WALLS APART - SCOT ROBERTS  CHIDI DIKE ANNABEL APARA,2024-03-14 16:01:22+00:00,5488042,73466.0,4004.0,4100000,0,0,0,0,0,0,0,935,15.518082283634131,6.840546529288687,2024,0.013386559359421813,0.0007295862531664298,0,0,0,0,15.231751450546316,0.28633083308781515
Omoni Oboli TV,one of us is lying,nCWCyUNNoM4,ONE OF US IS LYING - Nigerian Movies Latest Full Movies,2024-03-15 17:00:08+00:00,2856306,28828.0,2134.0,2080000,0,0,0,0,0,0,0,934,14.865040089661854,6.839476438228843,2024,0.01009275616828169,0.0007471188311056309,0,0,0,0,15.022476656041222,-0.15743656637936887
Uche Nancy tv,love happens,aeD_0vrFC8A,"LOVE HAPPENS (New Movie) Chinenye Nnebe, Faith Duke, Anthony Woode 2024 Nollywood Romance Movie",2024-03-17 14:00:14+00:00,940983,15366.0,1090.0,2360000,0,0,0,0,0,0,0,932,13.754681415234863,6.837332814685591,2024,0.01632973178048913,0.0011583631160180365,0,0,0,0,13.509484487886272,0.24519692734859078
EKENE UMENWA TV,ekene alex official traditional wedding video,WC_9Srdi4bs,"Ekene & Alex Official Traditional Wedding Video - Ekene Umenwa,Alex Ifeanyi  #ekeneumenwawedding",2024-03-19 11:04:51+00:00,223311,3780.0,218.0,939000,0,0,0,0,0,0,0,930,12.316325175748425,6.835184586147301,2024,0.01692706584091245,0.0009762170246875434,0,0,0,0,14.281529053520128,-1.9652038777717031
Maurice Sam TV,steal my heart,E38aKEb0axA,"STEAL MY HEART - MAURICE SAM, RUTH KADIRI 2024 FULL NIGERIAN MOVIE",2024-03-19 17:00:11+00:00,7035868,84891.0,10002.0,2830000,0,0,1,0,0,0,0,930,15.766531766133001,6.835184586147301,2024,0.012065462285534635,0.0014215730027908426,0,0,0,0,15.363625972350233,0.40290579378276803
RuthKadiri247,heart of mine,pWvxoFqzAmw,HEART OF MINE - CHIDI DIKE  STEPHANIA BASSEY  GENEVIEVE UKATU,2024-03-21 16:00:20+00:00,2793162,46150.0,3428.0,4100000,0,0,0,0,0,0,0,928,14.842685203410603,6.833031732786201,2024,0.01652249314576097,0.0012272829144890272,0,0,0,0,15.230953047709528,-0.3882678442989249
Uduak Isong TV,it s about us,9D5g2MWLV6M,"IT'S ABOUT US - New Nollywood Romantic Comedy  starring Bimbo Ademoye, Uzor Arukwe",2024-03-22 14:54:16+00:00,2632836,24189.0,1506.0,814000,1,0,0,0,0,0,1,927,14.783572529991703,6.831953565565855,2024,0.009187431347793786,0.0005720067638090636,0,0,0,0,15.542432453168933,-0.75885992317723
Omoni Oboli TV,breakfast is served,U_9bHVfUTiQ,BREAKFAST IS SERVED - Nigerian Movies Latest Full Movies,2024-03-22 20:00:51+00:00,2605009,31361.0,2411.0,2080000,0,0,0,0,0,0,0,927,14.77294707193383,6.831953565565855,2024,0.012038730000548942,0.0009255246335041452,0,0,0,0,15.02167739515998,-0.24873032322614996
BASEFLIX TV,well played,BWsAmrQKsl0,"WELL PLAYED (New Movie) Bryan Okwara, Chioma Okafor, Nini Mbonu 2024 Nollywood Romcom Movie",2024-03-23 14:02:57+00:00,997928,14198.0,953.0,109000,0,0,0,0,0,0,0,926,13.813437410478299,6.8308742346461795,2024,0.014227479337186651,0.0009549787158993435,0,0,0,0,13.541233889231307,0.27220352124699154
Uche Nancy tv,over man,R7WNw_JIn78,"OVER MAN - Maurice Sam, Regina Daniels, Ebube Obi 2024 Nollywood Romantic Movie",2024-03-23 16:10:43+00:00,229213,3298.0,233.0,2360000,0,0,1,0,0,0,0,926,12.342411343981723,6.8308742346461795,2024,0.014388363661746935,0.001016521750511533,0,0,0,0,13.979101763679674,-1.6366904196979508
Maurice Sam TV,fools and more,jaBvTwVQ3OI,"FOOLS AND MORE - MAURICE SAM, PEARL WATS, SARIAN MARTIN, RAPHEL ATEWE 2024 FULL NIGERIAN MOVIE",2024-03-26 17:00:36+00:00,2425023,33711.0,4695.0,2830000,0,0,1,0,0,0,0,923,14.701351979211964,6.827629234502852,2024,0.013901311451479017,0.00193606411155688,0,0,0,0,15.36282326076864,-0.6614712815566755
Uche Nancy tv,prince charming,kkGAKNfZbu4,"PRINCE CHARMING - Maurice Sam, Chinenye Nnebe 2024 Nollywood Romantic Movie",2024-03-27 15:34:02+00:00,1425807,14289.0,1032.0,2360000,0,0,1,0,0,0,0,922,14.170249228535042,6.826545223556594,2024,0.010021692978081887,0.0007238006265925192,0,0,0,0,13.978641831766247,0.191607396768795
RuthKadiri247,coconut head,6dtktbw6Cro,"COCONUT HEAD - EDDIE WATSON, RUTH KADIRI, FRANCES NWABUNIKE",2024-03-28 16:00:22+00:00,6809481,95867.0,11248.0,4100000,0,0,0,0,0,0,0,921,15.733826610621769,6.825460036255307,2024,0.01407845913660674,0.0016518145802888648,0,0,0,0,15.230148599580085,0.5036780110416839
Omoni Oboli TV,price of love,jdn_C6BNoZU,PRICE OF LOVE - Nigerian Movies Latest Full Movies,2024-03-29 20:18:19+00:00,9299004,88641.0,8082.0,2080000,0,0,0,0,0,0,0,920,16.045417963152413,6.824373670043086,2024,0.009532311202361027,0.0008691253385846484,0,0,0,0,15.020872075935976,1.024545887216437
Uche Nancy tv,boss baby in love,QaQp8N2KVcg,"BOSS BABY IN LOVE (New Movie) Sonia Uche, Stephen Odimgbe, Ebube Obi, Victory 2024 Nollywood Movie",2024-04-03 14:02:07+00:00,5545554,54235.0,5518.0,2360000,0,0,0,1,0,0,0,915,15.528507263929242,6.818924065275521,2024,0.0097799065702002,0.000995031335011795,0,0,0,0,13.65172691433905,1.8767803495901916
Uduak Isong TV,unusual love,ilb-K3vUXp8,UNUSUAL LOVE - Bimbo Ademoye and Daniel Etim find love in an unusual place in this Nollywood movie,2024-04-03 16:00:51+00:00,6210553,56740.0,3738.0,814000,0,0,0,0,0,0,1,915,15.641760660880681,6.818924065275521,2024,0.009136062440816462,0.0006018787698937599,0,0,0,0,15.217462169321847,0.4242984915588348
RuthKadiri247,clean heart,GZ5v_pdivbU,"CLEAN HEART - RUTH KADIRI, EDDIE WATSON, VICH VITALIS",2024-04-04 16:00:15+00:00,3017539,40846.0,3511.0,4100000,0,0,0,0,0,0,0,914,14.919952487872592,6.81783057145415,2024,0.013536196218176467,0.0011635309435934383,0,0,0,0,15.229338013912407,-0.30938552603981506
Omoni Oboli TV,worlds apart,6zKMJ8V87Lg,WORLDS APART - Nigerian Movies Latest Full Movies,2024-04-05 17:00:05+00:00,1316018,13593.0,963.0,2080000,0,0,0,0,0,0,0,913,14.090121828453146,6.816735880594968,2024,0.010328886079065788,0.000731752909154738,0,0,0,0,15.020060605823623,-0.9299387773704773
Uchenna Mbunabo Tv,my crazy rich girlfriend,N2ZxRFL4T9E,"MY CRAZY RICH GIRLFRIEND - CHINENYE NNEBE, CLINTON JOSHUA, KOFI ADJORLOLO latest 2024 nigerian movie",2024-04-05 18:27:57+00:00,19698304,208499.0,17732.0,3910000,0,0,0,0,0,0,0,913,16.796043149397374,6.816735880594968,2024,0.010584616827925896,0.0009001790204882613,0,0,0,0,15.187764970830298,1.608278178567076
Uche Nancy tv,out of love,dCq23guryaM,"OUT OF LOVE (New Movie) Toosweet Annan, Victory Michael, Cherry Agba 2024 Nollywood Romantic Movie",2024-04-07 14:00:26+00:00,569015,7069.0,776.0,2360000,0,0,0,0,0,0,0,911,13.25166383222103,6.814542897259958,2024,0.012423222586399304,0.001363760182069014,0,0,0,0,13.507063193481722,-0.2553993612606913
Maurice Sam TV,a player s heart,VD3Lwxi7gcw,"A PLAYER'S HEART - MAURICE SAM, UCHE MONTANA 2024 FULL NIGERIAN MOVIE",2024-04-09 17:00:24+00:00,12871938,154530.0,12200.0,2830000,0,0,1,0,1,0,0,909,16.370560228674822,6.812345094177479,2024,0.01200518523317934,0.0009477982258770979,0,0,1,0,16.069416845156322,0.30114338351850023
RuthKadiri247,just a friend maurice sam efe irele afes mike miracle echeji,n7SGWRA3HaI,JUST A FRIEND- MAURICE SAM EFE IRELE  AFES MIKE MIRACLE ECHEJI,2024-04-11 16:00:17+00:00,3539909,55257.0,3937.0,4100000,0,0,1,0,0,0,0,907,15.079611861057955,6.810142450115136,2024,0.015609723300796715,0.0011121754824770919,0,0,0,0,15.698824658189544,-0.6192127971315884
Uduak Isong TV,healing desires,Kdxm9Pa2aiE,HEALING DESIRES - New Nollywood drama featuring Daniel Etim Effiong and Scarlet Gomez.,2024-04-12 16:00:19+00:00,1918990,18858.0,1412.0,814000,0,0,0,0,0,0,0,906,14.46731008503616,6.80903930604298,2024,0.009827044434832908,0.0007358037300871813,0,0,0,0,14.291872052530334,0.17543803250582712
Omoni Oboli TV,cold as ice,Oz427xPuJbc,COLD AS ICE - Nigerian Movies Latest Full Movies,2024-04-12 17:00:08+00:00,4053477,44981.0,4352.0,2080000,0,0,0,0,0,0,0,906,15.215085835986757,6.80903930604298,2024,0.011096892865063747,0.0010736461561271964,0,0,0,0,15.019242890140461,0.19584294584629625
NollyFamily tv,never say goodbye,V0OkZL3-cNw,"NEVER SAY GOODBYE (New Movie) Chidi Dike, Chioma Nwaoha, Bright Chigozie 2024 Nollywood Movie",2024-04-14 14:01:40+00:00,1317218,15601.0,1215.0,1670000,0,0,0,0,0,0,0,904,14.09103325391721,6.806829360392176,2024,0.011843901313222261,0.0009223985703201748,0,0,0,0,13.455064043503409,0.6359692104138013
Uche Nancy tv,united,Nbml77qpnkM,"UNITED (New Movie) Ebube Obi, Chioma Nwosu, Uchechi Treasure, Adaeze Onu 2024 Nollywood Movie",2024-04-15 15:00:52+00:00,1852557,23640.0,2259.0,2360000,0,0,0,0,0,0,0,903,14.432077944704096,6.805722553416985,2024,0.012760740965055327,0.0012193956785135356,0,0,0,0,13.506126083934797,0.9259518607692989
Uchenna Mbunabo Tv,how i love to be loved,YALzMndQUzY,"HOW I LOVE TO BE LOVED - UCHE MONTANA, CHIKE DANIELS, IK OGBONNA latest 2024 nigerian movies",2024-04-15 17:30:06+00:00,6126012,77966.0,6657.0,3910000,0,0,0,0,1,0,0,903,15.62805468847512,6.805722553416985,2024,0.012727040038445893,0.0010866775971055884,0,0,0,0,15.894812303943066,-0.26675761546794696
Maurice Sam TV,a place called love,40YlKLAFMaY,"A PLACE CALLED LOVE - MAURICE SAM, SARIAN MARTIN 2024 FULL NIGERIAN MOVIE",2024-04-16 17:00:03+00:00,15895792,161990.0,17765.0,2830000,0,0,1,0,0,0,0,902,16.581565040985065,6.804614520062624,2024,0.010190747337408542,0.0011175913726098076,0,0,0,0,15.360378083006223,1.2211869579788424
Uduak Isong TV,a perfect proposal,qq0CRAwWoBM,"A PERFECT PROPOSAL - New Nollywood love story starring Majid Michel, Ekamma Inyang, Flora 222.",2024-04-17 17:18:04+00:00,2942138,34399.0,3150.0,814000,0,0,0,0,0,0,0,901,14.89464742579833,6.803505257608338,2024,0.011691837704417672,0.0010706499831075226,0,0,0,0,14.291284092501385,0.6033633332969455
RuthKadiri247,me or you chidi dike clinton joshua chy nwakanma,0lOs1GB_U6U,"ME OR YOU CHIDI DIKE, CLINTON JOSHUA, CHY NWAKANMA",2024-04-18 18:54:00+00:00,11380949,148162.0,15192.0,4100000,0,0,0,0,0,0,0,900,16.24745146296732,6.802394763324311,2024,0.013018422277439254,0.0013348623212352502,0,0,0,0,15.227698050276013,1.0197534126913066
Omoni Oboli TV,the love broker,_AHcvrqRXqc,THE LOVE BROKER - Nigerian Movies Latest Full Movies,2024-04-19 21:00:07+00:00,2084044,21314.0,2168.0,2080000,0,0,0,0,0,0,0,899,14.549821274712478,6.80128303447162,2024,0.010227231286863425,0.0010402851379337481,0,0,0,0,15.018418832000838,-0.4685975572883603
Uche Nancy tv,child s game,yc785SFQjhQ,"CHILD'S GAME - Destiny Etiko, Ebube Obi, Bryan Emmanuel 2024 Nollywood Romance Movie",2024-04-23 16:35:07+00:00,240301,3457.0,210.0,2360000,0,0,0,0,0,0,0,895,12.389651744619597,6.796823718274855,2024,0.0143861240693963,0.0008739039787599718,0,0,0,0,13.505180635149959,-1.1155288905303617
Maurice Sam TV,mr heart breaker,E31PpRJNZgU,"MR HEART BREAKER - MAURICE SAM, EKAMA ETIM-INYANG 2024 FULL NIGERIAN MOVIE",2024-04-23 17:00:08+00:00,2846499,40624.0,5000.0,2830000,0,0,1,0,0,0,0,895,14.861600727373274,6.796823718274855,2024,0.014271566580560892,0.0017565437402226383,0,0,0,0,15.359550356234626,-0.4979496288613525
Uduak Isong TV,gift of love,rb8k9jE0qo0,GIFT OF LOVE - New Nollywood movie starring Bimbo Ademoye and Seun Akindele.,2024-04-24 16:09:23+00:00,957907,11185.0,663.0,814000,0,0,0,0,0,0,1,894,13.772507018938573,6.795705775173514,2024,0.011676498866800222,0.0006921339963065308,0,0,0,0,15.214995362845226,-1.4424883439066534
BOLAJI OGUNMOLA TV,the art of letting go,egCBNfstFbg,THE ART OF LETTING GO- NIGERIAN MOVIES 2026 LATEST FULL MOVIES,2024-04-25 16:00:07+00:00,2710938,37435.0,5206.0,751000,0,0,0,0,0,0,0,893,14.812805627305485,6.794586580876499,2024,0.013808873533810068,0.0019203685218916848,0,0,0,0,14.727979830609112,0.08482579669637325
RuthKadiri247,choose wisely,DoY_SyTeJaQ,"CHOOSE WISELY - MAURICE SAM, SHINE ROSEMAN FUEGO ICHIE",2024-04-25 16:17:56+00:00,4601229,68718.0,7594.0,4100000,0,0,1,0,0,0,0,893,15.341834217020988,6.794586580876499,2024,0.014934705488468408,0.0016504286137464577,0,0,0,0,15.697171938767971,-0.35533772174698264
Uche Nancy tv,the surrogate,U5q0Kq9aRfY,"THE SURROGATE (New Movie) Chinenye Nnebe, Chuks Omalicha, Nzube Onyia 2024 Nollywood Movie",2024-04-26 14:00:23+00:00,453498,7004.0,542.0,2360000,0,0,0,0,0,0,0,892,13.024748343463232,6.79346613258001,2024,0.015444390052436835,0.001195154113138316,0,0,0,0,13.504823911459217,-0.4800755679959856
Omoni Oboli TV,5 days in november,rXg1n6Oqwe0,5 DAYS IN NOVEMBER - Nigerian Movies Latest Full Movies,2024-04-26 17:00:07+00:00,3598117,36900.0,2537.0,2080000,0,0,0,0,0,0,0,892,15.095921488952616,6.79346613258001,2024,0.01025536412517992,0.0007050910239994975,0,0,0,0,15.01758833224704,0.07833315670557539
Uchenna Mbunabo Tv,a father s love,DhwwHsl6thA,"A FATHER'S LOVE - FREDERICK LEONARD, CLINTON JOSHUA, LINDA OSIFO latest 2024 nigerian movies",2024-04-29 17:00:08+00:00,5577250,80311.0,11749.0,3910000,0,0,0,0,0,0,0,889,15.534206560634715,6.790097235513905,2024,0.014399748980232193,0.00210659375140078,0,0,0,0,15.184934771796447,0.3492717888382675
Uduak Isong TV,sneaky link,oLHhAlFsy4I,"SNEAKY LINK - New Nollywood movie starring Uzor Arukwe, Teniola Aladese, Omeche Oko.",2024-05-01 16:00:41+00:00,1853539,18003.0,1352.0,814000,1,0,0,0,0,0,0,887,14.432607882133157,6.787844982309579,2024,0.009712771082777325,0.0007294154587521493,0,0,0,0,14.61320625678734,-0.18059837465418305
EKENE UMENWA TV,something more than gold ekene umenwa ebele okaro rubby ojiakor,4xMnJI04Lqs,"SOMETHING MORE THAN GOLD- EKENE UMENWA,EBELE OKARO,RUBBY OJIAKOR,2024 NEW MOVIE NIGERIAN MOVIE",2024-05-03 16:31:05+00:00,4694053,70810.0,16344.0,939000,0,0,0,0,0,0,0,885,15.361807159374655,6.785587645007929,2024,0.015085044842910806,0.003481852463105977,0,0,0,0,14.276259670844416,1.0855474885302385
Omoni Oboli TV,lekki or nothing,8FtKde8RVvM,LEKKI OR NOTHING - Nigerian Movies Latest Full Movies,2024-05-03 17:00:08+00:00,2710643,31046.0,2322.0,2080000,0,0,0,0,0,0,0,885,14.81269680300074,6.785587645007929,2024,0.01145337102672687,0.0008566233177884361,0,0,0,0,15.016751289377673,-0.2040544863769327
Bimbo Ademoye TV,unexpected places,InVf3C6-Gmo,"UNEXPECTED PLACES STARRING TIMINI EGBUSON, BIMBO ADEMOYE. A LOVE STORY",2024-05-03 18:09:34+00:00,17252354,262921.0,27690.0,1840000,0,0,0,0,0,1,1,885,16.663459213862527,6.785587645007929,2024,0.015239717432183457,0.0016049983671793425,0,0,0,1,16.460795981730598,0.20266323213192905
Uche Nancy tv,way back,ujW05iR4dss,"WAY BACK - Maurice Sam, Ebube Nwagbo 2024 Nollywood Romantic Movie",2024-05-06 15:37:13+00:00,656720,7076.0,409.0,2360000,0,0,1,0,0,0,0,882,13.395014549739955,6.782192056006791,2024,0.010774759410403217,0.0006227920574978682,0,0,0,0,13.97392956912805,-0.578915019388095
Maurice Sam TV,i dey for you,EOb4hZaw0zo,"I DEY FOR YOU - MAURICE SAM, PEARL WATS 2024 FULL NIGERIAN MOVIE",2024-05-07 17:00:08+00:00,4093380,47277.0,4853.0,2830000,0,0,1,0,0,0,0,881,15.224881836898499,6.78105762593618,2024,0.011549624027087639,0.0011855728029159277,0,0,0,0,15.357875301847711,-0.13299346494921238
BOLAJI OGUNMOLA TV,coloring out,iB9xo0Zj9X8,"COLORING OUT- (FULL MOVIE) OKEY UZOESHI, ADETOLA JONES, BOLAJI OGUNMOLA, 2024NOLLYWOODMOVIE",2024-05-10 16:00:40+00:00,763752,12682.0,1457.0,751000,0,0,0,0,0,0,0,878,13.545999717447135,6.777646593635117,2024,0.01660486650116792,0.001907687312111785,0,0,0,0,14.726180056807625,-1.18018033936049
RuthKadiri247,hello pot,5PEOMIu9ddI,"HELLO POT  - TIMINI EGBUSON, UCHE MONTANA, FRANCESS NWAQBUNIKE, MORGAN NWAMBA, TONY AKPOSHERI",2024-05-10 21:19:36+00:00,10732366,109693.0,7651.0,4100000,0,0,0,0,1,1,0,878,16.188774686737588,6.777646593635117,2024,0.010220765859084567,0.0007128903356445354,0,0,0,0,16.45361005181499,-0.2648353650774027
Uche Nancy tv,not mine,YMfKxOL4kMc,"NOT MINE (New Movie) Sonia Uche, Victory Michael, Ayo Adesanya, Ovundo Ihunwo 2024 Nollywood Movie",2024-05-11 13:00:34+00:00,734718,11133.0,1095.0,2360000,0,0,0,1,0,0,0,877,13.507243392169585,6.776506992372183,2024,0.015152752484626754,0.0014903677329261022,0,0,0,0,13.647220350345856,-0.13997695817627154
Sonia Uche Tv,love in chaos,4tsjCKbOaTc,"LOVE IN CHAOS - SONIA UCHE, CLINTON JOSHUA 2024 FULL NIGERIAN MOVIE",2024-05-12 17:00:02+00:00,8737497,112307.0,11273.0,1510000,0,0,0,1,0,0,0,876,15.98313443662575,6.775366090936392,2024,0.012853452195748965,0.0012901864229538506,0,0,0,0,15.128444380428032,0.8546900561977182
Uchenna Mbunabo Tv,ex factor,Phr3MNOEERg,"EX FACTOR - MAURICE SAM, MIWA OLORUNFEMI, QWASI BLAY latest 2024 nigerian movie",2024-05-13 17:00:25+00:00,2336247,31040.0,2972.0,3910000,0,0,1,0,0,0,0,875,14.664056781678777,6.774223886357614,2024,0.013286266392209386,0.0012721257640994296,0,0,0,0,15.653551783861067,-0.9894950021822897
Maurice Sam TV,native fowl,7EzHu8IWzUo,"NATIVE FOWL - MAURICE SAM, ONYII ALEX 2024 FULL NIGERIAN MOVIE",2024-05-14 17:00:08+00:00,6029045,71819.0,7792.0,2830000,0,0,1,0,0,0,0,874,15.612099347231787,6.773080375655535,2024,0.011912168510933324,0.0012924103236913972,0,0,0,0,15.357027766022657,0.25507158120912976
Uche Nancy tv,secret hustle,JlzcSEU4SNg,"SECRET HUSTLE (New Movie) Ebube Obi, Juliet Njemanze, Victory Michael 2024 Nollywood Movie",2024-05-15 13:00:16+00:00,1494826,19310.0,1829.0,2360000,0,0,0,0,0,0,0,873,14.217521039047412,6.771935555839602,2024,0.012917891446897499,0.0012235537781654854,0,0,0,0,13.502536414580021,0.714984624467391
Uduak Isong TV,two weeks to a wedding,AbMhhLbKlEQ,"Two Weeks To A Wedding - New Nollywood movie with Bimbo Ademoye, Mofe Duncan.",2024-05-15 16:00:21+00:00,2420716,30228.0,2116.0,814000,0,0,0,0,0,0,1,873,14.699574335242058,6.771935555839602,2024,0.012487214526611135,0.0008741215408994694,0,0,0,0,15.21246991714074,-0.5128955818986825
ChinneyLoveEze Tv,3 world apart,m5oZ_ysJD-0,3 WORLD APART - CHINENYE NNEBE/ AMARA NNANNA / SHARONACE,2024-05-15 16:08:09+00:00,469843,7726.0,604.0,829000,0,0,0,0,0,0,0,873,13.060156003696685,6.771935555839602,2024,0.016443790798202802,0.001285535806641793,0,0,0,0,14.839311803329238,-1.7791557996325533
RuthKadiri247,head of house,1Lq0qVvgCro,"HEAD OF HOUSE - RUTH KADIRI. DEZA THE GREAT, SONIA UCHE, KINGSLEY FORTUNE",2024-05-16 16:01:20+00:00,6458146,98451.0,10292.0,4100000,0,0,0,1,0,0,0,872,15.680852992506455,6.77078942390898,2024,0.015244467994374856,0.0015936462260221433,0,0,0,0,15.368538416820364,0.31231457568609144
Omoni Oboli TV,may the best man win,GhzVUMICJ-Q,MAY THE BEST MAN WIN - Nigerian Movies Latest Full Movies,2024-05-17 17:00:07+00:00,2870558,36003.0,4700.0,2080000,0,0,0,0,0,0,0,871,14.870017342289069,6.769641976852503,2024,0.012542160792431298,0.0016373123274290224,0,0,0,0,15.015057156118633,-0.14503981382956432
Uche Nancy tv,love or money,DIFfh93Iefs,"LOVE OR MONEY (New Movie) Maurice Sam, Chinenye Nnebe, Sonia Uche 2024 Nollywood Movie",2024-05-19 13:00:09+00:00,7495228,100404.0,10522.0,2360000,0,0,1,1,0,0,0,869,15.829777242754549,6.767343125265392,2024,0.013395723252181255,0.0014038265413673873,0,1,0,0,14.116550205333093,1.713227037421456
Maurice Sam TV,star struck,lgvwzc0pbPo,"STAR STRUCK - MAURICE SAM, SARIAN MARTIN 2024 FULL NIGERIAN MOVIE",2024-05-21 17:00:28+00:00,6785577,81783.0,7879.0,2830000,0,0,1,0,0,0,0,867,15.73031003553734,6.7650389767805414,2024,0.01205247541955533,0.0011611392811547198,0,0,0,0,15.356173414787543,0.3741366207497965
Uduak Isong TV,to love a girl,afPlyob29Ts,"TO LOVE A GIRL - Nollywood movie starring Ekamma Etim Inyang, Saga Deolu, Omeche Oko, Ichie Fuego",2024-05-22 16:00:01+00:00,1742885,20454.0,1141.0,814000,0,0,0,0,0,0,0,866,14.371052917888148,6.763884908562435,2024,0.011735714060308053,0.0006546616672930228,0,0,0,0,14.28707466393438,0.08397825395376834
Uchenna Mbunabo Tv,when you love june,EckR-2fK-UA,"WHEN YOU LOVE JUNE - REGINA DANIELS, CLINTON JOSHUA, OLA DANIELS latest 2024 nigerian movies",2024-05-22 19:36:41+00:00,10429224,130874.0,17742.0,3910000,0,0,0,0,0,0,0,866,16.160122519326467,6.763884908562435,2024,0.012548776399854869,0.0017011812192354867,0,0,0,0,15.182149866551182,0.9779726527752857
RuthKadiri247,perfect nobody,OmhUNmwaqik,"PERFECT NOBODY - MAURICE SAM, RUTH KADIRI, EJIKE IBEDILO",2024-05-23 16:01:38+00:00,6177754,81259.0,7596.0,4100000,0,0,1,0,0,0,0,865,15.636465494827435,6.762729506931879,2024,0.013153485878524784,0.0012295730778532133,0,0,0,0,15.693787312424362,-0.057321817596927005
Omoni Oboli TV,unfaithfuls,ic8cE3NmfjU,UNFAITHFULS - Nigerian Movies Latest Full Movies,2024-05-25 00:09:44+00:00,2985970,30315.0,2616.0,2080000,0,0,0,0,0,0,0,863,14.909435545044827,6.760414691083428,2024,0.010152479763694879,0.0008760972146404686,0,0,0,0,15.014076811390542,-0.10464126634571436
Uche Nancy tv,my city dream,C4xvv10PNpg,"MY CITY DREAM (New Movie) Chinenye Nnebe, Chris Okagbue, Emmanuella Iloba 2024 Nollywood Movie",2024-05-27 15:00:14+00:00,1912894,28759.0,2698.0,2360000,0,0,0,0,0,0,0,861,14.464128359304928,6.7580945044277305,2024,0.015034288360986024,0.0014104283875635555,0,0,0,0,13.501065884445543,0.9630624748593846
Maurice Sam TV,crazy about you,7MFgjdPoL_o,"CRAZY ABOUT YOU - MAURICE SAM, SOPHIE ALAKHIJA, DENRELE EDUN 2024 FULL NIGERIAN MOVIE",2024-05-28 17:00:04+00:00,3364141,54792.0,8546.0,2830000,0,0,1,0,0,0,0,860,15.028683510836883,6.756932389247553,2024,0.01628707001282051,0.0025403215858074914,0,0,0,0,15.355312137641732,-0.3266286268048493
Uduak Isong TV,together in love,IUGPy4uaojM,TOGETHER IN LOVE - Watch Bimbo Ademoye and Jeffery Nortey fall in love  in this Nollywood drama.,2024-05-29 16:00:28+00:00,937483,13070.0,788.0,814000,0,0,0,0,0,0,1,859,13.7509549700144,6.755768921984255,2024,0.013941586140762019,0.0008405485752808318,0,0,0,0,15.210752307578439,-1.459797337564039
RuthKadiri247,after school,PS91l1YMOn0,"AFTER SCHOOL - ANNABEL APARA, FAITH STANLEY, KELVIN EZIKE (Kenzy)",2024-05-30 16:16:14+00:00,19107419,231867.0,17708.0,4100000,0,0,0,0,0,0,0,858,16.765587299252783,6.754604099487962,2024,0.012134919949156922,0.0009267604379220449,0,0,0,0,15.222620573917695,1.5429667253350878
Omoni Oboli TV,a silver lining,sAm2lBzJpkk,A SILVER LINING  - Nigerian Movies Latest Full Movies,2024-05-31 17:00:08+00:00,1034889,14688.0,1967.0,2080000,0,0,0,0,0,0,0,857,13.84980569884023,6.75343791859778,2024,0.014192826477042465,0.0019006869335745186,0,0,0,0,15.013335570434473,-1.1635298715942426
Uche Nancy tv,my baby boy,Xctk4pkbUPA,"MY BABY BOY (New Movie) Maurice Sam, Chinenye Nnebe, Sonia Uche 2024 Nollywood Romance Movie",2024-06-02 13:10:26+00:00,5770979,69183.0,8137.0,2360000,0,0,1,1,0,0,0,855,15.568352468083217,6.75110146893676,2024,0.011988087289868842,0.0014099860699545086,0,1,0,0,14.11482462507518,1.4535278430080378
EKENE UMENWA TV,one day principal,3Cd6kDHb2LY,"ONE DAY PRINCIPAL  - EKENE UMENWA,STEPHEN ODIMGBE,RUBY OJIKOR,SOMTO UMENWA,JUDE OGBODO,New Movie",2024-06-04 15:58:57+00:00,4256918,48335.0,4349.0,939000,0,0,0,0,0,0,0,853,15.264056217145122,6.748759547491679,2024,0.011354458789199134,0.0010216311425308169,0,0,0,0,14.27234690254513,0.9917093145999907
Uche Nancy tv,everything changes,-u7tK5NpDh4,"EVERYTHING CHANGES (New Movie) Georgina Ibe, Victory Michael, Anita Joseph 2024 Nollywood Movie",2024-06-05 16:14:23+00:00,747354,10319.0,842.0,2360000,0,0,0,0,0,0,0,852,13.524295585497327,6.747586526829315,2024,0.013807379100131932,0.0011266414577295364,0,0,0,0,13.49994947375888,0.024346111738447362
RuthKadiri247,someone like you,vLvAnrZpOzM,SOMEONE LIKE YOU - BOLANLE NINALOWO OSAS IGHODARO  ONYEKA MERCY,2024-06-06 16:00:30+00:00,2179022,35879.0,3995.0,4100000,0,0,0,0,0,0,0,851,14.594387169171647,6.7464121285733745,2024,0.016465643761283733,0.001833391310413571,0,0,0,0,15.221750225290831,-0.6273630561191847
Uchenna Mbunabo Tv,love and blindfold,KJs2v3EeAnU,"LOVE AND BLINDFOLD - CHINONSO ARUBAYI, CHIKE DANIELS, CAROLINE IGBEN latest 2024 nigerian movies",2024-06-06 17:00:19+00:00,952081,13263.0,1010.0,3910000,0,0,0,0,0,0,0,851,13.766406444517925,6.7464121285733745,2024,0.013930537422761298,0.0010608341097028508,0,0,0,0,15.18029348666049,-1.4138870421425658
Omoni Oboli TV,a not so perfect match,59Fb2FkHAuc,A NOT SO PERFECT MATCH - Nigerian Movies Latest Full Movies,2024-06-07 18:00:08+00:00,2175596,28077.0,3506.0,2080000,0,0,0,0,0,0,0,850,14.592813667600042,6.745236349484363,2024,0.012905429132982411,0.001611512431536002,0,0,0,0,15.012464202055556,-0.4196505344555135
Uche Nancy tv,hidden desires,wnujYEtL3Ls,"HIDDEN DESIRES (New Movie) Chioma Nwosu, Victory Michael, Cherry Agba 2024 Nollywood Movie",2024-06-09 13:09:02+00:00,1462646,17618.0,1268.0,2360000,0,0,0,0,0,0,0,848,14.195758365857586,6.742880635791903,2024,0.012045293256194595,0.0008669220030000424,0,0,0,0,13.499449500572295,0.6963088652852907
Uchenna Mbunabo Tv,after i do,D0JOB59H3Bs,"AFTER I DO - MAURICE SAM, ONYII ALEX, KENDRA ANINYEI, ANTHONY WOODE latest 2024 nigerian movies",2024-06-10 18:00:12+00:00,5471293,66655.0,8963.0,3910000,0,0,1,0,0,0,0,847,15.51502570949283,6.741700694652055,2024,0.012182677842330871,0.0016381868052030846,0,0,0,0,15.650096386431404,-0.13507067693857344
Maurice Sam TV,enchanted,meChavitXoY,"ENCHANTED - MAURICE SAM, THELMA NWOSU, OBY TITUS 2024 FULL NIGERIAN MOVIE",2024-06-11 17:00:30+00:00,2357596,34564.0,4202.0,2830000,0,0,1,0,0,0,0,846,14.673153437924324,6.740519359606223,2024,0.014660696743632073,0.0017823240283746664,0,0,0,0,15.353568349979405,-0.6804149120550811
Uche Nancy tv,baby daddy for hire,GLbjzenwBOI,"BABY DADDY FOR HIRE (New Movie) Sonia Uche, Victory Michael, Cherry Agba 2024 Nollywood Movie",2024-06-12 14:00:31+00:00,1362031,19848.0,1611.0,2360000,0,0,0,1,0,0,0,845,14.124488260276093,6.739336627357174,2024,0.014572355548441995,0.001182792462139261,0,0,0,0,13.643271218142127,0.48121704213396654
RuthKadiri247,3rd marriage,J6WGFodyD_4,"3RD MARRIAGE - RUTH KADIRI, DEZA THE GREAT, BLESSING FABIAN",2024-06-13 17:05:35+00:00,2914337,39003.0,3972.0,4100000,0,0,0,0,0,0,0,844,14.88515325077466,6.738152494595957,2024,0.01338314683579833,0.0013629171918003993,0,0,0,0,15.220872687862343,-0.3357194370876826
Omoni Oboli TV,april s miracle,r92SJitO2Zk,APRIL'S MIRACLE - Nigerian Movies Latest Full Movies,2024-06-14 16:29:01+00:00,1993169,27263.0,3022.0,2080000,0,0,0,0,0,0,0,843,14.505236894102126,6.736966958001855,2024,0.013678217953419905,0.0015161785076930256,0,0,0,0,15.01158562794966,-0.5063487338475348
Bimbo Ademoye TV,shining star,yUoTDiFmQts,"Shining Star -  Bimbo Ademoye, Chioma Akpotha, Kunle Remi, Ernest Obi star in this Nollywood film.",2024-06-14 17:00:48+00:00,4878923,77838.0,11481.0,1840000,0,0,0,0,0,0,1,843,15.40043526171416,6.736966958001855,2024,0.01595393081628876,0.0023531832742595036,0,0,0,0,15.935306405811605,-0.5348711440974458
BOLAJI OGUNMOLA TV,life can do whatever he wants,MR50VbWNhrg,"LIFE CAN DO WHATEVER HE WANTS (FULL NIGERIAN MOVIE ) - OKUSAGA ADEOLUWA, BOLAJI OGUNMOLA",2024-06-15 17:00:06+00:00,2439919,33429.0,4423.0,751000,0,0,0,0,0,0,0,842,14.707475809846636,6.7357800142423265,2024,0.013700864659851413,0.0018127650958904783,0,0,0,0,14.72173197950536,-0.014256169658724005
Uche Nancy tv,bonded,YseBk2bJjpk,"BONDED (New Movie) Anthony Woode, Victory Michael, Cherry Agba 2024 Nollywood Movie",2024-06-16 15:00:23+00:00,696477,9238.0,764.0,2360000,0,0,0,0,0,0,0,841,13.453791485199185,6.734591659972948,2024,0.013263898161748342,0.0010969493608547016,0,0,0,0,13.498568845746082,-0.04477736054689707
Sonia Uche Tv,ex and why,0N5t1y4_nNs,"EX AND WHY - SONIA UCHE, BRYAN OKWARA, PRECIOUS AKAEZE, THELMA CHUKWUNWEM 2024 FULL NIGERIAN MOVIE",2024-06-16 17:04:12+00:00,5511960,65900.0,8304.0,1510000,0,0,0,1,0,0,0,841,15.522431016178903,6.734591659972948,2024,0.011955819708415881,0.0015065421374610847,0,0,0,0,15.124112337459351,0.3983186787195514
Maurice Sam TV,love heals,-aPGmMFCcMA,"LOVE HEALS - MAURICE SAM, CHIOMA NWAOHA 2024 FULL NIGERIAN MOVIE",2024-06-19 17:00:00+00:00,4845010,60837.0,8846.0,2830000,0,0,1,0,0,0,0,838,15.393460073686263,6.731018100482083,2024,0.012556630430071351,0.0018257960251888024,0,0,0,0,15.352558897197115,0.04090117648914848
RuthKadiri247,stars and blue,SL97GUo8FiU,"STARS AND BLUE - DEZA THE GREAT, SONIA UCHE, ANNABEL APARA",2024-06-20 16:04:50+00:00,4826751,65462.0,5241.0,4100000,0,0,0,1,0,0,0,837,15.389684335655463,6.729824070489475,2024,0.013562332094611882,0.0010858235695191238,0,0,0,0,15.36418608946601,0.02549824618945351
Uche Nancy tv,crossed lines,L7ccIVgEdL0,"CROSSED LINES (New Movie) Maurice Sam, Sonia Uche, Victory Michael 2024 Nollywood Romance Movie",2024-06-21 16:00:21+00:00,8570965,110431.0,11036.0,2360000,0,0,1,1,0,0,0,836,15.963891003008142,6.728628613084702,2024,0.012884313493288096,0.0012876029711940255,0,1,0,0,14.112437016594086,1.8514539864140556
Omoni Oboli TV,street blues,idUL1TWIi7E,STREET BLUES - Nigerian Movies 2024 Latest Full Movies,2024-06-21 17:30:05+00:00,3328079,36287.0,3362.0,2080000,0,0,0,0,0,0,0,836,15.017906119095855,6.728628613084702,2024,0.01090328685106333,0.0010101923662268835,0,0,0,0,15.010699727947742,0.007206391148113056
NollyFamily tv,without wings,uoXtsaNzA8U,"WITHOUT WINGS (New Movie) Eso Dike, Detola Jones, Elochukwu Godwin 2024 Nollywood Movie",2024-06-26 16:01:01+00:00,596529,6708.0,702.0,1670000,0,0,0,0,0,0,0,831,13.298884812633476,6.7226297948554485,2024,0.011245052629461435,0.0011768078333157315,0,0,0,0,13.446118335930537,-0.14723352329706074
RuthKadiri247,i was silly,sbRj54KpQQ4,"I WAS SILLY - RUTH KADIRI, TOOSWEET ANNAN, GENEVIEVE UKATU",2024-06-27 16:01:03+00:00,4074347,51141.0,4639.0,4100000,0,0,0,0,0,0,0,830,15.220221291855735,6.721425700790643,2024,0.012551950042546695,0.0011385873613612193,0,0,0,0,15.219095564606894,0.0011257272488407466
CHIOMA NWAOHA PREMIUM TV,a love to last chioma nwaoha chidi dike,BcRWEoDap9M,"A LOVE TO LAST, CHIOMA NWAOHA  , CHIDI DIKE LATEST NOLLYWOOD MOVIES 2024",2024-06-28 15:00:11+00:00,7834137,69400.0,3550.0,412000,0,0,0,0,0,0,0,829,15.874001408574845,6.720220155135295,2024,0.008858665606690309,0.000453144998613121,0,0,0,0,15.469179843110314,0.4048215654645304
Uduak Isong TV,unexpected r0mance,24EmtFR6pWM,"Unexpected R0mance - Nollywood Movie starring Bimbo Ademoye, Eso Dike, Omeche Oko",2024-06-28 16:59:53+00:00,1332261,13091.0,677.0,814000,0,0,0,0,0,0,1,829,14.10238880743691,6.720220155135295,2024,0.009826152683295541,0.0005081586866237172,0,0,0,0,15.206975460622283,-1.1045866531853736
Uche Nancy tv,daddy me,_fJAP7GKnE0,"DADDY & ME (New Movie) Mike Ezuruonye, Ebube Obi, Victory Michael 2024 Nollywood Movie",2024-06-30 14:00:33+00:00,1959369,23492.0,2117.0,2360000,0,0,0,0,0,0,0,827,14.488133550966037,6.717804695023691,2024,0.011989574194549367,0.0010804498795275418,0,0,0,0,13.49678532966123,0.9913482213048059
NollyFamily tv,wife material,ut3vtiaw8GQ,"WIFE MATERIAL (New Movie) Deza The Great, Shaznay Okawa 2024 Nollywood Romcom Movie",2024-06-30 15:00:59+00:00,1423307,12857.0,1302.0,1670000,0,0,0,0,0,0,0,827,14.168494297783454,6.717804695023691,2024,0.00903318820184261,0.000914771022695736,0,0,0,0,13.445605697512159,0.7228886002712951
KISSNOLLYSTUDIO ,doctor on duty,T_Ovr-Y1ZdU,"DOCTOR ON DUTY - CHIDI DIKE, UCHE MONTANA, JENNIFER EPHRAIM | Nigerian Love Movie",2024-06-30 16:00:24+00:00,239261,1413.0,75.0,115000,0,0,0,0,1,0,0,827,12.385314464797206,6.717804695023691,2024,0.005905684587124521,0.0003134652116308132,0,0,0,0,12.385314464797155,5.1514348342607263e-14
Maurice Sam TV,love doubt,31O1wqX0BCA,"LOVE & DOUBT - MAURICE SAM, PEARL WATS 2024 FULL NIGERIAN MOVIE",2024-07-02 17:00:02+00:00,5528113,47754.0,4745.0,2830000,0,0,1,0,0,0,0,825,15.525357266503548,6.715383386334681,2024,0.008638390713069722,0.0008583399073065258,0,0,0,0,15.35089780096869,0.17445946553485747
Omoni Oboli TV,trouble next door,6w7ALA3nE1E,TROUBLE NEXT DOOR - Nigerian Movies Latest Full Movies,2024-07-04 15:00:08+00:00,3407486,35928.0,2318.0,2080000,0,0,0,0,0,0,0,823,15.041485627431827,6.71295620067707,2024,0.010543843760473263,0.0006802669181913,0,0,0,0,15.009034626501357,0.03245100093046993
RuthKadiri247,boys are bad,qYGMzdO2IY0,BOYS ARE BAD -  DEZA THE GREAT STEPHANIA BASSEY ECHELON MBADIWE,2024-07-04 16:00:21+00:00,2208238,30937.0,2674.0,4100000,0,0,0,0,0,0,0,823,14.607705923274922,6.71295620067707,2024,0.01400981234812552,0.0012109201997248485,0,0,0,0,15.218195730138373,-0.6104898068634501
Uchenna Mbunabo Tv,daddy,N81IxuDcN78,"DADDY - SONIA UCHE, STELLA UDEZE, KOFI ADJORLOLO, NANA BOAMAH latest 2024 nigerian movies",2024-07-04 17:00:26+00:00,3824068,42552.0,3678.0,3910000,0,0,0,1,0,0,0,823,15.156825596923694,6.71295620067707,2024,0.011127417190280089,0.0009618029804909327,0,0,0,0,15.320937239085955,-0.16411164216226126
NollyFamily tv,native wife,cQDcbm_WrLM,"NATIVE WIFE (New Movie) Chidi Dike, Sandra Okunzuwa 2024 Nollywood Romcom Movie",2024-07-06 14:00:25+00:00,2549765,26999.0,1446.0,1670000,0,0,0,0,0,0,0,821,14.751512148218088,6.710523109452428,2024,0.010588818969591315,0.0005671110867079907,0,0,0,0,13.444832071962287,1.3066800762558017
Uche Nancy tv,men don t tell,oHrMasZEOoI,"MEN DON'T TELL (New Movie) Etinosa Idumedia, Anthony Woode, Cherry Agba 2024 Nollywood Movie",2024-07-08 14:00:43+00:00,284398,4312.0,338.0,2360000,0,0,0,0,0,0,0,819,12.55813346073064,6.70808408385307,2024,0.015161850645925781,0.0011884753057335143,0,0,0,0,13.495752572016846,-0.9376191112862067
Uchenna Mbunabo Tv,couple s pact,cfAb3ikq2Tw,"COUPLE'S PACT - TIMINI EGBUSON, ONYII ALEX, DREAM ALFA, CHARITY ONAH latest 2024 nigerian movie",2024-07-08 17:00:25+00:00,6285745,81479.0,8555.0,3910000,0,0,0,0,0,1,0,819,15.653795088269039,6.70808408385307,2024,0.012962504842305884,0.0013610160768532608,0,0,0,0,15.696545272302323,-0.042750184033284455
Maurice Sam TV,two girls,D-mALGzlCIE,"TWO GIRLS - MAURICE SAM, SONIA UCHE, PEARL WATS 2024 FULL NIGERIAN MOVIE",2024-07-09 17:00:07+00:00,8116338,87511.0,9162.0,2830000,0,0,1,1,0,0,0,818,15.909389748400033,6.706862336602747,2024,0.010782079307194945,0.001128834210699456,0,1,0,0,15.494190737234971,0.4151990111650612
RuthKadiri247,forever yours pat attah ruth kadiri emem inwang,stMB4zjyeKU,FOREVER YOURS- PAT ATTAH RUTH KADIRI EMEM INWANG,2024-07-11 16:00:29+00:00,2078089,36726.0,5395.0,4100000,0,0,0,0,0,0,0,816,14.546959760579263,6.704414354964107,2024,0.01767296780840474,0.002596135199214278,0,0,0,0,15.217288209376315,-0.6703284487970524
Uche Nancy tv,honey venom,jUKkWMWJA9A,"HONEY & VENOM - Maurice Sam, Chinenye Nnebe, Ebube Nwaguru 2024 Nollywood Romance Movie",2024-07-12 17:31:12+00:00,1479145,16184.0,1490.0,2360000,0,0,1,0,0,0,0,815,14.206975452169106,6.703188113240863,2024,0.010941456043863177,0.0010073386990457325,0,0,0,0,13.965535865851995,0.24143958631711016
Uche Nancy tv,die together,0BvfMIebkeM,"DIE TOGETHER (New Movie) Maurice Sam, Sonia Uche 2024 Nollywood Romance Movie",2024-07-14 14:00:01+00:00,4200545,52931.0,5905.0,2360000,0,0,1,1,0,0,0,813,15.250725074804329,6.70073110954781,2024,0.012600983919943722,0.0014057699655639923,0,1,0,0,14.109473071268914,1.1412520035354152
Uchenna Mbunabo Tv,tangled roots,Zrhqsu2paU0,"TANGLED ROOTS  - CHINENYE NNEBE, CLINTON JOSHUA, NANA BOAMAH latest 2024 nigerian movies",2024-07-15 18:00:15+00:00,7626769,108825.0,11937.0,3910000,0,0,0,0,0,0,0,812,15.847174984667024,6.699500340161678,2024,0.014268820781119764,0.0015651450830620412,0,0,0,0,15.175309385636021,0.671865599031003
Uche Nancy tv,chasing love,xBhGb2zS314,"CHASING LOVE (New Movie) Victory Michael, Felix Omokhodion, Cherry Agba 2024 Nollywood Romance Movie",2024-07-17 15:01:03+00:00,110282,2176.0,179.0,2360000,0,0,0,0,0,0,0,810,11.610805068249771,6.697034247666484,2024,0.019731234471627283,0.0016231116592009575,0,0,0,0,13.494578592048859,-1.8837735237990874
RuthKadiri247,married to myself,Fh5j0ZaRofQ,"MARRIED TO MYSELF - CHIDI DIKE, FRANCESS NWABUNIKE, STEFANIA BASSEY",2024-07-18 16:01:31+00:00,4465798,67300.0,5136.0,4100000,0,0,0,0,0,0,0,809,15.311958703651987,6.695798917058491,2024,0.015070094975186965,0.0011500744099934659,0,0,0,0,15.216372869877535,0.09558583377445196
Omoni Oboli TV,love and legacy,naFDaNrd6BQ,LOVE AND LEGACY - Nigerian Movies Latest Full Movies,2024-07-18 19:07:03+00:00,3382399,34111.0,1869.0,2080000,0,0,0,0,0,0,0,809,15.034096074658056,6.695798917058491,2024,0.010084853974945003,0.000552566388530744,0,0,0,0,15.00721176624052,0.026884308417535863
BOLAJI OGUNMOLA TV,hearts over time,CR9Ndm6W50g,HEARTS OVER TIME- NIGERIAN MOVIES 2026 LATEST FULL MOVIES,2024-07-20 17:00:08+00:00,2110702,34497.0,7655.0,751000,0,0,0,0,0,0,0,807,14.562531625317115,6.693323668269949,2024,0.016343851476901997,0.0036267554586104527,0,0,0,0,14.717221242980052,-0.1546896176629371
Uche Nancy tv,a man s nightmare,2N2coWXvBU4,"A MAN'S NIGHTMARE (New Movie) Deza The Great, Chinenye Nnebe 2024 Nollywood Romance Movie",2024-07-21 14:00:01+00:00,658461,11455.0,1119.0,2360000,0,0,0,0,0,0,0,806,13.397662091590721,6.692083742506628,2024,0.017396626375745867,0.001699417277560858,0,0,0,0,13.494052630053499,-0.0963905384627779
Sonia Uche Tv,mr mrs,jc9tUqCZz0E,"MR & MRS - SONIA UCHE, CHIKE DANIELS, KEIRA HEWATCH, THELMA CHUKWUNWEM 2024 FULL NIGERIAN MOVIE",2024-07-21 17:00:27+00:00,3945836,56982.0,4716.0,1510000,0,0,0,1,0,0,0,806,15.188171657058193,6.692083742506628,2024,0.014441046206684717,0.0011951839863592912,0,0,0,0,15.11959612176677,0.0685755352914228
RuthKadiri247,trenches kid,Zeand3lKxIc,TRENCHES KID - RUTH KADIRI MAURICE SAM  ERONINI OSINACHIM,2024-07-25 16:01:37+00:00,5251488,82590.0,8310.0,4100000,0,0,1,0,0,0,0,802,15.474022213403147,6.687108607866515,2024,0.015726971098477233,0.0015824086430360309,0,0,0,0,15.685753037602108,-0.21173082419896083
Uchenna Mbunabo Tv,when a woman loves,m9PrFeiyKx8,"WHEN A WOMAN LOVES - RAY EMODI, SARIAN MARTIN, EMMA EMORDI, ADA ULI latest 2024 nigerian movies",2024-07-26 17:30:06+00:00,3029064,42096.0,2946.0,3910000,0,0,0,0,0,0,0,801,14.923764549006597,6.68586094706836,2024,0.013897362353519106,0.0009725776675567106,0,0,0,0,15.173860280509333,-0.2500957315027357
Uche Nancy tv,high tides,vDlbMo63XzU,"HIGH TIDES - Sonia Uche, Chinenye Nnebe, Ebube Obi, Chioma Nwosu 2024 Nollywood Drama Movie",2024-07-27 14:00:48+00:00,681784,9030.0,655.0,2360000,0,0,0,1,0,0,0,800,13.43246963785724,6.684611727667927,2024,0.013244663999155158,0.0009607148305035025,0,0,0,0,13.637457020094262,-0.20498738223702162
Uche Nancy tv,breath again,jlyVcTb0GeY,"BREATH AGAIN (New Movie) Anthony Woode, Cherry Agba, Buchi Onyema 2024 Nollywood Movie",2024-07-28 14:02:32+00:00,442637,7667.0,736.0,2360000,0,0,0,0,0,0,0,799,13.000507559217304,6.683360945766275,2024,0.017321190953309373,0.0016627620375160685,0,0,0,0,13.493125884311294,-0.4926183250939893
Uchenna Mbunabo Tv,lovers foes,SdagnIR9XDw,"LOVERS & FOES - TIMINI EGBUSON, REGINA DANIELS, PETER KOMBA, NANA BOAMAH latest 2024 nigerian movie",2024-07-29 18:00:12+00:00,6732216,96656.0,9737.0,3910000,0,0,0,0,0,1,0,798,15.722415067879089,6.682108597449809,2024,0.014357233933076419,0.0014463291136232112,0,0,0,0,15.693785529969386,0.028629537909703018
Maurice Sam TV,love lies bleeding,UNPXOUVkTtM,"LOVE LIES BLEEDING - MAURICE SAM, SOPHIA ALAKIJA 2024 FULL NIGERIAN MOVIE",2024-07-30 17:00:19+00:00,7050165,87213.0,13226.0,2830000,0,0,1,0,0,0,0,797,15.768561720610537,6.680854678790215,2024,0.012370348779071129,0.0018759844627749846,0,0,0,0,15.34722932930149,0.421332391309047
Omoni Oboli TV,love camera action,iyrzYXDiEfw,LOVE CAMERA ACTION - Nigerian Movies Latest Full Movies,2024-08-03 14:00:08+00:00,2003236,25931.0,1983.0,2080000,0,0,0,0,0,0,0,793,14.510274930164623,6.675823221634848,2024,0.01294455570886306,0.0009898983444786337,0,0,0,0,15.005089466336885,-0.494814536172262
RuthKadiri247,here to be human,E8AYtWRwgtw,HERE TO BE HUMAN | A POWERFUL STORY OF A DAUGHTER’S BETRAYAL & A MOTHER’S UNBREAKABLE LOVE #movie,2024-08-05 16:05:50+00:00,1267335,24490.0,2785.0,4100000,0,0,0,0,0,0,0,791,14.052427617515896,6.673297967767654,2024,0.01932401456599873,0.002197524727084788,0,0,0,0,15.213982276634153,-1.1615546591182575
Uchenna Mbunabo Tv,mending fences,SjMVBC6Frow,"MENDING FENCES - FREDERICK LEONARD, CHIOMA NWAOHA, IKEBUDU PROMISE latest 2024 nigerian movies",2024-08-05 18:00:20+00:00,3769949,44101.0,4199.0,3910000,0,0,0,0,0,0,0,791,15.142572296736775,6.673297967767654,2024,0.011698036233381406,0.0011138081708797652,0,0,0,0,15.172525538003812,-0.029953241267037356
Maurice Sam TV,you me forever,CmK_5I4YDRM,"YOU ME FOREVER - MAURICE SAM, SONIA UCHE 2024 full nigerian movie",2024-08-06 17:00:15+00:00,16960019,202058.0,26446.0,2830000,0,0,1,1,0,0,0,790,16.646369367572618,6.672032945461067,2024,0.011913783823001614,0.0015593142908625279,0,1,0,0,15.490490319707773,1.155879047864845
Uduak Isong TV,the perfect wedding dress,Gv2zVYlwaRs,"The Perfect Wedding Dress - New Nigerian movie starring Omeche Oko, Teniola Aladese, Mike Godson",2024-08-07 16:00:40+00:00,1110011,14574.0,1143.0,814000,0,0,0,0,0,0,0,789,13.919881384040892,6.670766320845874,2024,0.013129599616580376,0.0010297195253020015,0,0,0,0,14.277181362822892,-0.3572999787820006
Bimbo Ademoye TV,last straw,UCZz-qi4ORk,"Last Straw - New Nigerian movie starring Bimbo Ademoye, Timini Egbuson, Shaffy Bello",2024-08-08 11:00:34+00:00,15428259,208377.0,17471.0,1840000,0,0,0,0,0,1,1,788,16.551711450644273,6.669498089857879,2024,0.013506190167017549,0.0011324025607814855,0,0,0,1,16.44846215071832,0.10324929992595244
RuthKadiri247,i met a girl,W12SyCI1WZM,"I MET A GIRL - MAURICE SAM, CHINONSO ARUBAYI, SIR CHRIS AKWARANDU, OBY TITUS",2024-08-08 16:00:14+00:00,8321022,96341.0,11367.0,4100000,0,0,1,0,0,0,0,788,15.9342957619696,6.669498089857879,2024,0.011578024910882341,0.001366058159682789,0,0,0,0,15.683882023858654,0.2504137381109466
Uchenna Mbunabo Tv,alfred the mischiefs,wglpYGs4V2c,"ALFRED & THE MISCHIEFS - CLINTON JOSHUA, RAY EMODI, DERA OSADEBE, DREAM latest 2024 nigerian movie",2024-08-08 18:00:30+00:00,5085620,66163.0,4173.0,3910000,0,0,0,0,0,0,0,788,15.441927703902087,6.669498089857879,2024,0.013009819844974653,0.0008205489202889717,0,0,0,0,15.17212182337207,0.26980588053001675
Uche Nancy tv,three hearts,8DufSNXIynI,"THREE HEARTS (New Movie) Chioma Nwosu, Victory Michael, Cherry Agba 2024 Nollywood Movie",2024-08-09 15:00:12+00:00,809742,9508.0,673.0,2360000,0,0,0,0,0,0,0,787,13.604472192352802,6.668228248417403,2024,0.011742011653094443,0.0008311289274855447,0,0,0,0,13.491518124408866,0.11295406794393514
Omoni Oboli TV,spice of love,qDBfgAALd-E,SPICE OF LOVE - Nigerian Movies Latest Full Movies,2024-08-09 20:15:26+00:00,4532975,53617.0,4037.0,2080000,0,0,0,0,0,0,0,787,15.326889235402021,6.668228248417403,2024,0.011828214362532332,0.0008905851013958824,0,0,0,0,15.004282545196688,0.3226066902053333
BASEFLIX TV,noise over scars,ISiHgGlncdI,"NOISE OVER SCARS (New Movie) Deza the Great, Sandra Okunzuwa, Bryan Okoye 2024 Nollywood Movie",2024-08-10 14:00:21+00:00,621781,8090.0,411.0,109000,0,0,0,0,0,0,0,786,13.340344827972922,6.666956792429207,2024,0.013011011915770986,0.0006610044372536311,0,0,0,0,13.523818627111854,-0.18347379913893214
BOLAJI OGUNMOLA TV,no love lust,wusI_-WUjd4,NO LOVE LUST-NIGERIAN MOVIES 2026 LATEST FULL MOVIES,2024-08-10 15:00:09+00:00,2022883,36618.0,5383.0,751000,0,0,0,0,0,0,0,786,14.520034773922557,6.666956792429207,2024,0.01810188725694961,0.002661053555741978,0,0,0,0,14.7144199178262,-0.19438514390364325
Uche Nancy tv,better days,6RSZXIHVOD4,"BETTER DAYS (New Movie) Angel Unigwe, Chioma Nwosu, Victory Michael 2024 Nollywood Movie",2024-08-11 15:08:18+00:00,4135387,47391.0,4093.0,2360000,0,0,0,0,0,0,0,785,15.235091715169677,6.665683717782408,2024,0.011459870623958531,0.0009897501733211426,0,0,0,0,13.491247783026154,1.7438439321435233
Sonia Uche Tv,bequest,4NKd84yW75c,"BEQUEST - SONIA UCHE, NEO AKPOFURE, BRYAN OKWARA 2024 FULL NIGERIAN MOVIE",2024-08-11 17:00:03+00:00,1876875,31839.0,3929.0,1510000,0,0,0,1,0,0,0,785,14.445119250520122,6.665683717782408,2024,0.016963836163836163,0.0020933732933732935,0,0,0,0,15.116791274739425,-0.671672024219303
Uchenna Mbunabo Tv,one heart at a time,mMhJHIU47ps,"ONE HEART AT A TIME - MAURICE SAM, SARIAN MARTIN, CHARITY IWEZULU latest 2024 nigerian movies",2024-08-12 18:00:32+00:00,8148941,85709.0,4847.0,3910000,0,0,1,0,0,0,0,784,15.913398660839306,6.664409020350408,2024,0.010517808387617483,0.0005948012140473222,0,0,0,0,15.641884601587709,0.2715140592515972
ChinneyLoveEze Tv,alan poser,82WThIxoeeQ,ALAN POSER - Ik ogbonna/ Bolaji Ogunmola / Lastest Nollywood 2024 movies,2024-08-14 15:03:35+00:00,1555185,20195.0,1269.0,829000,0,0,0,0,0,0,0,782,14.25710571059018,6.661854740545311,2024,0.012985593353845363,0.0008159800924005825,0,0,0,0,14.827616365511611,-0.5705106549214314
Uduak Isong TV,sweet hearts,2w4_WqYKG60,SWEET HEARTS - Watch Daniel Etim and Debby Felix in this new Nigerian movie,2024-08-14 16:00:40+00:00,3592586,36866.0,2037.0,814000,0,0,0,0,0,0,0,782,15.094383113761085,6.661854740545311,2024,0.01026168893382093,0.0005670010404761361,0,0,0,0,14.27623455994009,0.8181485538209952
RuthKadiri247,airbnb ruth kadiri eddie watson esther audu moc madu,H5_WlwR9uH8,AIRBNB- RUTH KADIRI EDDIE WATSON ESTHER AUDU MOC MADU,2024-08-15 15:59:40+00:00,1957998,27299.0,2043.0,4100000,0,0,0,0,0,0,0,781,14.487433591347232,6.660575149839686,2024,0.013942302290400705,0.0010434127103296326,0,0,0,0,15.212630552216563,-0.7251969608693312
Omoni Oboli TV,match mingle,rSKgwGlH6x0,MATCH MINGLE - Nigerian Movies 2024 Latest Full Movies,2024-08-16 17:04:06+00:00,2258809,24166.0,1120.0,2080000,0,0,0,0,0,0,0,780,14.630348683900468,6.659293919683638,2024,0.010698558399581372,0.0004958365226984664,0,0,0,0,15.003333325426935,-0.3729846415264664
Uche Nancy tv,annoying last born,0JScQJq0hJE,"ANNOYING LAST BORN (New Movie) Ebube Obi, Faith Duke, Victory Michael 2024 Nollywood Movie",2024-08-18 14:04:24+00:00,3518410,36510.0,3214.0,2360000,0,0,0,0,0,0,0,778,15.073520025198848,6.656726524178391,2024,0.010376846359577195,0.0009134808052500987,0,0,0,0,13.490296133998699,1.5832238912001486
NollyFamily tv,saving mate,HSdW5LWTGM4,"SAVING MATE (New Movie) Deza The Great, Benita Onyiuke 2024 Nollywood Romance Movie",2024-08-18 16:01:36+00:00,671456,6936.0,226.0,1670000,0,0,0,0,0,0,0,778,13.417205257154174,6.656726524178391,2024,0.010329790783014822,0.0003365819949482915,0,0,0,0,13.439116501849627,-0.02191124469545258
Uche Nancy tv,little sunshine,VyQlbOpNTRE,"LITTLE SUNSHINE - Ebube Obi, Faith Duke, Ekwelike Stanley 2024 Nollywood Romcom Movie",2024-08-20 15:55:20+00:00,578428,8603.0,487.0,2360000,0,0,0,0,0,0,0,776,13.268071086882395,6.654152520183219,2024,0.014873069768406785,0.0008419371123112989,0,0,0,0,13.490022661245183,-0.22195157436278734
Maurice Sam TV,extra package,HZT_24Z6Vuc,"EXTRA PACKAGE - MAURICE SAM, EBUBE NWAGBO 2024 FULL NIGERIAN MOVIE",2024-08-20 17:00:13+00:00,5260202,72529.0,9620.0,2830000,0,0,1,0,0,0,0,776,15.47568017712509,6.654152520183219,2024,0.013788253759076172,0.001828827105879204,0,0,0,0,15.344392382329852,0.131287794795238
NOLLWOOD FLIX TV,i found love in you,rQ2zZQ7XzLU,I Found Love In You [Starring Chidi Dike And Uche Montana ]-New Trending Nigerian Movies 2024,2024-08-22 13:01:02+00:00,1447435,6348.0,285.0,72000,0,0,0,0,1,0,0,774,14.185304273289464,6.651571873589727,2024,0.004385689167389209,0.00019690003350754956,0,0,0,0,12.971162663556687,1.2141416097327777
RuthKadiri247,love umbrela,YB9KqJ1RY_8,LOVE UMBRELA - FRANCESS NWABUNIKE PAT ATTAH OBY TITUS  SAMUEL ONOT,2024-08-22 16:00:23+00:00,1532895,28688.0,2672.0,4100000,0,0,0,0,0,0,0,774,14.242669314717693,6.651571873589727,2024,0.018714915242074637,0.0017431069968915026,0,0,0,0,15.211674007179584,-0.9690046924618905
Omoni Oboli TV,picking sides,vM4eOW-tusY,PICKING SIDES - Nigerian Movies Latest Full Movies,2024-08-23 17:01:00+00:00,1858534,23394.0,1749.0,2080000,0,0,0,0,0,0,0,773,14.43529910093383,6.650279048587422,2024,0.01258734034459418,0.0009410643012180568,0,0,0,0,15.00237554850588,-0.5670764475720489
Uche Nancy tv,god s plan,I4qtByloHMU,"GOD'S PLAN (New Movie) Chris Okagbue, Faith Duke, Cherry Agba 2024 Nollywood Romance Movie",2024-08-25 15:01:20+00:00,926141,10774.0,638.0,2360000,0,0,0,0,0,0,0,771,13.738782849603936,6.647688373563329,2024,0.011633217836161017,0.0006888799869566297,0,0,0,0,13.489335883765975,0.24944696583796144
Uchenna Mbunabo Tv,a letter to my husband,BsXFDvZdR5c,"A LETTER TO MY HUSBAND - CHINENYE NNEBE, MAURICE SAM, CHISOM AGOAWUIKE latest 2024 nigerian movies",2024-08-26 17:15:00+00:00,6424908,87616.0,10508.0,3910000,0,0,1,0,0,0,0,770,15.67569302522113,6.646390514847729,2024,0.013636926785566423,0.0016355098002959732,0,0,0,0,15.639970241577657,0.03572278364347348
Maurice Sam TV,a hero comes along,qF_AtT6mEeE,"A HERO COMES ALONG - MAURICE SAM, RUTH KADIRI 2024 FULL NIGERIAN MOVIES",2024-08-27 17:00:48+00:00,4855124,59187.0,5705.0,2830000,0,0,1,0,0,0,0,769,15.395545406029058,6.645090969505644,2024,0.012190625821297253,0.0011750472284538973,0,0,0,0,15.343429645978404,0.0521157600506541
Uduak Isong TV,yours truly,R6U9YyW66OE,"YOURS TRULY - New Nigerian movie starring Majid Michel, Amanda Iriekpen from Sweet Hearts",2024-08-28 16:14:19+00:00,414366,6674.0,440.0,814000,0,0,0,0,0,0,0,768,12.934507333551885,6.643789733147672,2024,0.01610653383723568,0.001061863183755424,0,0,0,0,14.274315259377778,-1.3398079258258928
Uchenna Mbunabo Tv,champagne,NFTuoZLDTzs,"CHAMPAGNE - EBUBE NWAGBO, RAY EMODI, LINDA OSIFO latest 2024 nigerian movies",2024-08-28 17:00:19+00:00,2358870,28699.0,4560.0,3910000,0,0,0,0,0,0,0,768,14.673693672706362,6.643789733147672,2024,0.012166418666564923,0.0019331289982067684,0,0,0,0,15.16939046199458,-0.4956967892882176
RuthKadiri247,run fast,GdQ3Dz6DdTE,"RUN FAST - RUTH KADIRI, STEPHEN ODINGBE, FRANCES BEN",2024-08-29 16:01:30+00:00,4218552,57206.0,5792.0,4100000,0,0,0,0,0,0,0,767,15.255002736216374,6.642486801367256,2024,0.013560577183829902,0.0013729829571853091,0,0,0,0,15.210708771802626,0.044293964413748554
Omoni Oboli TV,irreplaceable,a-TfeLSnveE,IRREPLACEABLE - Nigerian Movies Latest Full Movies,2024-08-30 17:00:00+00:00,3481190,44811.0,2242.0,2080000,0,0,0,0,0,0,0,766,15.062885034578745,6.641182169740591,2024,0.012872322395502686,0.0006440326440096633,0,0,0,0,15.00140905874467,0.0614759758340746
NollyFamily tv,when you see me,K90bcf8AMXM,"WHEN YOU SEE ME (New Movie) Toosweet Annan, Shaznay Okawa, Bibi Sonye 2024 Nollywood Romance Movie",2024-08-31 16:00:26+00:00,416715,5624.0,282.0,1670000,0,0,0,0,0,0,0,765,12.940160213601647,6.639875833826536,2024,0.013496034460002639,0.0006767215003059645,0,0,0,0,13.437326215316343,-0.49716600171469594
Uche Nancy tv,crazy obsession,ccMfhZNUmZc,"CRAZY OBSESSION (New Movie) Shaznay Okawa, Anthony Woode 2024 Nollywood Romantic Movie",2024-09-01 15:00:41+00:00,203047,3281.0,265.0,2360000,0,0,0,0,0,0,0,764,12.221197683275243,6.638567789166521,2024,0.016158820371638093,0.0013051165493703429,0,0,0,0,13.488366875429799,-1.2671691921545563
Sonia Uche Tv,once upon a vow,VJ_al50fkbI,"ONCE UPON A VOW - MAURICE SAM, SONIA UCHE, NY ADDAE, CHISOM AGOAWUIKE, Latest 2024 Nigerian Movies",2024-09-01 16:00:22+00:00,10345759,139620.0,18217.0,1510000,0,0,1,1,0,0,0,764,16.15208733190557,6.638567789166521,2024,0.013495384920526373,0.0017608181284717729,0,1,0,0,15.584213828999314,0.5678735029062558
RuthKadiri247,flower girl dera osadebe vivian gabriel jide oyegbile,6eZSCf0Ag1E,FLOWER GIRL- DERA OSADEBE VIVIAN GABRIEL JIDE OYEGBILE,2024-09-02 16:02:38+00:00,1766178,25579.0,2055.0,4100000,0,0,0,0,0,0,0,763,14.384329014012962,6.637258031284457,2024,0.014482685210663931,0.001163529383788044,0,0,0,0,15.210153245799274,-0.8258242317863118
EKENE UMENWA TV,amazing grace,ZID-vn6v3VY,"Amazing Grace - Ekene Umenwa,Prisma James,Dm Chidi,2025 Latest Nigerian Nollywood Movie",2024-09-03 16:00:07+00:00,1278008,31559.0,2811.0,939000,0,0,0,0,0,0,0,762,14.060813956148342,6.635946555686647,2024,0.024693898629742538,0.00219951674793898,0,0,0,0,14.260361187076464,-0.19954723092812188
Uche Nancy tv,acrimony,2Q8wwI3HJVo,"ACRIMONY - Sonia Uche, Chinenye Nnebe, Felix Omokhodion 2024 Nollywood Romantic Movie",2024-09-04 15:26:14+00:00,518673,8039.0,533.0,2360000,0,0,0,1,0,0,0,761,13.159030833769894,6.634633357861686,2024,0.0154991680692845,0.0010276224133509938,0,0,0,0,13.632147112870802,-0.4731162791009087
ChinneyLoveEze Tv,saintly affections,5nvTR6JqbVM,"SAINTLY AFFECTIONS - CLINTON JOSHUA, CHINENYE NNEBE  star in New 2024 movie",2024-09-04 16:09:22+00:00,4354675,50568.0,3497.0,829000,0,0,0,0,0,0,0,761,15.286760768256581,6.634633357861686,2024,0.011612347649365338,0.0008030450033584596,0,0,0,0,14.824724254042096,0.46203651421448555
BOLAJI OGUNMOLA TV,imperfect match2,HN-X5xCbNTw,"IMPERFECT MATCH2-(FULLNIGERIANMOVIE)IK OGBONNA,BOLAJIOGUNMOLA,SARIAN MARTIN,CHIOMA NWOSU,JOHN EKANEM",2024-09-05 15:00:08+00:00,3252415,50847.0,12780.0,751000,0,0,0,0,0,0,0,760,14.994908662747822,6.633318433280377,2024,0.015633613791597934,0.003929387854870919,0,0,0,0,14.710846040428395,0.2840626223194267
RuthKadiri247,breath on me,qCCvz_JHJGM,BREATH ON ME - EDDIE WATSON  OKAWA SHAZNAY GENEVIEVE EDWIN UKATU,2024-09-05 16:00:45+00:00,4031880,45598.0,3552.0,4100000,0,0,0,0,0,0,0,760,15.20974357440891,6.633318433280377,2024,0.011309364366002956,0.0008809786005535879,0,0,0,0,15.20973468673101,8.887677898528068e-06
Uche Nancy tv,my safe heaven,rgwcfzTbIog,"MY SAFE HEAVEN (New Movie) Sonia Uche, Bryan Okwara, Pearl Wats 2024 Nollywood Romantic Movie",2024-09-06 18:51:46+00:00,2114338,21476.0,2014.0,2360000,0,0,0,1,0,0,0,759,14.564252792064151,6.63200177739563,2024,0.010157316379878713,0.0009525440114116097,0,0,0,0,13.631867522956606,0.9323852691075452
Omoni Oboli TV,a case for the heart,zAHTpj04pUI,A CASE FOR THE HEART - Nigerian Movies Latest Full Movies,2024-09-07 18:31:00+00:00,3471879,35690.0,3903.0,2080000,0,0,0,0,0,0,0,758,15.060206791953108,6.630683385642372,2024,0.010279736131357112,0.0011241751224625052,0,0,0,0,15.000293624813215,0.05991316713989292
RuthKadiri247,fight for me,zG_VtazFAy4,FIGHT FOR ME - ANNABEL APARA KELVIN EZIKE  ONYEKA MERCY  NONSO ADIKA AFOLABI,2024-09-09 15:58:14+00:00,9330241,113085.0,7105.0,4100000,0,0,0,0,0,0,0,756,16.048771510322087,6.628041376179533,2024,0.012120265703747631,0.0007615023020305692,0,0,0,0,15.209174030516593,0.8395974798054944
Uche Nancy tv,between us,iIpfCWpY8Vs,"BETWEEN US - Sonia Uche, Ebube Obi, Christian Ochiagha 2024 Nollywood Romantic Movie",2024-09-09 20:16:06+00:00,559142,6443.0,479.0,2360000,0,0,0,1,0,0,0,756,13.234160533375915,6.628041376179533,2024,0.01152301204345229,0.0008566696831931781,0,0,0,0,13.63144675366968,-0.3972862202937648
Maurice Sam TV,a special kind of love,6rvck-FqfwM,"A SPECIAL KIND OF LOVE - MAURICE SAM, SHAZNAY OKAWA 2024 FULL NIGERIAN MOVIES",2024-09-10 17:00:04+00:00,3839598,47254.0,5713.0,2830000,0,0,1,0,0,0,0,755,15.160878492027688,6.626717749249025,2024,0.012307017557567225,0.0014879161828920632,0,0,0,0,15.341477599616407,-0.18059910758871922
Uche Nancy tv,maggie,1kK9S2bRl9g,"MAGGIE (New Movie) Ebube Obi, Mike Ezuruonye, Faith Duke 2024 Nollywood Romcom Movie",2024-09-10 18:00:01+00:00,1913423,21479.0,1246.0,2360000,0,0,0,0,0,0,0,755,14.464404865264504,6.626717749249025,2024,0.011225432118250904,0.0006511889948014631,0,0,0,0,13.487107878531738,0.9772969867327657
Uduak Isong TV,love vanity,A6Fb1mdaijc,Love & Vanity - Watch Uzor Arukwe and Ekama Etim-Inyang in this new 2024 Nigerian Movie.,2024-09-11 18:00:10+00:00,2752569,30903.0,3229.0,814000,1,0,0,0,0,0,0,754,14.828045578681575,6.625392368007956,2024,0.011226966517460598,0.001173085942623055,0,0,0,0,14.595946624000316,0.23209895468125907
Bimbo Ademoye TV,ruse,3rNo06AZd-s,"RUSE. 2024 LATEST COMEDY. STARRING BIMBO ADEMOYE, KUNLE REMI,SOPHIE ALAKIIJA",2024-09-13 11:00:04+00:00,8457204,136850.0,13705.0,1840000,0,0,0,0,0,0,1,752,15.950529298744897,6.62273632394984,2024,0.01618147085017696,0.0016205119327853507,0,0,0,0,15.923170074209665,0.027359224535231874
Nolly HD,my maid and i,yVyRUHsBDpg,"MY MAID AND I - MAURICE SAM, SONIA UCHE- A 2025 Nollywood New Movie",2024-09-13 11:01:08+00:00,281116,1422.0,63.0,95300,0,0,1,1,0,0,0,752,12.546526231764664,6.62273632394984,2024,0.005058410051366696,0.0002241067744276384,0,1,0,0,11.957442018437954,0.5890842133267107
Uche Nancy tv,choosing happiness,K-Zd72AZC7c,"CHOOSING HAPPINESS (New Movie) Angel Unigwe, Chioma Nwosu, Victory Michael 2024 Nollywood Movie",2024-09-15 18:05:36+00:00,1348112,20102.0,2113.0,2360000,0,0,0,0,0,0,0,750,14.114216394834203,6.620073206530356,2024,0.01491122399325872,0.0015673771912125996,0,0,0,0,13.486401935030274,0.627814459803929
Omoni Oboli TV,love amelia,S7-NXss1b8Q,"LOVE, AMELIA - Nigerian Movies Latest Full Movies",2024-09-15 19:00:12+00:00,1559493,15993.0,1295.0,2080000,0,0,0,0,0,0,0,750,14.259871967635611,6.620073206530356,2024,0.010255256035134495,0.0008303980845056695,0,0,0,0,14.999166355818097,-0.7392943881824863
EKENE UMENWA TV,baby shower,0FqE2x5pJ5E,"Baby Shower - Ekene Umenwa,Adaeze Eluke,Mike Uchegbu,2025 Latest Nigerian Nollywood Movie",2024-09-16 16:18:33+00:00,1456458,23648.0,2870.0,939000,0,0,0,0,0,0,0,749,14.191518705311541,6.618738983517219,2024,0.016236650833734993,0.0019705339941144887,0,0,0,0,14.258532983953495,-0.0670142786419543
Maurice Sam TV,lost in love,XCz_c-elIiM,"LOST IN LOVE - MAURICE SAM, PEARL WATS 2024 FULL NIGERIAN MOVIE",2024-09-17 17:00:31+00:00,7137065,76631.0,9788.0,2830000,0,0,1,0,0,0,0,748,15.780812325493464,6.617402977974478,2024,0.010737046671145632,0.001371432094285256,0,0,0,0,15.340487960068993,0.4403243654244715
Uche Montana TV,fire and ice,MLUccZKtaxg,"FIRE AND ICE. 2024 LATEST NIGERIAN MOVIE -  UCHE MONTANA, REGINA DANIELS, JAMES GARDINER, NANA ADDAE",2024-09-18 17:00:14+00:00,9120900,108212.0,8667.0,1940000,0,0,0,0,1,0,0,747,16.02607915103037,6.616065185132817,2024,0.011864180069949238,0.0009502351741604446,0,0,0,0,15.935390381645602,0.09068876938476755
RuthKadiri247,mr linus,-rC0yTc-DxE,"MR LINUS - RUTH KADIRI, EDDIE WATSON, VICTORY OPARAUGO CJAY NWOKS",2024-09-19 16:00:12+00:00,3002408,36848.0,5661.0,4100000,0,0,0,0,0,0,0,746,14.914925524400374,6.61472560020376,2024,0.012272815686608882,0.0018854865827695635,0,0,0,0,15.20775930780127,-0.29283378340089605
BOLAJI OGUNMOLA TV,in my shoes,1K9vYmaA2_k,"IN MY SHOES   (LATEST NIGERIAN FILM)- CHIOMA NWOSU, BOLAJI OGUNMOLA, KACHINNOCHIRI",2024-09-20 13:50:35+00:00,1645905,22349.0,2886.0,751000,0,0,0,0,0,0,0,745,14.313801550447472,6.61338421837956,2024,0.013578547972088304,0.0017534426349029865,0,0,0,0,14.708728147585829,-0.39492659713835643
Uduak Isong TV,the thought of you,rxKrZZJ5C50,"The Thought Of You - New Nigerian Movie starring Daniel Etim, Debby Felix",2024-09-20 16:00:39+00:00,1295336,13360.0,822.0,814000,0,0,0,0,0,0,0,745,14.074281450921621,6.61338421837956,2024,0.010313926270867173,0.0006345843858273066,0,0,0,0,14.271084852641302,-0.1968034017196807
Uche Nancy tv,the one i want,CWnawtBDruo,"THE ONE I WANT (New Movie) Chioma Nwosu, Faith Duke, Victory Michael 2024 Nollywood Romcom Movie",2024-09-22 14:00:12+00:00,3013718,23887.0,2756.0,2360000,0,0,0,0,0,0,0,743,14.918685422236312,6.610696044717759,2024,0.007926089965949037,0.000914485031446207,0,0,0,0,13.485405666855918,1.4332797553803935
ChinneyLoveEze Tv,against all odds,wudCstp4MPo,AGAINST ALL ODDS - UCHE MONTANA / VINE OLUGU / JERRY MUDIAGA,2024-09-22 16:12:20+00:00,3542628,36485.0,2047.0,829000,0,0,0,0,1,0,0,743,15.08037966484515,6.610696044717759,2024,0.010298851587013933,0.0005778196299470337,0,0,0,0,15.530398489818905,-0.4500188249737551
Uchenna Mbunabo Tv,i met an angel,tDxZrRlntEc,"I MET AN ANGEL - CLINTON JOSHUA, CHINENYE NNEBE, PRINCESS ORJI, NANA BOAM latest 2024 nigerian movie",2024-09-23 17:00:45+00:00,6142883,72135.0,7043.0,3910000,0,0,0,0,0,0,0,742,15.630804896685989,6.60934924316738,2024,0.011742857547506603,0.0011465300576292924,0,0,0,0,15.165731362923626,0.4650735337623626
Maurice Sam TV,the bride,-Y4ZkexCbvM,"THE BRIDE - MAURICE SAM, TENIOLA ALADESE 2024 FULL NIGERIAN MOVIE",2024-09-24 17:00:00+00:00,5828862,67406.0,6475.0,2830000,0,0,1,0,0,0,0,741,15.578332513577697,6.608000625296087,2024,0.011564178393655571,0.0011108514835314338,0,0,0,0,15.339489015513617,0.2388434980640799
Uduak Isong TV,trick in love,2Txa_RtZIn8,TRICK IN LOVE - Watch Uzor Arukwe and Prisma James in this new Nigerian movie.,2024-09-25 16:00:42+00:00,2361255,23533.0,2181.0,814000,1,0,0,0,0,0,0,740,14.674704238821626,6.606650186198215,2024,0.009966310288384779,0.0009236613580490036,0,0,0,0,14.59395537764793,0.08074886117369573
RuthKadiri247,lagos big girls,6l7CKSO9sEc,LAGOS BIG GIRLS - FRANCESS BEN OSAS IGHODARO  AYINNA NWIGWE  FRANCESS NWABUNIKE PRISMA JAMES ONYEKA,2024-09-26 16:05:11+00:00,5154264,49696.0,3645.0,4100000,0,0,0,0,0,0,0,739,15.4553350852483,6.6052979209482015,2024,0.009641725763367961,0.0007071814714962214,0,0,0,0,15.206757672446344,0.2485774128019571
Imagine Media Studios,chemistry,l89Ohd4yfu8,"CHEMISTRY - FULL NIGERIAN MOVIE DANIEL ETIM-EFFIONG, BOLAJI OGUNMOLA, EBY ENO 2024",2024-09-26 17:00:44+00:00,659309,3675.0,151.0,6680,0,0,0,0,0,0,0,739,13.398949112588367,6.6052979209482015,2024,0.00557401764574729,0.00022902766381165736,0,0,0,0,13.398949112588502,-1.3500311979441904e-13
Ik Ogbonna tv,knock knock the morning after,UsB1kqahpKQ,"KNOCK KNOCK The Morning After | Ik Ogbonna , Omotu Bissong , Chika Okeke",2024-09-26 17:36:36+00:00,34113,557.0,59.0,274000,0,0,0,0,0,0,0,739,10.437463136200819,6.6052979209482015,2024,0.016328086066895318,0.001729545920909917,0,0,0,0,13.993967022485082,-3.556503886284263
Uche Nancy tv,deepest fear,fjJGw-dLj9s,"DEEPEST FEAR (New Movie) Deza the Great, Bibi Sonye, Ayo Adesanya 2024 Nollywood Romance Movie",2024-09-27 15:00:56+00:00,153281,2119.0,181.0,2360000,0,0,0,0,0,0,0,738,11.940034641136265,6.6039438246004725,2024,0.013824283505457297,0.0011808378076865365,0,0,0,0,13.484688283265493,-1.5446536421292283
Omoni Oboli TV,pick me,uQNNs-fdKbs,PICK ME - Nigerian Movies Latest Full Movies,2024-09-27 20:22:15+00:00,1124835,15755.0,1420.0,2080000,0,0,0,0,0,0,0,738,13.933147805216267,6.6039438246004725,2024,0.01400649873092498,0.0012624073753039334,0,0,0,0,14.997452704053316,-1.0643048988370492
Uchenna Mbunabo Tv,just my luck,0h5NNheG7Xg,"JUST MY LUCK - EBUBE NWAGBO, RAY EMODI, CHUCKS CHYKE, EBUBE NWAGURU latest 2024 nigerian movie",2024-09-30 17:10:49+00:00,2197751,27315.0,3297.0,3910000,0,0,0,0,0,0,0,735,14.602945577734625,6.5998704992128365,2024,0.01242861452457535,0.0015001699464589028,0,0,0,0,15.164724302245403,-0.5617787245107788
Uche Nancy tv,heart conflict,gUlVFowlj4Y,"HEART CONFLICT (New Movie) Ebube Obi, Faith Duke, Victory Michael 2024 Nollywood Romance Movie",2024-10-01 16:02:39+00:00,595091,7390.0,558.0,2360000,0,0,0,0,0,0,0,734,13.29647129442378,6.598509028614515,2024,0.012418268802586495,0.0009376717174348125,0,0,0,0,13.484110868224231,-0.1876395738004515
Maurice Sam TV,down love s path,t8DRf_grEUk,"DOWN LOVE'S PATH - MAURICE SAM, SARIAN MARTIN 2024 FULL NIGERIAN MOVIE",2024-10-01 17:10:52+00:00,3448340,45845.0,5147.0,2830000,0,0,1,0,0,0,0,734,15.053403803787477,6.598509028614515,2024,0.01329480271666947,0.0014926022375983806,0,0,0,0,15.338480589308901,-0.285076785521424
ENYINNA JONAS TV,odafe s tears,YnyYTIzSzRo,"ODAFE'S TEARS - SANDRA OKUNZUWA, RAY ADEKA, VERA AGANAGA  | Nigerian Movies 2025 Latest Full Movies",2024-10-02 15:00:13+00:00,2620771,31153.0,3343.0,157000,0,0,0,0,0,0,0,733,14.778979488823131,6.597145701886651,2024,0.011886959982386862,0.0012755788277571752,0,0,0,0,14.27229487826267,0.5066846105604608
Uduak Isong TV,bella s blues,57ozfuJQ_i0,BELLA'S BLUES - Watch Majid Michel and Osereme I. in this new Nigerian film.,2024-10-02 16:00:44+00:00,286044,5057.0,369.0,814000,0,0,0,0,0,0,0,733,12.563904420082274,6.597145701886651,2024,0.0176790983205381,0.0012900113269287243,0,0,0,0,14.269359605972427,-1.7054551858901537
Omoni Oboli TV,betting on love,DxFfuEh7QCc,BETTING ON LOVE - Nigerian Movies Latest Full Movies,2024-10-04 16:00:15+00:00,3809106,47964.0,3457.0,2080000,0,0,0,0,0,0,0,731,15.152905336428748,6.594413459749778,2024,0.012591931020034622,0.0009075620368663933,0,0,0,0,14.996440158959127,0.15646517746962196
Sonia Uche Tv,heart impossible,IC5tkxPVrlY,"HEART IMPOSSIBLE - SONIA UCHE, CLINTON JOSHUA, CHUKS CHYKE 2024 FULL NIGERIAN MOVIE",2024-10-05 16:11:52+00:00,3985895,55273.0,5471.0,1510000,0,0,0,1,0,0,0,730,15.198272688094875,6.593044534142437,2024,0.013867149034282137,0.0013725900958254044,0,0,0,0,15.109073789607132,0.08919889848774254
Uche Nancy tv,married wrong,DYgL5G_PGCc,"MARRIED WRONG (New Movie) Angel Unigwe, Sophie Alakija, Victory Michael, Bryan 2024 Nollywood Movie",2024-10-06 15:00:11+00:00,2864959,32581.0,4077.0,2360000,0,0,0,0,0,0,0,729,14.868064946427928,6.591673732008658,2024,0.011372239532921763,0.0014230570140794335,0,0,0,0,13.483384658246543,1.3846802881813858
Uchenna Mbunabo Tv,a love to remember,_DBngjL72y0,"A LOVE TO REMEMBER - CLINTON JOSHUA, MIWA OLORUNFEMI, CHIKE DANIELS latest 2024 nigerian movies",2024-10-07 17:48:00+00:00,10697874,110635.0,10337.0,3910000,0,0,0,0,0,0,0,728,16.185555681578073,6.590301048196686,2024,0.010341774449764505,0.0009662667554319671,0,0,0,0,15.163707604476505,1.021848077101568
Maurice Sam TV,more than a dream,QSHd4WJMw5g,"MORE THAN A DREAM - MAURICE SAM, MERCY EKE 2024 FULL NIGERIAN MOVIE",2024-10-08 17:00:17+00:00,6059319,72322.0,5703.0,2830000,0,0,1,0,0,0,0,727,15.617108140528225,6.588926477533519,2024,0.011935664717437719,0.0009411948768500223,0,0,0,0,15.337462499735324,0.2796456407929018
RuthKadiri247,my money is my money,5C_z_WK7fAE,"MY MONEY IS MY MONEY - RUTH KADIRI, DEZA THE GREAT, SARIAN MARTIN, FRANCESS NWABUNIKE",2024-10-10 16:55:32+00:00,3409167,39734.0,2850.0,4100000,0,0,0,0,0,0,0,725,15.041978831219925,6.586171654854675,2024,0.011655046526028206,0.0008359813408964712,0,0,0,0,15.204725619402566,-0.1627467881826412
BOLAJI OGUNMOLA TV,the beauty of broken things,GoWZfsdd1yw,"THE BEAUTY OF BROKEN THINGS (LATEST NIGERIAN MOVIE) MICHAEL DAPPA, BOLAJI OGUNMOLA, BISOLA AIYEOLA",2024-10-11 15:00:30+00:00,2781686,35655.0,4718.0,751000,0,0,0,0,0,0,0,724,14.838568136149574,6.584791392385716,2024,0.012817765916066731,0.0016960936640584164,0,0,0,0,14.705690328347778,0.1328778078017958
EKENE UMENWA TV,one man two wives,r2jOPn3ENw8,"One Man,Two Wives - Ekene Umenwa,Queen Nwokoye,DM CHidi,2025 Latest Nigerian Nollywood Movie",2024-10-11 15:30:15+00:00,1171929,16399.0,1784.0,939000,0,0,0,0,0,0,0,724,13.97416252037291,6.584791392385716,2024,0.013993168528127558,0.0015222765201646175,0,0,0,0,14.254926252480121,-0.28076373210721073
Omoni Oboli TV,night flower,wYlsr5iL_Z8,NIGHT FLOWER  - Nigerian Movies Latest Full Movies,2024-10-11 16:33:11+00:00,2670874,34184.0,3031.0,2080000,0,0,0,0,0,0,0,724,14.79791669204529,6.584791392385716,2024,0.012798806682756281,0.0011348345148442045,0,0,0,0,14.995417871013379,-0.19750117896808916
Uchenna Mbunabo Tv,last breath,vx56f7tcFac,"LAST BREATH - MAURICE SAM, REGINA DANIELS, ADA ULI, VICTORIA JAMES latest 2024 nigerian movies",2024-10-14 17:00:45+00:00,8786067,89641.0,7919.0,3910000,0,0,1,0,0,0,0,721,15.988677843073615,6.580639137284949,2024,0.010202631052096461,0.0009013134090600492,0,0,0,0,15.632984545244895,0.3556932978287204
Uche Nancy tv,this love is ours,BFh-ezss9DQ,"THIS LOVE IS OURS (New Movie) Anthony Woode, Benita Onyiuke, Victory Michael 2024 Nollywood Movie",2024-10-16 14:00:11+00:00,437927,5841.0,381.0,2360000,0,0,0,0,0,0,0,719,12.98980979228448,6.577861357721047,2024,0.01333783941159143,0.0008700080150344692,0,0,0,0,13.481917174887498,-0.4921073826030167
ChinneyLoveEze Tv,bend or break ruth kadiri detola jones felix omokhodion,fNcdXAL9fUg,BEND OR BREAK- New Ruth Kadiri movie/Detola jones/ Felix omokhodion,2024-10-16 16:38:15+00:00,1311503,11288.0,751.0,829000,0,0,0,0,0,0,0,719,14.086685128227227,6.577861357721047,2024,0.008606918931942969,0.0005726254533920242,0,0,0,0,14.818692563636713,-0.7320074354094857
RuthKadiri247,the girl that saved me,sc-Q2ijibhE,"THE GIRL THAT SAVED ME - ANNABEL APARA, KELVIN EZIKE, UCHE ODOPUTA,",2024-10-17 16:01:47+00:00,8995814,113605.0,7661.0,4100000,0,0,0,0,0,0,0,718,16.012270027154468,6.576469569048224,2024,0.012628651503910597,0.0008516183193649846,0,0,0,0,15.203694829968937,0.8085751971855313
Uchenna Mbunabo Tv,sandwiched,tNIB_myVCuI,"SANDWICHED - CLINTON JOSHUA, PETER KOMBA, PRECIOUS AKAEZE, ENOCK DARKO latest 2024 nigerian movies",2024-10-17 17:00:47+00:00,4897798,61382.0,5436.0,3910000,0,0,0,0,0,0,0,718,15.40429647849418,6.576469569048224,2024,0.012532570759349406,0.0011098865245157108,0,0,0,0,15.162238091338596,0.24205838715558414
Uche Nancy tv,that thin line,iPZJj4F-aw8,"THAT THIN LINE (New Movie) Sonia Uche, Chioma Nwaoha, Bryan Okwara, Buchi 2024 Nollywood Movie",2024-10-20 14:01:31+00:00,1184776,15271.0,1212.0,2360000,0,0,0,1,0,0,0,715,13.985065129188218,6.5722825426940075,2024,0.012889356300262667,0.001022978183217756,0,0,0,0,13.625522706249882,0.35954242293833616
Sonia Uche Tv,groom price,4TLIeZjpzUY,"GROOM PRICE - SONIA UCHE, JOHN EKANEM, PRECIOUS AKAEZE 2024 FULL NIGERIAN MOVIE",2024-10-20 16:00:03+00:00,2803190,44429.0,7498.0,1510000,0,0,0,1,0,0,0,715,14.846268969102617,6.5722825426940075,2024,0.015849442956060774,0.002674809770297411,0,0,0,0,15.106867950385228,-0.2605989812826106
Uchenna Mbunabo Tv,gen z wife,bI9w-77rjoE,"GEN Z WIFE - TIMINI EGBUSON, CHINENYE NNEBE, OGECHUKWU ANASOR, SOLOMOM latest 2024 nigerian movies",2024-10-21 17:45:56+00:00,8756288,105668.0,9104.0,3910000,0,0,0,0,0,1,0,714,15.985282743018992,6.570882962339584,2024,0.012067670684198601,0.001039709977561268,0,0,0,0,15.68196846179379,0.30331428122520165
Maurice Sam TV,mom first,i0YFNa8EC84,"MOM FIRST - MAURICE SAM, MERCY ISOYIP, OBY TITUS 2024 FULL NIGERIAN MOVIE",2024-10-22 17:00:37+00:00,5599104,74890.0,9718.0,2830000,0,0,1,0,0,0,0,713,15.538117321504,6.569481420414296,2024,0.01337535434240907,0.001735634844432252,0,0,0,0,15.335396577023994,0.20272074448000588
NollyFamily tv,sharp girl,xJD9MGOFcC8,"SHARP GIRL - Ebube Obi, Mike Ezuruonye, Shaznay Okawa 2024 Latest Nigerian Movie",2024-10-23 14:04:13+00:00,3211696,43711.0,2931.0,1670000,0,0,0,0,0,0,0,712,14.982310015850638,6.568077911411976,2024,0.013609943157758393,0.0009126019399096304,0,0,0,0,13.429698109230923,1.552611906619715
Uduak Isong TV,maid for love,pVhlPsVBLOA,MAID FOR LOVE - New Nigerian movie starring Eso Dike and Debby Felix,2024-10-23 16:11:17+00:00,3365594,36086.0,1898.0,814000,0,0,0,0,0,0,0,712,15.029115325638138,6.568077911411976,2024,0.01072203004878188,0.0005639420559936819,0,0,0,0,14.26627132455769,0.7628440010804471
Uchenna Mbunabo Tv,meant to be,WCXQY1_mm5c,"MEANT TO BE - RAY EMODI, PEARL SHIM, CHINENYE ULAEGBU, VICTORIA JAMES latest 2024 nigerian movies",2024-10-23 18:00:20+00:00,4397692,52413.0,3312.0,3910000,0,0,0,0,0,0,0,712,15.296590643203828,6.568077911411976,2024,0.01191829714313781,0.0007531223196167444,0,0,0,0,15.161346527174494,0.13524411602933384
RuthKadiri247,home is you,Jq6R_IU8Y98,HOME IS YOU - CHIDI DIKE OMA ALOZIE VERA  CYNTHIA EBIJIE UGONMA PRE,2024-10-24 16:00:15+00:00,4551182,54942.0,3355.0,4100000,0,0,0,0,0,0,0,711,15.330897757132991,6.566672429803241,2024,0.01207202876088014,0.0007371711348832017,0,0,0,0,15.202653941667702,0.1282438154652894
Uche Nancy tv,love restraint,ei_Ac9ETXwA,"LOVE & RESTRAINT (New Movie) Chioma Nwosu, Victory Michael, Faith Duke Buchi 2024 Nollywood Movie",2024-10-24 16:01:29+00:00,840260,9405.0,690.0,2360000,0,0,0,0,0,0,0,711,13.641467836843523,6.566672429803241,2024,0.011192964082545878,0.0008211743984004951,0,0,0,0,13.480728417242863,0.16073941960065952
Uche Nancy tv,stone cold,EcwVf_WSH1U,"STONE COLD (New Movie) Chinenye Nnebe, Bryan Okwara, Jide Kosoko 2024 Nollywood Movie",2024-10-27 15:00:15+00:00,923378,12857.0,954.0,2360000,0,0,0,0,0,0,0,708,13.735795046756136,6.56244409369372,2024,0.01392387516271776,0.0010331630166627319,0,0,0,0,13.480279181452696,0.2555158653034404
Sonia Uche Tv,a bride for kenneth,Nff5ht0Tqpw,"A BRIDE FOR KENNETH - SONIA UCHE, BRYAN OKWARA, OBY ETUK 2024 FULL NIGERIAN MOVIE",2024-10-27 16:00:17+00:00,3258688,42468.0,5642.0,1510000,0,0,0,1,0,0,0,708,14.99683552522074,6.56244409369372,2024,0.013032238741481234,0.0017313716440481568,0,0,0,0,15.105822673165967,-0.10898714794522668
NollyFamily tv,in a better world,FYChRJ0ZPiE,"IN A BETTER WORLD. Angel Unigwe, Peter Komba, Elo Godwin, Enitan oluwole 2024 Latest Nollywood Movie",2024-10-28 17:38:29+00:00,2613615,34550.0,2526.0,1670000,0,0,0,0,0,0,0,707,14.776245261074562,6.561030665896573,2024,0.013219238487688509,0.0009664774651201496,0,0,0,0,13.428949380930806,1.347295880143756
Uchenna Mbunabo Tv,finding hope,rk4tFlojfMg,"FINDING HOPE - CLINTON JOSHUA, SARIAN MARTIN, PEARL SHIM, NELSON IWU latest 2024 nigerian movies",2024-10-28 18:19:02+00:00,7754546,104825.0,10842.0,3910000,0,0,0,0,0,0,0,707,15.863789938960117,6.561030665896573,2024,0.013517877126526814,0.0013981476156050916,0,0,0,0,15.160597798874376,0.7031921400857417
Maurice Sam TV,excation,XKm0ORHkveA,"EXCATION - MAURICE SAM, EMEM INWANG, JENNIFER NNORUGA, OBY ETUK 2024 FULL NIGERIAN MOVIE",2024-10-29 17:00:36+00:00,2863801,38775.0,3642.0,2830000,0,0,1,0,0,0,0,706,14.86766067059459,6.559615237493242,2024,0.013539697765312603,0.001271736409059149,0,0,0,0,15.334348353239113,-0.46668768264452254
ENYINNA JONAS TV,the cleaner s daughter,r6eSaLgXGc0,"THE CLEANER'S DAUGHTER - ENITAN OLUWOLE, CHIDINMA OGUIKE, CHISOM OGUIKE. NEW 2024 NOLLYWOOD MOVIE",2024-10-30 15:03:34+00:00,983028,9729.0,537.0,157000,0,0,0,0,0,0,0,705,13.798393900220082,6.558197802812269,2024,0.009896971398576643,0.000546271316788535,0,0,0,0,14.268156893541773,-0.4697629933216909
BOLAJI OGUNMOLA TV,old habits,BvXhlAFIwmw,"OLD HABITS (FULLNIGERIANMOVIE)- KACHINNOCHIRI, SANDRA OKUNZUWA,BOLAJIOGUNMOLA,LUCY AMEH&DANIEL ABUA",2024-10-31 15:00:11+00:00,944227,14524.0,1641.0,751000,0,0,0,0,0,0,0,704,13.758122941388796,6.556778356158042,2024,0.015381894396156856,0.001737929544484536,0,0,0,0,14.70271410835515,-0.9445911669663527
RuthKadiri247,a night with you ruth kadiri eddie watson bianca ugowanne,R03sYj4y524,A NIGHT WITH YOU- RUTH KADIRI EDDIE WATSON  BIANCA UGOWANNE,2024-10-31 16:01:29+00:00,2181221,28869.0,1981.0,4100000,0,0,0,0,0,0,0,704,14.595395828174265,6.556778356158042,2024,0.013235247597561183,0.0009082069171349441,0,0,0,0,15.201602754657765,-0.6062069264834999
Uchenna Mbunabo Tv,i am sorry,w_z7OxLfUoY,"I AM SORRY - TIMINI EGBUSON, CHIOMA NWAOHA, SEGUN ARINZE latest 2024 nigerian movies",2024-10-31 17:00:55+00:00,8218093,83292.0,6947.0,3910000,0,0,0,0,0,1,0,704,15.921848866666233,6.556778356158042,2024,0.010135198031952182,0.0008453299323821232,0,0,0,0,15.680469930518406,0.2413789361478269
Omoni Oboli TV,fragments of you,DjPuj_0VzQ4,FRAGMENTS OF YOU - Nigerian Movies Latest Full Movies,2024-11-01 16:00:11+00:00,2158736,26699.0,1633.0,2080000,0,0,0,0,0,0,0,703,14.585033886421419,6.555356891810665,2024,0.01236788565160353,0.0007564611883991373,0,0,0,0,14.992290628811837,-0.40725674239041787
IBAKATV,all that glitters,n4moMT4tnzk,"All That Glitters - Bimbo Ademoye, Ik Ogbonna, Bolaji Ogunmola Latest 2024 Nigerian Movie #trending",2024-11-01 16:01:00+00:00,3153539,31061.0,2298.0,1420000,0,0,0,0,0,0,1,703,14.964036189324409,6.555356891810665,2024,0.009849569008025586,0.000728705115110357,0,0,0,0,15.296565991084028,-0.33252980175961966
Uche Nancy tv,never trust,7PeOe62-2W0,"NEVER TRUST (New Movie) Chioma Nwosu, Victory Michael, Thelma Chukwunwem 2024 Nollywood Movie",2024-11-03 16:38:53+00:00,588971,5858.0,527.0,2360000,0,0,0,0,0,0,0,701,13.286133923303408,6.55250788703459,2024,0.009946160337266181,0.0008947808975314574,0,0,0,0,13.47922351805836,-0.19308959475495158
Uchenna Mbunabo Tv,mr fixer,MuLSUDYSEfU,"MR FIXER - CHINENYE NNEBE, NY ADDAE, PRECIOUS AKAEZE, RUTH WEALTH latest 2024 nigerian movies",2024-11-04 17:00:22+00:00,2519935,38257.0,2350.0,3910000,0,0,0,0,0,0,0,700,14.739744062339705,6.551080335043404,2024,0.015181740798869811,0.0009325637367630515,0,0,0,0,15.159540634867668,-0.41979657252796265
Maurice Sam TV,the love you gave,E2538CNdehE,"THE LOVE YOU GAVE - MAURICE SAM, CHINENYE NNEBE  2024 FULL NIGERIAN MOVIE",2024-11-05 17:00:14+00:00,5181138,62440.0,5344.0,2830000,0,0,1,0,0,0,0,699,15.460535474234568,6.54965074223381,2024,0.01205140646707345,0.0010314336348501043,0,0,0,0,15.333289684347724,0.1272457898868442
Uche Nancy tv,grandpa s house,oI70FHI7iuQ,"GRANDPA'S HOUSE (New Movie) Chioma Nwosu, Ebube Obi, Kofi Adjorlolo 2024 Nollywood Movie",2024-11-07 15:01:06+00:00,1631508,20031.0,1849.0,2360000,0,0,0,0,0,0,0,697,14.305015911396252,6.546785410760524,2024,0.012277598393633375,0.0011333073451064905,0,0,0,0,13.47861553868205,0.8264003727142022
RuthKadiri247,african husband,fAsBDudQibg,"AFRICAN HUSBAND - DEZA THE GREAT, RUTH KADIRI,  OBY TITUS",2024-11-07 16:02:23+00:00,2889360,38303.0,2694.0,4100000,0,0,0,0,0,0,0,697,14.876545928374364,6.546785410760524,2024,0.01325656892875931,0.0009323864108314644,0,0,0,0,15.200541063106888,-0.32399513473252384
Bimbo Ademoye TV,fame and fury,qNHF0Dyo9Tw,"FAME AND FURY. STARRING DANIEL ETIM EFFIONG, BIMBO ADEMOYE, UZOR ARUKWE.  LATEST NIGERIAN MOVIE 2024",2024-11-08 11:05:00+00:00,11152361,175323.0,19905.0,1840000,1,0,0,0,0,0,1,696,16.227161872000803,6.54534966033442,2024,0.015720707032349474,0.001784823859270696,0,0,0,0,16.238534173547297,-0.011372301546494157
NollyFamily tv,boy for the night,YHY66gv-tN0,"BOY FOR THE NIGHT (New Movie) Tana Adelana, John Ekanem 2024 Latest Nollywood Movie",2024-11-09 14:02:15+00:00,4763975,59519.0,6243.0,1670000,0,0,0,0,0,0,0,695,15.376593171661263,6.543911845564792,2024,0.012493558425474525,0.0013104602773944029,0,0,0,0,13.427130607167491,1.9494625644937713
Sonia Uche Tv,love me or not,toRXISB-YeE,"LOVE ME OR NOT - MAURICE SAM, SONIA UCHE, CHISOM AGOAWUIKE THELMA C,  Latest 2024 Nigerian Movies",2024-11-09 16:07:50+00:00,10359865,115177.0,12715.0,1510000,0,0,1,1,0,0,0,695,16.153449860349028,6.543911845564792,2024,0.0111176159148792,0.0012273325955502316,0,1,0,0,15.574157192886078,0.5792926674629495
Uche Nancy tv,behind the act,VRgfArGxVxg,"BEHIND THE ACT (New Movie) Maurice Sam, Sonia Uche, Chinenye Nnebe 2024 Nollywood Movie",2024-11-10 14:03:36+00:00,5112996,71057.0,9083.0,2360000,0,0,1,1,0,0,0,694,15.447296287322281,6.542471960506805,2024,0.01389733142760135,0.001776453570470229,0,1,0,0,14.092658969449886,1.3546373178723954
Uchenna Mbunabo Tv,who we have become,-Z9XfB1k0aU,"WHO WE HAVE BECOME - SANDRA OKUNZUWA, PEARL SHIM, NUNU DREAMS, NY ADDAE latest 2024 nigerian movies",2024-11-11 17:31:20+00:00,4380761,53304.0,4810.0,3910000,0,0,0,0,0,0,0,693,15.29273323982389,6.541029999189903,2024,0.012167748936771488,0.001097982747746339,0,0,0,0,15.158472845919098,0.1342603939047926
RuthKadiri247,billionaire bodyguard,71q3csG0tsI,BILLIONAIRE BODYGUARD - MAURICE SAM LILIAN AFEGBAI GENEVIEVE UKATU,2024-11-14 16:03:34+00:00,10519600,112819.0,8710.0,4100000,0,0,1,0,0,0,0,690,16.16875083679791,6.536691597591305,2024,0.010724647324993345,0.0008279782501235788,0,0,0,0,15.669772116806017,0.49897871999189114
BOLAJI OGUNMOLA TV,the ghost we chase,3aQFM1ZtMG0,"THE GHOST WE CHASE (LATEST NIGERIAN MOVIE) MICHAEL DAPPA, TOPE OLOWONIYAN, BOLAJI OGUNMOLA, ESO DIKE",2024-11-15 15:00:07+00:00,1978528,29599.0,4971.0,751000,0,0,0,0,0,0,0,689,14.49786419726906,6.535241271013659,2024,0.014960111759853791,0.0025124739200051757,0,0,0,0,14.700425919996391,-0.20256172272733153
Omoni Oboli TV,love style and other things,X3FqKX8fAKw,"LOVE, STYLE AND OTHER THINGS - Nigerian Movies Latest Full Movies",2024-11-15 17:19:01+00:00,4159899,52586.0,4089.0,2080000,0,0,0,0,0,0,0,689,15.24100159348698,6.535241271013659,2024,0.012641172297692805,0.0009829565573587244,0,0,0,0,14.990153462661992,0.2508481308249877
NollyFamily tv,our little secret,HsSsacA5gFg,"OUR LITTLE SECRET (New Movie) Angel Unigwe, Victory Michael, Toosweet 2024 Nollywood Movie",2024-11-16 14:00:28+00:00,1453396,14826.0,1133.0,1670000,0,0,0,0,0,0,0,688,14.189414133037044,6.5337888379333435,2024,0.010200936289903095,0.0007795535421867131,0,0,0,0,13.426055097270835,0.763359035766209
Uche Nancy tv,forever us,nrE2o07VK5U,"FOREVER US (New Movie) Clinton Joshua, Victory Michael, Ella Idu Latest 2024 Nollywood Movie",2024-11-17 15:00:54+00:00,1709197,24217.0,2026.0,2360000,0,0,0,0,0,0,0,687,14.351534812613245,6.532334292222349,2024,0.014168641765694651,0.0011853519518229905,0,0,0,0,13.477080192511089,0.8744546201021564
Sonia Uche Tv,under her eyes,17Mc1zY5HDA,"UNDER HER EYES - SONIA UCHE, BRYAN OKWARA, IFEKA DORIS, NY ADDAE, CHISOM AGOAWUIKE  Nigerian Movies",2024-11-17 16:00:01+00:00,1813740,29294.0,3484.0,1510000,0,0,0,1,0,0,0,687,14.410902121073116,6.532334292222349,2024,0.016151157277228267,0.0019208927409661803,0,0,0,0,15.10262368422436,-0.6917215631512441
Maurice Sam TV,hearts in tune,cvVby807SXg,"HEARTS IN TUNE - MAURICE SAM, EGO NWOSU 2024 FULL NIGERIAN MOVIE",2024-11-19 17:00:40+00:00,3993783,49356.0,4419.0,2830000,0,0,1,0,0,0,0,685,15.200249710373779,6.529418838262226,2024,0.012358207744386713,0.0011064697305787521,0,0,0,0,15.331140163795943,-0.13089045342216465
Uduak Isong TV,teacher dorcas,VrOljY6rivs,"TEACHER DORCAS - New Nigerian film starring Bimbo Ademoye, Lateef Adedimeji, Ehis Perfect",2024-11-20 16:11:51+00:00,5388042,59503.0,3973.0,814000,0,0,0,0,0,0,1,684,15.499692797178394,6.52795791762255,2024,0.011043529356304201,0.0007373736136429523,0,0,0,0,15.186548731064576,0.31314406611381784
ChinneyLoveEze Tv,mercy,mjUH1mE3l9U,Mercy - Chioma Chukwuka / Enyinna Nwigwe/ Sharon Rotimi / Lastest Nollywood movie 2024,2024-11-21 15:03:05+00:00,2813208,32669.0,3522.0,829000,0,0,0,0,0,0,0,683,14.849836382614637,6.52649485957079,2024,0.011612721135443949,0.0012519515087401998,0,0,0,0,14.81323517595822,0.03660120665641742
Uche Montana TV,embers of love,gS8nKs_IBkw,"EMBERS OF LOVE -  2024 LATEST NIGERIAN MOVIE | UCHE MONTANA, ONYII ALEX, CHIKE DANIEL, ADA ULI",2024-11-21 17:17:59+00:00,6840185,92292.0,11304.0,1940000,0,0,0,0,1,0,0,683,15.738325482211467,6.52649485957079,2024,0.013492617524233629,0.001652586881787554,0,0,0,0,15.925874062474865,-0.18754858026339782
RuthKadiri247,love and the crown,wlRpPcO0Ovk,LOVE AND THE CROWN - TOOSWEET ANNAN PRISMA JAMES ANNABEL APARA KELVIN EZIKE  FAITH STANLEY OMA NNADI,2024-11-21 17:40:52+00:00,9939555,106419.0,6988.0,4100000,0,0,0,0,0,0,0,683,16.112032909627064,6.52649485957079,2024,0.010706616141265881,0.0007030495832056867,0,0,0,0,15.19838531163384,0.9136475979932239
Omoni Oboli TV,chapters of the heart,4AhZPLsW8WE,CHAPTERS OF THE HEART - Nigerian Movies Latest Full Movies,2024-11-22 16:00:07+00:00,1571327,24508.0,1954.0,2080000,0,0,0,0,0,0,0,682,14.267431679659245,6.525029657843462,2024,0.015597008133889381,0.001243534923030025,0,0,0,0,14.989068538949077,-0.7216368592898323
IBAKATV,ewa aganyin,jjLTg0f5I68,"EWA AGANYIN - Kie Kie, Ik Ogbonna, Wumi Toriola, Daniel Lloyd Latest 2024 Nigerian Movie #trending",2024-11-22 21:49:36+00:00,2249195,24669.0,3216.0,1420000,0,0,0,0,0,0,0,682,14.6260833769885,6.525029657843462,2024,0.010967924079504001,0.0014298449000642451,0,0,0,0,14.368803981838244,0.2572793951502561
Uche Nancy tv,karma child,N8KVZZUbSts,"KARMA CHILD (New Movie) Ebube Obi, Chioma Nwosu, Victory Michael Latest 2024 Nollywood Movie",2024-11-24 15:03:54+00:00,4975361,60524.0,4414.0,2360000,0,0,0,0,0,0,0,680,15.420008689746767,6.522092798170152,2024,0.012164745432542482,0.0008871718052217718,0,0,0,0,13.475992094130579,1.9440165956161888
Uchenna Mbunabo Tv,memories of me,H-DKzT-fOy8,"MEMORIES OF ME - CHINENYE ULAEGBU, PETER KOMBA, STEPHEN ODIMGBE, KATHY  latest 2024 nigerian movies",2024-11-25 17:31:07+00:00,2887169,35437.0,2506.0,3910000,0,0,0,0,0,0,0,679,14.87578734156679,6.520621127558696,2024,0.012273961101688194,0.000867978285995728,0,0,0,0,15.156304523596514,-0.2805171820297243
Maurice Sam TV,perfectly imperfect,w7SadV0VkS4,"PERFECTLY IMPERFECT - MAURICE SAM, ONYII ALEX 2024 FULL NIGERIAN MOVIE",2024-11-26 17:01:03+00:00,5809176,65734.0,6070.0,2830000,0,0,1,0,0,0,0,678,15.574949466470876,6.519147287940395,2024,0.011315546301231019,0.0010448986224552328,0,0,0,0,15.330048872113933,0.24490059435694356
Sonia Uche Tv,meant for you,DOZq1KqxGbQ,"MEANT FOR YOU - SONIA UCHE, JOHN EKANEM, CHISOM AGOAWUIKE latest Nigerian Movie",2024-11-27 16:30:03+00:00,4424179,50955.0,5127.0,1510000,0,0,0,1,0,0,0,677,15.302595508517548,6.517671272912275,2024,0.01151739113629896,0.0011588590787126832,0,0,0,0,15.10106582484531,0.20152968367223778
RuthKadiri247,i am not her,x42LEsUmSxE,I AM NOT HER - FRANCESS NWABUNIKE CHIDI DIKE STEPHANIA BASSEY,2024-11-28 16:00:34+00:00,2289290,38002.0,2555.0,4100000,0,0,0,0,0,0,0,676,14.643752720605384,6.516193076042964,2024,0.01659990652123584,0.0011160665533855474,0,0,0,0,15.197290807851886,-0.5535380872465012
Uchenna Mbunabo Tv,lies we tell ourselves,GSoNne1YPzw,"LIES WE TELL OURSELVES - EBUBE NWAGBO, MAURICE SAM, SELEYE FUBARA, latest 2024 nigerian movies",2024-11-28 17:00:10+00:00,3125625,35394.0,3593.0,3910000,0,0,1,0,0,0,0,676,14.955145141091267,6.516193076042964,2024,0.01132381523695261,0.0011495300939812038,0,0,0,0,15.626137531077788,-0.6709923899865213
Omoni Oboli TV,till vows do us part,UR_0zKrgS5E,TILL VOWS DO US PART - Nigerian Movies  Latest Full Movies,2024-11-29 18:27:44+00:00,1487928,19050.0,1666.0,2080000,0,0,0,0,0,0,0,675,14.212895778183011,6.51471269087253,2024,0.012803038856718874,0.001119677833873682,0,0,0,0,14.987972422015782,-0.7750766438327705
Uche Nancy tv,setting boundaries,zU1O2wjjC0M,"SETTING BOUNDARIES (New Movie) Victory Michael, Faith Duke Latest 2024 Nollywood Movie",2024-12-02 15:33:08+00:00,1094992,15204.0,1303.0,2360000,0,0,0,0,0,0,0,672,13.906258528518242,6.51025834052315,2024,0.01388503295001242,0.0011899630316933823,0,0,0,0,13.474734752756916,0.4315237757613257
NollyFamily tv,the tout,GfDVKH_zwRA,"THE TOUT (New Movie) Tana Adelana, John Ekanem 2024 Latest Nollywood Movie",2024-12-02 16:08:45+00:00,995305,13403.0,1344.0,1670000,0,0,0,0,0,0,0,672,13.810805506549151,6.51025834052315,2024,0.013466223921310553,0.0013503398455749745,0,0,0,0,13.423555120607844,0.38725038594130723
Ik Ogbonna tv,as it seems,G55YydzAyZg,"AS IT SEEMS - IK OGBONNA, BRODA SHAGGI, CHINONSO ARUBAYI, AYO ADESANYA 2024 NIGERIAN MOVIE",2024-12-03 16:30:06+00:00,426249,5138.0,281.0,274000,0,0,0,0,0,0,0,671,12.962781307579863,6.508769136971682,2024,0.012053987223430436,0.0006592390832588464,0,0,0,0,13.983711408120394,-1.0209301005405305
Maurice Sam TV,zaza,qWKSV-t1k68,"ZAZA - MAURICE SAM, PEARL WATS -  2024 FULL NIGERIAN MOVIE",2024-12-03 17:01:01+00:00,2557885,37742.0,4912.0,2830000,0,0,1,0,0,0,0,671,14.754691694060588,6.508769136971682,2024,0.014755159047416127,0.0019203365280299936,0,0,0,0,15.328946254741487,-0.5742545606808989
RuthKadiri247,bestbet ruth kadiri daniel etim effiong lilian afegbai,Iokl50BYRLw,BESTBET- RUTH KADIRI DANIEL ETIM EFFIONG LILIAN AFEGBAI,2024-12-05 16:00:47+00:00,5638112,78937.0,6224.0,4100000,0,0,0,0,0,0,0,669,15.545059993023632,6.505784060128229,2024,0.014000608714406525,0.0011039156370075656,0,0,0,0,15.19618491126084,0.3488750817627917
Uduak Isong TV,a christmas proposal,oXPS8wTGopw,A CHRISTMAS PROPOSAL - Watch Daniel Etim Effiong and Ekama Etim Inyang in this new Nigerian film,2024-12-06 16:02:23+00:00,2745596,38122.0,4546.0,814000,0,0,0,0,0,0,0,668,14.825509095617841,6.504288173536645,2024,0.013884781300672057,0.001655742505452368,0,0,0,0,14.259494040879975,0.566015054737866
Omoni Oboli TV,seasoned with love,fkLopgVOZYk,SEASONED WITH LOVE - Nigerian Movies 2025 Latest Full Movies,2024-12-06 17:09:13+00:00,6263360,92428.0,6748.0,2080000,0,0,0,0,0,0,0,668,15.650227499954998,6.504288173536645,2024,0.014756935574515915,0.0010773769989270935,0,0,0,0,14.986864878490103,0.6633626214648949
Uche Nancy tv,my gatewoman,dNtaHJeU94s,"MY GATEWOMAN (New Movie) Sonia Uche, Toosweet Annan Latest 2024 Nollywood Movie",2024-12-08 14:00:33+00:00,5940054,77341.0,9690.0,2360000,0,0,0,1,0,0,0,666,15.59722895055522,6.501289670540389,2024,0.013020252004443057,0.0016312983013285738,0,0,0,0,13.617980132009786,1.9792488185454342
Uchenna Mbunabo Tv,celebrity crush,Tim_3v5hqHw,"CELEBRITY CRUSH - CLINTON JOSHUA, CHIOMA NWAOHA, COURTNEY OCHANYA latest 2024 nigerian movies",2024-12-09 17:15:01+00:00,7290932,77183.0,5469.0,3910000,0,0,0,0,0,0,0,665,15.802142079334741,6.499787040655854,2024,0.010586163744223647,0.0007501098624976889,0,0,0,0,15.154091024657506,0.6480510546772358
Maurice Sam TV,becoming mrs jaxon,YZ_V4vYWZMY,"BECOMING MRS JAXON - MAURICE SAM, SANDRA OKUNZUWA, ATEWE RAPHEL 2024 FULL NIGERIAN MOVIE",2024-12-10 17:00:37+00:00,3314474,42409.0,4103.0,2830000,0,0,1,0,0,0,0,664,15.01380979801936,6.498282149476434,2024,0.012795092071924535,0.0012379038121886007,0,0,0,0,15.327832074129569,-0.31402227611020983
Uchenna Mbunabo Tv,bitter wine,2yCwekE6A6w,"BITTER WINE - SOPHIA ALAKIJA, JOHN EKEANEM, VERA AGANAGA latest 2024 nigerian movies",2024-12-11 15:30:01+00:00,1037283,13858.0,836.0,3910000,0,0,0,0,0,0,0,663,13.852116316640783,6.4967749901858625,2024,0.013359902745923725,0.0008059517026693776,0,0,0,0,15.15377101204785,-1.3016546954070662
Uche Montana TV,chemistry,_oyuYXv7CjE,"CHEMISTRY - 2024 LATEST NIGERIAN MOVIE - UCHE MONTANA, SAM MAURICE",2024-12-11 17:00:38+00:00,13049548,145615.0,10383.0,1940000,0,0,0,0,1,0,0,663,16.384264131748814,6.4967749901858625,2024,0.011158624038165919,0.0007956597423910774,0,0,0,0,15.922716501519215,0.46154763022959955
ChinneyLoveEze Tv,along came you bolaji ogunmola and kanaga jnr in romance,T3MGHxAIrcY,ALONG CAME YOU- Bolaji Ogunmola and Kanaga Jnr in New romance Movie,2024-12-12 17:08:58+00:00,1053002,13085.0,995.0,829000,0,0,0,0,0,0,0,662,13.867156640114903,6.495265555937008,2024,0.012426377157878143,0.0009449174835375431,0,0,0,0,14.80991724651011,-0.9427606063952076
Nolly MovieRoom,the beast in me ebube obio lizzy gold,orA32MsUMfU,"THE BEAST IN ME- EBUBE OBIO, LIZZY GOLD 2024 LATEST NOLLYWOOD MOVIE",2024-12-13 18:32:18+00:00,2662265,21875.0,1213.0,324000,0,0,0,0,0,0,0,661,14.794688197813556,6.493753839851686,2024,0.008216687670085435,0.0004556270694314803,0,0,0,0,14.014368643537356,0.7803195542762005
Omoni Oboli TV,christmas on a budget,aWFIirDITrc,CHRISTMAS ON A BUDGET - Nigerian Movies Latest Full Movies,2024-12-14 15:00:03+00:00,1429074,21875.0,2593.0,2080000,0,0,0,0,0,0,0,660,14.172537939789478,6.492239835020471,2024,0.015307114956958141,0.0018144616723836553,0,0,0,0,14.985584813534688,-0.8130468737452095
Uchenna Mbunabo Tv,hearts at play,mp0xtKFd7Lc,"HEARTS AT PLAY - MAURICE SAM, CHINENYE NNEBE, PETER KOMBA, CHINENYE ULAE latest 2024 nigerian movies",2024-12-14 17:00:47+00:00,4914602,52137.0,3589.0,3910000,0,0,1,0,0,0,0,660,15.40772153515764,6.492239835020471,2024,0.010608590481996303,0.0007302727667469308,0,0,0,0,15.623592640397606,-0.215871105239966
EKENE UMENWA TV,something more than gold,Zq1_S3KCEN0,"Something More than Gold - Ekene Umenwa, Ebele OkaromRuby Ojiakor,Prisma James,2025 Latest Nollywood",2024-12-14 23:03:45+00:00,135560,2000.0,219.0,939000,0,0,0,0,0,0,0,660,11.817177002501097,6.492239835020471,2024,0.014753614635585718,0.0016155208025966361,0,0,0,0,14.24509319500143,-2.4279161925003336
Uche Nancy tv,nicky the rapper,naEybM7puDg,"NICKY THE RAPPER (New Movie) Chioma Nwosu, Victory Michael, Cherry Latest 2024 Nollywood Movie",2024-12-15 14:05:48+00:00,252251,4687.0,451.0,2360000,0,0,0,0,0,0,0,659,12.438183866826645,6.490723534502507,2024,0.01858069938275765,0.0017879017327978879,0,0,0,0,13.472659294753784,-1.0344754279271395
Uchenna Mbunabo Tv,shoot your shot,18fSLtrWgOY,"SHOOT YOUR SHOT - CLINTON JOSHUA, SONIA UCHE, MIWA OLORUNFEMI, UJU KENEDY latest 2024 nigerian movie",2024-12-16 17:00:01+00:00,4643649,55084.0,3814.0,3910000,0,0,0,1,0,0,0,658,15.351011252896017,6.489204931325317,2024,0.01186222300608853,0.0008213368409197163,0,0,0,0,15.297164985489154,0.053846267406862935
Uche Nancy tv,baby fever,s8irydBweoc,"BABY FEVER (New Movie) Deza the Great, Shaznay Okawa Latest 2024 Nollywood Romance Movie",2024-12-18 15:30:27+00:00,442424,7225.0,271.0,2360000,0,0,0,0,0,0,0,656,13.000026237539386,6.486160788944089,2024,0.01633048840026762,0.00061253458221073,0,0,0,0,13.472174529930655,-0.4721482923912692
Sonia Uche Tv,love selection,wU_XrWNGvzo,"LOVE SELECTION - SONIA UCHE, EBERE OKARO, JAMERS GARDINER, PAUL VICKS, Latest 2024 Nigerian Movie",2024-12-18 16:00:55+00:00,2921584,44517.0,5056.0,1510000,0,0,0,1,0,0,0,656,14.88763683519655,6.486160788944089,2024,0.015237282241414246,0.001730568075400194,0,0,0,0,15.097718021643926,-0.2100811864473755
RuthKadiri247,jackpot uzor arukwe okawa shaznay sarian martin,ZBhIj6fabw0,JACKPOT- UZOR ARUKWE OKAWA SHAZNAY SARIAN MARTIN,2024-12-19 16:01:33+00:00,1501360,24959.0,2589.0,4100000,1,0,0,0,0,0,0,655,14.221882588027702,6.484635235635252,2024,0.01662426067032557,0.0017244365108967869,0,0,0,0,15.517523949543973,-1.295641361516271
Uduak Isong TV,places in the heart,Z-3K4LWSUao,"PLACES IN THE HEART - Starring Daniel Etim Effiong, Ekama Etim Inyang, Bryan Okoye.",2024-12-20 16:16:25+00:00,1253193,13196.0,731.0,814000,0,0,0,0,0,0,0,654,14.041206050305336,6.483107351457199,2024,0.010529902417265338,0.0005833099929539983,0,0,0,0,14.25724370337208,-0.21603765306674383
Omoni Oboli TV,merry side of you,Slxm189-MXk,MERRY SIDE OF YOU - Nigerian Movies Latest Full Movies,2024-12-21 15:12:56+00:00,2703806,30666.0,1775.0,2080000,0,0,0,0,0,0,0,653,14.810171337857977,6.481577129276431,2024,0.011341790054463967,0.0006564820109135049,0,0,0,0,14.984451963894507,-0.1742806260365306
BOLAJI OGUNMOLA TV,brotherly love,D-tudHqBPH0,BROTHERLY LOVE - NIGERIAN MOVIES 2026 LATEST FULL MOVIES,2024-12-22 15:00:13+00:00,6065032,68455.0,9760.0,751000,1,0,0,0,0,0,0,652,15.61805054140072,6.480044561926653,2024,0.011286832451996956,0.0016092248153018814,0,0,0,0,15.018147571216877,0.5999029701838428
Uche Nancy tv,neglected,ddJmPckTsKg,"NEGLECTED (New Movie) Ray Emodi, Stella Udeze, Victory Michael Latest 2024 Nollywood Movie",2024-12-22 15:00:42+00:00,712856,8155.0,846.0,2360000,0,0,0,0,0,0,0,652,13.477036118271567,6.480044561926653,2024,0.011439898100037035,0.0011867754497401999,0,0,0,0,13.471524716858598,0.005511401412968908
Omoni Oboli TV,naugthy and nice,xWoWXCVGkpU,NAUGTHY AND NICE - Nigerian Movies Latest Full Movies,2024-12-24 15:01:14+00:00,1860408,23680.0,998.0,2080000,0,0,0,0,0,0,0,650,14.436306913989696,6.476972362889683,2024,0.01272839076159638,0.0005364414687530907,0,0,0,0,14.983962734606035,-0.5476558206163382
Maurice Sam TV,witness protection,ENxJiLUDjsM,"WITNESS PROTECTION -  MAURICE SAM, SONIA UCHE, 2024 FULL NIGERIAN MOVIE",2024-12-24 17:00:12+00:00,9088753,95305.0,12647.0,2830000,0,0,1,1,0,0,0,650,16.022548383050832,6.476972362889683,2024,0.01048603697338898,0.001391500022060232,0,1,0,0,15.469766282480805,0.5527821005700275
Bimbo Ademoye TV,the homecoming,cuATJ5Mlrok,"THE HOMECOMING. LATEST ROMANTIC MOVIE. STARRING BIMBO ADEMOYE ,TIMINI EGBUSON, BISOLA AIYEOLA",2024-12-24 18:00:24+00:00,13262792,190606.0,17100.0,1840000,0,0,0,0,0,1,1,650,16.400473154026034,6.476972362889683,2024,0.014371483772044377,0.0012893212831807963,0,0,0,1,16.42800742695896,-0.02753427293292532
ChinneyLoveEze Tv,it s our wedding,blxB-L5huzM,IT’S OUR WEDDING - Chioma Chukwuka and Uche Jombo in this hilarious Lastest movie,2024-12-26 15:23:00+00:00,4770623,48637.0,4138.0,829000,0,0,0,0,0,0,0,648,15.37798767191871,6.473890696352274,2024,0.010195104496834062,0.0008673919527910715,0,0,0,0,14.807646293660921,0.5703413782577886
Uduak Isong TV,what a happy ending,cMNfE86thIE,"What A Happy Ending - Deyemi Okanlanwon, Debby Felix, Blessing Obasi",2024-12-26 16:10:31+00:00,315240,4509.0,202.0,814000,0,0,0,0,0,0,0,648,12.661092704648825,6.473890696352274,2024,0.014303387894937191,0.0006407816266971196,0,0,0,0,14.2562644880894,-1.5951717834405752
Omoni Oboli TV,a merry christmas miracle,1rz31y3ymVI,A MERRY CHRISTMAS MIRACLE - Nigerian Movies Latest Full Movies,2024-12-27 15:11:15+00:00,1294317,18956.0,1975.0,2080000,0,0,0,0,0,0,0,647,14.073494473465095,6.472346294500901,2024,0.014645562099547484,0.00152590130547617,0,0,0,0,14.983471242105397,-0.909976768640302
BOLAJI OGUNMOLA TV,something more blossom chukuwujekwu bolaji ogunmola blessing onukwe michael ejoor charles born,jSwB2pErfIo,"SOMETHING MORE- Blossom Chukuwujekwu,Bolaji Ogunmola,Blessing Onukwe, Michael Ejoor & Charles born.",2024-12-28 16:00:37+00:00,2357912,36581.0,4971.0,751000,0,0,0,0,0,0,0,646,14.67328746372449,6.470799503782602,2024,0.015514149807117484,0.002108221171952134,0,0,0,0,14.693579362042637,-0.02029189831814726
Uchenna Mbunabo Tv,sweet vengeance,ldOE2aOof58,"SWEET VENGEANCE - TIMINI EGBUSON, AUDREY HARRISON, SANDRA OKUNZUWA latest 2024 nigerian movies",2024-12-28 16:30:21+00:00,6824842,71976.0,3989.0,3910000,0,0,0,0,0,1,0,646,15.736079895107705,6.470799503782602,2024,0.010546178211891206,0.0005844823953433647,0,0,0,0,15.671335184205892,0.06474471090181311
Uche Montana TV,back to december,yPijdgONJ6o,"BACK TO DECEMBER - 2024 LATEST NIGERIAN MOVIE -  UCHE MONTANA, ANTHONY WOOD, VINE OLUGU",2024-12-28 17:00:59+00:00,3616117,47145.0,3928.0,1940000,0,0,0,0,1,0,0,646,15.100911632705131,6.470799503782602,2024,0.013037465325375258,0.0010862480389876765,0,0,0,0,15.919956759186277,-0.8190451264811465
Uche Nancy tv,crazy folks,eTs8unR-qfk,"CRAZY FOLKS (New Movie) Ebube Obi, Chioma Nwosu, Victory Michael Latest 2024 Nollywood Movie",2024-12-29 15:00:18+00:00,974092,11134.0,836.0,2360000,0,0,0,0,0,0,0,645,13.789262060612705,6.4692503167957724,2024,0.011430131856128579,0.0008582351564328626,0,0,0,0,13.470377891933847,0.31888416867885816
Sonia Uche Tv,tight circle,Skpt2srZXBg,"TIGHT CIRCLE - SONIA UCHE, MIKE EZURUONYE, RUTH KADIRI,  Latest 2024 Nigerian Movies",2024-12-29 16:00:22+00:00,3438447,39874.0,4041.0,1510000,0,0,0,1,0,0,0,645,15.05053076475433,6.4692503167957724,2024,0.011596514356626697,0.0011752398684638733,0,0,0,0,15.095921383647118,-0.04539061889278884
NollyFamily tv,the estate cleaner,yPnj3pjdf64,"THE ESTATE CLEANER (New Movie) Tana Adelana, John Ekanem 2024 Latest Nollywood Movie",2024-12-30 17:05:03+00:00,1876067,21035.0,1240.0,1670000,0,0,0,0,0,0,0,644,14.444688655226143,6.467698726104354,2024,0.01121228612837388,0.0006609572046200908,0,0,0,0,13.41903341241876,1.0256552428073835
Ik Ogbonna tv,a crazy day with dr olivia,vlO2Gkyvbsw,"A CRAZY DAY WITH DR OLIVIA - IK OGBONNA, INI EDO, BOLAJI OGUNMOLA, SAGA ADEOLUWA, REAL JUDY",2024-12-31 15:00:06+00:00,1155983,14933.0,1342.0,274000,0,0,0,0,0,0,0,643,13.960462487288225,6.466144724237619,2024,0.012918010039940035,0.0011609167262840372,0,0,0,0,13.97918281549223,-0.01872032820400449
Maurice Sam TV,heart of steel,_0qeKYP_lag,"HEART OF STEEL - MAURICE SAM, SARIAN MARTIN, DAVID JONES, 2024 FULL NIGERIAN MOVIE",2024-12-31 17:00:39+00:00,4787838,56739.0,5684.0,2830000,0,0,1,0,0,0,0,643,15.38158971936365,6.466144724237619,2024,0.011850651588462267,0.0011871746704880156,0,0,0,0,15.324417662113321,0.05717205725032848
RuthKadiri247,best tea,f-MRoctxANY,BEST-TEA - RUTH KADIRI DEZA THE GREAT CHINONSO ARUBAYI,2025-01-02 16:01:36+00:00,3411228,50269.0,6693.0,4100000,0,0,0,0,0,0,0,641,15.0425831948846,6.46302945692067,2025,0.014736335419385628,0.001962050030077145,0,0,0,0,15.174520692342641,-0.13193749745804162
Omoni Oboli TV,meet the parents,2wiSLBpZpME,MEET THE PARENTS - Nigerian Movies 2025 Latest Full Movies,2025-01-03 17:11:03+00:00,2970513,38337.0,3710.0,2080000,0,0,0,0,0,0,0,640,14.904245559778104,6.461468176353717,2025,0.012905851615529035,0.0012489425227225062,0,0,0,0,14.965193711847448,-0.060948152069343564
NollyFamily tv,unwanted wife,sbccR4Wp8OI,"UNWANTED WIFE (New Movie) Chioma Nwosu, Shaznay Okawa, Kenneth 2025 Latest Nollywood Movie",2025-01-04 17:02:02+00:00,2083006,13806.0,1233.0,1670000,0,0,0,0,0,0,0,639,14.549323080775148,6.459904454377535,2025,0.00662792137900707,0.0005919330045136692,0,0,0,0,13.401083522667033,1.1482395581081146
Shine Nolly tv,the president s daughter,ORRfjW8sTyM,"THE PRESIDENT'S DAUGHTER - Maurice Sam, Uche Montana Nigerian Movie",2025-01-05 16:00:19+00:00,4693148,14294.0,343.0,203000,0,0,1,0,1,0,0,638,15.361614343686574,6.45833828334479,2025,0.0030457168621147255,7.308527240138176e-05,0,0,1,0,12.494575490855924,2.8670388528306496
onyiialexTV,cuffs and curves,8Vc-Pb5em4E,"CUFFS AND CURVES - ONYII ALEX, DANIEL ETIM, FAITH OKEH Latest 2025 Nigerian Movie",2025-01-05 17:00:09+00:00,4013967,43036.0,3236.0,609000,0,0,0,0,0,0,0,638,15.205290836208984,6.45833828334479,2025,0.01072156298245601,0.0008061850035139801,0,0,0,0,15.291537557035312,-0.08624672082632756
Uchenna Mbunabo Tv,hearts in motion,wQSfuucpfB0,"HEARTS IN MOTION - BIMBO ADEMOYE, ESO DIKEH, TENIOLA ALADESE latest 2025 nigerian movie",2025-01-06 17:00:17+00:00,2715487,35513.0,2729.0,3910000,0,0,0,0,0,0,1,637,14.814482237371596,6.456769655572163,2025,0.013077948817283972,0.0010049762712913005,0,0,0,0,16.056938806096806,-1.2424565687252098
Maurice Sam TV,in her shoes,lBpI2AimadM,"IN HER SHOES - MAURICE SAM, RUTH KADIRI LATEST FULL NIGERIAN MOVIE",2025-01-07 17:00:47+00:00,4947451,71578.0,8918.0,2830000,0,0,1,0,0,0,0,636,15.414383254542162,6.455198563340122,2025,0.014467652130359655,0.001802544380934748,0,0,0,0,15.30613290271419,0.10825035182797293
Sonia Uche Tv,chaotic affair,0byc2mHqmUc,"CHAOTIC AFFAIR - SONIA UCHE, CHINENYE NNEBE, JOHN EKANEM, NY ADDAE, CHISOM AGOAWUIKE  NIGERIAN MOVIE",2025-01-08 16:00:01+00:00,2722821,40663.0,4140.0,1510000,0,0,0,1,0,0,0,635,14.817179400441022,6.453624998892692,2025,0.014934143669378192,0.0015204818825769303,0,0,0,0,15.077139491394714,-0.2599600909536921
RuthKadiri247,mad bride ruth kadiri ninalowo bolanle atewe rapheal,9n2foCXq73I,MAD BRIDE/ RUTH KADIRI NINALOWO BOLANLE ATEWE RAPHEAL,2025-01-10 12:55:31+00:00,1508004,22953.0,2112.0,4100000,0,0,0,0,0,0,0,633,14.226298143194409,6.450470422144176,2025,0.015220781907740297,0.00140052678905361,0,0,0,0,15.17318636891957,-0.9468882257251607
Ik Ogbonna tv,patrick or patrica,JoRz0DQ7HuY,"PATRICK OR PATRICA - IK OGBONNA,  DEZA THE GREAT, SONIA BARBIE TUCKER, DANIEL LLYOD, REAL JUDY",2025-01-10 16:00:17+00:00,1502536,28052.0,1977.0,274000,0,0,0,0,0,0,0,633,14.222665570712254,6.450470422144176,2025,0.018669768977249132,0.0013157754622850966,0,0,0,0,13.960395718958308,0.26226985175394546
1959 Entertainment,a thousand ways to break a cheating man,pHnn83UDA58,A THOUSAND WAYS TO BREAK A CHEATING MAN|BIMBO ADEMOYE|UZOR ARUKWE|RAY ADEKA|JAYE KUTI|TITI JOSEPH.,2025-01-12 13:00:32+00:00,493996,2571.0,177.0,8350,1,0,0,0,0,0,1,631,13.110284723277125,6.447305862541213,2025,0.005204495582960186,0.00035830249637648886,0,0,0,0,13.110284723277019,1.0658141036401503e-13
Uche Nancy tv,beautiful reason,_VjBeGiYQ4E,"BEAUTIFUL REASON (New Movie) Victory Michael, Faith Duke Latest 2025 Nollywood Movie",2025-01-12 14:02:44+00:00,1296012,11780.0,1248.0,2360000,0,0,0,0,0,0,0,631,14.074803186708246,6.447305862541213,2025,0.009089422011524585,0.0009629540467217897,0,0,0,0,13.450924628688576,0.6238785580196708
BASEFLIX TV,perfect fate,P3Ntg9GxnEM,"PERFECT FATE (New Movie) Ebube Nwagbo, Bryan Okwara 2025 Latest Nollywood Movie",2025-01-12 16:00:35+00:00,90907,814.0,19.0,109000,0,0,0,0,0,0,0,631,11.417603285093904,6.447305862541213,2025,0.008954205946736776,0.00020900480711056354,0,0,0,0,13.48336021609645,-2.0657569310025465
EKENE UMENWA TV,the agents,BhISxq-psyI,"The Agents {New Movie} -  Ekene Umenwa Ogbodo,Oluebube Obio,2025 Latest Nigerian Nollywood Movie",2025-01-13 16:03:02+00:00,2493720,38932.0,3280.0,939000,0,0,0,0,0,0,0,630,14.72928653048001,6.4457198193855785,2025,0.015612017387677847,0.0013153040437579198,0,0,0,0,14.223028923205863,0.5062576072741471
Uchenna Mbunabo Tv,how we got here,-wSQ5mP_iww,"HOW WE GOT HERE - UCHE MONTANA, RAY EMODI, EGO NWOSU, KING DAVID latest 2025 nigerian movies",2025-01-13 17:41:21+00:00,8627405,113663.0,13502.0,3910000,0,0,0,0,1,0,0,630,15.970454438502301,6.4457198193855785,2025,0.01317464521487052,0.0015650128862618596,0,0,0,0,15.839442340959566,0.1310120975427349
Maurice Sam TV,insane obsession,qD75sVmXB3U,"INSANE OBSESSION - MAURICE SAM, UCHE MONTANA LATEST FULL NIGERIAN MOVIE",2025-01-14 17:00:50+00:00,9377374,112087.0,8387.0,2830000,0,0,1,0,1,0,0,629,16.053810431070612,6.444131256700441,2025,0.011952919868611404,0.0008943868507324119,0,0,1,0,16.013174500827304,0.04063593024330814
RuthKadiri247,the sisters,CRSgg1yL03E,THE SISTERS - CHIDI DIKE GENEVIEVE UKATU AFES MIKE OMA ALOZIE,2025-01-16 16:04:39+00:00,1896105,27342.0,1793.0,4100000,0,0,0,0,0,0,0,627,14.455312867407352,6.440946540632921,2025,0.01442008749515454,0.0009456227371374476,0,0,0,0,15.172174512641984,-0.7168616452346317
Omoni Oboli TV,memories with you,rzmHjHiFX5A,MEMORIES WITH YOU - Nigerian Movies 2025 Latest Full Movies,2025-01-18 17:00:53+00:00,1647954,21796.0,1526.0,2080000,0,0,0,0,0,0,0,625,14.315045683253501,6.437751649736401,2025,0.01322609733038665,0.0009259967207822548,0,0,0,0,14.96267397067764,-0.6476282874241388
Uche Nancy tv,whisper s of the past,3H62wTIcpus,"WHISPER'S OF THE PAST (New Movie) Anthony Woode, Shaznay Okawa Latest 2025 Nollywood Movie",2025-01-19 15:00:07+00:00,213532,3468.0,241.0,2360000,0,0,0,0,0,0,0,624,12.27154666645134,6.436150368369428,2025,0.016241125451922897,0.00112863645729914,0,0,0,0,13.4497394231824,-1.178192756731061
Maurice Sam TV,rule number one,iT-ezKNUBrM,"RULE NUMBER ONE - MAURICE SAM, SHINE ROSMAN, 2025 FULL NIGERIAN MOVIE",2025-01-21 17:00:46+00:00,3776732,49323.0,3710.0,2830000,0,0,1,0,0,0,0,622,15.144369908171242,6.432940092739179,2025,0.013059703468501339,0.000982330755796281,0,0,0,0,15.303768071402459,-0.15939816323121647
Uche Nancy tv,a place for us,mNihbut12Vw,"A PLACE FOR US - Chioma Nwaoha, Deza The Great, Faith Duke Latest 2025 Nollywood Movie",2025-01-21 17:04:35+00:00,359692,4432.0,201.0,2360000,0,0,0,0,0,0,0,622,12.793006168832692,6.432940092739179,2025,0.012321652969763019,0.0005588114275546857,0,0,0,0,13.44939835031779,-0.6563921814850975
BOLAJI OGUNMOLA TV,beneath the facade,56ma3dYVfM0,BENEATH THE FACADE - NIGERIAN MOVIES 2026 LATEST FULL MOVIES,2025-01-22 15:00:08+00:00,1905217,29628.0,2504.0,751000,0,0,1,1,0,0,1,621,14.460106995691211,6.431331081933479,2025,0.015550984481032868,0.00131428598422122,0,1,0,0,16.211305909342478,-1.7511989136512671
Uchenna Mbunabo Tv,family ties,isuiUZZ9tIY,"FAMILY TIES - CLINTON JOSHUA, DERA OSADEBE, ZACK ORJI, CHARITY IWEZULU latest 2025 nigerian movies",2025-01-22 17:00:14+00:00,4265007,56880.0,5150.0,3910000,0,0,0,0,0,0,0,621,15.265954614638865,6.431331081933479,2025,0.013336437665870185,0.0012075009490019595,0,0,0,0,15.12969618819756,0.13625842644130515
Uche Montana TV,chaos to calm,WOqaznahn5I,"CHAOS TO CALM - UCHE MONTANA, MAURICE SAM 2025 LATEST NIGERIAN MOVIE",2025-01-24 17:00:38+00:00,11792335,126186.0,7270.0,1940000,0,0,1,0,1,0,0,619,16.28296038689948,6.428105272684596,2025,0.010700679721191774,0.0006165021600895836,0,0,1,0,16.36860241630513,-0.08564202940565124
Omoni Oboli TV,our first secret,Z2vdjZy4YoQ,OUR FIRST SECRET - Nigerian Movies 2025 Latest Full Movies,2025-01-24 17:00:40+00:00,2181036,26743.0,2535.0,2080000,0,0,0,0,0,0,0,619,14.595311009734962,6.428105272684596,2025,0.012261604118409783,0.001162291681567842,0,0,0,0,14.961649099970849,-0.36633809023588704
Sonia Uche Tv,beyond control,rSo9M_Xmz6E,"BEYOND CONTROL - SONIA UCHE, JAMES GARDINER, KOFI ADJORLOLO, OGBU JOHNSON NIGERIAN MOVIE",2025-01-25 16:00:56+00:00,2579523,43581.0,4357.0,1510000,0,0,0,1,0,0,0,618,14.763115443752266,6.42648845745769,2025,0.016894984072636687,0.001689071971833552,0,0,0,0,15.074256393807818,-0.3111409500555524
NollyFamily tv,wild as fire,xqVz2Vqd-8M,"WILD AS FIRE (New Movie) Chioma Nwosu, Elochukwu Godwin, Ifeoma Obinwa 2025 Nollywood Movie",2025-01-25 17:02:51+00:00,149684,1660.0,123.0,1670000,0,0,0,0,0,0,0,618,11.916288364986523,6.42648845745769,2025,0.011090029662488976,0.00082173111354587,0,0,0,0,13.397533269945473,-1.4812449049589507
Uche Nancy tv,daddy g o,eOCoFLVLjQU,"DADDY G.O (New Movie) Ebube Obi, Chioma Nwosu, Victory Michael Latest 2025 Nollywood Movie",2025-01-26 17:01:09+00:00,884987,12118.0,1097.0,2360000,0,0,0,0,0,0,0,617,13.693329364576105,6.424869023905388,2025,0.0136928565052368,0.0012395662309163864,0,0,0,0,13.448540846824423,0.2447885177516813
Uchenna Mbunabo Tv,the love alphabet,e4rpJ7RINRw,"THE LOVE ALPHABET - MAURICE SAM, NADIA BUARI, CHIOMA NWOSU, EMMANUELLA latest 2025 nigerian movie",2025-01-27 17:00:42+00:00,5533415,70336.0,5841.0,3910000,0,0,1,0,0,0,0,616,15.5263159043061,6.423246963533519,2025,0.01271113769706411,0.0010555868301943736,0,0,0,0,15.599140760120946,-0.07282485581484544
NollyFamily tv,between dusk and dawn,PlRkqoKwV-g,"BETWEEN DUSK AND DAWN - Sonia Uche, Kiriku, Elochukwu Godwin 2025 Latest Nollywood Movie",2025-01-29 17:02:45+00:00,469936,6996.0,566.0,1670000,0,0,0,1,0,0,0,614,13.060353922148543,6.419994928147142,2025,0.014887133567124034,0.001204419325184706,0,0,0,0,13.541041618306487,-0.4806876961579434
Omoni Oboli TV,hearts in law,AjKkE_RCwPU,HEARTS IN LAW - Nigerian Movies 2025 Latest Full Movies,2025-01-31 17:00:18+00:00,2029396,21745.0,2528.0,2080000,0,0,0,0,0,0,0,612,14.523249262556588,6.416732282512326,2025,0.010715010771677878,0.0012456908360911326,0,0,0,0,14.960440786796527,-0.4371915242399389
Uche Nancy tv,lady of the rings,N2QHdqPRwcQ,"LADY OF THE RINGS (New Movie) Victory Michael, Ogechukwu Anasor Latest 2025 Nollywood Movie",2025-02-02 14:00:36+00:00,408171,6188.0,475.0,2360000,0,0,0,0,0,0,0,610,12.919443933178663,6.413458957167357,2025,0.015160312712074107,0.0011637279473553977,0,0,0,0,13.447328594483515,-0.5278846613048529
NollyFamily tv,beyond the cloud,OoARh7BcnlE,"BEYOND THE CLOUD (New Movie) Angel Unigwe, Chioma Nwosu, Peter Komba 2025 Nollywood Movie",2025-02-02 16:00:20+00:00,3679437,41812.0,3688.0,1670000,0,0,0,0,0,0,0,610,15.118270581091322,6.413458957167357,2025,0.01136369504356237,0.0010023272582191244,0,0,0,0,13.396148962334443,1.7221216187568782
Uchenna Mbunabo Tv,the story of us,-7TJ6Zjsrms,"THE STORY OF US - NADIA BUARI, PEARL SHIM, DERA OSADEBE, CHUCKS CHYKE latest 2025 nigerian movies",2025-02-03 18:46:58+00:00,8440056,111278.0,13593.0,3910000,0,0,0,0,0,0,0,609,15.948499620103837,6.411818267709897,2025,0.013184509676239116,0.001610534337686859,0,0,0,0,15.127623066693248,0.8208765534105886
Maurice Sam TV,love and sacrifice,9TdtUwcwVpQ,"LOVE AND SACRIFICE - MAURICE SAM, SHAZNAY OKAWA, 2025 FULL NIGERIAN MOVIE",2025-02-04 17:00:10+00:00,6012308,72127.0,6091.0,2830000,0,0,1,0,0,0,0,608,15.6093194257398,6.410174881966167,2025,0.011996557727914138,0.0010130884844888185,0,0,0,0,15.30134940193413,0.3079700238056695
RuthKadiri247,the king s heart daniel etim ruth kadiri oby titus ujams chukwunonso,yZCbr80L2Fs,THE KING'S HEART- DANIEL ETIM RUTH KADIRI OBY TITUS UJAMS CHUKWUNONSO,2025-02-06 16:01:40+00:00,5226882,69694.0,5910.0,4100000,0,0,0,0,0,0,0,606,15.469325673667994,6.406879986069314,2025,0.013333761887105926,0.0011306932125117804,0,0,0,0,15.168555142005108,0.30077053166288614
RuthKadiri247,the king s heart,QfsdCl-pj_s,THE KING'S HEART  PART 2 - UJAMS CHUKWUNONSO DANIEL ETIM RUTH KADIRI OMA NNADI OBY TITUS,2025-02-06 17:16:08+00:00,3373849,66171.0,12676.0,4100000,0,0,0,0,0,0,0,606,15.03156508348271,6.406879986069314,2025,0.01961291095126071,0.0037571331734170678,0,0,0,0,15.168555142005108,-0.13699005852239843
Omoni Oboli TV,love reset,dna1gP2fYAA,LOVE RESET - Nigerian Movies 2025 Latest Full Movies,2025-02-07 17:00:57+00:00,1328684,18545.0,1389.0,2080000,0,0,0,0,0,0,0,605,14.0997002892856,6.405228458030842,2025,0.013957419521872771,0.001045395293388044,0,0,0,0,14.959218573247977,-0.8595182839623767
Uchenna Mbunabo Tv,to have and to heal,kLrWa-oN8rM,"TO HAVE AND TO HEAL - MAURICE SAM, AUDREY HARRISON, MERCY ISOYIP latest 2025 nigerian movies",2025-02-07 17:01:02+00:00,4594888,54590.0,6985.0,3910000,0,0,1,0,0,0,0,605,15.34045515678809,6.405228458030842,2025,0.011880594260404172,0.0015201676297659486,0,0,0,0,15.597226400110895,-0.2567712433228042
Uche Nancy tv,book worm,JoTxHKXSWqo,"BOOK WORM (New Movie) Angel Unigwe, Victory Michael, Cherry Agba Latest 2025 Nollywood Movie",2025-02-09 15:01:29+00:00,1329694,17950.0,1262.0,2360000,0,0,0,0,0,0,0,603,14.100460150591056,6.401917196727186,2025,0.013499346466179436,0.0009490905426361253,0,0,0,0,13.446102350462947,0.6543578001281087
Uchenna Mbunabo Tv,love reborn,cUaObQF_3jE,"LOVE REBORN - NADIA BUARI, CHIKE DANIELS, STEVE EBOH Latest 2025 Nigerian Movies",2025-02-10 17:38:09+00:00,2919218,34464.0,3477.0,3910000,0,0,0,0,0,0,0,602,14.886826672715696,6.400257445308821,2025,0.011805901443468764,0.0011910724036368644,0,0,0,0,15.126394797451683,-0.2395681247359871
Maurice Sam TV,addicted,qdg-czmSRwg,"ADDICTED - MAURICE SAM, TENIOLA ALADESE 2025 FULL NIGERIAN MOVIE",2025-02-11 17:01:01+00:00,2150938,33784.0,3506.0,2830000,0,0,1,0,0,0,0,601,14.58141504894491,6.398594934535208,2025,0.015706635895595317,0.0016299865454048419,0,0,0,0,15.30011910077086,-0.7187040518259504
RuthKadiri247,back in time,cL0HKFRYr1w,BACK IN TIME - RUTH KADIRI DEZA THE GREAT GENEVIEVE UKATU OBY TITUS,2025-02-13 16:01:10+00:00,4916834,71070.0,7192.0,4100000,0,0,0,0,0,0,0,599,15.408175588784045,6.395261598115449,2025,0.014454423313864165,0.0014627298786170125,0,0,0,0,15.167320756762845,0.24085483202120095
Omoni Oboli TV,cupcake for val,KGkWFuk9xUE,CUPCAKE FOR VAL - Nigerian Movies 2025 Latest Full Movies,2025-02-14 17:53:24+00:00,4979772,61642.0,3735.0,2080000,0,0,0,0,0,0,0,598,15.420894865632613,6.393590753950631,2025,0.012378478372102177,0.000750034338921541,0,0,0,0,14.957982135781139,0.4629127298514746
NollyFamily tv,what the heart sees,OFlsFbQCrHc,"WHAT THE HEART SEES (New Movie) Sonia Uche, Stan Nze, Lolade Okusanya, Lydia 2025 Nollywood Movie",2025-02-16 15:02:30+00:00,857586,9883.0,837.0,1670000,0,0,0,1,0,0,0,596,13.661877910601692,6.39024066706535,2025,0.011524208650794206,0.0009759954103728373,0,0,0,0,13.537880403435747,0.12399750716594582
ChinneyLoveEze Tv,before i met you uche montana vine olugu jerry mudiaga,bMg4JC_bd8A,BEFORE I MET YOU- UCHE MONTANA / VINE OLUGU / JERRY MUDIAGA,2025-02-16 15:54:43+00:00,3956090,31676.0,1554.0,829000,0,0,0,0,1,0,0,596,15.190766974493542,6.39024066706535,2025,0.008006895697519521,0.0003928120947703414,0,0,0,0,15.489854610969882,-0.2990876364763402
Sigma Studios TV,house arrest,-dhq4OwrOco,HOUSE ARREST | BIMBO ADEMOYE | UZOR ARUKWE | ADEBOLU OLA EZIKPE,2025-02-17 15:01:13+00:00,2077156,15065.0,1075.0,23800,1,0,0,0,0,0,1,595,14.546510689794456,6.38856140554563,2025,0.007252705141067883,0.0005175345520509774,0,0,0,0,14.546510689794285,1.7053025658242404e-13
Maurice Sam TV,heart to heart,AxPmYhcxlQk,"HEART TO HEART  - MAURICE SAM, RUTH KADIRI LATEST 2025 NIGERIAN MOVIE",2025-02-18 17:00:11+00:00,9051022,101192.0,12237.0,2830000,0,0,1,0,0,0,0,594,16.018388347961753,6.386879319362645,2025,0.011180173907432775,0.0013520020170097917,0,0,0,0,15.298874385709661,0.7195139622520923
Omoni Oboli TV,breaking the rules,WPSl2y_4_44,BREAKING THE RULES - Nigerian Movies 2025 Latest Full Movies,2025-02-21 17:00:41+00:00,5150983,59442.0,5781.0,2080000,0,0,0,0,0,0,0,591,15.454698322349925,6.3818160174060985,2025,0.011539933251575476,0.001122310052275459,0,0,0,0,14.956731139422622,0.4979671829273027
RuthKadiri247,trading your heart,1c7SEb8Z9Ts,TRADING YOUR HEART -  RUTH KADIRI DEZA THE GREAT GENEVIEVE UKATU,2025-02-22 16:00:29+00:00,2785522,35587.0,3503.0,4100000,0,0,0,0,0,0,0,590,14.839946205454332,6.380122536899765,2025,0.01277570236386573,0.0012575739843375855,0,0,0,0,15.165712320737077,-0.3257661152827449
Uchenna Mbunabo Tv,beautifully broken,JbJJPzcj0lE,"BEAUTIFULLY BROKEN - MIWA OLORUNFEMI, CHIKE DANIELS, PAMELA OKEYE latest 2025 nigerian movies",2025-02-22 17:00:29+00:00,1502309,19016.0,1224.0,3910000,0,0,0,0,0,0,0,590,14.222514481488455,6.380122536899765,2025,0.01265784868492434,0.0008147458345786386,0,0,0,0,15.124255582106736,-0.9017411006182812
Uche Nancy tv,mind work,lfXTjV7rnLw,"MIND WORK - Maurice Sam, Sonia Uche, Chioma Nwosu Latest 2025 Nollywood Full Movie",2025-02-23 17:30:31+00:00,2748663,33493.0,3599.0,2360000,0,0,1,1,0,0,0,589,14.826625533413049,6.3784261836515865,2025,0.012185196948480043,0.0013093638616301817,0,1,0,0,14.058108278211956,0.7685172552010933
Shine Nolly tv,my first kiss,-8XNUZguMhI,"MY FIRST KISS - Bimbo Ademoye, Timini Egbuson, Chioma Nwaoha Nigerian Movie",2025-02-24 13:15:00+00:00,872852,2446.0,75.0,203000,0,0,0,0,0,1,1,588,13.679522435763689,6.376726947898627,2025,0.0028023078368383187,8.592521985399586e-05,0,0,0,1,12.752247705279345,0.9272747304843438
Uchenna Mbunabo Tv,what you don t see,gHLiwXUHpKM,"WHAT YOU DON'T SEE - RAY EMODI, SONIA UCHE, CHISOM AGOAWUIKE latest 2025 nigerian movies",2025-02-24 17:00:34+00:00,3276763,39807.0,3205.0,3910000,0,0,0,1,0,0,0,588,15.002366907998796,6.376726947898627,2025,0.012148269496451224,0.0009780994231197069,0,0,0,0,15.268093068366614,-0.2657261603678176
NollyFamily tv,everything in between,ZibaYnV5SnE,"EVERYTHING IN BETWEEN - Sandra Okunzuwa, Ben Touitou 2025 Nollywood Full Movie",2025-02-25 16:01:10+00:00,741375,7783.0,351.0,1670000,0,0,0,0,0,0,0,587,13.51626319798517,6.375024819828097,2025,0.010498061035238577,0.0004734446130500759,0,0,0,0,13.392065561769833,0.12419763621533697
Maurice Sam TV,fearless lisa,4_T4ycXAihI,"FEARLESS LISA - MAURICE SAM, PEARL WATS 2025 FULL NIGERIAN MOVIE",2025-02-25 17:00:08+00:00,4427184,50052.0,7443.0,2830000,0,0,1,0,0,0,0,587,15.303274499863052,6.375024819828097,2025,0.011305606453221732,0.0016812041243372763,0,0,0,0,15.297614915003575,0.0056595848594778175
Sonia Uche Tv,hate to love you,ssMoQU2hhAU,"HATE TO LOVE YOU - SONIA UCHE, BRYAN OKWARA, BLOSSOM IHUOMA LATEST 2025 NIGERIAN MOVIE",2025-02-26 16:01:02+00:00,2221057,34374.0,3681.0,1510000,0,0,0,1,0,0,0,586,14.61349421689849,6.373319789577012,2025,0.015476415058235786,0.0016573190152256337,0,0,0,0,15.068607536217309,-0.45511331931881926
Uche Montana TV,a lady her gentle man,0yWrebUyAwY,"A LADY & HER GENTLE MAN - UCHE MONTANA, CLINTON JOSHUA, PEARL SHIM, LATEST 2025 NIGERIAN MOVIE",2025-02-26 17:00:01+00:00,12175693,151179.0,18149.0,1940000,0,0,0,0,1,0,0,586,16.31495222736176,6.373319789577012,2025,0.012416459580575825,0.0014905927736515695,0,0,0,0,15.8924783197699,0.4224739075918613
BOLAJI OGUNMOLA TV,yours regardless bolaji ogunmola uzor arukwe ebenezer eno michael ejoor,Hae6YAPU6GM,"YOURS REGARDLESS- BOLAJI OGUNMOLA, UZOR ARUKWE,  EBENEZER ENO, MICHAEL EJOOR",2025-02-28 15:00:31+00:00,3132177,30445.0,2266.0,751000,1,0,0,0,0,0,0,584,14.957239167172679,6.369900982828227,2025,0.009720076483544832,0.0007234584763249331,0,0,0,0,14.989323670795427,-0.03208450362274817
RuthKadiri247,danfo dreams,DGAl1uNQvwI,DANFO DREAMS - KELVIN EZIKE ANNABEL APARA  MALIYA MICHAEL,2025-02-28 16:00:16+00:00,4877482,56479.0,3081.0,4100000,0,0,0,0,0,0,0,584,15.400139866081222,6.369900982828227,2025,0.01157954042680219,0.0006316783947126817,0,0,0,0,15.164626340861986,0.23551352521923619
Ik Ogbonna tv,out in the rain,_UHCoMvfhHs,"OUT IN THE RAIN - IK OGBONNA , INI EDO , NOSA REX , ANITA NWACHI",2025-02-28 17:00:54+00:00,2904402,45573.0,4494.0,274000,0,0,0,0,0,0,0,584,14.881738419403272,6.369900982828227,2025,0.015691009715597223,0.0015473064679063023,0,0,0,0,13.951835690900724,0.9299027285025474
NollyFamily tv,crazed attraction,NAwTpJlrFNU,"CRAZED ATTRACTION - Daniel Etim Effiong, Onyii Alex 2025 Nollywood Full Movie",2025-03-02 15:20:07+00:00,3430649,26361.0,1941.0,1670000,0,0,0,0,0,0,0,582,15.048260305561614,6.366470447731438,2025,0.007683968835051327,0.0005657821595855478,0,0,0,0,13.391156710153338,1.6571035954082767
Uche Nancy tv,rose ann,sd4rb6ankO8,"ROSE ANN - Toosweet Annan, Shaznay Okawa, Cherry Agba Latest 2025 Nollywood Full Movie",2025-03-02 16:03:03+00:00,542608,7187.0,497.0,2360000,0,0,0,0,0,0,0,582,13.204144265873685,6.366470447731438,2025,0.013245289417037714,0.0009159466871111374,0,0,0,0,13.44233634230241,-0.23819207642872442
Uchenna Mbunabo Tv,fridays at 8,c4HPd_19Fwc,"FRIDAYS AT 8  - TIMINI EGBUSON, MIWA OLORUNFEMI latest 2025 nigerian movies",2025-03-03 17:00:19+00:00,5904613,64044.0,4843.0,3910000,0,0,0,0,0,1,0,581,15.591244637145076,6.364750756851911,2025,0.010846434812916613,0.0008202061676184367,0,0,0,0,15.642946335567656,-0.05170169842257977
Sonia Uche Tv,room for loyalty,ytw_WAu9ths,"ROOM FOR LOYALTY - SONIA UCHE, BRYAN OKWARA, EKENE UMENWA, 2025 LATEST NIGERIAN MOVIE",2025-03-05 16:00:23+00:00,8566858,147789.0,19797.0,1510000,0,0,0,1,0,0,0,579,15.963411712307177,6.361302477572996,2025,0.01725124894097696,0.002310882239439477,0,0,0,0,15.067330767645943,0.8960809446612341
RuthKadiri247,billionaire sons,izkiHkVlGis,"BILLIONAIRE SONS | A MODERN PRODIGAL SON STORY OF FAMILY, REDEMPTION & LOVE #movie  #nollywood",2025-03-06 16:04:44+00:00,1738031,27132.0,2515.0,4100000,0,0,0,0,0,0,0,578,14.368263996605755,6.359573868672378,2025,0.015610768737726773,0.0014470397823744226,0,0,0,0,15.1635291458501,-0.7952651492443454
EKENE UMENWA TV,sister s,fCA4ZDBMz7k,"Sister's - Ekene Umenwa,Sonia Uche, Ngozi Ezeonu,Onyinye Okafor,2025 Latest Nigerian Nollywood movie",2025-03-07 16:00:32+00:00,5891892,76035.0,6529.0,939000,0,0,0,1,0,0,0,577,15.589087896182516,6.3578422665081,2025,0.01290502269899041,0.00110813300719022,0,0,0,0,14.35789069873372,1.2311971974487967
Omoni Oboli TV,love in every word,bslcx4LRFL0,LOVE IN EVERY WORD - Nigerian Movies 2025 Latest Full Movies,2025-03-07 20:06:11+00:00,34569948,507998.0,70995.0,2080000,1,1,0,0,0,0,0,577,17.358495336629147,6.3578422665081,2025,0.014694786350271629,0.0020536623312247967,1,0,0,0,15.532050320552315,1.826445016076832
Uche Nancy tv,beyond the glamour,2MyhWAgbmNw,"BEYOND THE GLAMOUR - Bryan Okwara, Sophie Alakija Latest 2025 Nollywood Full Movie",2025-03-09 15:00:03+00:00,853782,10624.0,500.0,2360000,0,0,0,0,0,0,0,575,13.657432342121593,6.354370040797351,2025,0.012443457463380582,0.0005856295869437398,0,0,0,0,13.44105074538448,0.2163815967371132
Ini Edo Tv,love in holiness,9U6TcA7EPNU,"LOVE IN HOLINESS - INI EDO,  DANIEL ETIM EFFIONG, EGO NWOSU - FULL NOLLYWOOD MOVIE 2025.",2025-03-10 17:00:16+00:00,2274187,23916.0,1722.0,221000,0,0,0,0,0,0,0,574,14.637133623578062,6.352629396319567,2025,0.010516285600084777,0.0007571936696498572,0,0,0,0,14.637133623577974,8.881784197001252e-14
Uchenna Mbunabo Tv,no love lost,zzoLsA7yLQU,"NO LOVE LOST - CHINENYE NEEBE, CLINTON JOSHUA, SOMADINA ADINMA, BIG TRESH latest 2025 nigerian movie",2025-03-12 17:01:14+00:00,4122719,52741.0,4059.0,3910000,0,0,0,0,0,0,0,572,15.232023697668161,6.349138991379798,2025,0.012792770984391612,0.0009845444232313674,0,0,0,0,15.120963763009742,0.11105993465841912
RuthKadiri247,bare to beauty,a9_gUwklLSg,BARE TO BEAUTY - ANTON JEFTHA DEZA THE GREAT RUTH KADIRI,2025-03-13 16:01:16+00:00,2476958,34776.0,3148.0,4100000,0,0,0,0,0,0,0,571,14.722542156053521,6.3473892096560105,2025,0.014039802047511504,0.0012709137579240343,0,0,0,0,15.162234597645002,-0.4396924415914807
ChinneyLoveEze Tv,always and forever,uzBqbQdk8d8,ALWAYS AND FOREVER - Uche Montana / Jerry mudiaga/ Lovezoe tunmise - Lastest Nollywood movie 2025,2025-03-14 16:31:05+00:00,2291181,25548.0,2742.0,829000,0,0,0,0,1,0,0,570,14.644578399572353,6.345636360828596,2025,0.011150581294101165,0.0011967627175679268,0,0,0,0,15.485115666326388,-0.8405372667540352
Nolly MovieRoom,the last hookup lizzygold onuwaje gina kings prince owelle onyinye nduji,82jY2QphEMw,"THE LAST HOOKUP -LIZZYGOLD ONUWAJE,GINA KINGS,PRINCE OWELLE,ONYINYE NDUJI-2025 latest Nigerian movie",2025-03-14 19:00:49+00:00,2550298,29660.0,3537.0,324000,0,0,0,0,0,0,0,570,14.751721165162751,6.345636360828596,2025,0.011630013433724216,0.0013868967469683935,0,0,0,0,13.981510240063995,0.7702109250987554
Uche Nancy tv,fated heart,EmTVCK1rdfg,"FATED HEART - Ray Emordi, Bryan Okwara, Ella Idu Latest 2025 Nollywood Full Movie",2025-03-16 15:00:24+00:00,861385,11632.0,889.0,2360000,0,0,0,0,0,0,0,568,13.666297998858045,6.342121418721152,2025,0.013503833941849463,0.0010320588354800699,0,0,0,0,13.439749401481269,0.22654859737677668
Uchenna Mbunabo Tv,my version of love,m_-NZgknnGY,"MY VERSION OF LOVE - CLINTON JOSHUA, SOPHIA CHISOM (SOSO) VALENTINE MAL latest 2025 nigerian movies",2025-03-17 17:00:15+00:00,5541593,62638.0,4473.0,3910000,0,0,0,0,0,0,0,567,15.527792742970155,6.340359303727752,2025,0.011303248001071173,0.0008071686246175062,0,0,0,0,15.120030972943479,0.407761770026676
Maurice Sam TV,deep assessment,cHdH8uFtHsA,"DEEP ASSESSMENT - MAURICE SAM, EBUBE NWAGBO, 2025 FULL NIGERIAN MOVIE",2025-03-18 17:00:44+00:00,1625356,23179.0,7034.0,2830000,0,0,1,0,0,0,0,566,14.301238041924845,6.338594078203183,2025,0.01426087577121566,0.004327667292580825,0,0,0,0,15.29374436342576,-0.9925063215009153
Sonia Uche Tv,partners in crime,pnGMdZtGgp4,"PARTNERS IN CRIME - SONIA UCHE, EBUBE OBIO, CHIBUIKEM DARLINGTON, 2025 LATEST NIGERIAN MOVIE",2025-03-19 16:01:09+00:00,4433048,54194.0,6183.0,1510000,0,0,0,1,0,0,0,565,15.304598167128768,6.336825731146441,2025,0.012224997338174547,0.0013947514215952546,0,0,0,0,15.06473025760208,0.2398679095266889
Ik Ogbonna tv,excess luggage,mfj1P46ArEQ,"EXCESS LUGGAGE  - IK OGBONNA, MIKE EZURONYE, QUEEN NWOKOYE, SHAFFY BELLO",2025-03-21 16:01:02+00:00,1481329,14223.0,1794.0,274000,0,0,0,0,0,0,0,563,14.208450890845993,6.333279628139691,2025,0.00960151323574979,0.0012110746498583368,0,0,0,0,13.94794488780836,0.2605060030376336
Omoni Oboli TV,to love and kabash,WLr6bI9qY4A,TO LOVE AND KABASH - Nigerian Movies 2025 Latest Full Movies,2025-03-21 17:00:39+00:00,1724548,28985.0,3761.0,2080000,0,0,0,0,0,0,0,563,14.360476124988415,6.333279628139691,2025,0.01680730255116123,0.0021808613039474693,0,0,0,0,14.951574434132606,-0.5910983091441917
Uche Nancy tv,her backbone,SBTFDNkA-Ik,"HER BACKBONE - Sonia Uche, Victory Michael, Cherry Agba Latest 2025 Nollywood Full Movie",2025-03-24 16:00:28+00:00,714582,8782.0,613.0,2360000,0,0,0,1,0,0,0,560,13.479454434755866,6.327936783729195,2025,0.012289702231514368,0.0008578441662398437,0,0,0,0,13.582440615194384,-0.10298618043851882
Maurice Sam TV,one wish,u55qVTCdT-8,"ONE WISH - MAURICE SAM, NOSA REX, PEARL WATS, 2025 LATEST NIGERIAN MOVIE",2025-03-25 17:01:03+00:00,2424029,31216.0,7253.0,2830000,0,0,1,0,0,0,0,559,14.700942002332381,6.326149473155099,2025,0.01287773372348268,0.002992125919285619,0,0,0,0,15.292422197486895,-0.5914801951545137
Uche Montana TV,more than marriage,x0mSqMG0kVI,"MORE THAN MARRIAGE - UCHE MONTANA, RAY EMODI, SOPHIA CHSIOM (SOSO), Latest 2025 Nigerian Movie",2025-03-26 17:01:08+00:00,8936439,102992.0,9575.0,1940000,0,0,0,0,1,0,0,558,16.0056478575521,6.324358962381311,2025,0.01152494858410604,0.0010714558673762557,0,0,0,0,15.887276520451497,0.11837133710060144
RuthKadiri247,golden offer ruth kadiri toosweet annan onyeka meecy chinwe thelma vivan kaima,uYfzddWciYU,"GOLDEN OFFER RUTH KADIRI, TOOSWEET ANNAN, ONYEKA MEECY, CHINWE THELMA, VIVAN KAIMA,",2025-03-27 16:03:57+00:00,3082798,47563.0,4426.0,4100000,0,0,0,0,0,0,0,557,14.94134850850549,6.322565239927284,2025,0.015428516561902531,0.001435708729537258,0,0,0,0,15.159597197171788,-0.2182486886662982
NollyFamily tv,spiced with love,yoH92VrOLmE,"SPICED WITH LOVE - Angel Unigwe, Peter Komba, Ny Addae 2025 Nollywood Full Movie",2025-03-29 16:01:07+00:00,1053219,16904.0,1245.0,1670000,0,0,0,0,0,0,0,555,13.867362696169526,6.318968113746434,2025,0.016049843384899058,0.0011820903344888385,0,0,0,0,13.38610986714233,0.4812528290271949
Uche Nancy tv,crazy love,e4b_Mk_bzbo,"CRAZY LOVE - Chinenye Nnebe, Victory Michael, Emmanulla Iloba Latest 2025 Nollywood Movie",2025-03-30 15:01:22+00:00,891006,11900.0,827.0,2360000,0,0,0,0,0,0,0,554,13.700107562763275,6.317164686747284,2025,0.013355690085139718,0.0009281643445723149,0,0,0,0,13.437097895801998,0.2630096669612776
EKENE UMENWA TV,saving uwala,ICPRuZSm_74,"Saving Uwala (2025) – Ekene Umenwa, Eucheria Anunobi | Latest Nollywood Thriller Movie",2025-03-31 16:01:54+00:00,1350661,20999.0,2369.0,939000,0,0,0,0,0,0,0,553,14.116105400592723,6.315358001522335,2025,0.01554720244384046,0.0017539560259754298,0,0,0,0,14.209178748399866,-0.09307334780714349
Uchenna Mbunabo Tv,a love like mine,4zu1OIEww8k,"A LOVE LIKE MINE - CLINTON JOSHUA, MIWA OLORUNFEMI, GLORIA LEMMY latest 2025 nigerian movies",2025-03-31 17:00:22+00:00,5436152,64916.0,6418.0,3910000,0,0,0,0,0,0,0,553,15.508582199552453,6.315358001522335,2025,0.011941535115280073,0.001180614522919889,0,0,0,0,15.1173747319398,0.391207467612654
Maurice Sam TV,loud silence,5f-wyCP7tzc,"LOUD SILENCE  - MAURICE SAM, OKAWA SHAZNAY, OBY TITUS, 2025 LATEST NIGERIAN MOVIE",2025-04-01 17:00:04+00:00,3209743,44432.0,6287.0,2830000,0,0,1,0,0,0,0,552,14.98170174114712,6.313548046277095,2025,0.013842852838996767,0.0019587237981358633,0,0,0,0,15.291083370152894,-0.3093816290057738
NollyFamily tv,hearts attached,J8um0OUy8gw,"HEARTS ATTACHED - Timini Egbuson, Bimbo Ademoye, Emeka Darlington 2025 Nollywood Full Movie",2025-04-02 16:06:51+00:00,2487869,24456.0,1573.0,1670000,0,0,0,0,0,1,1,551,14.726937480672229,6.311734809152915,2025,0.009830099575178596,0.0006322680173272789,0,0,0,1,14.830205205035785,-0.10326772436355647
Uchenna Mbunabo Tv,selflessly yours,CJzmS7UkGGg,"SELFLESSLY YOURS - EBUBE NWAGBO, RAY EMODI, JENNIFER SAM latest 2025 nigerian movies",2025-04-02 17:00:45+00:00,1706244,21510.0,2196.0,3910000,0,0,0,0,0,0,0,551,14.349805607508182,6.311734809152915,2025,0.01260663773762721,0.0012870374928790958,0,0,0,0,15.11698978910535,-0.7671841815971678
Royal Arts TV,here comes the bride,qtj9_Fm3hik,HERE COMES THE BRIDE - Nigerian Movies 2025 Latest Full Movies,2025-04-03 16:01:08+00:00,8389374,92533.0,7826.0,705000,0,0,0,0,0,0,0,550,15.942476582224037,6.309918278226516,2025,0.011029786012639322,0.0009328467177646389,0,0,0,0,15.568858632298827,0.3736179499252099
RuthKadiri247,a life for a life,t8_y-SPTmXE,A LIFE FOR A LIFE - TOOSWEET ANANN FRANCESS BEN ATEWE RAPHEAL ONYEKA MERCY,2025-04-03 16:05:59+00:00,2292842,31867.0,2674.0,4100000,0,0,0,0,0,0,0,550,14.645303090241663,6.309918278226516,2025,0.013898471852835912,0.001166238231853743,0,0,0,0,15.158253532031246,-0.5129504417895827
Omoni Oboli TV,while this heart beats,IJdsgYm7TOw,WHILE THIS HEART BEATS - Nigerian Movies 2025 Latest Full Movies,2025-04-04 19:01:47+00:00,2850409,39078.0,3853.0,2080000,0,0,0,0,0,0,0,549,14.86297340154715,6.3080984415095305,2025,0.013709611497858728,0.001351735838611231,0,0,0,0,14.948899081469023,-0.08592567992187305
Uche Nancy tv,village vibes,lIUz4VR5ehE,"VILLAGE VIBES - Ebube Obi, Funny Emma, Sarah James, Treasure Barb Latest 2025 Nollywood Comedy Movie",2025-04-06 15:00:22+00:00,2792371,21822.0,1445.0,2360000,0,0,0,0,0,0,0,547,14.842401971811379,6.304448802421981,2025,0.007814864142336387,0.0005174813805185629,0,0,0,0,13.435746908038823,1.406655063772556
Uchenna Mbunabo Tv,for this i promise,pq_7SjghF5s,"FOR THIS I PROMISE - OSITA IHEME, REGINA DANIELS, UJU KENEDY-OHANENYE latest 2025 nigerian movies",2025-04-07 17:00:23+00:00,2697274,34756.0,2826.0,3910000,0,0,0,0,0,0,0,546,14.807752562070235,6.302618975744905,2025,0.012885602278448538,0.001047724480345712,0,0,0,0,15.11602128553373,-0.3082687234634953
Maurice Sam TV,whatever it takes,5wTsoBB4Vx8,"WHATEVER IT TAKES - MAURICE SAM, BIMBO ADEMOYE, 2025 LATEST FULL NIGERIAN MOVIE",2025-04-08 17:00:10+00:00,5252021,54641.0,5780.0,2830000,0,0,1,0,0,0,1,545,15.474123703276478,6.300785794663244,2025,0.010403804554475315,0.001100528729797539,0,0,0,0,16.214267375521622,-0.7401436722451447
RuthKadiri247,streets of heaven,aI61T_6dWo0,STREETS OF HEAVEN - RUTH KADIRI DANIEL ETIM EFFIONG #nollywoodmovies,2025-04-10 16:05:28+00:00,3019954,42464.0,5827.0,4100000,0,0,0,0,0,0,0,543,14.920752488577785,6.297109319933935,2025,0.014061141328642755,0.0019294995884043267,0,0,0,0,15.15689265570762,-0.236140167129836
IBAKATV,loving aduke,KrIoFHI0-wU,"LOVING ADUKE - Bimbo Ademoye, Bolanle Ninolwo, Enyinna Latest 2025 Romantic Nigerian Movie #trending",2025-04-12 09:00:36+00:00,5306461,50326.0,4349.0,1420000,0,0,0,0,0,0,1,541,15.484435881129448,6.293419278846481,2025,0.009483910274663283,0.0008195669392463263,0,0,0,0,15.251614869226056,0.23282101190339155
Uche Nancy tv,dreamt of you,cUJs73dD2ss,"DREAMT OF YOU - Ray Emodi, Chioma Nwaoha, Bryan Okwara, Ella Idu Latest 2025 Nollywood Full Movie",2025-04-13 15:00:41+00:00,1077953,14539.0,1113.0,2360000,0,0,0,0,0,0,0,540,13.89057535792652,6.29156913955832,2025,0.013487601036408822,0.0010325125492484366,0,0,0,0,13.434378519771247,0.45619683815527345
Sonia Uche Tv,love on steriods,TxImIPgyeBQ,"LOVE ON STERIODS - SONIA UCHE, MAURICE SAM, 2025 LATEST NIGERIAN MOVIE",2025-04-16 16:00:51+00:00,9278904,120172.0,15856.0,1510000,0,0,1,1,0,0,0,537,16.04325410211069,6.285998094508865,2025,0.012951098534913176,0.001708822507485798,0,1,0,0,15.529633582639544,0.5136205194711465
Bimbo Ademoye TV,broken hallelujah,modAD9y-9Tw,"BROKEN HALLELUJAH..STARRING BIMBO ADEMOYE, DANIEL ETIM EFFIONG, ESO DIKE. LATEST 2025 MOVIE",2025-04-18 13:01:32+00:00,12919410,244105.0,45975.0,1840000,0,0,0,0,0,0,1,535,16.37424146704426,6.282266746896006,2025,0.01889443867792724,0.0035585990381913723,0,0,0,0,15.869875394028192,0.5043660730160688
IBAKATV,loving aduke 2,xQoOh-PkkiQ,"LOVING ADUKE 2 - Bimbo Ademoye, Bolanle Ninolwo, Enyinna Latest 2025 Nigerian Movie #trending",2025-04-18 16:01:34+00:00,3325043,34665.0,3186.0,1420000,0,0,0,0,0,0,1,535,15.016993465067243,6.282266746896006,2025,0.010425429084676498,0.0009581830971809989,0,0,0,0,15.250429978438437,-0.23343651337119375
Omoni Oboli TV,twin deception,GwwLna5zxpk,TWIN DECEPTION - Nigerian Movies 2025 Latest Full Movies,2025-04-18 19:14:02+00:00,3419476,49376.0,5740.0,2080000,0,0,0,0,0,0,0,535,15.044998173368116,6.282266746896006,2025,0.014439639289762525,0.0016786197651336052,0,0,0,0,14.946154616166247,0.0988435572018691
Uduak Isong TV,love in transit,utt53Vpdsx8,"LOVE IN TRANSIT - New Nigerian Movie starring Bimbo Ademoye, Daniel Etim, Ayanime Edem",2025-04-20 16:00:20+00:00,7907745,85760.0,6481.0,814000,0,0,0,0,0,0,1,533,15.88335334338402,6.278521424165844,2025,0.010845063921509862,0.0008195762508780948,0,0,0,0,15.142925779473691,0.7404275639103286
Uche Nancy tv,beneath beauty,b8J2_BygphM,"BENEATH BEAUTY - Maurice Sam, Ebube Obi, Darlington Chibuikem Latest 2025 Nollywood Full Movie",2025-04-20 16:01:12+00:00,1357276,12089.0,873.0,2360000,0,0,1,0,0,0,0,533,14.12099104473616,6.278521424165844,2025,0.008906810405547583,0.0006432000565839225,0,0,0,0,13.903295738769216,0.2176953059669433
EKENE UMENWA TV,sarahs angel,WzRYusEdPJs,"Sarahs Angel (2025) – Ekene Umenwa, Maleek Milton, Prisma James| Latest Nigerian Nollywood Movie",2025-04-21 15:59:26+00:00,1705098,27461.0,3859.0,939000,0,0,0,0,0,0,0,532,14.349133731530204,6.2766434893416445,2025,0.016105232661113907,0.002263213023532958,0,0,0,0,14.205065559660861,0.14406817186934262
Maurice Sam TV,in his arms,Vu7Y7NEvppA,"IN HIS ARMS - MAURICE SAM, REGINA DANIELS, CHUKS CHYKE, PRINCE NWAFOR, NEW 2025 NIGERIAN MOVIE",2025-04-22 17:00:38+00:00,8573035,92541.0,10019.0,2830000,0,0,1,0,0,0,0,531,15.964132486882217,6.274762021241939,2025,0.010794426944483487,0.0011686643061646197,0,0,0,0,15.286962583594592,0.6771699032876253
Chika Ike TV,boss man,dapUIw8cUmg,"BOSS MAN - CHIKA IKE, DANIEL ETIM EFFIONG. NEW 2025 NOLLYWOOD MOVIE",2025-04-23 17:00:06+00:00,968917,10056.0,915.0,202000,0,0,0,0,0,0,0,530,13.783935263969134,6.272877006546167,2025,0.010378597960403213,0.0009443533347025597,0,0,0,0,13.783935263969067,6.750155989720952e-14
ChinneyLoveEze Tv,girls like us,pGWa2pD3kUQ,Girls Like us - Uche jombo/ Nosa rex / Bolaji ogunmola / Sharonace emeruwa,2025-04-24 16:06:01+00:00,1488648,12310.0,1157.0,829000,0,0,0,0,0,0,0,529,14.21337955520081,6.270988431858299,2025,0.008269248338089327,0.0007772152987140008,0,0,0,0,14.768967329628357,-0.555587774427547
RuthKadiri247,heart budget,mqZ8CkGfWSI,HEART BUDGET -  OSAS IGHODARO JOHN EKANEM PRISMA JAMES,2025-04-24 16:08:10+00:00,2993212,48663.0,4224.0,4100000,0,0,0,0,0,0,0,529,14.91185795035678,6.270988431858299,2025,0.016257785950343644,0.001411193059495953,0,0,0,0,15.15411746530398,-0.24225951494720022
Omoni Oboli TV,for his love,OhAefewxC4o,FOR HIS LOVE - Nigerian Movies 2025 Latest Full Movies,2025-04-25 19:51:36+00:00,4077804,51389.0,3504.0,2080000,0,0,0,0,0,0,0,528,15.221069411415616,6.269096283706261,2025,0.012602126046273926,0.0008592860274794963,0,0,0,0,14.944755332077976,0.27631407933763974
Uche Nancy tv,what we want,qdxk1kNNHTA,"WHAT WE WANT - Sonia Uche, Bryan Okoye, Chioma Nwosu, Victory Michael Latest 2025 Nollywood Movie",2025-04-27 16:00:18+00:00,1684615,28505.0,3658.0,2360000,0,0,0,1,0,0,0,526,14.33704820262193,6.26530121273771,2025,0.01692078011889957,0.0021714160208712377,0,0,0,0,13.575785954945509,0.7612622476764201
RuthKadiri247,tunde and ajoke,wBDl7HSGtUs,TUNDE AND AJOKE - WEALTH OR HEART WHAT WOULD IT BE #movie,2025-05-01 16:00:50+00:00,4333054,67276.0,9108.0,4100000,0,0,0,0,0,0,0,522,15.281783393925586,6.257667587882639,2025,0.01552623161400712,0.0021019816508171833,0,0,0,0,15.152702204143537,0.12908118978204897
Omoni Oboli TV,a night with mr daniels,-dAF7FdXmUA,A NIGHT WITH MR DANIELS - Nigerian Movies 2025 Latest Full Movies,2025-05-02 17:00:01+00:00,6247982,88675.0,8488.0,2080000,0,0,0,0,0,0,0,521,15.647769249627279,6.255750041753367,2025,0.014192582501037936,0.0013585186384979981,0,0,0,0,14.943337372532149,0.7044318770951303
Uche Montana TV,love pursuit,_0AD2oDrd28,"LOVE PURSUIT - UCHE MONTANA, TOOSWEET ANNAN,  Latest 2025 Nigerian Movie",2025-05-03 18:42:29+00:00,7773077,86784.0,5506.0,1940000,0,0,0,0,1,0,0,520,15.866176782897632,6.253828811575473,2025,0.011164690636668079,0.0007083423977403029,0,0,0,0,15.879783107627361,-0.01360632472972867
BASEFLIX TV,torn between us,wv5ZVezt_aI,"TORN BETWEEN US - Eso Dike, Pearl Wats, Stephanie Zibili, Tochi Obika 2025 Latest Nollywood Movie",2025-05-04 17:00:42+00:00,39934,339.0,28.0,109000,0,0,0,0,0,0,0,519,10.59500841135149,6.251903883165888,2025,0.00848900686132118,0.0007011569088996844,0,0,0,0,13.46259990747123,-2.86759149611974
Uchenna Mbunabo Tv,the man she loves,X5qAKHepbgo,"THE MAN SHE LOVES - CHIKE DANIELS, FRANCES BEN, DERA OSADEBE, DREAM ALFA latest 2025 nigerian movies",2025-05-05 18:12:52+00:00,3735534,38629.0,1980.0,3910000,0,0,0,0,0,0,0,518,15.133401605916406,6.249975242259483,2025,0.010340957946039307,0.0005300447004364035,0,0,0,0,15.110428199128798,0.022973406787608397
Maurice Sam TV,over her shoulder,ZV9pChnXeIw,"OVER HER SHOULDER - MAURICE SAM, CHIOMA NWAOHA, 2025 LATEST FULL NIGERIAN MOVIE",2025-05-06 17:00:45+00:00,6146958,59800.0,4795.0,2830000,0,0,1,0,0,0,0,517,15.631468045946615,6.248042874508429,2025,0.009728389229274057,0.0007800606413774098,0,0,0,0,15.28412383173464,0.3473442142119758
Sonia Uche Tv,two hearts and a ring,LMYvdbYSwG0,"TWO HEARTS AND A RING - SONIA UCHE, CHISOM AGOAWUIKE, MICHAEL DAPPA, 2025 LATEST NIGERIAN MOVIE",2025-05-07 16:00:36+00:00,1972576,30216.0,3402.0,1510000,0,0,0,1,0,0,0,516,14.494851367695638,6.246106765481563,2025,0.015318040977888811,0.0017246483785669094,0,0,0,0,15.055091902190405,-0.560240534494767
RuthKadiri247,royal company,4KPvYzHsL2k,ROYAL COMPANY -  INFLOW OF THE PALACE,2025-05-08 16:02:21+00:00,3757228,55401.0,5130.0,4100000,0,0,0,0,0,0,0,515,15.139192275586497,6.244166900663736,2025,0.01474517915867762,0.0013653682981176547,0,0,0,0,15.151267835698484,-0.012075560111986405
Uche Nancy tv,strange attraction,EaPoIg6TmGM,"STRANGE ATTRACTION - Sonia Uche, Maurice Sam Latest 2025 Nollywood Full Movie",2025-05-08 17:00:59+00:00,2520318,19980.0,1328.0,2360000,0,0,1,1,0,0,0,515,14.739896038777697,6.244166900663736,2025,0.007927571044606277,0.0005269176349968536,0,1,0,0,14.043844020707814,0.6960520180698833
Ik Ogbonna tv,trophy trap,Y-JewsOXtdg,"TROPHY TRAP - IK OGBONNA, UZOR ARUKWE, BIBI SONYE, REAL JUDY | NIGERIAN MOVIE 2025",2025-05-09 16:01:01+00:00,3711450,47307.0,4684.0,274000,1,0,0,0,0,0,0,514,15.126933463243239,6.2422232654551655,2025,0.012746231257325304,0.0012620404424146896,0,0,0,0,14.261856662187997,0.8650768010552419
Nolly MovieRoom,ajofia kanayo o kanayo stanley igboanugo prisma james jane obi,o6DMElbcz7E,"AJOFIA- KANAYO.O.KANAYO, STANLEY IGBOANUGO, PRISMA JAMES, JANE OBI 2025 latest Nigerian movie",2025-05-09 18:19:41+00:00,1564254,15876.0,2116.0,324000,0,0,0,0,0,0,0,514,14.262920230275512,6.2422232654551655,2025,0.010149246861443218,0.001352721488965347,0,0,0,0,13.97052320818896,0.2923970220865524
Omoni Oboli TV,locked in,E44JbGR899M,LOCKED IN - Nigerian Movies 2025 Latest Full Movies,2025-05-09 18:39:53+00:00,2136011,26771.0,2543.0,2080000,0,0,0,0,0,0,0,514,14.57445109702397,6.2422232654551655,2025,0.012533175156869511,0.001190536940118754,0,0,0,0,14.941900232276186,-0.3674491352522171
Uche Nancy tv,susanna and boyoyo,Z4VssG7m1LM,"SUSANNA AND BOYOYO - Ebube Obi, Funny Emma, Faith Ononiwu, Angel Ufuoma Latest 2025 Nollywood Movie",2025-05-11 16:01:10+00:00,825578,7254.0,419.0,2360000,0,0,0,0,0,0,0,512,13.623840237339422,6.238324625039508,2025,0.008786571347589204,0.0005075232140391338,0,0,0,0,13.42872160392247,0.19511863341695168
NollyFamily tv,where love blooms,elo5u5X1jVw,"WHERE LOVE BLOOMS - Sarian Martin, Deza The Great, Thomas Nwadike 2025 Latest Nollywood Full Movie",2025-05-11 17:01:18+00:00,1159215,11286.0,628.0,1670000,0,0,0,0,0,0,0,512,13.963254472515853,6.238324625039508,2025,0.009735898862592358,0.0005417459228874712,0,0,0,0,13.377541971773397,0.5857125007424564
ENYINNA JONAS TV,a copy of love,9zpYWyDRigI,A COPY OF LOVE - 2025 New Movie Starring: John Ekanem BAM BAM Tessy Ogbonna Latest Nigerian Movie,2025-05-13 16:04:32+00:00,1602882,17425.0,1707.0,157000,0,1,0,0,0,0,0,510,14.287314440780701,6.234410725718371,2025,0.010871043532836478,0.0010649567466600785,0,0,0,0,14.47091490528295,-0.18360046450224843
Maurice Sam TV,a true king,WVgpA9A_mVw,"A TRUE KING - MAURICE SAM, SARIAN MARTIN, OBY TITUS, ATEWE RAPHAEL, 2025 LATEST FULL NIGERIAN MOVIE",2025-05-13 17:00:42+00:00,6958092,87487.0,12466.0,2830000,0,0,1,0,0,0,0,510,15.755416000514446,6.234410725718371,2025,0.012573418115195948,0.0017915830949059024,0,0,0,0,15.282675496272473,0.47274050424197256
Sonia Uche Tv,thirty single happy,1tPC0k9Ihm8,"THIRTY SINGLE & HAPPY - SONIA UCHE, CLINTON JOSHUA, ANGEL UNIGWE, 2025 LATEST NIGERIAN MOVIE",2025-05-14 16:00:04+00:00,6245530,82660.0,8793.0,1510000,0,0,0,1,0,0,0,509,15.647376725949556,6.2324480165505225,2025,0.01323506571900223,0.001407886920725703,0,0,0,0,15.05364074062004,0.5937359853295163
BOLAJI OGUNMOLA TV,ashabi s child,IXlMxKvLusw,ASHABI’S CHILD- NIGERIAN MOVIES 2026 LATEST FULL MOVIES,2025-05-15 15:00:28+00:00,2549849,37670.0,4068.0,751000,0,0,0,0,0,0,0,508,14.751545091875025,6.230481447578482,2025,0.014773423838039037,0.001595388589677271,0,0,0,0,14.65092519066651,0.10061990120851583
ChinneyLoveEze Tv,through her lens,gPN0ory1IX4,THROUGH HER LENS - DANIEL ETIM EFFIONG /KUNLE REMI / PRINCESS OBUSEH,2025-05-16 16:27:12+00:00,1544105,19146.0,3055.0,829000,0,0,0,0,0,0,0,507,14.2499556600601,6.2285110035911835,2025,0.012399415842834523,0.001978492395271047,0,0,0,0,14.764454353233491,-0.5144986931733904
Omoni Oboli TV,the third party,7k5Lb9-8g4g,THE THIRD PARTY - Nigerian Movies 2025 Latest Full Movies,2025-05-17 20:19:27+00:00,1793778,16747.0,1575.0,2080000,0,0,0,0,0,0,0,506,14.399835125606767,6.226536669287466,2025,0.009336160885014757,0.0008780350745744457,0,0,0,0,14.940233623888894,-0.5403984982821264
NollyFamily tv,beyond the shadow,obveeJMB6I4,"BEYOND THE SHADOW - Ray Emodi, Ik Ogbonna, Sandra Okunzuwa 2025 Latest Nollywood Full Movie",2025-05-18 15:01:00+00:00,1026682,10211.0,659.0,1670000,0,0,0,0,0,0,0,505,13.841843775246009,6.22455842927536,2025,0.009945630682139163,0.0006418735304602593,0,0,0,0,13.376079394610297,0.46576438063571146
Uche Nancy tv,love secret,du_IsipIF1g,"LOVE SECRET - Victory Michael, Mercy Isoyip, Chioma Nwosu, Cherry Agba Latest 2025 Nollywood Movie",2025-05-18 16:01:07+00:00,1936583,20015.0,2430.0,2360000,0,0,0,0,0,0,0,505,14.476436154223135,6.22455842927536,2025,0.010335214137478229,0.0012547874271332548,0,0,0,0,13.42725902675937,1.049177127463766
Uchenna Mbunabo Tv,voices within,uDSy6_8O6oY,"VOICES WITHIN - RACHEL OKONKWO, PEARL SHIM, COURTNEY JOHN LATEST 2025 NIGERIAN MOVIES",2025-05-19 17:03:15+00:00,2832294,41201.0,4705.0,3910000,0,0,0,0,0,0,0,504,14.856597895037444,6.222576268071369,2025,0.014546865544325554,0.0016611976016614094,0,0,0,0,15.10751721960864,-0.25091932457119626
Uduak Isong TV,first love,FFF_cIVrWvg,"FIRST LOVE - New Nigerian Movie starring Daniel Etim Effiong, Debby Felix, Iveren Antiev",2025-05-21 14:58:06+00:00,2751096,31683.0,3505.0,814000,0,0,0,0,0,0,0,502,14.827510299190585,6.218600119691729,2025,0.011516501059941201,0.0012740376926141436,0,0,0,0,14.212019574661598,0.6154907245289873
Uchenna Mbunabo Tv,unlawfully yours,-kRb-aj2Qs4,"UNLAWFULLY YOURS - MAURICE SAM, ERICA NLEWEDIM, COURTNEY JOHN latest 2025 nigerian movies",2025-05-21 17:00:31+00:00,8214590,84485.0,8805.0,3910000,0,0,1,0,0,0,0,502,15.921422521239048,6.218600119691729,2025,0.010284749451889869,0.0010718733375615825,0,0,0,0,15.577398239134643,0.34402428210440483
RuthKadiri247,expensive househelps,zpxA2YAP68Q,EXPENSIVE HOUSEHELPS - DIARY OF A LAGOS HOUSEHELP    #EXPENSIVEHOUSEHELP,2025-05-22 16:00:33+00:00,5745362,74965.0,7739.0,4100000,0,0,0,0,0,0,0,501,15.563903652647472,6.2166061010848646,2025,0.013047915866746081,0.0013469995450243171,0,0,0,0,15.148339663184345,0.4155639894631271
Uche Nancy tv,breaking dawn,RMU6zsPAvD4,"BREAKING DAWN - Sonia Uche, Bryan Okwara, Pearl Wats Latest 2025 Nollywood Full Movie",2025-05-22 17:49:08+00:00,479243,5418.0,373.0,2360000,0,0,0,1,0,0,0,501,13.079965141267705,6.2166061010848646,2025,0.011305329446648152,0.0007783107943152012,0,0,0,0,13.57061238633743,-0.49064724506972546
Uchenna Mbunabo Tv,twice a fool,tRgbY_kU288,"TWICE A FOOL - TIMINI EGBUSON, AUDREY HARRISON, MICHELLE OLUWAFEMI LATEST 2025 NIGERIA MOVIES",2025-05-24 17:00:59+00:00,6208769,64927.0,3996.0,3910000,0,0,0,0,0,1,0,499,15.641473366658827,6.212606095751519,2025,0.010457306432241239,0.00064360584199541,0,0,0,0,15.626781862054024,0.014691504604803285
Uche Nancy tv,deep end,okegbyrs6_o,"DEEP END - Toosweet Annan, Angel Unigwe, Cherry Agba, Buchi Amaechi Latest 2025 Nollywood Full Movie",2025-05-25 16:02:00+00:00,929235,11261.0,613.0,2360000,0,0,0,0,0,0,0,498,13.742118022132635,6.210600077024653,2025,0.012118570652203156,0.0006596824269425926,0,0,0,0,13.425776034102128,0.3163419880305067
EKENE UMENWA TV,sisters in law,QVdvsgGEUTw,"Sisters-In-Law (2025) – Ekene Umenwa, Mary Igwe, Sarah James | Latest Nigerian Nollywood Drama Movie",2025-05-26 15:39:37+00:00,1465211,20262.0,1977.0,939000,0,0,0,0,0,0,0,497,14.197510499861448,6.208590026096629,2025,0.013828725009572,0.0013492937194711206,0,0,0,0,14.197835280292667,-0.000324780431219196
Uchenna Mbunabo Tv,through the glass,947B2Fzpvpw,"THROUGH THE GLASS - MIWA OLORUNFEMI, PEARL SHIM, CHIKE DANIELS, TOOSWEET LATEST 2025 NIGERIAN MOVIES",2025-05-26 17:00:08+00:00,3150228,36256.0,2359.0,3910000,0,0,0,0,0,0,0,497,14.962985706572113,6.208590026096629,2025,0.011509008236864125,0.0007488346875210302,0,0,0,0,15.106031263832598,-0.14304555726048562
Maurice Sam TV,for eve s sake,9zxfZD9mhMY,"FOR EVE'S SAKE - MAURICE SAM, SOPHIE ALAKIJA, DAVID JONES, 2025 LATEST FULL NIGERIAN MOVIE",2025-05-27 17:00:12+00:00,4734736,55572.0,5797.0,2830000,0,0,1,0,0,0,0,496,15.370436739237103,6.206575926724928,2025,0.011737085235586526,0.001224355486768428,0,0,0,0,15.279718212935466,0.09071852630163768
Uche Nancy tv,passion and gain,vBgHVg5eXH0,"PASSION AND GAIN - Maurice Sam, Sonia Uche, Chinenye Nnebe Latest 2025 Nollywood Full Movie",2025-05-29 16:00:54+00:00,660641,8146.0,493.0,2360000,0,0,1,1,0,0,0,494,13.400967368482736,6.202535517187923,2025,0.01233044876112745,0.0007462449348435837,0,1,0,0,14.039420931585504,-0.6384535631027681
Uche Montana TV,baby blues,z8bKop7XfGc,"BABY BLUES - UCHE MONTANA, FREDERICK LEONARD, PASCALINE ALEX, Latest 2025 Nigerian Movie",2025-05-30 17:01:18+00:00,6615856,86028.0,9246.0,1940000,0,0,0,0,1,0,0,493,15.704979901183632,6.20050917404269,2025,0.013003305996986634,0.0013975515791153858,0,0,0,0,15.87411821040112,-0.1691383092174874
Omoni Oboli TV,the perfect lie,qcHq_Kd13gI,THE PERFECT LIE - Nigerian Movies 2025 Latest Full Movies,2025-05-31 14:01:19+00:00,6204783,82582.0,8510.0,2080000,0,0,0,0,0,0,0,492,15.640831165378357,6.198478716492308,2025,0.013309409853656445,0.0013715225818533862,0,0,0,0,14.937252631775703,0.7035785336026539
ChinneyLoveEze Tv,heartbreak and diamond,uLGs41PruX4,HEARTBREAK AND DIAMOND - TIMINI EGBUSON / EGO NWOSU / PRINCESS OBUSEH,2025-05-31 15:01:15+00:00,4165365,32108.0,2731.0,829000,0,0,0,0,0,1,0,492,15.242314704872346,6.198478716492308,2025,0.007708328081692721,0.0006556448234428436,0,0,0,0,15.281587514228079,-0.039272809355733074
NollyFamily tv,captured by love,KFXMah8r9KU,"CAPTURED BY LOVE - Detola Jones, Okusaga Adeolu 2025 Latest Nollywood Full Movie",2025-05-31 17:00:22+00:00,911917,8736.0,379.0,1670000,0,0,0,0,0,0,0,492,13.723305352733416,6.198478716492308,2025,0.009579819216003212,0.0004156079994122272,0,0,0,0,13.37330857883881,0.34999677389460615
Uche Nancy tv,bad girl,0O_RK1pNQrs,"BAD GIRL - Bryan Okwara, Benita Onyiuke, Victory MIchael, Bibi Sony Latest 2025 Nollywood Full Movie",2025-06-01 16:00:02+00:00,594830,7117.0,433.0,2360000,0,0,0,0,0,0,0,491,13.296032610569135,6.19644412779452,2025,0.01196476304154128,0.0007279390750298405,0,0,0,0,13.424272047930442,-0.12823943736130694
ENYINNA JONAS TV,to love and to obey,znDOo46mPDY,"TO LOVE AND TO OBEY - Nigerian Movies 2025 Latest Full Movies - Uzor Arukwe, Chinneye Nnebe",2025-06-03 16:00:24+00:00,1754212,20466.0,3302.0,157000,1,0,0,0,0,0,0,489,14.377530881257503,6.192362489474872,2025,0.011666776877595183,0.0018823266515107639,0,0,0,0,14.535753229619818,-0.1582223483623153
Maurice Sam TV,worthy words,J6zM3yO2F-0,"WORTHY WORDS - MAURICE SAM, EKAMA ETIM INYANG, MICHELLE OLUWAFEMI, 2025 Latest Nigerian Movie",2025-06-03 17:00:23+00:00,4327220,59212.0,7905.0,2830000,0,0,1,0,0,0,0,489,15.280436092550318,6.192362489474872,2025,0.013683612111240012,0.001826807973710604,0,0,0,0,15.278208119000492,0.0022279735498251796
Uchenna Mbunabo Tv,a temporary driver,gT1COCV_xPk,"A TEMPORARY DRIVER - SONIA UCHE, CHIKE DANIELS, CHISOM AGOAWUIKE, Latest New Nigerian Movie",2025-06-04 17:01:06+00:00,3253206,40378.0,3436.0,3910000,0,0,0,1,0,0,0,488,14.995151836999971,6.1903154058531475,2025,0.012411756279805213,0.0010561888795237683,0,0,0,0,15.248287940718782,-0.2531361037188109
RuthKadiri247,bolaji and the mans wife,TDP76lfpmP8,BOLAJI AND THE MANS WIFE - WORDS PIERCE HARDER THAN A STAB  #bolajiandthemanswife,2025-06-05 16:01:06+00:00,4275724,65589.0,6420.0,4100000,0,0,0,0,0,0,0,487,15.268464236617405,6.18826412308259,2025,0.015339858232196465,0.0015015000968257072,0,0,0,0,15.14532849506692,0.12313574155048457
BOLAJI OGUNMOLA TV,made to measure,7DOS09gWr_Q,"MADE TO MEASURE(LATEST NOLLYWOOD MOVIE) - MICHAEL DAPPA, BOLAJI OGUNMOLA, BLESSING ONUKWE",2025-06-06 15:00:24+00:00,2864377,35010.0,2445.0,751000,0,0,0,0,0,0,0,486,14.867861781593875,6.186208623900494,2025,0.012222553106661588,0.000853588755949374,0,0,0,0,14.646221464091152,0.2216403175027235
NollyFamily tv,rich in love,IULaS5RmXk4,"RICH IN LOVE - Daniel Etim Effiong, Onyii Alex, Elochukwu Godwin 2025 Latest Nollywood Full Movie",2025-06-08 15:07:32+00:00,1241015,16259.0,1783.0,1670000,0,0,0,0,0,0,0,484,14.031440956931997,6.182084906716632,2025,0.013101372666728443,0.0014367271950782223,0,0,0,0,13.371566833173928,0.659874123758069
Uche Nancy tv,our goodluck charm,SdVso_baxk8,"OUR GOODLUCK CHARM - Chinenye Nnebe, Funny Emma, Bryan Okoye Latest 2025 Nollywood Full Movie",2025-06-08 16:01:50+00:00,1065193,14688.0,1156.0,2360000,0,0,0,0,0,0,0,484,13.878667500161026,6.182084906716632,2025,0.013789050434991594,0.001085249339791005,0,0,0,0,13.422746465323,0.4559210348380258
Uchenna Mbunabo Tv,last day married,tKVh7AVf3ic,"LAST DAY MARRIED - MAURICE SAM, MERCY MACJOE latest 2025 nigerian movie",2025-06-09 17:01:51+00:00,2176056,26370.0,2957.0,3910000,0,0,1,0,0,0,0,483,14.593025081467832,6.180016653652572,2025,0.012118254309631737,0.0013588804699879047,0,0,0,0,15.573298973275799,-0.9802738918079665
Maurice Sam TV,ten days in a brothel,apqPsNAHwvM,"TEN DAYS IN A BROTHEL - MAURICE SAM, NANCY ISIME, 2025 Latest Nigerian Movie",2025-06-10 17:00:03+00:00,5898215,87495.0,9542.0,2830000,0,0,1,0,0,0,0,482,15.590160490270694,6.1779441140506,2025,0.0148341489755799,0.001617777581861631,0,0,0,0,15.276676251592399,0.31348423867829567
Sonia Uche Tv,played,z2qjhG4iOg8,"PLAYED - SONIA UCHE, TIMINI EGBUSON, CHISOM AGOAWUIKE, LATEST 2025 NIGERIAN MOVIE",2025-06-11 16:01:38+00:00,7351729,86334.0,9551.0,1510000,0,0,0,1,0,1,0,481,15.81044621764253,6.175867270105761,2025,0.011743359963350119,0.0012991501727008707,0,0,0,0,15.567953284283591,0.24249293335893896
ChinneyLoveEze Tv,almost 25,DRHO2huhGPU,ALMOST 25 - UCHE JOMBO / OMECHE OKO / JERRY MUDIAGA,2025-06-12 16:43:06+00:00,2995608,43851.0,8249.0,829000,0,0,0,0,0,0,0,480,14.912658107759299,6.173786103901937,2025,0.014638430662489885,0.002753698080656748,0,0,0,0,14.758640155185626,0.1540179525736729
RuthKadiri247,bond and equity,QHG448K9WIA,BOND AND EQUITY -  BETWEEN TWO HEARTS  #BONDANDEQUITY,2025-06-12 16:58:40+00:00,2904169,34853.0,2978.0,4100000,0,0,0,0,0,0,0,480,14.881658193158332,6.173786103901937,2025,0.012001023356423128,0.0010254224185989177,0,0,0,0,15.143790290861247,-0.26213209770291535
Omoni Oboli TV,the checklist,NCuP28hB9vs,THE CHECKLIST - Nigerian Movies 2025 Latest Full Movies,2025-06-13 16:00:38+00:00,3365367,40973.0,3216.0,2080000,0,0,0,0,0,0,0,479,15.029047876151315,6.171700597410915,2025,0.012174898012609027,0.0009556164305408593,0,0,0,0,14.934407614451366,0.09464026169994888
Uche Nancy tv,not my wish,FMeePOUVauc,"NOT MY WISH - Omeche Oko, Christian Ochiagha, Victory Michael Latest 2025 Nollywood Full Movie",2025-06-15 16:00:14+00:00,2611363,27200.0,1864.0,2360000,0,0,0,0,0,0,0,477,14.775383248152236,6.1675164908883415,2025,0.01041601646343308,0.0007138034811705611,0,0,0,0,13.421198657006304,1.3541845911459323
Sonia Uche Tv,voice in the room,BrNnvaMbd_0,"VOICE IN THE ROOM - SONIA UCHE, KING DAVID, CHISOM AGOAWUIKE, ANTHONY WOODE, LATEST NIGERIAN MOVIE",2025-06-18 16:00:16+00:00,2320080,42688.0,5322.0,1510000,0,0,0,1,0,0,0,474,14.657112656826124,6.161207321695077,2025,0.01839936553911934,0.002293886417709734,0,0,0,0,15.046071836678522,-0.3889591798523977
RuthKadiri247,rich people problem,Nd5GyDRsGQc,RICH PEOPLE PROBLEM -  TIME VALUE OF MONEY AND LOVE #RICHPEOPLEPROBLEM,2025-06-19 16:01:37+00:00,5028124,70740.0,8381.0,4100000,0,0,0,0,0,1,0,473,15.430557709162885,6.159095388491933,2025,0.014068865445641357,0.001666824445856944,0,0,0,0,15.662553403425798,-0.23199569426291333
One And Two Films Tv,heart strings,OsWsVXJgmYM,"HEART STRINGS  - UCHE MONTANA, UZOR AUKWE LATES 2025 NIGERIAN MOVIE",2025-06-20 17:00:30+00:00,1695656,13299.0,837.0,680000,0,0,0,0,1,0,0,472,14.343580834314567,6.156978985585555,2025,0.00784298230301429,0.0004936142708190812,0,0,0,0,14.205932958092344,0.13764787622222308
NollyFamily tv,local beauty,87MQG5-9SoU,"LOCAL BEAUTY - Sandra Okunzuwa, Ray Emodi, Ik Ogbonna 2025 Latest Nollywood Full Movie",2025-06-21 17:00:17+00:00,1417566,15846.0,779.0,1670000,0,0,0,0,0,0,0,471,14.16445257978096,6.154858094016418,2025,0.011178315507002849,0.0005495334961476221,0,0,0,0,13.368674144797154,0.7957784349838057
Uche Nancy tv,my personal investment,K96Cw7d94r0,"MY PERSONAL INVESTMENT - Stan Nze, Chioma Nwosu, Faith Duke Latest 2025 Nollywood Full Movie",2025-06-22 16:01:00+00:00,576604,7407.0,433.0,2360000,0,0,0,0,0,0,0,470,13.26491273567156,6.152732694704104,2025,0.012845904641660482,0.0007509486580044536,0,0,0,0,13.419627965796224,-0.1547152301246637
Uchenna Mbunabo Tv,two cities one heart,G0uR_MRY8_U,"TWO CITIES ONE HEART - UCHE MONTANA, UZEE USMAN, TOLU ASANU LATEST 2025 NIGERIAN MOVIE",2025-06-23 17:00:19+00:00,6138679,54828.0,4311.0,3910000,0,0,0,0,1,0,0,469,15.63012029329766,6.150602768446279,2025,0.008931563289105033,0.0007022683544782192,0,0,0,0,15.808087893693212,-0.1779676003955526
ENYINNA JONAS TV,blind cupid,eZ1n634xGcM,"BLIND CUPID - 2025 LATEST FULL NIGERIAN MOVIE - RAY EMODI, CHINONSO ARUBAYI",2025-06-24 16:00:27+00:00,995519,7727.0,629.0,157000,0,0,0,0,0,0,0,468,13.811020492691409,6.148468295917647,2025,0.0077617805385934375,0.000631831235767474,0,0,0,0,14.20750375402712,-0.3964832613357121
Sonia Uche Tv,wife by barter,hH7Af4z27BU,"WIFE BY BARTER - SONIA UCHE, EBUBE OBIO, 2025 LATEST NIGERIAN MOVIE",2025-06-25 16:01:09+00:00,3131956,40313.0,3632.0,1510000,0,0,0,1,0,0,0,467,14.957168606752097,6.1463292576688975,2025,0.012871509050574145,0.001159658692523139,0,0,0,0,15.044491130065843,-0.08732252331374646
Maurice Sam TV,plus one,l1IyTt49xNI,"PLUS ONE - MAURICE SAM, DESTINY ETIKO, OBY TITUS, BIBI SONYE, 2025 Latest Nigerian Movie",2025-06-25 16:01:24+00:00,5737921,77293.0,8421.0,2830000,0,0,1,0,0,0,0,467,15.562607681844439,6.1463292576688975,2025,0.013470558413055878,0.001467604730005868,0,0,0,0,15.27331735943724,0.289290322407199
RuthKadiri247,unusual prophecy stephen odimgbe ruth kadiri victory oparaugo,1TN4p9kanTo,UNUSUAL PROPHECY- STEPHEN ODIMGBE RUTH KADIRI  VICTORY OPARAUGO,2025-06-26 16:00:45+00:00,1854817,30965.0,2767.0,4100000,0,0,0,0,0,0,0,466,14.43329713600271,6.144185634125646,2025,0.016694369309748616,0.0014917913734885976,0,0,0,0,15.140645415410283,-0.707348279407574
Uche Nancy tv,unforeseen love,ZCO6RGqVHhg,"UNFORESEEN LOVE - Victory Michael, Mercy Isoyip Latest 2025 Nollywood Full Movie",2025-06-29 16:00:17+00:00,669739,7077.0,483.0,2360000,0,0,0,0,0,0,0,463,13.414644856351005,6.137727054086234,2025,0.010566802888886567,0.0007211764582919615,0,0,0,0,13.418033704922603,-0.0033888485715980465
Uchenna Mbunabo Tv,don t judge me,daxLrGQcJJU,"DON'T JUDGE ME - MAURICE SAM, SONIA UCHE, Latest 2025 Nigerian Movie",2025-06-30 17:00:34+00:00,5613904,62706.0,7731.0,3910000,0,0,1,1,0,0,0,462,15.540757113780025,6.135564891081739,2025,0.011169767064060946,0.0013771165306709912,0,1,0,0,15.712774483075654,-0.17201736929562905
Maurice Sam TV,heart and chains,oJmq32s66SA,"HEART AND CHAINS - MAURICE SAM, OSAS IGHODARO, 2025 Latest Nigerian Movie",2025-07-01 17:00:58+00:00,4231490,48661.0,5273.0,2830000,0,0,1,0,0,0,0,461,15.258064971184684,6.133398042996649,2025,0.01149973177296886,0.0012461331587691334,0,0,0,0,15.271943494093843,-0.013878522909159585
NollyFamily tv,drowning in you,H3hnBAGyHcA,"DROWNING IN YOU - Sonia Uche, Stan Nze 2025 Latest Nollywood Full Movie",2025-07-02 17:00:18+00:00,555350,6045.0,467.0,1670000,0,0,0,1,0,0,0,460,13.227355625259891,6.131226489483141,2025,0.010885027460160259,0.0008409111371207346,0,0,0,0,13.510361673676176,-0.28300604841628463
RuthKadiri247,perfect heart timini egbuson chelsea eze prisma james,yeMPSEnvqwk,PERFECT HEART- TIMINI EGBUSON CHELSEA EZE PRISMA JAMES,2025-07-03 16:04:34+00:00,3091554,43124.0,3915.0,4100000,0,0,0,0,0,1,0,459,14.944184758538988,6.129050210060545,2025,0.01394897194097208,0.001266353426141028,0,0,0,0,15.659361280301306,-0.7151765217623183
Ik Ogbonna tv,her shadow,RYW3wV9aM10,"HER SHADOW - RUTH KADRI, IK OGBONNA, EMEM UFOT, ORNELLA OPAH. | NIGERIAN MOVIE 2025",2025-07-04 17:00:42+00:00,1842940,29103.0,2299.0,274000,0,0,0,0,0,0,0,458,14.426873223117287,6.126869184114185,2025,0.01579161557077279,0.001247463292348096,0,0,0,0,13.926014994697054,0.500858228420233
Omoni Oboli TV,more than closure,Bupn6BD72BE,MORE THAN CLOSURE - Nigerian Movies 2025 Latest Full Movies,2025-07-04 18:00:11+00:00,3444536,44332.0,3624.0,2080000,0,0,0,0,0,0,0,458,15.052300055719925,6.126869184114185,2025,0.01287023854591736,0.001052101066732936,0,0,0,0,14.9296445410213,0.12265551469862501
ENYINNA JONAS TV,the last passenger,HS_d2HarQS0,"THE LAST PASSENGER - Nigerian Movies 2025 Latest Full Movies - John Ekanem, Detola Jones",2025-07-05 16:02:40+00:00,1852390,21946.0,2101.0,157000,0,0,0,0,0,0,0,457,14.431987795015065,6.124683390894205,2025,0.01184739714638926,0.0011342103984582081,0,0,0,0,14.20497674805468,0.227011046960385
Uche Nancy tv,torn between rings,xBYxljw56-k,"TORN BETWEEN RINGS - Sonia Uche, Kachi Nnochiri, Emmanuella iloba Latest 2025 Nollywood Full Movie",2025-07-06 16:05:18+00:00,310062,4598.0,388.0,2360000,0,0,0,1,0,0,0,456,12.644530781620213,6.1224928095143865,2025,0.014829292206074913,0.0012513626306996665,0,0,0,0,13.560613403804169,-0.9160826221839553
Uchenna Mbunabo Tv,love beyond words,d_jRvhXNid0,"LOVE BEYOND WORDS - EBUBE NWAGBO, DANIEL ETIM, LINDA OSIFO latest 2025 nigerian movies",2025-07-07 17:00:54+00:00,4097985,47320.0,5829.0,3910000,0,0,0,0,0,0,0,455,15.226006191474513,6.12029741895095,2025,0.011547138410706726,0.0014224063777685864,0,0,0,0,15.096650694712832,0.129355496761681
Maurice Sam TV,a match made in lagos,Q9cwJpOzdSo,"A MATCH MADE IN LAGOS - MAURICE SAM, EGO NWOSU, 2025 Latest Nigerian Movie",2025-07-08 17:00:35+00:00,3951964,54649.0,6044.0,2830000,0,0,1,0,0,0,0,454,15.189723481535374,6.118097198041348,2025,0.013828314225534443,0.0015293661581937488,0,0,0,0,15.27031786949928,-0.08059438796390594
Sonia Uche Tv,arranger,jaIepy76Sig,"ARRANGER - SONIA UCHE, DANIEL ETIM, PRECIOUS AKAEZE, 2025 LATEST NIGERIAN MOVIE",2025-07-09 16:01:20+00:00,5425999,86406.0,10393.0,1510000,0,0,0,1,0,0,0,453,15.506712772201015,6.115892125483034,2025,0.01592444082647269,0.001915407651199346,0,0,0,0,15.041257364165082,0.46545540803593255
Uche Montana TV,star s diary,gc3BXH3ge2o,"STAR'S DIARY - UCHE MONTANA, MICHAEL DAPPA, JOSEPHINE SUNDAY (JOJOOFLELE) Latest 2025 Nigerian Movie",2025-07-09 17:00:54+00:00,6617306,85202.0,7884.0,1940000,0,0,0,0,1,0,0,453,15.705199047565527,6.115892125483034,2025,0.012875632470373896,0.0011914214032115184,0,0,0,0,15.865128147717673,-0.15992910015214612
RuthKadiri247,federal reserve,4PnwEH2gee4,FEDERAL RESERVE - ENERGY FOR ENERGY #federalreserve  EDDIE WATSON QWASI BLAY,2025-07-10 16:03:28+00:00,7324746,121725.0,11646.0,4100000,0,0,0,0,0,0,0,452,15.806769173021765,6.113682179832232,2025,0.01661832369340862,0.001589952743753845,0,0,0,0,15.13740460317649,0.6693645698452748
Emmabel TV,juliet without romeo,aMrAu0rYFFI,JULIET WITHOUT ROMEO - Nigerian Movies 2025 latest full movies,2025-07-13 16:00:01+00:00,1529817,17187.0,1477.0,68400,0,0,0,0,0,0,0,449,14.240659332044634,6.1070228877422545,2025,0.011234677088828271,0.0009654749555012135,0,0,0,0,14.24065933204464,-5.329070518200751e-15
Uche Nancy tv,scatter,AxlffbPSrpY,"SCATTER - Ebube Obi, Stephen Odimgbe, Funny Emma, Angel Ufuoma Latest 2025 Nollywood Full Movie",2025-07-13 16:01:30+00:00,4322061,27832.0,2681.0,2360000,0,0,0,0,0,0,0,449,15.279243161156627,6.1070228877422545,2025,0.006439520404732835,0.0006203059142386005,0,0,0,0,13.41477156821642,1.8644715929402071
Uchenna Mbunabo Tv,a lady before me,pZbHTFNvjOo,"A LADY BEFORE ME - FREDERICK LEONARD, SARIAN MARTIN latest 2025 nigerian movies",2025-07-14 17:01:00+00:00,7254439,67415.0,5250.0,3910000,0,0,0,0,0,0,0,448,15.797124253175161,6.104793232414985,2025,0.009292930852406367,0.0007236948301584727,0,0,0,0,15.095003466273802,0.702120786901359
Maurice Sam TV,above and beyond,vI8SLuhss-s,"ABOVE AND BEYOND - MAURICE SAM, PEARL WATS, BIBI SONYE, 2025 Latest Full Nigerian Movie",2025-07-15 17:01:04+00:00,7025180,92369.0,12211.0,2830000,0,0,1,0,0,0,0,447,15.765011537976724,6.102558594613569,2025,0.013148275204336401,0.0017381761036727884,0,0,0,0,15.268666984468346,0.4963445535083775
RuthKadiri247,credit union,LoePpniYqbU,CREDIT UNION - LOVE LAUGHTER AND  A LOT OF DRAMA,2025-07-17 16:08:29+00:00,1772912,26071.0,2028.0,4100000,0,0,0,0,0,0,0,445,14.38813451447846,6.09807428216624,2025,0.014705185592967953,0.0011438808017544017,0,0,0,0,15.13574635604116,-0.7476118415626996
BOLAJI OGUNMOLA TV,forever with numbered days a love that fought time,Gn37em9v3tw,FOREVER WITH NUMBERED DAYS- A LOVE THAT FOUGHT TIME | NOLLYWOOD MOVIE 2025,2025-07-18 17:00:19+00:00,3987287,57397.0,10412.0,751000,0,0,0,0,0,0,0,444,15.198621858517667,6.095824562432225,2025,0.014395000911647443,0.0026112993621979054,0,0,0,0,14.636618690276471,0.5620031682411959
Omoni Oboli TV,after a night in july,W0p847uOcC0,AFTER A NIGHT IN JULY - Nigerian Movies 2025 Latest Full Movies,2025-07-18 17:00:44+00:00,10278242,125388.0,10979.0,2080000,0,0,0,0,0,0,0,444,16.145539888986875,6.095824562432225,2025,0.012199362497983604,0.0010681787799898077,0,0,0,0,14.926346232942072,1.2191936560448031
NollyFamily tv,my sunrise,cLjmBYGlbzQ,"MY SUNRISE - Clinton Joshua, Sarian Martin, Chioma Nwosu 2025 Latest Nollywood Full Movie",2025-07-19 16:00:59+00:00,5589298,54131.0,3795.0,1670000,0,0,0,0,0,0,0,443,15.536364434763259,6.093569770045136,2025,0.009684758264812503,0.0006789761433367839,0,0,0,0,13.362162621603613,2.1742018131596463
Uchenna Mbunabo Tv,held in his hands,igjXeJVREaQ,"HELD IN HIS HANDS - ONYII ALEX, CHIKE DANIELS latest 2025 nigerian movies",2025-07-19 17:00:50+00:00,1024888,15944.0,1917.0,3910000,0,0,0,0,0,0,0,443,13.840094872007644,6.093569770045136,2025,0.015556821818579201,0.0018704482831294737,0,0,0,0,15.093811039547182,-1.2537161675395385
Uche Nancy tv,until you,PCuiPMc8Fjc,"UNTIL YOU - Toosweet Annan, Shaznay Okawa, Victory Michael Ella Idu Latest 2025 Nollywood Movie",2025-07-20 16:00:41+00:00,663043,7296.0,425.0,2360000,0,0,0,0,0,0,0,442,13.404596631973481,6.091309882077698,2025,0.011003811215863827,0.0006409840689065415,0,0,0,0,13.413102153975741,-0.008505522002259625
Uchenna Mbunabo Tv,forever bound,jj-lrcSzwoA,"FOREVER BOUND  - EBUBE NWAGBO, ONYI ALEX, DANIEL ETIM latest 2025 nigerian movies",2025-07-22 17:00:13+00:00,2236315,25265.0,1992.0,3910000,0,0,0,0,0,0,0,440,14.620340427064347,6.0867747269123065,2025,0.011297603423489087,0.0008907510793425792,0,0,0,0,15.09308910626375,-0.47274867919940355
ENYINNA JONAS TV,too good to be true,RMIGESdOEKU,"TOO GOOD TO BE TRUE - UZOR ARUKWE, BAM BAM | Nigerian Movies 2026 Latest Full Movies",2025-07-23 16:00:31+00:00,7899732,46427.0,4481.0,157000,1,1,0,0,0,0,0,439,15.882339519397748,6.0844994130751715,2025,0.0058770348158646395,0.0005672344327630355,1,0,0,0,14.778573688115774,1.103765831281974
Sonia Uche Tv,a hard place,iorHmzzItk4,"A HARD PLACE - SONIA UCHE, MICHAEL DAPPA, CHISOM AGOAWUIKE, BRYAN OKOYE, 2025 LATEST NIGERIAN MOVIE",2025-07-23 16:01:17+00:00,3158699,40149.0,5114.0,1510000,0,0,0,1,0,0,0,439,14.96567110851296,6.0844994130751715,2025,0.012710612818758609,0.0016190209956694196,0,0,0,0,15.037922073497846,-0.07225096498488526
RuthKadiri247,balance sheet when life becomes a business of profit and loss,pkiJqDNqy0U,BALANCE SHEET-  WHEN LIFE BECOMES A BUSINESS OF PROFIT AND LOSS,2025-07-24 15:59:36+00:00,4194937,67389.0,9020.0,4100000,0,0,0,0,0,0,0,438,15.249389118274822,6.082218910376446,2025,0.0160643652097755,0.0021502110758755137,0,0,0,0,15.13406181623877,0.1153273020360519
Uchenna Mbunabo Tv,karma says,rY92l-9ITx4,"KARMA SAYS - DANIEL ETIM, BAMBAM ADENIBUYAN, GILLS OKEKE latest 2025 nigerian movies",2025-07-24 17:02:20+00:00,3557035,34365.0,4071.0,3910000,0,1,0,0,0,0,0,438,15.084438171767765,6.082218910376446,2025,0.009661136311562861,0.00114449253380976,0,0,0,0,15.346885352235635,-0.26244718046786986
ChinneyLoveEze Tv,mr mrs perfect frederick leonard lota chukwu,1Tz5kEo0ZS8,MR & MRS PERFECT- FREDERICK LEONARD/ LOTA  CHUKWU - Lastest Nollywood movie 2025,2025-07-24 17:21:21+00:00,1092574,10184.0,1223.0,829000,0,0,0,0,0,0,0,438,13.90404785348117,6.082218910376446,2025,0.00932110776935933,0.0011193749805505165,0,0,0,0,14.748911680563149,-0.8448638270819782
EKENE UMENWA TV,mend my soul,TKARVtkNvO0,"MEND MY SOUL (2025) – Ekene Umenwa, Destiny Etiko | Latest Nigerian Nollywood Drama Movie",2025-07-25 15:00:52+00:00,1595962,20911.0,2334.0,939000,0,0,0,0,0,0,0,437,14.28298787376577,6.07993319509559,2025,0.013102442288726172,0.0014624408350574763,0,0,0,0,14.184166250291726,0.09882162347404311
NollyFamily tv,no entry,N38_zmx-ym8,"NO ENTRY - Deza the Great, Chinenye Nnebe, Chioma Nwosu 2025 Latest Nollywood Full Movie",2025-07-26 16:16:01+00:00,1342788,15244.0,1089.0,1670000,0,0,0,0,0,0,0,436,14.110259352216513,6.077642243349034,2025,0.011352499426566218,0.0008109992046398985,0,0,0,0,13.3604704157677,0.7497889364488124
Uchenna Mbunabo Tv,it takes two,FGD6mBQCMxY,"IT TAKES TWO - DERA OSADEBE, PETER KOMBA, RUTHWEALTH SUOWARI LATEST 2025 NIGERIAN MOVIES",2025-07-28 17:00:52+00:00,1975229,22769.0,1760.0,3910000,0,0,0,0,0,0,0,434,14.496195405233124,6.073044534100405,2025,0.011527271015158243,0.0008910359254547195,0,0,0,0,15.091630354202128,-0.5954349489690038
RuthKadiri247,insurance company at what point do you draw the line,QMC5jxesDSw,INSURANCE COMPANY-  AT WHAT POINT DO YOU DRAW THE LINE ,2025-07-31 16:04:42+00:00,1230304,19623.0,1826.0,4100000,0,0,0,0,0,0,0,431,14.022772664089421,6.066108090103747,2025,0.01594971649283429,0.0014841860223164356,0,0,0,0,15.132350136540662,-1.1095774724512406
Maurice Sam TV,obianuju,572vxSyu-yk,"OBIANUJU - MAURICE SAM, ONYII ALEX, 2025 Latest Nigerian Movie",2025-07-31 17:30:11+00:00,3476696,45718.0,5047.0,2830000,0,0,1,0,0,0,0,431,15.061593263103,6.066108090103747,2025,0.01314984111351697,0.0014516656043553995,0,0,0,0,15.264794333200493,-0.203201070097494
Omoni Oboli TV,drive me to love,go7D8Egeyu0,DRIVE ME TO LOVE - Nigerian Movies 2025 Latest Full Movies,2025-08-01 16:01:22+00:00,5394738,66946.0,6389.0,2080000,0,0,0,0,0,0,0,430,15.500934777376216,6.063785208687608,2025,0.012409499775522,0.0011843021848327018,0,0,0,0,14.922942240444057,0.5779925369321592
BOLAJI OGUNMOLA TV,two sides of a coin inem king bolaji ogunmola kamo state lizzyjay felix omokhodion,1o0t-68TAPY,"TWO SIDES OF A COIN- INEM KING, BOLAJI OGUNMOLA, KAMO STATE, LIZZYJAY, FELIX OMOKHODION(2025 MOVIE)",2025-08-03 15:00:02+00:00,2279420,25435.0,1894.0,751000,0,0,0,0,0,0,0,428,14.639432021312109,6.059123195581797,2025,0.011158540330434934,0.0008309131270235411,0,0,0,0,14.63271938636349,0.006712634948618401
Uche Nancy tv,my fighters,ntr2opf1cHM,"MY FIGHTERS - Sonia Uche, Stephen Odimgbe, Angel Ufuoma, Chikamnso Latest 2025 Nollywood Full Movie",2025-08-03 15:01:23+00:00,424674,5910.0,413.0,2360000,0,0,0,1,0,0,0,428,12.959079449487511,6.059123195581797,2025,0.013916557170912277,0.0009725106787794874,0,0,0,0,13.553880755819193,-0.5948013063316822
Uche Montana TV,hustle code,H-lPtmCQz7o,"HUSTLE CODE - UCHE MONTANA, CHINENYE NNEBE, PHYNA OTABOR, Latest 2025 Nigerian Movie",2025-08-04 17:00:18+00:00,13424545,165737.0,12108.0,1940000,0,0,0,0,1,0,0,427,16.412595380282724,6.056784013228625,2025,0.01234581879683818,0.0009019300095459474,0,0,0,0,15.858848259169058,0.5537471211136662
Uchenna Mbunabo Tv,to be better or bitter,TGUUhtYFt-Y,"TO BE BETTER OR BITTER - MAURICE SAM, SONIA UCHE, PAMELA OKOYE latest 2025 nigerian movies",2025-08-04 17:30:12+00:00,8161259,97168.0,14431.0,3910000,0,0,1,1,0,0,0,427,15.914909126784726,6.056784013228625,2025,0.011906006168901147,0.0017682320828195748,0,1,0,0,15.70440447913186,0.2105046476528667
NOLLYWOOD+,night hustlers,Q0zCPzCrFHY,"NIGHT HUSTLERS - Bimbo Ademoye, Sandra Okunzuwa, Timini Egbuson | 2025 Nigerian Love Movie",2025-08-05 17:00:26+00:00,966165,4700.0,154.0,127000,0,0,0,0,0,1,1,426,13.781090941081501,6.054439346269371,2025,0.004864593521810457,0.00015939306433166177,0,0,0,1,11.92506279234714,1.856028148734362
NollyFamily tv,crown of valor,mrW9I9bV9yk,"CROWN OF VALOR - Daniel Etim Effiong, Sarian Martin, Thelma Chukwu 2025 Latest Nollywood Full Movie",2025-08-09 16:00:38+00:00,2526887,25982.0,1791.0,1670000,0,0,0,0,0,0,0,422,14.742499064058473,6.045005314036012,2025,0.010282216814602315,0.0007087772425122294,0,0,0,0,13.357002934387605,1.3854961296708677
RuthKadiri247,the man who said no,kWbaeUhxk7Y,THE MAN WHO SAID NO,2025-08-09 16:09:08+00:00,1848662,21409.0,2893.0,4100000,0,0,0,0,0,0,0,422,14.429973233076316,6.045005314036012,2025,0.011580808173695353,0.0015649155984165846,0,0,0,0,15.130108090961516,-0.7001348578851996
Uche Nancy tv,bonds and break,GKuuKPbL89M,"BONDS AND BREAK - Maurice Sam, Sonia Uche, Chinenye Nnebe Latest 2025 Nollywood Full Movie",2025-08-10 17:00:43+00:00,1888899,14857.0,1028.0,2360000,0,0,1,1,0,0,0,421,14.451505207019911,6.042632833682381,2025,0.007865428485059285,0.0005442323808737259,0,1,0,0,14.022432213916478,0.42907299310343383
Uchenna Mbunabo Tv,accidentally us,N_E3g8vzDZw,"ACCIDENTALLY US - CLINTON JOSHUA, OMECHE OKO, SANDRA OSEI-NTI latest 2025 nigerian movies",2025-08-11 18:00:21+00:00,11849715,129324.0,8839.0,3910000,0,0,0,0,0,0,0,420,16.287814459013493,6.040254711277414,2025,0.010913680202435248,0.000745925112966852,0,0,0,0,15.08814662878774,1.1996678302257529
Maurice Sam TV,if we perish,1kMn8EZCmXM,"IF WE PERISH - MAURICE SAM, SARIAN MARTIN, 2025 FULL NIGERIAN MOVIE",2025-08-12 17:00:02+00:00,7140837,81252.0,8148.0,2830000,0,0,1,0,0,0,0,419,15.781340694375585,6.037870919922137,2025,0.01137849806682326,0.0011410427096991572,0,0,0,0,15.261794300296287,0.5195463940792973
Sonia Uche Tv,half of me,j5jrypHk7hk,"HALF OF ME - SONIA UCHE, TIMINI EGBUSON, PRINCE JAY 2025 LATEST NIGERIAN MOVIE",2025-08-13 16:01:17+00:00,5254830,73093.0,6135.0,1510000,0,0,0,1,0,1,0,418,15.474658401928286,6.035481432524756,2025,0.013909679285533499,0.0011674973310268838,0,0,0,0,15.553038116463343,-0.07837971453505688
Ik Ogbonna tv,settlement nkem owoh ik ogbonna modola osifuwa mc mbakara,zac_5hFjIIc,"SETTLEMENT- Nkem Owoh, Ik Ogbonna, Modola Osifuwa, Mc Mbakara  -Nigerian movie 2025 ",2025-08-15 15:01:48+00:00,3173725,35479.0,4806.0,274000,0,0,0,0,0,0,0,416,14.970416849940136,6.030685260261263,2025,0.01117897738461902,0.0015143088956982725,0,0,0,0,13.915796019687921,1.0546208302522153
Uche Nancy tv,love of my youth,2fbI9GOhhWE,"LOVE OF MY YOUTH - Bryan Okwara, Chisom Agoawuike, Ovunda Ihunwo Latest 2025 Nollywood Full Movie",2025-08-17 15:00:46+00:00,704919,8253.0,424.0,2360000,0,0,0,0,0,0,0,414,13.465839600178306,6.025865973825314,2025,0.011707728121954437,0.0006014875467961567,0,0,0,0,13.406149124445008,0.05969047573329789
Uchenna Mbunabo Tv,off balance,ZnbK1CFugoA,"OFF BALANCE - NADIA BUARI, SONIA UCHE, PRINCE NWAFOR latest 2025 nigerian movie",2025-08-18 17:00:24+00:00,7536860,101815.0,13778.0,3910000,0,0,0,1,0,0,0,413,15.835316340304477,6.023447592961033,2025,0.013508941389384969,0.0018280822517600167,0,0,0,0,15.23055921910434,0.6047571212001372
BOLAJI OGUNMOLA TV,clout,PQJ49FGa3CQ,"CLOUT (This couple planned an entire kidnap just to go viral!!)-BOLAJI OGUNMOLA, FEMI JACOBS",2025-08-19 16:00:41+00:00,1463870,19918.0,1827.0,751000,0,0,0,0,0,0,0,412,14.196594854866962,6.021023349349527,2025,0.013606399475363249,0.0012480616448181873,0,0,0,0,14.628671502258713,-0.4320766473917512
Maurice Sam TV,if we meet again,jCQ8oqYAwG4,"IF WE MEET AGAIN - MAURICE SAM, SOPHIE ALAKIJA, 2025 LATEST FULL NIGERIAN MOVIE",2025-08-19 17:01:02+00:00,7381797,94094.0,13672.0,2830000,0,0,1,0,0,0,0,412,15.81452779833965,6.021023349349527,2025,0.012746760714227173,0.0018521235411919348,0,0,0,0,15.26000434522116,0.5545234531184899
Movie City HQ,baddie supreme,S7jY1LiOREw,"BADDIE SUPREME(New Movie) Ik Ogbonna, Lilian Afegbai, Obichi Marshal, Eddy Oboh,Dera Helen #trending",2025-08-20 16:00:46+00:00,1352472,13103.0,974.0,884000,0,0,0,0,0,0,0,411,14.117445326472087,6.018593214496234,2025,0.009688185781295287,0.0007201627834069762,0,0,0,0,14.117445326472097,-1.0658141036401503e-14
RuthKadiri247,land of dreams,UnmhUohdG_4,LAND OF DREAMS - EVERY DECISION HAS A PRICE RUTH KADIRI TOOSWEET ANANN DEZA THE GREAT ,2025-08-21 16:00:26+00:00,3294931,46675.0,5548.0,4100000,0,0,0,0,0,0,0,410,15.007896088376505,6.016157159698354,2025,0.014165698765770816,0.0016837985378146006,0,0,0,0,15.12704314459182,-0.11914705621531496
Omoni Oboli TV,and then came grace,TsjO1Lnq320,AND THEN CAME GRACE - Nigerian Movies 2025 Latest Full Movies,2025-08-22 17:00:44+00:00,3671373,54774.0,5781.0,2080000,0,0,0,0,0,0,0,409,15.116076536886437,6.013715156042802,2025,0.014919214146860043,0.001574615273359585,0,0,0,0,14.917622592459374,0.19845394442706343
Uchenna Mbunabo Tv,for you i will,E_HXlMSgfcM,"FOR YOU I WILL - MIWA OLORUNFEMI, CHIKE DANIELS, NANA BOAMAH Latest 2025 nigerian movies",2025-08-23 17:00:15+00:00,2038262,22316.0,2459.0,3910000,0,0,0,0,0,0,0,408,14.527608532525178,6.0112671744041615,2025,0.010948543415910221,0.0012064199793745847,0,0,0,0,15.085066873845147,-0.5574583413199683
NollyFamily tv,crossfire,4f5mrYGw1i0,"CROSSFIRE - Lizzy Gold Onuwaje, Ebube Obi, Elochukwu Godwin 2025 Latest Nollywood Full Movie",2025-08-24 17:01:13+00:00,877891,9051.0,586.0,1670000,0,0,0,0,0,0,0,407,13.685278858217579,6.008813185442595,2025,0.01030993597155,0.0006675088365184288,0,0,0,0,13.353157734038023,0.3321211241795563
Uchenna Mbunabo Tv,a crown for two,wjl9ANU4CMM,"A CROWN FOR TWO -  CLINTON JOSHUA, CHINENYE NNEBE, OMECHE OKO latest 2025 nigerian movies",2025-08-25 17:57:54+00:00,9164672,104483.0,11225.0,3910000,0,0,0,0,0,0,0,406,16.030866759405022,6.0063531596017325,2025,0.011400626230813279,0.0012248119736309167,0,0,0,0,15.084544788735194,0.9463219706698283
NewNollywood247,barbecue girlfriend,IjGXyjyDYZ4,"Barbecue Girlfriend - Maurice Sam, Sonia Uche, Frances Ben (Latest Nollywood Movie 2025)",2025-08-26 16:00:30+00:00,264367,2050.0,108.0,250000,0,0,1,1,0,0,0,405,12.485097350890772,6.003887067106539,2025,0.0077543717634954434,0.0004085230002231746,0,1,0,0,11.896013137564044,0.5890842133267284
Maurice Sam TV,thug love,VpaOmZZYy3c,"THUG LOVE  - MAURICE SAM, NADIA BUARI, 2025 LATEST FULL NIGERIAN MOVIE",2025-08-26 17:07:46+00:00,6974329,95241.0,11403.0,2830000,0,0,1,0,0,0,0,405,15.75774682371023,6.003887067106539,2025,0.013655937366877875,0.0016349959974644155,0,0,0,0,15.2581837162327,0.4995631074775293
ChinneyLoveEze Tv,27 letters to you,cp235SmYc4w,27 LETTERS TO YOU - Timini Egbuson / Ego nwosu ,2025-08-26 18:56:58+00:00,8657155,66979.0,3082.0,829000,0,0,0,0,0,1,0,405,15.973896820134893,6.003887067106539,2025,0.0077368373328189225,0.00035600610131157406,0,0,0,0,15.260913298388228,0.7129835217466649
Sonia Uche Tv,my house help,OBd4-buCJkA,"MY HOUSE HELP - SONIA UCHE, BRYAN OKWARA, EBERE OKARO, 2025 LATEST NIGERIAN MOVIE",2025-08-27 16:00:43+00:00,8994494,109737.0,11454.0,1510000,0,0,0,1,0,0,0,404,16.012123281489455,6.0014148779611505,2025,0.0122004639727371,0.001273445732466996,0,0,0,0,15.029094831335486,0.9830284501539683
Uchenna Mbunabo Tv,wear my shoes,OknEeG0Y5f4,"WEAR MY SHOES - NADIA BUARI, ANTHONY MONJARO, PRINCESS UMEH UBAKA latest 2025 nigerian movie",2025-08-29 17:10:49+00:00,1139571,15169.0,1771.0,3910000,0,0,0,0,0,0,0,402,13.946163311279472,5.996452088619021,2025,0.013311149546627635,0.001554093601890536,0,0,0,0,15.083492858299389,-1.1373295470199167
Omoni Oboli TV,chess,nPpy24gr12M,CHESS - Nigerian Movies 2025 Latest Full Movies,2025-08-30 17:01:05+00:00,7967387,84496.0,5689.0,2080000,0,0,0,0,0,0,0,401,15.89086726806783,5.993961427306569,2025,0.010605233560262606,0.0007140358564231912,0,0,0,0,14.915523875208022,0.9753433928598074
Nolly MovieRoom,crazy detective,nHnM6NhWRe4,"CRAZY DETECTIVE - LIZZYGOLD ONUWAJE, KENNEDY SAMARIO, MANDY EZE, 2025 latest Nigerian movie ",2025-08-30 18:19:51+00:00,1035114,11318.0,1226.0,324000,0,0,0,0,0,0,0,401,13.850023089620334,5.993961427306569,2025,0.010934061369085916,0.0011844106059815634,0,0,0,0,13.944146851120795,-0.09412376150046065
Uche Nancy tv,beyond the scar,qwX2IPKcxmo,"BEYOND THE SCAR - Angel Unigwe, Victory Michael, Sandra Ifudu Latest 2025 Nollywood Full Movie",2025-08-31 15:08:07+00:00,1000466,11908.0,868.0,2360000,0,0,0,0,0,0,0,400,13.815977448953712,5.991464547107982,2025,0.011902453456689183,0.0008675957004036119,0,0,0,0,13.402494175615509,0.413483273338203
Uchenna Mbunabo Tv,a year with olivia,k91_RdkO22s,"A YEAR WITH OLIVIA - UCHE MONTANA, CHIKE DANIELS latest 2025 nigerian movies",2025-09-01 17:01:36+00:00,6371578,66063.0,4049.0,3910000,0,0,0,0,1,0,0,399,15.667357877521741,5.988961416889864,2025,0.010368389118048936,0.0006354783697225397,0,0,0,0,15.790914452791348,-0.12355657526960684
Maurice Sam TV,never say goodbye,BQIkLblxai0,"NEVER SAY GOODBYE - MAURICE SAM, MARTHA EHINOME, 2025 LATEST FULL NIGERIAN MOVIE",2025-09-02 17:02:17+00:00,4973696,57343.0,5627.0,2830000,0,0,1,0,0,0,0,398,15.419673984722795,5.986452005284438,2025,0.011529253094680496,0.001131351815631675,0,0,0,0,15.25633134367494,0.1633426410478549
Uche Nancy tv,grace beyond chains,nDU7CLLoV9U,"GRACE BEYOND CHAINS - Sonia Uche, Faith Duke, Kenneth Nwadike Latest 2025 Nollywood Full Movie",2025-09-03 16:02:03+00:00,387104,5520.0,364.0,2360000,0,0,0,1,0,0,0,397,12.86645125304135,5.983936280687191,2025,0.014259733818302058,0.0009403157807720922,0,0,0,0,13.545892589257214,-0.6794413362158647
RuthKadiri247,vaulted heart osas ighodaro qwasi blay oby titus,w1FFL3J_Pbw,VAULTED HEART- OSAS IGHODARO QWASI BLAY  OBY TITUS,2025-09-04 16:00:22+00:00,1863150,32304.0,3550.0,4100000,0,0,0,0,0,0,0,396,14.437779698365743,5.981414211254481,2025,0.017338378552451492,0.001905375305262593,0,0,0,0,15.123351911091776,-0.6855722127260329
BOLAJI OGUNMOLA TV,bloodline,9MxoJGNsIBc,BLOODLINE – Nollywood Movie 2025 | A Family Secret That Shattered Everything.,2025-09-05 15:00:27+00:00,1342511,19192.0,2441.0,751000,0,0,0,0,0,0,0,395,14.110053043872695,5.978885764901122,2025,0.01429559981258999,0.001818234636438733,0,0,0,0,14.624194632266573,-0.514141588393878
Omoni Oboli TV,then i found you,EZUpuj_crko,THEN I FOUND YOU - Nigerian Movies 2025 Latest Full Movies,2025-09-05 19:58:24+00:00,2453113,38790.0,5927.0,2080000,0,0,0,0,0,0,0,395,14.712868795866424,5.978885764901122,2025,0.015812561427052077,0.002416113729779264,0,0,0,0,14.913922174932173,-0.20105337906574938
NollyFamily tv,a lover s heart,BZTWl4umGoI,"A LOVER'S HEART - Frederick Leonard, Nadia Buari, Emeka Darlington 2025 Latest Nollywood Full Movie",2025-09-06 16:00:16+00:00,2002311,18947.0,1906.0,1670000,0,0,0,0,0,0,0,394,14.509813070870708,5.976350909297934,2025,0.009462566004981245,0.0009519000794581861,0,0,0,0,13.349708808527673,1.1601042623430349
Uche Nancy tv,tender deeds,3-9e1FDYAAQ,"TENDER DEEDS - OMECHE OKO, VICTORY MICHAEL, CHERRY AGBA 2025 Latest Nollywood Full Movie",2025-09-07 16:01:07+00:00,950978,10558.0,573.0,2360000,0,0,0,0,0,0,0,393,13.765247259264788,5.973809611869261,2025,0.011102254731444891,0.0006025375981358139,0,0,0,0,13.40061844280315,0.3646288164616376
SANDRA OKUNZUWA TV,falling for you,5pT1ZZ1tEW8,"FALLING FOR YOU - FULL NEW LATEST 2025 NIGERIAN MOVIE  - SANDRA OKUNZUWA, BIMBO ADEMOYE, SAGA ADEOLU",2025-09-07 17:00:12+00:00,4065935,44143.0,2248.0,1160000,0,0,0,0,0,0,1,393,15.218154532761258,5.973809611869261,2025,0.010856789397764598,0.0005528863594720525,0,0,0,0,15.536499787556323,-0.3183452547950658
Sonia Uche Tv,undeserving,iDYW58pRoLM,"UNDESERVING - SONIA UCHE, DANIEL ETIM, CHISOM AGOAWUIKE, 2025 LATEST NIGERIAN MOVIE",2025-09-10 16:01:12+00:00,4375666,56875.0,8231.0,1510000,0,0,0,1,0,0,0,390,15.2915695232963,5.966146739123692,2025,0.012998021329781569,0.001881085073677927,0,0,0,0,15.025347799451556,0.26622172384474396
ENYINNA JONAS TV,taken by love,T3xtIpqqELM,"TAKEN BY LOVE - Nigerian movies 2025 Latest Full movies - CHINENYE NNEBE, VICTORY MICHAEL",2025-09-10 16:05:00+00:00,975677,9295.0,810.0,157000,0,0,0,0,0,0,0,390,13.790887892927515,5.966146739123692,2025,0.009526718370936283,0.00083019277896271,0,0,0,0,14.18813316320622,-0.39724527027870593
Uche Montana TV,six months of grace,gEnNCQf6N9Q,"SIX MONTHS OF GRACE - UCHE MONTANA, DEYEMI OKANLAWON, Latest 2025 Nigerian Movie",2025-09-10 17:00:56+00:00,4551349,59233.0,7612.0,1940000,0,0,0,0,1,0,0,390,15.330934450216118,5.966146739123692,2025,0.013014383208143344,0.0016724711728324942,0,0,0,0,15.849218583004145,-0.5182841327880272
RuthKadiri247,love bank,vajWy6cUQ4s,"LOVE BANK - RUTH KADIRI, VAN VICKER, IFEYINWA OKOCHA",2025-09-11 16:00:44+00:00,3472693,51111.0,5314.0,4100000,0,0,0,0,0,0,0,389,15.060441219580701,5.963579343618446,2025,0.014717972478419486,0.0015302245260378617,0,0,0,0,15.12145706152271,-0.06101584194200882
Omoni Oboli TV,where forever begins,7CU5fI-xbtc,WHERE FOREVER BEGINS - Nigerian Movies 2025 Latest Full Movies,2025-09-12 17:38:29+00:00,3210257,38753.0,2820.0,2080000,0,0,0,0,0,1,0,388,14.98186186570817,5.961005339623274,2025,0.012071619188121076,0.000878434343418611,0,0,0,0,15.432346399623158,-0.4504845339149881
EKENE UMENWA TV,pathway of mercy,Y074fczoVbA,"Pathway of Mercy (2025) – Ekene Umenwa, Stephen Odemgbe, Ebele Okaro | Latest Nollywood Movie",2025-09-13 16:00:28+00:00,1682166,22588.0,3844.0,939000,0,0,0,0,0,0,0,387,14.33559340115006,5.958424693029782,2025,0.013427925662508932,0.002285149028098297,0,0,0,0,14.171256688108482,0.16433671304157826
Nolly MovieRoom,the reincarnation,SxmlZfbdwLQ,"THE REINCARNATION - QUEENETH HILBERT, MALEEK MILTON, STANLEY IGBOANUGO, Latest 2025 Nigerian movie",2025-09-13 17:12:28+00:00,451801,4755.0,612.0,324000,0,0,0,0,0,0,0,387,13.020999309743736,5.958424693029782,2025,0.01052454509839509,0.0013545786751246677,0,0,0,0,13.940371282554514,-0.9193719728107776
Uche Nancy tv,love trap,2wl1pnuoPrw,"LOVE TRAP - VICTORY MICHAEL, FAITH DUKE, PRINCE UGO 2025 Latest Nollywood Full Movie",2025-09-14 16:00:08+00:00,376404,4453.0,272.0,2360000,0,0,0,0,0,0,0,386,12.838420970345835,5.955837369464831,2025,0.011830373747356564,0.0007226278147947419,0,0,0,0,13.398708997974618,-0.5602880276287827
Uchenna Mbunabo Tv,no vacancy,n0MFXx8y3zo,"NO VACANCY - LATEEF ADEDIMEJI, ONYI ALEX latest 2025 nigerian movies",2025-09-15 18:12:57+00:00,3484521,40220.0,4466.0,3910000,0,0,0,0,0,0,0,385,15.063841433515625,5.953243334287785,2025,0.011542475995983379,0.0012816682694694623,0,0,0,0,15.078902182820585,-0.015060749304959486
Maurice Sam TV,love on the street,KgmFDZskEi4,"LOVE ON THE STREET - MAURICE SAM, TENIOLA ALADESE, 2025 FULL NIGERIAN MOVIE",2025-09-16 17:00:34+00:00,3011154,37777.0,5491.0,2830000,0,0,1,0,0,0,0,384,14.917834284053242,5.950642552587727,2025,0.012545688463625573,0.001823553361933664,0,0,0,0,15.252526800383922,-0.33469251633068
Sonia Uche Tv,recipe for trouble,z23V34_G3aI,"RECIPE FOR TROUBLE - SONIA UCHE, DEZA THE GREAT, 2025 LATEST NIGERIAN MOVIE",2025-09-17 16:01:54+00:00,6975317,82243.0,7346.0,1510000,0,0,0,1,0,0,0,383,15.757888476030297,5.948034989180646,2025,0.011790575252708945,0.0010531421009253056,0,0,0,0,15.02342353276929,0.734464943261008
EKENE UMENWA TV,pathway of mercy 2,4edBDq1Ir98,"Pathway of Mercy 2 (2025) – Ekene Umenwa, Stephen Odimgbe, Ebele Okaro | Latest Nollywood Movie",2025-09-18 08:00:07+00:00,1234406,21353.0,3971.0,939000,0,0,0,0,0,0,0,382,14.026101250786235,5.945420608606575,2025,0.01729819848574942,0.0032169318684452278,0,0,0,0,14.169875080783536,-0.1437738299973006
RuthKadiri247,across the border,lY8a56iCFHY,"ACROSS THE BORDER - DEZA THE GREAT, SARIAN MARTIN (LATEST NOLLYWOOD MOVIE 2025)",2025-09-18 16:25:34+00:00,4477475,62256.0,4100.0,4100000,0,0,0,0,0,0,0,382,15.314570052768635,5.945420608606575,2025,0.013904265238778553,0.0009156946716620416,0,0,0,0,15.119527802953808,0.19504224981482743
Bimbo Ademoye TV,ruse 2 comedy,31IK5OW6Vds,"RUSE 2 , LATEST COMEDY 2025. BIMBOADEMOYE, KUNLE REMI,ANTHONY WOODE",2025-09-19 17:00:05+00:00,4998532,64792.0,5526.0,1840000,0,0,0,0,0,0,0,381,15.424655027348173,5.942799375126701,2025,0.012962205703594576,0.0011055245820172804,0,0,0,0,14.909269067187815,0.5153859601603585
Omoni Oboli TV,short and sweet,uPPsYyoenQY,SHORT AND SWEET - Nigerian Movies 2025 Latest Full Movies,2025-09-19 17:01:30+00:00,6159084,72316.0,11152.0,2080000,0,0,0,0,0,0,0,381,15.63343878551566,5.942799375126701,2025,0.011741356344547338,0.0018106588577132573,0,0,0,0,14.910088208708894,0.7233505768067658
Uche Nancy tv,a taste of desire,h-vkYXafBMk,"A TASTE OF DESIRE - SONIA UCHE, MAURICE SAM, CHINENYE NNEBE 2025 Latest Nollywood Full Movie",2025-09-21 16:33:32+00:00,1205320,12605.0,862.0,2360000,0,0,1,1,0,0,0,379,14.002256479472859,5.937536205082426,2025,0.010457803736767,0.000715162778349318,0,1,0,0,14.011266316558732,-0.009009837085873329
Uchenna Mbunabo Tv,a knock at life,cSVYSaPptXE,"A KNOCK AT LIFE - CLINTON JOSHUA, OMECHE OKO, CHIOMA EDAK latest 2025 nigerian movie",2025-09-22 18:29:22+00:00,6281630,73297.0,8703.0,3910000,0,0,0,0,0,0,0,378,15.653140218100496,5.934894195619588,2025,0.011668468216052203,0.0013854684214129136,0,0,0,0,15.076952694985424,0.5761875231150722
Maurice Sam TV,eligible bachelors,rQF3r7rBie4,"ELIGIBLE BACHELORS - MAURICE SAM, VAN VICKER, OKAWA SHAZNAY, 2025 LATEST FULL NIGERIAN MOVIE",2025-09-23 17:00:45+00:00,4752607,60306.0,7044.0,2830000,0,0,1,0,0,0,0,377,15.374204077968157,5.932245187448011,2025,0.012689035722920072,0.0014821339109250987,0,0,0,0,15.250572188770406,0.12363188919775148
Sonia Uche Tv,bridge between us,Mlfn-_FzMLk,"BRIDGE BETWEEN US - SONIA UCHE, CHINENYE NNEBE, BRYAN OKWARA,  2025 LATEST NIGERIAN MOVIE",2025-09-24 16:00:42+00:00,3020198,48966.0,4731.0,1510000,0,0,0,1,0,0,0,376,14.92083328121987,5.929589143389895,2025,0.01621284432345164,0.0015664535901288592,0,0,0,0,15.02146377037234,-0.1006304891524703
ChinneyLoveEze Tv,love beyond the charm,xv7BDq29PYU,LOVE BEYOND THE CHARM - Timini Egbuson / Michelle ogbu ,2025-09-26 16:04:02+00:00,3851910,30713.0,2180.0,829000,0,0,0,0,0,1,0,374,15.16407994675265,5.924255797414532,2025,0.007973446939310628,0.0005659529947480601,0,0,0,0,15.252452945323693,-0.08837299857104242
Uduak Isong TV,watch daniel etim effiong pretend to be a daddy in this,19l5PvX9_dA,Watch Daniel Etim Effiong pretend to be a Daddy in this Nigerian movie - Jay's Dad Rereleased,2025-09-28 13:57:55+00:00,664424,6675.0,374.0,814000,0,0,0,0,0,0,0,372,13.406677283948342,5.918893854273146,2025,0.010046295738865544,0.0005628935739828784,0,0,0,0,14.180177550405276,-0.7735002664569333
Uche Nancy tv,till debt do us part,heHe_fOnSXc,"TILL DEBT DO US PART - FAITH DUKE, CHRISTIAN OCHIAGHA, CHIOMA NWOSU 2025 Latest Nollywood Full Movie",2025-09-28 16:00:34+00:00,366493,3725.0,172.0,2360000,0,0,0,0,0,0,0,372,12.811737429097073,5.918893854273146,2025,0.01016390490405001,0.0004693131928849937,0,0,0,0,13.39478396722758,-0.5830465381305068
ENYINNA JONAS TV,chasing forever,HwgqJeVuGHA,"CHASING FOREVER - Nigerian Movies 2025 Latest Full Movies - JOHN EKANEM, DETOLA JONES",2025-10-01 17:00:19+00:00,1661205,11368.0,772.0,157000,0,0,0,0,0,0,0,369,14.323054402579071,5.910796644040527,2025,0.006843225249141436,0.00046472289693325026,0,0,0,0,14.182252541832602,0.1408018607464694
RuthKadiri247,time traveller,UyHIJ8xUk94,TIME TRAVELLER -  RUTH KADIRI MAURICE SAM ROXY ANTAK      ( RUTHKADIRI 247 MOVIE),2025-10-02 16:01:29+00:00,3282979,51226.0,5550.0,4100000,0,0,1,0,0,0,0,368,15.004262104476139,5.908082938168931,2025,0.015603511323100148,0.0016905377707259169,0,0,0,0,15.585864357391252,-0.581602252915113
Omoni Oboli TV,in the name of love,ZwkBfhNg3_8,IN THE NAME OF LOVE - Nigerian Movies 2025 Latest Full Movies,2025-10-03 17:03:07+00:00,3348725,37557.0,3420.0,2080000,0,0,0,0,0,0,0,367,15.02409053296197,5.905361848054571,2025,0.011215313290879365,0.0010212842201136254,0,0,0,0,14.906110692111227,0.11797984085074376
NollyFamily tv,my safe space,ELTLM3sWmbU,"MY SAFE SPACE - Chinenye Nnebe, Taye Arimoro, Chioma Nwosu 2025 Latest Nollywood Full Movie",2025-10-04 16:00:24+00:00,811576,9098.0,447.0,1670000,0,0,0,0,0,0,0,366,13.606734547448944,5.902633333401366,2025,0.01121028714501168,0.0005507802103561465,0,0,0,0,13.341876750574071,0.2648577968748729
Uche Montana TV,fight or flight online,Gbd_cghF3os,"FIGHT OR FLIGHT ONLINE  - UCHE MONTANA, SAMUEL PERRY (BRODA SHAGGI), Latest 2025 Nigerian Movie",2025-10-04 17:00:18+00:00,7951510,88046.0,9212.0,1940000,0,0,0,0,1,0,0,366,15.888872531463933,5.902633333401366,2025,0.011072865405438715,0.0011585220920303188,0,0,0,0,15.842470657989006,0.04640187347492741
Uche Nancy tv,heart on duty,Ow51kRB0jsk,"HEART ON DUTY - SONIA UCHE, TOOSWEET ANNAN, VICTORY MICHAEL 2025 Latest Nollywood Full Movie",2025-10-05 16:01:10+00:00,232601,3334.0,286.0,2360000,0,0,0,1,0,0,0,365,12.357084117482014,5.8998973535824915,2025,0.014333558325200665,0.0012295733896242923,0,0,0,0,13.536963948570957,-1.1798798310889431
Uchenna Mbunabo Tv,lady in red,BkdX34V2cro,"LADY IN RED - EBUBE NWAGBO, CHIKE DANIELS, EBUBE OBIO latest 2025 nigerian movies",2025-10-06 17:00:19+00:00,2735445,31402.0,2228.0,3910000,0,0,0,0,0,0,0,364,14.82180505184153,5.8971538676367405,2025,0.011479667841978179,0.0008144927059399842,0,0,0,0,15.072943007575676,-0.251137955734146
NollyClips,this thing called love,0e7B7OoW_g8,THIS THING CALLED LOVE - BEST OF UCHE MONTANA &  ESO DIKE MOVIES - 2025 NOLLYWOOD NIGERIAN MOVIE,2025-10-06 17:11:05+00:00,816154,4863.0,236.0,267000,0,0,0,0,1,0,0,364,13.612359566888234,5.8971538676367405,2025,0.005958434315092495,0.0002891611142014865,0,0,0,0,13.310354434808833,0.30200513207940105
Maurice Sam TV,more than flatmates,TnvhNMJhKt8,"MORE THAN FLATMATES - MAURICE SAM, PEARL WATS, MICHAEL DAPPA, 2025 LATEST FULL NIGERIAN MOVIE",2025-10-07 17:00:42+00:00,2444457,33279.0,4104.0,2830000,0,0,1,0,0,0,0,363,14.70933397942554,5.8944028342648505,2025,0.013614066436840575,0.0016789004674657808,0,0,0,0,15.246551661784451,-0.5372176823589108
Sonia Uche Tv,trust issues,SoTprhLtZSQ,"TRUST ISSUES - SONIA UCHE, CHIKE DANIELS, CHIOMA NWOSU, 2025 LATEST NIGERIAN MOVIE",2025-10-08 16:01:01+00:00,3625603,44127.0,5130.0,1510000,0,0,0,1,0,0,0,362,15.103531453080882,5.8916442118257715,2025,0.01217094094416846,0.0014149370463340857,0,0,0,0,15.017432345038,0.08609910804288212
RuthKadiri247,the boss and the manager,QsnZ2Xb48bE,THE BOSS AND THE MANAGER - LATEST NOLLYWOOD MOVIE RUTH KADIRI  QWASI BLAY IFEANYINWA OKOROCHA ,2025-10-09 16:01:07+00:00,3069767,43787.0,5323.0,4100000,0,0,0,0,0,0,0,361,14.937112546675248,5.8888779583328805,2025,0.014263949022841147,0.0017340078253496112,0,0,0,0,15.11352047962002,-0.17640793294477142
Omoni Oboli TV,when love returns,UIGQtslD-fQ,WHEN LOVE RETURNS - Nigerian Movies 2025 Latest Full Movies,2025-10-10 18:06:42+00:00,4641727,55492.0,5975.0,2080000,0,0,0,0,0,0,0,360,15.350597268666737,5.886104031450156,2025,0.011955033115907076,0.0012872364100689248,0,0,0,0,14.904064662601016,0.44653260606572154
Uduak Isong TV,finding us,Y9XNidrxS88,FINDING US - Watch Bimbo Ademoye and Daniel Etim in this New Nigerian 2025 Movie. ,2025-10-11 16:59:16+00:00,2717806,30749.0,1706.0,814000,0,0,0,0,0,0,1,359,14.815335863077845,5.883322388488279,2025,0.011313905407523568,0.0006277122060956522,0,0,0,0,15.10093821120399,-0.2856023481261456
Uche Nancy tv,love hope laughter,wUlSr3FBqBc,"LOVE, HOPE & LAUGHTER - VICTORY MICHAEL, CHIOMA NWOSU, SOPHIA CHINONSO 2025 Latest Nollywood Movie",2025-10-12 16:01:16+00:00,365723,5092.0,560.0,2360000,0,0,0,0,0,0,0,358,12.809634229547655,5.8805329864007,2025,0.013923105738496075,0.0015312135140529855,0,0,0,0,13.390708351111975,-0.5810741215643205
NOLLYWOOD+,love at all cost,oQ43gcmeuaw,"LOVE AT ALL COST - Bimbo Ademoye, Daniel Etim Effiong, Ik Ogbonna | 2025 Latest Nigerian Full Movie",2025-10-12 16:01:27+00:00,265223,695.0,31.0,127000,0,0,0,0,0,0,1,358,12.488330030936728,5.8805329864007,2025,0.002620436387492789,0.00011688277411838339,0,0,0,0,11.386262352110084,1.1020676788266446
Uchenna Mbunabo Tv,who i am,WZTAgx6J9cQ,"WHO I AM - DANIEL ETIM, SARIAN MARTIN latest 2025 nigerian movies",2025-10-13 17:00:31+00:00,3981823,41414.0,3369.0,3910000,0,0,0,0,0,0,0,357,15.197250563734451,5.877735781779639,2025,0.0104007636703088,0.0008460948665975358,0,0,0,0,15.07087995040198,0.12637061333247068
Maurice Sam TV,sweet dija,DQTthAKnbiQ,"SWEET DIJA - MAURICE SAM, RUTH KADIRI, 2025 LATEST FULL NIGERIAN MOVIE",2025-10-14 17:00:18+00:00,6616614,80034.0,9681.0,2830000,0,0,1,0,0,0,0,356,15.705094467834645,5.87493073085203,2025,0.012095914919625052,0.0014631350718056094,0,0,0,0,15.244482865563837,0.46061160227080755
Sonia Uche Tv,one little secret,LRlZdDn75Zc,"ONE LITTLE SECRET - SONIA UCHE, BRYAN OKWARA, PRECIOUS AKAEZE, BLOSSOM IHUOMA, LATEST NIGERIAN MOVIE",2025-10-15 16:00:42+00:00,2782753,38816.0,3764.0,1510000,0,0,0,1,0,0,0,355,14.838951642781446,5.872117789475416,2025,0.013948776625162205,0.0013526173541094017,0,0,0,0,15.015357777750422,-0.1764061349689765
Bimbo Ademoye TV,to be a friend,JvLGdA-7lZ8,"TO BE A FRIEND . STARRING BIMBO ADEMOYE, UZOR ARUKWE, KUNLE REMI,DEYEMI OKANLAWON. TBAF.",2025-10-16 13:00:43+00:00,2459560,32512.0,2028.0,1840000,1,0,0,0,0,0,1,354,14.715493436698953,5.869296913133774,2025,0.013218624469417295,0.0008245377221942136,0,0,0,0,16.14958575943769,-1.4340923227387385
BOLAJI OGUNMOLA TV,same time same place,PSI-Y16cg8c,"SAME TIME,SAME PLACE - A LOVE THAT NEVER FADES",2025-10-17 16:00:52+00:00,1574295,26630.0,2955.0,751000,0,0,0,0,0,0,0,353,14.269318746187704,5.8664680569332965,2025,0.016915508211612182,0.0018770306708717234,0,0,0,0,14.612250913375838,-0.3429321671881347
Uche Nancy tv,a heart too kind,CnJ0EwB_368,"A HEART TOO KIND - ANGEL UNIGWE, VICTORY MICHAEL, CHIOMA NWOSU 2025 Latest Nollywood Full Movie",2025-10-17 16:03:19+00:00,103235,1872.0,180.0,2360000,0,0,0,0,0,0,0,353,11.544772908409348,5.8664680569332965,2025,0.018133384995398846,0.001743594711096043,0,0,0,0,13.389214035253616,-1.8444411268442682
Uchenna Mbunabo Tv,step aside,gv-Q1h_5LjI,"STEP ASIDE - CLINTON JOSHUA, CHINENYE NNEBE, CHIDI DIKE latest 2025 nigerian movies",2025-10-17 17:00:24+00:00,5953579,64122.0,5151.0,3910000,0,0,0,0,0,0,0,353,15.59950327725684,5.8664680569332965,2025,0.010770328234495587,0.0008651938607012689,0,0,0,0,15.069682821048113,0.5298204562087268
Uche Nancy tv,more than gold,nJCb_0dUE24,"MORE THAN GOLD - SONIA UCHE, MAURICE SAM, CHINENYE NNEBE 2025 Latest Nollywood Full Movie",2025-10-19 16:16:14+00:00,1334628,11550.0,861.0,2360000,0,0,1,1,0,0,0,351,14.104163908572675,5.860786223465865,2025,0.008654096871937349,0.000645123584998966,0,1,0,0,14.003112083370134,0.10105182520254097
Maurice Sam TV,body and soul,o9-jd12ibKU,"BODY AND SOUL - MAURICE SAM, CHIOMA NWAOHA, 2025 LATEST FULL NIGERIAN MOVIE",2025-10-21 17:01:07+00:00,5567774,59242.0,4832.0,2830000,0,0,1,0,0,0,0,349,15.53250607069715,5.855071922202427,2025,0.010640158885759372,0.0008678513172409656,0,0,0,0,15.242372984191023,0.2901330865061258
Sonia Uche Tv,wheels of love,XG09pQVPte8,"WHEELS OF LOVE - SONIA UCHE, CHIKE DANIELS, MIWA OLORUNFEMI, 2025 LATEST NIGERIAN MOVIE",2025-10-22 16:01:04+00:00,3005094,35891.0,2679.0,1510000,0,0,0,1,0,0,0,348,14.91581973942844,5.8522024797744745,2025,0.01194338679588725,0.0008914862563367402,0,0,0,0,15.013241893473916,-0.09742215404547672
ChinneyLoveEze Tv,test of love,YA1zs0KUb88,TEST OF LOVE - Micheal dapper/ Enyinna nwigwe/ Oluchi amajuoye,2025-10-22 16:08:45+00:00,578641,5235.0,325.0,829000,0,0,0,0,0,0,0,348,13.268439257897667,5.8522024797744745,2025,0.009047060267074058,0.000561660857077186,0,0,0,0,14.724473790509862,-1.456034532612195
EKENE UMENWA TV,mad seer,XUC8vTbG0rA,"Mad Seer (2025) - Ekene Umenwa, Prisma James, 2025 Latest Nigerian Nollywood Movie/Drama",2025-10-23 14:58:41+00:00,1700107,17790.0,1862.0,939000,0,0,0,0,0,0,0,347,14.346202336420301,5.849324779946859,2025,0.01046404726290757,0.0010952251828855479,0,0,0,0,14.159665465369455,0.18653687105084593
RuthKadiri247,royal bank deza the great ruth kadiri sir chris akwarandu,wnGQaTHRkUc,ROYAL BANK- DEZA THE GREAT RUTH KADIRI SIR CHRIS AKWARANDU ,2025-10-23 16:46:28+00:00,3918609,46011.0,3837.0,4100000,0,0,0,0,0,0,0,347,15.18124755704736,5.849324779946859,2025,0.011741666494411666,0.0009791739875042395,0,0,0,0,15.109318187539728,0.0719293695076324
Omoni Oboli TV,love in every word 2,OQQaDqLCgKg,LOVE IN EVERY WORD 2 - THE WEDDING | Nigerian Movies 2025 Latest Full Movies,2025-10-24 16:00:08+00:00,24294342,389635.0,74436.0,2080000,1,1,0,0,0,0,0,346,17.005754082855123,5.846438775057725,2025,0.01603809644237329,0.0030639232789264267,1,0,0,0,15.477716713756385,1.5280373690987386
NollyFamily tv,sacrifice of love,UWMOk75bFms,"SACRIFICE OF LOVE - FREDERICK LEONARD, NADIA BUARI, LISA JAMES, SHARRAD 2025 Latest Nollywood Movie",2025-10-25 17:01:23+00:00,1554430,10549.0,769.0,1670000,0,0,0,0,0,0,0,345,14.256620120233016,5.84354441703136,2025,0.006786410452706137,0.000494715104572094,0,0,0,0,13.335598901475036,0.9210212187579803
Uche Nancy tv,life begins,t8EYMVxrS00,"LIFE BEGINS - CHIOMA NWOSU, ALEX CROSS, PRISMA JAMES 2025 Latest Nollywood Full Movie",2025-10-26 15:01:27+00:00,555932,5705.0,357.0,2360000,0,0,0,0,0,0,0,344,13.228403062374456,5.840641657373398,2025,0.010262046437334062,0.0006421648690847083,0,0,0,0,13.38647013251908,-0.1580670701446234
Uche Montana TV,the other woman,AJDS2LQOzcY,"THE OTHER WOMAN - UCHE MONTANA, SHAFFY BELLO, WILLIAM BENSON, Latest 2025 Nigerian Movie",2025-10-26 17:00:24+00:00,7002435,79686.0,9799.0,1940000,0,0,0,0,1,0,0,344,15.761768646481633,5.840641657373398,2025,0.011379755756390456,0.0013993703618812598,0,0,0,0,15.835884407784942,-0.07411576130330921
Uduak Isong TV,king lotanna,veM7Q5dYRHk,"KING LOTANNA - When a king meets his queen. New Nigerian Movie with Chinonso Arubayi, Enyinna Nwigwe",2025-10-29 16:00:02+00:00,1353457,17589.0,1977.0,814000,0,0,0,0,0,0,0,341,14.118173356893783,5.831882477283517,2025,0.012995610499631684,0.0014607039603031348,0,0,0,0,14.170933104438122,-0.05275974754433932
ENYINNA JONAS TV,miracle man,eF_SNXUtAOs,"MIRACLE MAN - Nigerian Movies 2026 Latest Full Movies - BAMBAM, DEYEMI OKANLAWON",2025-10-29 16:00:43+00:00,2591077,11672.0,1288.0,157000,0,1,0,0,0,0,0,341,14.767584563297994,5.831882477283517,2025,0.0045046905205827536,0.0004970905920588235,0,0,0,0,14.42814865135557,0.33943591194242373
Maurice Sam TV,i want your man,s2i9a9HeLvA,"I WANT YOUR MAN - MAURICE SAM, NADIA BUARI, 2025 Latest Full Nigerian Movie",2025-10-29 17:00:48+00:00,6568015,80372.0,8622.0,2830000,0,0,1,0,0,0,0,341,15.697722366165028,5.831882477283517,2025,0.012236878265351098,0.0013127253820218133,0,0,0,0,15.239909242345096,0.4578131238199319
Ik Ogbonna tv,love at sunrise,5QdKIvWxeR0,"LOVE AT SUNRISE – IK OGBONNA, INI EDO - Nollywood Romantic Drama 2025 ",2025-10-30 15:00:17+00:00,1071733,14986.0,1743.0,274000,0,0,0,0,0,0,0,340,13.88478845549411,5.8289456176102075,2025,0.013982960308211093,0.0016263379031904402,0,0,0,0,13.894362371693326,-0.00957391619921566
RuthKadiri247,liquid cash,03XF2XFfnvg,LIQUID CASH - LATEST NOLLYWOOD MOVIE  2025,2025-10-30 16:00:41+00:00,1340570,21628.0,2123.0,4100000,0,0,0,0,0,0,0,340,14.108606200566989,5.8289456176102075,2025,0.016133435777318603,0.0015836547140395502,0,0,0,0,15.107153021654588,-0.998546821087599
BOLAJI OGUNMOLA TV,foolish people what happens when your ex becomes your co parent uzor arukwe bolaji ogunmola,orx7U1cX7Oc,"FOOLISH PEOPLE-What happens when your ex becomes your co-parent?  UZOR ARUKWE, BOLAJI OGUNMOLA",2025-10-31 17:01:04+00:00,4814450,56427.0,3778.0,751000,1,0,0,0,0,0,0,339,15.387132578022149,5.82600010738045,2025,0.01172034188744301,0.0007847209961677865,0,0,0,0,14.931537408486715,0.45559516953543344
David Cliq,the spark between us,4XAAlxI-e3Y,"THE SPARK BETWEEN US - Chidi Dike, Detola Jones - 2025 Latest Nigerian Movie",2025-11-01 17:00:12+00:00,927724,7711.0,364.0,165000,0,0,0,0,0,0,0,338,13.74049063164519,5.823045895483019,2025,0.00831173926728208,0.0003923580720127969,0,0,0,0,13.740490631645258,-6.750155989720952e-14
REAL FLOW TV,mr and mrs sam,cg6VAvoVf8k,"Mr and Mrs Sam - Maurice Sam, Sonia Uche, Pearl Watt (Latest Nollywood Movie 2025)",2025-11-02 18:30:08+00:00,2384413,13361.0,889.0,46800,0,0,1,1,0,0,0,337,14.684463949808743,5.820082930352362,2025,0.005603475572394548,0.0003728380947428151,0,1,0,0,12.702452105555786,1.9820118442529573
Uchenna Mbunabo Tv,found in letters,-wKv49Lfi2Y,"FOUND IN LETTERS - UCHE MONTANA, BRIGHT MORGAN, ICHEI FUEGO latest 2025 nigerian movie",2025-11-03 17:00:14+00:00,2670036,35205.0,2970.0,3910000,0,0,0,0,1,0,0,336,14.797602887958318,5.817111159963204,2025,0.013185215480240715,0.001112344552657717,0,0,0,0,15.772656375864358,-0.97505348790604
Sonia Uche Tv,always here,6wXufgBozSQ,"ALWAYS HERE - SONIA UCHE, CHINENYE NNEBE, CHIKE DANIELS, DEZA THE GREAT, 2025 LATEST NIGERIAN MOVIE",2025-11-05 16:00:09+00:00,2291741,33131.0,3366.0,1510000,0,0,0,1,0,0,0,334,14.644822785035776,5.811140992976701,2025,0.01445669471375692,0.0014687523590143912,0,0,0,0,15.008879352514723,-0.3640565674789471
RuthKadiri247,ring of trust ruth kadiri eddie watson qwasi blay genevieve edwin,wg-oiUEn42M,RING OF TRUST- RUTH KADIRI EDDIE WATSON QWASI BLAY  GENEVIEVE EDWIN ,2025-11-06 16:01:52+00:00,2004096,27139.0,2197.0,4100000,0,0,0,0,0,0,0,333,14.510704143209109,5.808142489980444,2025,0.01354176646228524,0.0010962548700261864,0,0,0,0,15.10494281195587,-0.5942386687467618
Uche Nancy tv,my perfect wife,n3l6WPFUc0c,MY PERFECT WIFE(2025) - Kenneth Nwadike|Angel Unigwe|Faith Okeh|Latest Nigerian Nollywood Full Movie,2025-11-09 17:15:26+00:00,1550684,18369.0,1229.0,2360000,0,0,0,0,0,0,0,330,14.254207326754576,5.799092654460526,2025,0.01184574033136345,0.0007925534796257652,0,0,0,0,13.382055795846037,0.872151530908539
NollyFamily tv,when we met,5mzjQTsGVbc,"WHEN WE MET - MIKE EZURUONYE, BENITA ONYIUKE, ELOCHUKWU GODWIN, THELMA 2025 Latest Nollywood Movie",2025-11-10 16:00:19+00:00,125406,917.0,37.0,1670000,0,0,0,0,0,0,0,329,11.739319726994614,5.796057750765372,2025,0.007312249812608647,0.00029504170454364224,0,0,0,0,13.330553723066831,-1.5912339960722175
Uchenna Mbunabo Tv,three for trouble,FRsfW3cpi-c,"THREE FOR TROUBLE - BAMBAM ADENIBUYAN, SARIAN MARTIN, OMECHE OKO latest 2025 nigerian movies",2025-11-10 17:00:07+00:00,7515181,79618.0,6617.0,3910000,0,1,0,0,0,0,0,329,15.832435799106161,5.796057750765372,2025,0.010594289079664216,0.0008804844487444813,0,0,0,0,15.316482415637607,0.5159533834685543
Maurice Sam TV,a place to heal,sSGt_ylr6rM,"A PLACE TO HEAL - MAURICE SAM, OSAS IGHODARO, 2025 Latest Full Nigerian Movie",2025-11-11 17:01:34+00:00,3194511,38795.0,4811.0,2830000,0,0,1,0,0,0,0,328,14.976944895473888,5.793013608384144,2025,0.012144268715931796,0.0015060207962971485,0,0,0,0,15.235779654114495,-0.25883475864060657
Uche Montana TV,the other woman 2,Rt8sXj0E6fM,"THE OTHER WOMAN  2 - UCHE MONTANA, SHAFFY BELLO, WILLIAM BENSON, Latest 2025 Nigerian Movie",2025-11-12 17:00:48+00:00,6319464,94519.0,12398.0,1940000,0,0,0,0,1,0,0,327,15.659145110641132,5.7899601708972535,2025,0.014956806463332967,0.0019618752476475852,0,0,0,0,15.83049979855942,-0.17135468791828679
ENYINNA JONAS TV,two brides waiting,Q75Aqo2RIyQ,"TWO BRIDES WAITING - Nigerian Movies 2026 Latest Full Movies - JOHN EKANEM, EKAMA ETIM INYANG",2025-11-13 16:00:17+00:00,1557708,12253.0,1279.0,157000,0,0,0,0,0,0,0,326,14.258726710047252,5.786897381366708,2025,0.007866044213678045,0.0008210781481510014,0,0,0,0,14.169088975425707,0.08963773462154556
RuthKadiri247,i dont need your love,FQ0QfDkDvVk,"I DONT NEED YOUR LOVE - RUTH KADIRI, KWASI BLAY, FRANCES NWABUNIKE (Latest Nollywood Movie 2025)",2025-11-13 16:00:23+00:00,2050062,19851.0,1857.0,4100000,0,0,0,0,0,0,0,326,14.533381082349699,5.786897381366708,2025,0.00968312177875596,0.0009058262628154661,0,0,0,0,15.102685644382607,-0.569304562032908
Sonia Uche Tv,mara and martha,9rf7bG-2GkY,"MARA AND MARTHA - SONIA UCHE, CHISOM AGOAWUIKE, BRYAN OKWARA, EBERE OKARO, LATEST NIGERIAN MOVIE",2025-11-13 16:00:24+00:00,5493950,73196.0,9932.0,1510000,0,0,0,1,0,0,0,326,15.519158226777051,5.786897381366708,2025,0.013323018957216574,0.0018078067692643726,0,0,0,0,15.00630361167104,0.5128546151060114
Shine Nolly tv,lola s gift,STGthhnwaow,"LOLA'S GIFT - Timini Egbuson, Bimbo Ademoye, Ekene Umenwa 2025 Nigerian Movie",2025-11-13 17:00:47+00:00,716802,4146.0,110.0,203000,0,0,0,0,0,1,1,326,13.482556325901957,5.786897381366708,2025,0.005784024040111495,0.0001534593932494608,0,0,0,1,12.689581790242922,0.7929745356590345
Uchenna Mbunabo Tv,stuck with you,mdRt2wCkJjg,"STUCK WITH YOU - CLINTON JOSHUA, SARIAN MARTIN, ADA ULI, ALEX CROSS latest 2025 nigerian movie",2025-11-14 16:00:13+00:00,3742194,43244.0,3872.0,3910000,0,0,0,0,0,0,0,325,15.13518289562893,5.783825182329737,2025,0.01155578786134551,0.0010346871380799605,0,0,0,0,15.06090250271188,0.07428039291704991
 KASIMMA TV,my heaven,HHJCv-k5dVA,"My Heaven - A love That Breaks Rules Chidi Dike,Precious K Charles | Nollywood movie 2025 #chididike",2025-11-14 16:00:27+00:00,1903062,15671.0,908.0,133000,0,0,0,0,0,0,0,325,14.458975251353008,5.783825182329737,2025,0.008234623990180037,0.00047712581092996446,0,0,0,0,14.458975251353179,-1.7053025658242404e-13
Uduak Isong TV,mothers in action,JJA_75qhzOA,Mothers in Action - New Nigerian movie starring  Patience Ozokwo (Mama G) and Ebele Okaro,2025-11-14 17:01:00+00:00,537527,5110.0,372.0,814000,0,0,0,0,0,0,0,325,13.194736130650416,5.783825182329737,2025,0.009506499208411857,0.0006920582593990627,0,0,0,0,14.165827300095078,-0.9710911694446622
Omoni Oboli TV,i get to love you,vLUv-dqD57c,I GET TO LOVE YOU - Nigerian Movies 2025 Latest Full Movies,2025-11-14 17:01:46+00:00,4629218,63551.0,10529.0,2080000,0,0,0,0,0,0,0,325,15.347898729328524,5.783825182329737,2025,0.013728236604973021,0.0022744662273412055,0,0,0,0,14.893198137705205,0.4547005916233182
Uche Nancy tv,bloom again,hslV7wqjXj8,"Bloom Again (2025) -Zak Orji,Faith Duke,Ola Daniels, 2025 Nigerian Nollywood Full Movie",2025-11-16 17:05:00+00:00,677221,9282.0,1165.0,2360000,0,0,0,0,0,0,0,323,13.425754415423418,5.777652323222656,2025,0.013706013251213414,0.0017202656149174346,0,0,0,0,13.379777887019586,0.04597652840383226
Uchenna Mbunabo Tv,silent corner,iouqvnlW3S4,"SILENT CORNER - JACKIE APPIAH, BRIGHT MORGAN, DERA OSADEBE, PRINCE NWAFOR latest 2025 nigerian movie",2025-11-17 17:40:30+00:00,2682039,34243.0,3516.0,3910000,0,0,0,0,0,0,0,322,14.802088256955647,5.7745515455444085,2025,0.012767525006161358,0.0013109429057519297,0,0,0,0,15.059917233461501,-0.2578289765058539
Maurice Sam TV,the mix up,rAP9gk3eqlU,"THE MIX UP - MAURICE SAM, PEARL WATS, OBY TITUS, Nigerian Movie",2025-11-18 17:01:27+00:00,5122024,62251.0,7652.0,2830000,0,0,1,0,0,0,0,321,15.449060426635592,5.771441123130016,2025,0.01215359396988378,0.001493940676576291,0,0,0,0,15.233487704702721,0.2155727219328707
Uduak Isong TV,stay with me,h5eUMVZByYo,"STAY WITH ME - New Nigerian Movie starring Daniel Effiong, Bimbo Ademoye ",2025-11-19 16:00:57+00:00,2778508,23760.0,1710.0,814000,0,0,0,0,0,0,1,320,14.837425010854686,5.768320995793772,2025,0.00855135202058083,0.0006154382136024082,0,0,0,0,15.088719991039072,-0.2512949801843867
Sonia Uche Tv,to win a heart,U2BSQk4EwWM,"TO WIN A HEART - SONIA UCHE, ZUBBY MICHAEL, THELMA NWOSU, 2025 LATEST NIGERIAN MOVIE",2025-11-19 16:01:00+00:00,2133466,31613.0,3647.0,1510000,0,0,0,1,0,0,0,320,14.573258913948969,5.768320995793772,2025,0.014817672276005335,0.0017094249451362242,0,0,0,0,15.004329980191624,-0.4310710662426551
RuthKadiri247,land of gold toosweet annan deza the great prisma james francess nwabunike oby titus,8_Y8mkqaJME,LAND OF GOLD   -TOOSWEET ANNAN DEZA THE GREAT  PRISMA JAMES FRANCESS NWABUNIKE OBY TITUS ,2025-11-20 16:04:59+00:00,4700607,61424.0,6590.0,4100000,0,0,0,0,0,0,0,319,15.363202420015911,5.765191102784844,2025,0.013067248548963996,0.0014019465996625543,0,0,0,0,15.10037948021833,0.26282293979758187
BOLAJI OGUNMOLA TV,cafe edebiri,rI6nEkM42ik,"CAFE EDEBIRI (LATEST NOLLYWOOD MOVIE)- NKEM OWOH, BOLAJI OGUNMOLA, TINA MBA , ESO DIKE",2025-11-21 16:01:28+00:00,2880436,30013.0,2646.0,751000,0,0,0,0,0,0,0,318,14.87345257671248,5.762051382780177,2025,0.010419603143413012,0.0009186109325116058,0,0,0,0,14.601157257170472,0.2722953195420086
Bimbo Ademoye TV,miles away from home,8sh6VFJMqJA,"MILES AWAY FROM HOME. STARRING,BIMBO ADEMOYE,TIMINI EGBUSON,SANDRA OKUNZUWA.2025 ROMANTIC MOVIE",2025-11-21 17:00:13+00:00,11579206,140997.0,14945.0,1840000,0,0,0,0,0,1,1,318,16.26472154762608,5.762051382780177,2025,0.012176741652234186,0.001290675716452406,0,0,0,1,16.334929492188998,-0.07020794456291668
Uchenna Mbunabo Tv,sugar baby,iYnHT2AekM8,"SUGAR BABY - CLINTON JOSHUA, PRISCA NWAOBODO latest 2025 nigerian movie",2025-11-21 17:19:26+00:00,3113697,30145.0,2182.0,3910000,0,0,0,0,0,0,0,318,14.951321645298645,5.762051382780177,2025,0.009681417299114203,0.0007007746739647435,0,0,0,0,15.058589164842747,-0.10726751954410219
ChinneyLoveEze Tv,akunne,gNeV9uUBH0E,AKUNNE (Mothers wealth) - Patience Ozokwor / stephen odimgbe / emem udonquak,2025-11-22 16:22:04+00:00,1165594,8536.0,777.0,829000,0,0,0,0,0,0,0,317,13.968742244217692,5.75890177387728,2025,0.007323304684135299,0.0006666129029490543,0,0,0,0,14.714561140415073,-0.7458188961973811
NollyFamily tv,folake in love,19VgzSP9cRU,"FOLAKE IN LOVE - BIMBO ADEMOYE, CHIKE DANIELS, SHAN GEORGE 2025 Latest Nollywood Movie",2025-11-23 16:00:03+00:00,2830788,24969.0,1693.0,1670000,0,0,0,0,0,0,1,316,14.85606602934889,5.755742213586912,2025,0.00882051216834323,0.0005980666867317511,0,0,0,0,14.250810354241148,0.6052556751077418
Uche Nancy tv,holding on,wNdwNucroYY,"HOLDING ON (2025) - Sonia Uche,Victory Michael,Bryan Okoye, Latest Nigerian Nollywood Full Movie",2025-11-23 16:15:07+00:00,254130,3340.0,268.0,2360000,0,0,0,1,0,0,0,316,12.445605161079865,5.755742213586912,2025,0.013142879628536577,0.0010545783654035336,0,0,0,0,13.521648314585121,-1.0760431535052568
NOLLYWOOD SERIES TV,the other maid,oU1ptm4DvSs,"THE OTHER MAID (Full Movie) - MAURICE SAM, SONIA UCHE, CHINENYE 2025 Trending Nollywood Full Movie",2025-11-23 17:01:20+00:00,290203,1583.0,122.0,93300,0,0,1,1,0,0,0,316,12.57833940293475,5.755742213586912,2025,0.0054548023280255546,0.0004203953784075285,0,1,0,0,11.954982549970701,0.623356852964049
Nolly MovieRoom,good and bad,FWhHJNT_5D8,"GOOD and BAD - LIZZYGOLD ONUWAJE, MANDY EZEH, KIZ MARY OKOLO, DORIS UGO/ 2025 Latest Nigerian movie",2025-11-23 17:55:32+00:00,414907,4202.0,392.0,324000,0,0,0,0,0,0,0,316,12.935812087889708,5.755742213586912,2025,0.010127570756820203,0.0009447900372854639,0,0,0,0,13.918837463707792,-0.9830253758180838
EKENE UMENWA TV,no more peace,x53MEVOdwL0,"NO MORE PEACE (2025)-Ekene Umenwa, Maleek Milton,Tcharles Ozuruigbo, Latest Nigerian Nollywood Movie",2025-11-25 16:01:40+00:00,1410212,13692.0,1538.0,939000,0,0,0,0,0,0,0,314,14.159251314775148,5.749392985908253,2025,0.00970917847812953,0.00109061616267625,0,0,0,0,14.149048301242736,0.010203013532411376
Maurice Sam TV,sleepy head,cfbv4RviU3U,"SLEEPY HEAD - MAURICE SAM, MERCY EKE, ISOKEN IGBINIGIE, 2025 Latest Full Nigerian Movie",2025-11-25 17:01:10+00:00,3673344,47166.0,3903.0,2830000,0,0,1,0,0,0,0,314,15.116613249059446,5.749392985908253,2025,0.012840071607777545,0.0010625196006690363,0,0,0,0,15.23114522007284,-0.11453197101339363
Uchenna Mbunabo Tv,hearts and ballots,s0d3A7x8Z1Q,"HEARTS AND BALLOTS - OMECHE OKO, CHIKE DANIELS, COURTNEY JOHN, WARI JAJA latest 2025 nigerian movie",2025-11-26 17:00:09+00:00,2564087,33376.0,3291.0,3910000,0,0,0,0,0,0,0,313,14.757113417806588,5.746203190540153,2025,0.0130167190114844,0.0012834977908315903,0,0,0,0,15.056905387825203,-0.2997919700186156
Sonia Uche Tv,expired love,PNcysMN68Ys,"EXPIRED LOVE - SONIA UCHE, NOSA REX, SULTANA IBRAHIM, 2025 Latest Nigerian Movie",2025-11-27 16:00:44+00:00,3564111,49660.0,6057.0,1510000,0,0,0,1,0,0,0,312,15.08642549244383,5.7430031878094825,2025,0.013933348316031683,0.0016994420207451452,0,0,0,0,15.0016401123144,0.08478538012943027
RuthKadiri247,diamonds are forever abi demi chidi dike peter komba,RPmENen8src,DIAMONDS ARE FOREVER-  ABI DEMI CHIDI DIKE PETER KOMBA,2025-11-27 16:00:51+00:00,1440683,18534.0,2201.0,4100000,0,0,0,0,0,0,0,312,14.180628558775394,5.7430031878094825,2025,0.012864731519702808,0.0015277476030466106,0,0,0,0,15.098022145025967,-0.9173935862505722
Uduak Isong TV,whispers of love,QB_1_yrINTs,"Whispers of Love - New Nollywood Movie starring Eso Dike, Debby Felix",2025-11-27 19:17:43+00:00,869498,8822.0,518.0,814000,0,0,0,0,0,0,0,312,13.675672462689556,5.7430031878094825,2025,0.010146084292315796,0.0005957460511697555,0,0,0,0,14.161490203778824,-0.48581774108926723
Omoni Oboli TV,christmas between worlds,y5MEBSBi05M,CHRISTMAS BETWEEN WORLDS - Nigerian Movies 2025 Latest Full Movies,2025-11-28 17:09:35+00:00,3335292,39928.0,2940.0,2080000,0,0,0,0,0,0,0,311,15.020071089544707,5.739792912179234,2025,0.011971365625558422,0.0008814820411526187,0,0,0,0,14.888519968524342,0.13155112102036526
Uche Nancy tv,beyond access,QsgxCoUCZBM,"BEYOND ACCESS (2025) - Chinenye Nnebe,Deza the Great,Sophia Alakija,Oma Nnadi, Latest NijaFull Movie",2025-11-30 15:53:26+00:00,393663,4701.0,330.0,2360000,0,0,0,0,0,0,0,309,12.88325303256804,5.733341276897746,2025,0.011941686163037929,0.000838280458158374,0,0,0,0,13.375070099513275,-0.4918170669452344
Uchenna Mbunabo Tv,pride and hustle,G_pZ2d4wMZs,"PRIDE AND HUSTLE  - SONIA UCHE, BRIAN OKWARA latest 2025 nigerian movie",2025-12-01 17:00:06+00:00,3150598,31982.0,2509.0,3910000,0,0,0,1,0,0,0,308,14.963103151454096,5.730099782973574,2025,0.010151088777432093,0.0007963567551302959,0,0,0,0,15.199392743261356,-0.23628959180726028
Maurice Sam TV,accidental bride,m-Q8F7RHIRs,"ACCIDENTAL BRIDE - MAURICE SAM, SONIA UCHE, 2025 Latest Full Nigerian Movie",2025-12-02 17:00:58+00:00,10437652,123289.0,13564.0,2830000,0,0,1,1,0,0,0,307,16.160930306716445,5.726847747587197,2025,0.011811947744569373,0.0012995259853461295,0,1,0,0,15.372948168958956,0.7879821377574885
ChinneyLoveEze Tv,after 25,L4ayft9l36w,AFTER 25 - (Almost 25 Part2) Uche Jombo/ omeche oko/ steve onu,2025-12-03 15:57:57+00:00,1419257,18280.0,2697.0,829000,0,0,0,0,0,0,0,306,14.165644757797075,5.723585101952381,2025,0.012879978749444252,0.001900290081359472,0,0,0,0,14.71080895217665,-0.5451641943795753
NollyFamily tv,still yours,AeA6JyJmD9Y,"STILL YOURS - CLINTON JOSHUA, CHINENYE NNEBE 2025 Latest Nollywood New Movie",2025-12-03 17:00:23+00:00,4018921,42462.0,3013.0,1670000,0,0,0,0,0,0,0,306,15.206524265430115,5.723585101952381,2025,0.010565522437490062,0.0007497037140068193,0,0,0,0,13.322853931278361,1.8836703341517538
Uduak Isong TV,the last paycheck,rUeAXriDk0M,"THE LAST PAYCHECK - New Nigerian Movie starring Inem king, Osereme I., Gregory Ojefua ",2025-12-03 18:01:04+00:00,348832,4402.0,359.0,814000,0,0,0,0,0,0,0,306,12.762348576633451,5.723585101952381,2025,0.012619255114209705,0.001029148701953949,0,0,0,0,14.159427146605129,-1.3970785699716775
Nolly MovieRoom,plus and minus,KauEK0hpBmU,"PLUS and MINUS - EKENE UMENWA, STEPHEN ODIMGBE, KIZMARY OKOLO, JANE OBI | 2025 latest Nigerian movie",2025-12-03 18:45:54+00:00,1337275,11479.0,1070.0,324000,0,0,0,0,0,0,0,306,14.106145267091007,5.723585101952381,2025,0.00858387392271597,0.0008001346020825933,0,0,0,0,13.91542096012803,0.19072430696297715
RuthKadiri247,husband on probation,UZYwz_B8tbs,HUSBAND ON PROBATION - RUTH KADIRI STEPHEN ODIMGBE  FLASH BOY ,2025-12-04 16:13:04+00:00,2456769,31627.0,3571.0,4100000,0,0,0,0,0,0,0,305,14.714358037028008,5.720311776607412,2025,0.012873412193006343,0.0014535351105455987,0,0,0,0,15.095611316327082,-0.3812532792990737
WATCH TIMINI TV,two birds one stone,RjE_tQIS_8U,"TWO BIRDS ONE STONE - TIMINI EGBUSON, MIWA OLORUNFEMI, OSEREME INEGBENEBOR  2025 ROMANTIC MOVIE",2025-12-04 17:00:06+00:00,6918174,87148.0,10142.0,188000,0,0,0,0,0,1,0,305,15.749662564487723,5.720311776607412,2025,0.012596965615493337,0.0014659937723451304,0,0,0,0,15.419897657817046,0.32976490667067715
BOLAJI OGUNMOLA TV,choice of heart,DGqq-txLTZw,CHOICE OF HEART (LOVE OR LOYALTY)- NIGERIAN MOVIES 2026 LATEST FULL MOVIES,2025-12-05 16:00:32+00:00,1809485,23536.0,2823.0,751000,0,0,0,0,0,0,0,304,14.408553385012096,5.717027701406222,2025,0.013007015808365364,0.0015601124076740067,0,0,0,0,14.596373756390413,-0.18782037137831686
Uchenna Mbunabo Tv,for whom i was made,QrK9aPuyl1w,"FOR WHOM I WAS MADE -  OSITA IHEME(PAWPAW), PAMELA OKOYE, LYDIA LAWRENCE latest 2025 nigerian movie",2025-12-06 16:00:45+00:00,2545896,27659.0,2137.0,3910000,0,0,0,0,0,0,0,303,14.749993601664485,5.713732805509369,2025,0.01086415156000088,0.0008393901400528537,0,0,0,0,15.053455600793496,-0.30346199912901106
Uche Montana TV,nine months till forever,p3iMZRhJN6w,"NINE MONTHS TILL FOREVER - UCHE MONTANA, MAURICE SAM, Latest 2025 Nigerian Movie",2025-12-06 17:01:19+00:00,12606285,137883.0,9018.0,1940000,0,0,1,0,1,0,0,303,16.34970613640691,5.713732805509369,2025,0.010937639439374883,0.0007153574586010073,0,0,1,0,16.2927045521211,0.05700158428580693
Uchenna Mbunabo Tv,aura for aura,M6UklmizAWM,"AURA FOR AURA - JACKIE APPIAH, ONYI ALEX latest 2025 nigerian movies",2025-12-08 17:05:12+00:00,3570202,28460.0,2209.0,3910000,0,0,0,0,0,0,0,301,15.088133014884296,5.707110264748875,2025,0.007971537744923117,0.0006187324974889376,0,0,0,0,15.05275199487041,0.03538102001388488
ENYINNA JONAS TV,asa and odogwu,obys-u_6-BU,"ASA AND ODOGWU - UZOR ARUKWE, SARIAN MARTIN - Nigerian Movies 2025 Latest Full Movies",2025-12-09 17:00:04+00:00,6909239,47965.0,4469.0,157000,1,0,0,0,0,0,0,300,15.74837020416678,5.703782474656201,2025,0.006942153831992206,0.0006468150833977519,0,0,0,0,14.483844482696288,1.264525721470493
Maurice Sam TV,one last bite,hPQ1p3ogoiI,"ONE LAST BITE - MAURICE SAM, SOPHIE ALAKIJA, 2025 Latest Full Nigerian Movie",2025-12-09 17:01:15+00:00,4438233,48410.0,5046.0,2830000,0,0,1,0,0,0,0,300,15.305767107538044,5.703782474656201,2025,0.010907494040984329,0.001136938957463477,0,0,0,0,15.226299372076962,0.07946773546108155
NollyFamily tv,strings attached,C8S-M8YOR2A,"STRINGS ATTACHED - CHINENYE NNEBE, MICHAEL DAPPA, ELOCHUKWU GODWIN 2025 Latest Nollywood New Movie",2025-12-10 17:00:17+00:00,3696721,46013.0,3261.0,1670000,0,0,0,0,0,0,0,299,15.122957038986451,5.700443573390687,2025,0.012446976658503577,0.0008821331120200848,0,0,0,0,13.320395280262971,1.8025617587234795
Sonia Uche Tv,domestic war,P-oYegwTfmI,"DOMESTIC WAR - SONIA UCHE, BIMBO ADEMOYE, STANLEY IGBOANUGO LATEST NIGERIAN MOVIE",2025-12-11 16:00:46+00:00,10797671,98041.0,11850.0,1510000,0,0,0,1,0,0,1,298,16.194841113303454,5.697093486505405,2025,0.009079828418554335,0.0010974588871989154,0,0,0,0,15.921302396521918,0.27353871678153574
Uduak Isong TV,ajoke,OQv5NzsNnrc,"AJOKE - New Nigerian Movie starring Bimbo Ademoye, Blessing Jessica Nze ",2025-12-11 17:59:33+00:00,5144966,49341.0,4321.0,814000,0,0,0,0,0,0,1,298,15.453529513235548,5.697093486505405,2025,0.009590150838703307,0.0008398500592618105,0,0,0,0,15.081152487986342,0.3723770252492056
Omoni Oboli TV,promise me december,6HrD-lb53vQ,PROMISE ME DECEMBER - Nigerian Movies 2025 Latest Full Movies,2025-12-12 20:00:11+00:00,2457069,31618.0,3535.0,2080000,0,0,0,0,0,0,0,297,14.714480141125973,5.6937321388027,2025,0.012868177491149007,0.0014387060355244398,0,0,0,0,14.883626282831544,-0.1691461417055713
Nolly MovieRoom,emergency prophet,un4eYKd0I4M,"EMERGENCY PROPHET (full movie) - STEPHEN ODIMGBE, CHIMAMANDA AUGUSTINE | 2025 latest Nigerian movie",2025-12-14 16:32:27+00:00,2621190,24442.0,2441.0,324000,0,0,0,0,0,0,0,295,14.779139352599696,5.68697535633982,2025,0.009324772336228965,0.0009312564140714713,0,0,0,0,13.911531390431565,0.8676079621681314
Uche Nancy tv,shadows of two,99SXmFxNDgk,"SHADOWS OF TWO (2025 - Toosweet Annan, Georgia Ibeh, Faith Duke, Saintino Iyke Latest Nigerian Movie",2025-12-14 17:08:32+00:00,200751,2172.0,285.0,2360000,0,0,0,0,0,0,0,295,12.209825594399481,5.68697535633982,2025,0.010819373253433358,0.0014196691423703992,0,0,0,0,13.370143993730968,-1.1603183993314872
EKENE UMENWA TV,wahala husband,6W3t9rZA7nQ,"WAHALA HUSBAND (2025) - Zubby Michael, Ekene Umenwa,Kennedy Samario, Latest Nigerian Nollywood Movie",2025-12-17 16:00:55+00:00,1679593,16648.0,1426.0,939000,0,0,0,0,0,0,0,292,14.334062655506681,5.676753802268282,2025,0.009911925091376304,0.0008490152078509496,0,0,0,0,14.141330816110441,0.19273183939623983
Sonia Uche Tv,a mix of love,CoKMtJzXbUI,"A MIX OF LOVE - SONIA UCHE, MAURICE SAM, ANTHONY WOODE, 2025 Latest Nigerian Movie",2025-12-18 16:00:17+00:00,5407335,59277.0,7465.0,1510000,0,0,1,1,0,0,0,291,15.503267108101637,5.673323267171493,2025,0.01096233172163367,0.0013805321845234298,0,1,0,0,15.464540493290652,0.03872661481098483
RuthKadiri247,water and wine,TZU7aMNqDS8,WATER AND WINE -  RUTH KADIRI DEZA THE GREAT EDDIE WATSON,2025-12-18 16:01:36+00:00,4506702,46541.0,4597.0,4100000,0,0,0,0,0,0,0,291,15.32107640200866,5.673323267171493,2025,0.010327064003788135,0.0010200363813715663,0,0,0,0,15.090619064145976,0.23045733786268485
Nolly MovieRoom,igede,iTm9h-REf2w,"IGEDE - KANAYO.O.KANAYO, LIZZYGOLD ONUWAJE 2025 latest Nigerian movie",2025-12-18 17:20:01+00:00,2294068,16947.0,1373.0,324000,0,0,0,0,0,0,0,291,14.645837654684668,5.673323267171493,2025,0.007387313715199375,0.0005985001316438746,0,0,0,0,13.910080936421735,0.7357567182629321
Omoni Oboli TV,memories on the rooftop,f6wg_VZTNDk,MEMORIES ON THE ROOFTOP - Nigerian Movies 2025 Latest Full Movies,2025-12-19 17:01:17+00:00,3475279,33754.0,1645.0,2080000,0,0,0,0,0,0,0,290,15.061185609274563,5.66988092298052,2025,0.009712601491851446,0.00047334329128682906,0,0,0,0,14.881092231727568,0.18009337754699573
Uchenna Mbunabo Tv,my mother s daughter,NN9pYTWPEXA,"MY MOTHER'S DAUGHTER - PEARL SHIM, GLORIA SARFO, OKPALEKE BLOSSOM IHUOMA latest 2025 nigerian movie",2025-12-19 17:08:45+00:00,3071657,43908.0,3606.0,3910000,0,0,0,0,0,0,0,290,14.937728038927265,5.66988092298052,2025,0.014294564790274435,0.0011739592018249433,0,0,0,0,15.048796596734242,-0.111068557806977
ChinneyLoveEze Tv,this is war,kJXYe6i1Iqw,THIS IS WAR - Oge okoye/uche jombo - His family must unite before he can be buried,2025-12-20 17:22:26+00:00,2330233,18092.0,1963.0,829000,0,0,0,0,0,0,0,289,14.66147924968376,5.666426688112432,2025,0.007764030463906399,0.0008424050298832778,0,0,0,0,14.704736207593207,-0.04325695790944728
Uche Nancy tv,wahala princess,vIHyAzSdXgw,"WAHALA PRINCESS (NEWEST 2025 MOVIE) - Oluebube Obio, Sonia Ogene , Sochi Infinity, Extorgy Nwosu",2025-12-21 14:12:20+00:00,931914,8564.0,692.0,2360000,0,0,0,0,0,0,0,288,13.74499688779186,5.662960480135946,2025,0.009189689177327522,0.0007425577896672869,0,0,0,0,13.367592554676037,0.3774043331158232
BOLAJI OGUNMOLA TV,christmas at the george s,kCf0aZ5B_vM,"CHRISTMAS AT THE GEORGE’S - BOLAJI OGUNMOLA, IMISIOLUWA AYANWALE,KANAGA EME, KAYODE OJUOLAPE",2025-12-21 15:00:07+00:00,2478787,38653.0,4800.0,751000,0,0,0,0,0,0,0,288,14.723280289006249,5.662960480135946,2025,0.015593514085720152,0.00193643100435818,0,0,0,0,14.59062943279826,0.13265085620798978
Omoni Oboli TV,sweeter than ever,JwfQxQ-Lz88,SWEETER THAN EVER - SHORT AND SWEET Nigerian Movies 2025 Latest Full Movies,2025-12-21 17:00:29+00:00,7498245,82432.0,11492.0,2080000,0,0,0,0,0,0,0,288,15.8301796844888,5.662960480135946,2025,0.010993505813693738,0.0015326253009870976,0,0,0,0,14.88035697546386,0.9498227090249394
ENYINNA JONAS TV,our only hope,I0gr72NJaDo,"OUR ONLY HOPE - LATEST 2026 NIGERIAN MOVIE - DETOLA JONES, ENITAN OLUWOLE",2025-12-22 17:00:53+00:00,1085221,4267.0,260.0,157000,0,0,0,0,0,0,0,287,13.897295132322206,5.659482215759621,2025,0.003931918014855961,0.00023958253664460973,0,0,0,0,14.155551865054598,-0.25825673273239147
Uchenna Mbunabo Tv,love at the gate,WgxWHj6BiQU,"LOVE AT THE GATE - CLINTON JOSHUA, OMECHE OKO, JOSEPHINE SUNDAY(JOJO) latest 2025 nigerian movie",2025-12-22 17:01:17+00:00,8419195,78186.0,5651.0,3910000,0,0,0,0,0,0,0,287,15.946024894723475,5.659482215759621,2025,0.009286636073876421,0.000671204313476526,0,0,0,0,15.047691795381159,0.8983330993423166
Bimbo Ademoye TV,where love lives,we7pr8gDCn8,"WHERE LOVE LIVES. STARRING UZOR ARUKWE,BIMBO ADEMOYE, CHIOMA NWOSU,OSAS IGHODARO. 2025 LATEST ROMCOM",2025-12-24 13:01:47+00:00,25218427,419679.0,51999.0,1840000,1,0,0,0,0,0,1,285,17.04308555507541,5.652489180268651,2025,0.016641759614903818,0.002061944624857054,0,0,0,0,16.126551215667952,0.916534339407459
Maurice Sam TV,love bug,UXQ09ZZqceA,"LOVE BUG - MAURICE SAM, UCHE MONTANA, EVANNY PATRICK, 2025 Latest Full Nigerian Movie",2025-12-24 17:00:52+00:00,7146839,88266.0,8388.0,2830000,0,0,1,0,1,0,0,285,15.782180858935991,5.652489180268651,2025,0.012350355171006371,0.0011736657283031,0,0,1,0,15.92906719608057,-0.14688633714457922
EKENE UMENWA TV,christmas in the villa,mtFc-Qitdtw,"CHRISTMAS IN THE VILLA (2025) - EKENE UMENWA,ONYINYE OKAFOR, GREAT ITOYA,Latest Nollywood Movie",2025-12-26 15:00:27+00:00,621695,7277.0,545.0,939000,0,0,0,0,0,0,0,283,13.340206506265362,5.645446897643238,2025,0.011705096550559358,0.0008766356493135702,0,0,0,0,14.138004642014385,-0.7977981357490229
Uchenna Mbunabo Tv,a chance at love,XbF1NM4VB5c,"A CHANCE AT LOVE - NADIA BUARI, FREDERICK LEONARD, Latest 2025 Nigerian Movie",2025-12-26 17:01:01+00:00,2711501,21949.0,1652.0,3910000,0,0,0,0,0,0,0,283,14.813013282862094,5.645446897643238,2025,0.008094778500911488,0.0006092566441981765,0,0,0,0,15.046200625554318,-0.23318734269222396
Sonia Uche Tv,clash of emotions,1zv1MjGaamc,"CLASH OF EMOTIONS - SONIA UCHE, KOFI ADJORLOLO, OLISA JUDITH, 2025 Latest Nigerian Movie",2025-12-27 16:00:02+00:00,1191174,17116.0,2067.0,1510000,0,0,0,1,0,0,0,282,13.990450772891943,5.641907070938114,2025,0.014369017456727565,0.0017352628583229654,0,0,0,0,14.990899245749125,-1.0004484728571814
Uche Nancy tv,beneath her laughter,-OPEb4xy0G4,"BENEATH HER LAUGHTER (NEWEST 2025 MOVIE) - Prisma James, Ola Daniels , Bryan Okwara",2025-12-28 15:01:36+00:00,683154,7657.0,954.0,2360000,0,0,0,0,0,0,0,281,13.434477052776664,5.638354669333745,2025,0.011208307350904775,0.0013964640476378679,0,0,0,0,13.364978332302956,0.06949872047370853
ChinneyLoveEze Tv,george hates christmas,FKFE1TrXL6k,GEORGE HATES CHRISTMAS - Baaj  adebule/ perpetual ukadike,2025-12-28 16:47:46+00:00,305939,3749.0,269.0,829000,0,0,0,0,0,0,0,281,12.631144283277257,5.638354669333745,2025,0.012254076793086204,0.0008792602446893008,0,0,0,0,14.701753721052173,-2.070609437774916
Shine Nolly tv,emergency wife,B1hE0D0Alaw,"EMERGENCY WIFE -  Timini Egbuson, Bimbo Ademoye, Angel Unigwe 2025 Nigerian Movie",2025-12-29 17:00:17+00:00,7080,43.0,3.0,203000,0,0,0,0,0,1,1,280,8.865170419651774,5.634789603169249,2025,0.006073446327683616,0.000423728813559322,0,0,0,1,12.67342123532034,-3.8082508156685666
Uchenna Mbunabo Tv,lessons of the heart,fQi4p_MDMsI,"LESSONS OF THE HEART - UCHE MONTANA, BRIGHT MORGAN, FAITH OKEH latest 2025 nigerian movies",2025-12-29 17:01:08+00:00,5699519,56172.0,3579.0,3910000,0,0,0,0,1,0,0,280,15.555892518732557,5.634789603169249,2025,0.009855568513764056,0.0006279477268169471,0,0,0,0,15.753285785043458,-0.19739326631090037
ChinneyLoveEze Tv,uju s war,ClMt-cWHW9g,UJU'S WAR - Sonia uche/Chioma nwosu/Bryan okwara,2026-01-02 16:03:05+00:00,4090389,43103.0,6083.0,829000,0,0,0,1,0,0,0,276,15.224150877996259,5.62040086571715,2026,0.01053762857273477,0.0014871446212083984,0,0,0,0,15.024658102480013,0.1994927755162461
NOLLYWOOD SERIES TV,love beyond education,qroqSqn4Qp4,"LOVE BEYOND EDUCATION (Full Movie) - MAURICE SAM, SONIA UCHE 2026 Trending Nollywood Full Movie",2026-01-04 17:01:33+00:00,3029048,17407.0,807.0,93300,0,0,1,1,0,0,0,274,14.92375926683462,5.6131281063880705,2026,0.005746690049150756,0.00026642034064828287,0,1,0,0,12.120444261302714,2.803315005531907
Maurice Sam TV,laughing hearts,Frgk7EFKYiM,"LAUGHING HEARTS - MAURICE SAM, RUTH KADIRI, 2025 Latest Full Nigerian Movie",2026-01-06 17:00:34+00:00,3908880,50393.0,4932.0,2830000,0,0,1,0,0,0,0,272,15.178761701743275,5.605802066295998,2026,0.012891928122633593,0.0012617424940136305,0,0,0,0,15.396503150843179,-0.21774144909990412
Uchenna Mbunabo Tv,after the rain,n5nIBN9fpt8,"AFTER THE RAIN - EBUBE NWAGBO, UZEE USMAN, DERA OSADEBE latest 2026 nigerian movies",2026-01-07 17:00:09+00:00,1344223,15446.0,1277.0,3910000,0,0,0,0,0,0,0,271,14.111327452844552,5.602118820879701,2026,0.011490652964575075,0.0009499911844984055,0,0,0,0,15.222210892436276,-1.1108834395917242
NollyFamily tv,her match,waXsmIIj-z4,"HER MATCH - CHIKE DANIELS, NADIA BUARI, CHINYERE WILFRED 2026 Latest Nollywood New Movie",2026-01-10 17:01:35+00:00,1597409,17712.0,1712.0,1670000,0,0,0,0,0,0,0,268,14.28389412561861,5.5909869805108565,2026,0.011087955558031787,0.00107173554174291,0,0,0,0,13.489379782063683,0.794514343554928
Omoni Oboli TV,love at first lie,2t4sII_peMg,LOVE AT FIRST LIE - Nigerian Movies 2026 Latest Full Movies,2026-01-10 17:02:03+00:00,3871210,41034.0,2874.0,2080000,0,0,0,0,0,0,0,268,15.169077935953386,5.5909869805108565,2026,0.01059978663002007,0.000742403537911919,0,0,0,0,15.053323835000576,0.11575410095280958
Ik Ogbonna tv,behind her smile,UK3ee3rT6e8,"BEHIND HER SMILE - IK OGBONNA, LUCHY DONALDS, CHIOMA NWOSU, DERA OSADEBE. LATEST NIGERIAN MOVIE 2026",2026-01-11 15:01:02+00:00,1212434,18479.0,4725.0,274000,0,0,0,0,0,0,0,267,14.008141292109379,5.58724865840025,2026,0.015241241997502545,0.0038971193483521576,0,0,0,0,14.049297113985446,-0.04115582187606748
Uchenna Mbunabo Tv,buka vibez,BZ09_mqUiuo,"BUKA VIBEZ - MAURICE SAM, SARIAN MARTINS, CHINENYE UBAH latest 2026 nigerian movie",2026-01-12 17:00:25+00:00,4665973,47045.0,2831.0,3910000,0,0,1,0,0,0,0,266,15.355807159323383,5.583496308781699,2026,0.010082570130602984,0.0006067330436759921,0,0,0,0,15.690535822141682,-0.33472866281829816
NOLLYWOOD SERIES TV,love by force,gHxZx18Y9zY,"LOVE BY FORCE (Full Movie) - MAURICE SAM, SONIA UCHE, EBUBE OBIO 2026 Trending Nollywood Full Movie",2026-01-12 17:30:12+00:00,218999,1093.0,55.0,93300,0,0,1,1,0,0,0,266,12.296827008798639,5.583496308781699,2026,0.004990890369362417,0.0002511426992817319,0,1,0,0,12.117296057454446,0.1795309513441925
Shine Nolly tv,domestic house boys,JMc9I6QVPQE,"DOMESTIC HOUSE BOYS  - Timini Egbuson, Bimbo Ademoye, Christian Ochiagha Nigerian Movie",2026-01-15 17:00:28+00:00,9237,55.0,2.0,203000,0,0,0,0,0,1,1,263,9.13108069099055,5.572154032177765,2026,0.005954314171267728,0.00021652051531882645,0,0,0,1,12.847380194737385,-3.716299503746834
PRESSTORA TV,incoming queen,SLr04dWTNCg,"INCOMING QUEEN - EKENE UMENWA, STEPHEN ODIMGBE, XIOLLA JOHN, Latest Nigerian Nollywood Movie",2026-01-16 15:00:53+00:00,773074,7602.0,491.0,26400,0,0,0,0,0,0,0,262,13.558131347442538,5.568344503761097,2026,0.009833470017100563,0.0006351267795838432,0,0,0,0,13.140251366186186,0.41787998125635184
AMAZON NOLLY TV,my destiny helper,IlYdtxZCDZc,"MY DESTINY HELPER - EKENE UMENWA, STEPHEN ODIMGBE, TRACY EDWIN- 2026 Latest Nigerian Nollywood Movie",2026-01-16 16:00:27+00:00,830379,7234.0,547.0,143000,0,0,0,0,0,0,0,262,13.629638706325299,5.568344503761097,2026,0.008711684664472488,0.0006587353485577068,0,0,0,0,13.62963870632524,5.861977570020827e-14
Omoni Oboli TV,pieces that fit,W0YCyyBMyAw,PIECES THAT FIT - Nigerian Movies 2026 Latest Full Movies,2026-01-16 17:00:56+00:00,4839805,61043.0,5005.0,2080000,0,0,0,0,0,0,0,262,15.392385195244856,5.568344503761097,2026,0.012612698238875326,0.0010341325735231067,0,0,0,0,15.050918205298833,0.34146698994602254
BOLAJI OGUNMOLA TV,with love hazel,bcBBID65ZAY,"WITH LOVE, HAZEL- NIGERIAN MOVIES 2026 LATEST FULL MOVIES",2026-01-16 17:01:08+00:00,3262024,42649.0,3739.0,751000,0,0,0,0,0,0,0,262,14.997858726143537,5.568344503761097,2026,0.013074397981130734,0.001146220873911412,0,0,0,0,14.761190662633233,0.23666806351030445
Sonia Uche Tv,colours of trouble,jGmxYWJX_5k,"COLOURS OF TROUBLE - SONIA UCHE, EBUBE OBI, OLISA JUDITH, 2026 Latest Nigerian Movie",2026-01-17 17:01:08+00:00,4410465,41747.0,4204.0,1510000,0,0,0,1,0,0,0,261,15.2994909107747,5.564520407322694,2026,0.00946544185250308,0.000953187475697007,0,0,0,0,15.163290988516618,0.13619992225808275
Clinton Joshua Tv,lost pages,xgxS2B8rcC4,"LOST PAGES - CLINTON JOSHUA, SOPHIA CHISOM, VERA AGANAGA, Latest New Nigerian Movie",2026-01-18 17:01:35+00:00,3668424,39572.0,2308.0,290000,0,0,0,0,0,0,0,260,15.115272972603906,5.560681631015528,2026,0.010787193628653612,0.0006291530095757742,0,0,0,0,15.11527297260388,2.6645352591003757e-14
Maurice Sam TV,man of the year,0OCFvXZyy8U,"MAN OF THE YEAR - MAURICE SAM, SARIAN MARTIN, 2026 Latest Full Nigerian Movie",2026-01-20 17:00:01+00:00,6567733,84559.0,7742.0,2830000,0,0,1,0,0,0,0,258,15.697679429903292,5.552959584921617,2026,0.012874914373041656,0.0011787933522876158,0,0,0,0,15.390888948646449,0.3067904812568436
NollyFamily tv,the driver and her boss,3yoycGfrvGM,"THE DRIVER AND HER BOSS - SONIA UCHE, EBUBE OBI, EMEKA MAICON 2026 Latest Nollywood New Movie",2026-01-21 17:00:07+00:00,2632045,27546.0,2261.0,1670000,0,0,0,1,0,0,0,257,14.783272048478267,5.54907608489522,2026,0.010465626537540202,0.0008590278661649022,0,0,0,0,13.629125244001862,1.1541468044764045
RuthKadiri247,love treaty,dWl2AUBMsv8,LOVE TREATY - MAURICE SAM PRISMA JAMES  DANIEL NSUDE,2026-01-22 16:02:48+00:00,3222027,39157.0,3751.0,4100000,0,0,1,0,0,0,0,256,14.985521532935797,5.545177444479562,2026,0.01215290871243475,0.0011641739811615484,0,0,0,0,15.727921407288196,-0.7423998743523992
Omoni Oboli TV,after the chase,fbgT7bprUyc,AFTER THE CHASE - Nigerian Movies 2026 Latest Full Movies,2026-01-23 17:01:10+00:00,2306095,29828.0,3584.0,2080000,0,0,0,0,0,0,0,255,14.65106660947367,5.541263545158426,2026,0.012934419440656174,0.001554142392225819,0,0,0,0,15.048041013060272,-0.3969744035866025
Uchenna Mbunabo Tv,borrowed days,6pOVIDkREsY,"BORROWED DAYS - NADIA BUARI, PEARL SHIM, BLOSSOM OKPALEKE latest 2026 nigerian movie",2026-01-26 17:00:09+00:00,4002197,50926.0,3742.0,3910000,0,0,0,0,0,0,0,252,15.202354268164324,5.529429087511423,2026,0.012724511062299033,0.0009349864586875659,0,0,0,0,15.214488036693284,-0.012133768528959976
Sonia Uche Tv,baby present,0PkepLL1wFE,"BABY PRESENT - CLINTON JOSHUA, CHISOM AGOAWUIKE, DETOLA JONES,  2026 Latest Nigerian Movie",2026-01-28 17:00:04+00:00,2912561,39540.0,3499.0,1510000,0,0,0,0,0,0,0,250,14.884543664183164,5.521460917862246,2026,0.013575681333369498,0.0012013482292731379,0,0,0,0,15.014517923972656,-0.12997425978949195
RuthKadiri247,heat above heart,vidTQmGaNGI,HEAT ABOVE HEART - TOOSWEET ANNAN GENEVIEVE UKATU EBUBE  E AKUEGBU,2026-01-29 16:00:21+00:00,5374120,68967.0,7039.0,4100000,0,0,0,0,0,0,0,249,15.497105583720993,5.517452896464707,2026,0.012833170826107344,0.0013097958363415777,0,0,0,0,15.25467237561161,0.2424332081093823
Uche Montana TV,a place with you,Ia47wPj0Z7o,"A PLACE WITH YOU - UCHE MONTANA, CHIDI DIKE, Latest 2026 Nigerian Movie",2026-01-31 17:00:00+00:00,12160963,138988.0,11574.0,1940000,0,0,0,0,1,0,0,247,16.313741707675884,5.5093883366279774,2026,0.01142902909909355,0.0009517338388415457,0,0,0,0,15.981304314501843,0.3324373931740414
NollyFamily tv,heart in disguise,LPkIhtmah6Y,"HEART IN DISGUISE - JOHN EKANEM, PRISMA JAMES, CHIOMA NWOSU 2026 Latest Nollywood New Movie",2026-02-01 17:00:30+00:00,2622001,26523.0,1747.0,1670000,0,0,0,0,0,0,0,246,14.779448706081999,5.5053315359323625,2026,0.010115556782777733,0.0006662850243001432,0,0,0,0,13.480279395923455,1.2991693101585433
Shine Nolly tv,campus big boys,T4pQIDeZlBk,"CAMPUS BIG BOYS  - Timini Egbuson, Bimbo Ademoye, Uche Montana, Chidi Dike Nigerian Movie",2026-02-03 17:00:47+00:00,217299,786.0,15.0,203000,0,0,0,0,1,1,1,244,12.289034166244521,5.497168225293202,2026,0.003617135835875913,6.902930984496017e-05,0,0,0,1,13.54763082892993,-1.2585966626854095
LE PRIME NOLLYFRANÇAIS PLUS TV,l autre femme uche montana saga adeolu ebube nwagbo,bp7HdAnzQa8,"L'AUTRE FEMME -UCHE MONTANA, SAGA ADEOLU, EBUBE NWAGBO. DERNIER FILM NOLLYWOOD 2026 #tendance #films",2026-02-03 21:30:06+00:00,238672,1523.0,23.0,48000,0,0,0,0,1,0,0,244,12.38284969323544,5.497168225293202,2026,0.006381142320841992,9.636656164108064e-05,0,0,0,0,12.382849693235457,-1.5987211554602254e-14
Maurice Sam TV,something borrowed,uT766VzbPyI,"SOMETHING BORROWED - MAURICE SAM, CHIOMA NWAOHA, 2026 Latest Full Nigerian Movie",2026-02-04 17:01:36+00:00,4458846,56365.0,6805.0,2830000,0,0,1,0,0,0,0,243,15.310400770394773,5.493061443340548,2026,0.012641163206802836,0.0015261796437912411,0,0,0,0,15.384525124138245,-0.07412435374347126
RuthKadiri247,make me rich,rI1A3jaD2Yw,MAKE ME RICH - QWASI BLAY SCARLET GOMEZ FRANCESS BEN,2026-02-05 16:02:24+00:00,1702624,22614.0,1717.0,4100000,0,0,0,0,0,0,0,242,14.347681735749642,5.488937726156687,2026,0.013281852011953314,0.0010084434378935102,0,0,0,0,15.251642806832482,-0.9039610710828399
BOLAJI OGUNMOLA TV,the bloom after,27lMHPNT5KI,THE BLOOM AFTER - NIGERIAN MOVIES 2026 LATEST FULL MOVIES,2026-02-06 16:00:02+00:00,4368140,51715.0,5446.0,751000,0,0,0,0,0,0,0,241,15.289848076105663,5.484796933490655,2026,0.011839135192553352,0.0012467549117015481,0,0,0,0,14.752314225714597,0.5375338503910658
Omoni Oboli TV,she said no,PqubFkp-R5Y,SHE SAID NO - Nigerian Movies 2026 Latest Full Movies,2026-02-07 17:00:41+00:00,2638258,29221.0,2551.0,2080000,0,0,0,0,0,0,0,240,14.78562978787974,5.480638923341991,2026,0.011075869001439587,0.000966925903380185,0,0,0,0,15.041600004308876,-0.25597021642913553
Uchenna Mbunabo Tv,symptoms of love,xwXnlJPfjFk,"SYMPTOMS OF LOVE - OMECHE OKO, KELVIN EZIKE latest 2026 nigerian movie",2026-02-09 18:31:25+00:00,3612361,39576.0,2594.0,3910000,0,0,0,0,0,0,0,238,15.099872409981119,5.472270673671475,2026,0.010955715666291381,0.0007180899140479039,0,0,0,0,15.208415292109843,-0.10854288212872376
Maurice Sam TV,her fifth sense,5Lai7WmbmaQ,"HER FIFTH SENSE - MAURICE SAM, PEARL WATS, Latest 2026 Nigerian Movie",2026-02-10 17:00:07+00:00,4493730,59829.0,7338.0,2830000,0,0,1,0,0,0,0,237,15.31819387234798,5.4680601411351315,2026,0.013313884011723,0.001632941899046004,0,0,0,0,15.381868883134565,-0.06367501078658577
ChinneyLoveEze Tv,hire a woman,x-gw7sI5hb4,HIRE A WOMAN - Uche Montana / Nancy Isime / uzo Arukwe / Erica nlewedim ,2026-02-11 16:01:31+00:00,1305912,11991.0,1161.0,829000,0,0,0,0,1,0,0,236,14.08241297097938,5.4638318050256105,2026,0.009182088839064195,0.0008890338705823976,0,0,0,0,15.57204274922272,-1.489629778243339
Blessing Obasi TV,choosing you,sv7wTBALl6o,CHOOSING YOU | Nigerian movies 2026 Latest full movies,2026-02-12 16:01:21+00:00,1783500,21154.0,1199.0,327000,0,0,0,0,0,0,0,235,14.394088844476189,5.459585514144159,2026,0.011860947574992991,0.000672273619287917,0,0,0,0,14.641620574974914,-0.247531730498725
Nolly Cinema Tv,jealous husband ik ogbonna bolaji ogunmola okawa shaznay,K-sl2_8MfG8,"JEALOUS HUSBAND -IK OGBONNA ,BOLAJI OGUNMOLA , OKAWA SHAZNAY ,Latest 2026 Nigerian Movie",2026-02-12 20:00:11+00:00,171139,863.0,97.0,11700,0,0,0,0,0,0,0,235,12.050237213972046,5.459585514144159,2026,0.005042684601405875,0.0005667907373538469,0,0,0,0,11.969659692750318,0.08057752122172879
Omoni Oboli TV,permission to break up,_qKp9JGq1V4,PERMISSION TO BREAK UP - Nigerian Movies 2026 Latest Full Movies,2026-02-13 17:01:04+00:00,4513640,59782.0,7082.0,2080000,0,0,0,0,0,0,0,234,15.32261470284689,5.455321115357702,2026,0.013244742602422878,0.0015690218980689643,0,0,0,0,15.038910136431651,0.28370456641523845
Uche Montana TV,beauty is the beast,nQ14h3EDlR0,"BEAUTY IS THE BEAST - UCHE MONTANA, KUNLE REMI, Latest 2026 Nigerian Movie",2026-02-14 17:00:00+00:00,7264955,72777.0,4971.0,1940000,0,0,0,0,1,0,0,233,15.798572798533218,5.4510384535657,2026,0.010017543123116385,0.0006842437427348139,0,0,0,0,15.975104983335951,-0.17653218480273303
NollyFamily tv,love at the buka,s0qxIJKLN9o,"LOVE AT THE BUKA - OMECHE OKO, STEPHEN ODIMGBE 2026 Latest Nollywood New Movie",2026-02-16 17:01:19+00:00,1544230,15977.0,803.0,1670000,0,0,0,0,0,0,0,231,14.250036609775153,5.442417710521793,2026,0.010346256710464114,0.0005200002590287716,0,0,0,0,13.473595172782563,0.7764414369925898
IBAKATV,without you,061B3-yAkSM,"WITHOUT YOU - Bambam, Uzor Arukwe, Modola Osifuwa, Alex Cross Latest 2026 Romantic Movie #trending",2026-02-17 16:00:01+00:00,6001379,67500.0,7344.0,1420000,1,1,0,0,0,0,0,230,15.607500000746384,5.438079308923196,2026,0.011247414969126263,0.0012237187486409374,1,0,0,0,14.994679989872223,0.6128200108741613
ENYINNA JONAS TV,love and you,3mKK1pc9COs,"LOVE AND YOU - DEYEMI OKANLAWON, DETOLA JONES, Latest 2026 Nigerian Movie",2026-02-17 16:01:41+00:00,1191314,3990.0,213.0,157000,0,0,0,0,0,0,0,230,13.990568296995013,5.438079308923196,2026,0.003349242936790804,0.00017879417181364442,0,0,0,0,14.312642730799908,-0.32207443380489487
Sonia Uche Tv,a fight for love,QczYID72-1c,"A FIGHT FOR LOVE - SONIA UCHE, ZUBBY MICHAEL, ANTHONY WOODE, CHISOM AGOAWUIKE, Latest Nigerian Movie",2026-02-18 17:00:47+00:00,2107720,29811.0,2903.0,1510000,0,0,0,1,0,0,0,229,14.56111782694279,5.43372200355424,2026,0.014143719279600706,0.0013773176702787846,0,0,0,0,15.149394429031394,-0.5882766020886052
RuthKadiri247,job hunt,VDu94-uBf64,JOB HUNT - DEZA THE GREAT FRANCESS NWABUNIKE OBY TITUS  DANIEL ETIM ,2026-02-19 18:36:38+00:00,2393447,32163.0,4204.0,4100000,0,0,0,0,0,0,0,228,14.688245562072119,5.429345628954441,2026,0.013437941178559626,0.0017564625412637089,0,0,0,0,15.245311497735727,-0.5570659356636085
BOLAJI OGUNMOLA TV,heart game,sLx75_9roCU,"HEART GAME-( LATEST NIGERIAN MOVIE 2026)  MICHEAL DAPPA, EKAMMA ETIM-INYANG",2026-02-20 16:01:11+00:00,1982659,25798.0,2822.0,751000,0,0,0,0,0,0,0,227,14.499949935413639,5.424950017481403,2026,0.01301181897643518,0.001423341078823943,0,0,0,0,14.745955843621479,-0.24600590820783985
Premium Nolly Tv,love found its way,eX1JOAC-QJ4,Love found its way - Uche montana / Daniel effiong / vine olugu,2026-02-20 16:05:53+00:00,1442879,9145.0,431.0,30300,0,0,0,0,1,0,0,227,14.182151674214856,5.424950017481403,2026,0.00633802280024867,0.0002987083462993085,0,0,0,0,13.547824731061034,0.6343269431538214
ChinneyLoveEze Tv,contract of the heart,bhUf70_uzJE,CONTRACT OF THE HEART - Micheal dappa/Ekama etim inyang,2026-02-22 15:11:46+00:00,2441986,27704.0,2853.0,829000,0,0,0,0,0,0,0,225,14.708322610133294,5.41610040220442,2026,0.011344864384971905,0.0011683113662404288,0,0,0,0,14.85875413478421,-0.1504315246509158
Maurice Sam TV,wild fire,BjO0Ttk0HYU,"WILD FIRE - MAURICE SAM, ONYII ALEX, AUDREY HARRISON, Latest 2026 Nigerian Movie",2026-02-24 17:00:21+00:00,3305072,45359.0,4245.0,2830000,0,0,1,0,0,0,0,223,15.010969118769832,5.407171771460119,2026,0.013724058053803367,0.0012843895685177207,0,0,0,0,15.375399852727703,-0.36443073395787096
Sonia Uche Tv,beautiful disaster,YAZwR40dtD0,"BEAUTIFUL DISASTER - SONIA UCHE, DERA OSADEBE, NY ADDAE, KOFI ADJORLOLO, Latest Nigerian Movie",2026-02-25 17:00:50+00:00,2439823,36004.0,2907.0,1510000,0,0,0,1,0,0,0,222,14.707436463520267,5.402677381872279,2026,0.01475680817829818,0.0011914798737449397,0,0,0,0,15.146096120952167,-0.4386596574319004
RuthKadiri247,wife market,vb4AVL36Ap0,WIFE  MARKET -  TOOSWEET ANNAN PRISMA JAMES OBY TITUS STEFFANIA BASSEY,2026-02-26 16:01:31+00:00,3653047,47607.0,8051.0,4100000,0,0,0,0,0,0,0,221,15.111072445576118,5.3981627015177525,2026,0.01303213454412166,0.0022039136096524354,0,0,0,0,15.241998495485223,-0.13092604990910495
NollyClips,you will miss a very big lesson if you choose to skip this uche montana classic stay,DzwepRalp9k,YOU WILL MISS A VERY BIG LESSON IF YOU CHOOSE TO SKIP THIS UCHE MONTANA 2026 CLASSIC MOVIE #stay,2026-02-27 13:12:58+00:00,1005035,4396.0,278.0,267000,0,0,0,0,1,0,0,220,13.820533919729282,5.393627546352362,2026,0.004373977025675723,0.00027660728233345105,0,0,0,0,13.437471350581554,0.38306256914772874
RuthKadiri247,wife market 2,fagqqtrR7Ro,WIFE MARKET 2 -(PART 2) OBY TITUS TOOSWEET ANNAN  PRISMA JAMES STEFFANIA BASSEY,2026-02-27 15:56:43+00:00,2760423,52971.0,8602.0,4100000,0,0,0,0,0,0,0,220,14.830894849082904,5.393627546352362,2026,0.01918945031250645,0.003116189076819024,0,0,0,0,15.241516661978737,-0.4106218128958332
Omoni Oboli TV,wheels of the heart,YDRZ3MTgAqM,WHEELS OF THE HEART - Nigerian Movies 2026 Latest Full Movies,2026-02-27 17:00:57+00:00,9979906,129680.0,13471.0,2080000,0,0,0,0,0,0,0,220,16.116084329606952,5.393627546352362,2026,0.012994110365368171,0.0013498123128614639,0,0,0,0,15.032355558341722,1.0837287712652302
Sarian Martin Tv,love on the line,PZqpFLN_XIw,"LOVE ON THE LINE - SARIAN MARTIN, DANIEL ETIM, Latest 2026 Nigerian Movie",2026-02-28 17:00:00+00:00,3502064,36560.0,2434.0,954000,0,0,0,0,0,0,0,219,15.068863352478072,5.389071729816501,2026,0.010439557929266855,0.0006950187089670548,0,0,0,0,14.907262059323322,0.16160129315474947
Uchenna Mbunabo Tv,throne and thorns,GOVRHQaKm4c,"THRONE AND THORNS  - CLINTON JOSHUA, PETER KOMBA, PAMELA OKOYE latest 2026 nigerian movie",2026-03-02 17:00:17+00:00,7588237,85148.0,8493.0,3910000,0,0,0,0,0,0,0,217,15.842109974858813,5.37989735354046,2026,0.011221051741003872,0.0011192323065291714,0,0,0,0,15.198601171286773,0.6435088035720398
Maurice Sam TV,half in half,_Q7xBLD2rhU,"HALF IN HALF - MAURICE SAM, OKAWA SHAZNAY, MICHELLE OLUWAFEMI, Latest 2026 Nigerian Movie",2026-03-03 17:00:56+00:00,2714294,34551.0,3107.0,2830000,0,0,1,0,0,0,0,216,14.814042809122181,5.375278407684165,2026,0.012729276931680945,0.0011446807162378135,0,0,0,0,15.372011370803406,-0.5579685616812249
RuthKadiri247,bond and currency,M1EH20iqbXU,BOND AND CURRENCY - RUTH KADIRI  ANTHON JEFFTA  DANIEL ETIM,2026-03-05 16:01:43+00:00,2779291,32790.0,3031.0,4100000,0,0,0,0,0,0,0,214,14.837706776972322,5.365976015021851,2026,0.01179797293626324,0.0010905659033185083,0,0,0,0,15.238578849750752,-0.40087207277843007
BOLAJI OGUNMOLA TV,a flicker of us,1Euf5dSqdrY,A FLICKER OF US ( 2 SISTERS ONE HUSBAND) - NIGERIAN MOVIES 2026 LATEST FULL MOVIES,2026-03-06 17:00:03+00:00,5173922,77015.0,11854.0,751000,0,0,0,0,0,0,0,213,15.45914175951455,5.3612921657094255,2026,0.014885226333137607,0.002291105277582461,0,0,0,0,14.739192572064917,0.7199491874496324
CHIOMA NWAOHA PREMIUM TV,caught between hearts,aOws8mNRIZs,"CAUGHT BETWEEN HEARTS | CHIOMA NWAOHA, IK OGBONNA, OLISA JUDITH, Nollywood movies ",2026-03-06 17:00:03+00:00,3553600,28174.0,3114.0,412000,0,0,0,0,0,0,0,213,15.083472013527032,5.3612921657094255,2026,0.007928298063935165,0.0008762944619540747,0,0,0,0,15.488293578991449,-0.4048215654644167
NollyClips,mend my heart,5dOxC9Y7F4U,"MEND MY HEART - FREDERICK LEONAR, MIWA OLORUNFEMI, UCHE MONTANA - 2026 NOLLYWOOD FULL MOVIE",2026-03-07 16:52:38+00:00,866437,5428.0,393.0,267000,0,0,0,0,1,0,0,212,13.672145833356234,5.356586274672012,2026,0.0062647370784026995,0.0004535817376220083,0,0,0,0,13.433535933783766,0.23860989957246836
Uche Montana TV,monica,-yVrN03f610,"MONICA - UCHE MONTANA, JOHN EKANEM, Latest 2026 Nigerian Movie",2026-03-07 17:00:00+00:00,28672591,345214.0,76407.0,1940000,0,0,0,0,1,0,0,212,17.17145224186507,5.356586274672012,2026,0.012039860646008586,0.002664809748097059,0,0,0,0,15.965069996021972,1.2063822458430966
Nolly MovieRoom,the universe kanayo o kanayo chimamanda augustine princess izuchukwu,43F5KQuRXq0,"THE UNIVERSE -KANAYO.O.KANAYO, CHIMAMANDA AUGUSTINE, PRINCESS IZUCHUKWU | 2026 latest Nigerian movie",2026-03-09 16:15:44+00:00,2998547,30848.0,3367.0,324000,0,0,0,0,0,0,0,210,14.913638729466577,5.3471075307174685,2026,0.010287649318153092,0.0011228771801809344,0,0,0,0,14.056036056778485,0.8576026726880919
Uchenna Mbunabo Tv,two shots at love,KeullW8pBMY,"TWO SHOTS AT LOVE - NADIA BUARI, KUNLE REMI, SOHIA ALAKIJA latest 2026 nigerian movie",2026-03-09 17:00:14+00:00,4610366,50319.0,5717.0,3910000,0,0,0,0,0,0,0,210,15.343818021348628,5.3471075307174685,2026,0.01091431786543628,0.0012400317024722116,0,0,0,0,15.195117445872384,0.14870057547624427
Maurice Sam TV,thug love 2,kHjps_KJjoU,"THUG LOVE 2 - MAURICE SAM, NADIA BUHARI, JERRY AMILO, Latest 2026 Nigerian Movie",2026-03-10 17:01:10+00:00,2053048,31238.0,5158.0,2830000,0,0,1,0,0,0,0,209,14.534836563227206,5.342334251964811,2026,0.015215426039722403,0.0025123621074616864,0,0,0,0,15.368511248428405,-0.8336746852011991
Nolly Cinema Tv,colours of trouble,kkktAaAhRm8,"COLOURS OF TROUBLE - MAURICE SAM, CHIOMA NWAOHA ,UCHE MONTANA ,New Trending 2026 Nigeria Movie",2026-03-10 20:00:39+00:00,727921,2851.0,216.0,11700,0,0,1,0,1,0,0,209,13.497949178581473,5.342334251964811,2026,0.003916633810537132,0.0002967354973960086,0,0,1,0,13.135723333283199,0.3622258452982745
BIODUNSTEPHEN TV,take two,jI2-0knJaHI,TAKE TWO - Nigerian Movies 2026 Latest Full Movies,2026-03-11 17:01:10+00:00,2048630,22296.0,1598.0,450000,0,0,0,0,0,0,0,208,14.532682323155543,5.337538079701318,2026,0.010883370838072273,0.0007800334857929446,0,0,0,0,14.53268232315554,1.7763568394002505e-15
TOPNOLLY TV,local trouble village wife bimbo ademoye chike daniels shan george,aiwBXgoLxQY,"LOCAL TROUBLE VILLAGE WIFE- BIMBO ADEMOYE, CHIKE DANIELS, SHAN GEORGE 2025 Latest Nollywood Movie",2026-03-11 18:00:00+00:00,1914911,8570.0,420.0,221000,0,0,0,0,0,0,1,208,14.465182226538401,5.337538079701318,2026,0.004475403817723121,0.0002193313422921483,0,0,0,0,14.218599406247847,0.24658282029055378
RuthKadiri247,risk management,pGFAwUhefaM,RISK MANAGEMENT - QWASI BLAY  GLORIA GEMADAFE MORGAN NWABI  ANNABEL APARA,2026-03-12 16:27:53+00:00,4038626,59298.0,3881.0,4100000,0,0,0,0,0,0,0,207,15.21141534068958,5.332718793265369,2026,0.014682716349570375,0.0009609703894344264,0,0,0,0,15.23504546595449,-0.023630125264910262
TANA ADELANA TV,ikenna and the ghost,hmpIqtrayCM,IKENNA AND THE GHOST | Full Nigerian Comedy Movie | Nollywood 2026,2026-03-12 17:30:06+00:00,903552,10302.0,1252.0,54000,0,0,0,0,0,0,0,207,13.714090048057642,5.332718793265369,2026,0.011401668083297917,0.0013856424422722766,0,0,0,0,13.71409004805763,1.2434497875801753e-14
IBAKATV,where is my husband,0R4DvSLHCro,"WHERE IS MY HUSBAND - Frederick Leonard, Sultana Farida Nigerian Movie 2026 #trending #africanmovies",2026-03-13 16:00:02+00:00,2350864,24352.0,1988.0,1420000,0,0,0,0,0,0,0,206,14.67029390350002,5.327876168789581,2026,0.010358744699821003,0.0008456465367626541,0,0,0,0,14.405105304898125,0.26518859860189536
Nolly MovieRoom,the universe,mfumLLVMy1I,"THE UNIVERSE (full movie) -KANAYO.O.KANAYO, CHIMAMANDA AUGUSTINE, PRINCESS IZUCHUKWU |Nigerian movie",2026-03-13 18:33:28+00:00,2862798,23274.0,1680.0,324000,0,0,0,0,0,0,0,206,14.86731037553815,5.327876168789581,2026,0.008129808669700063,0.0005868384706151116,0,0,0,0,14.053992837921733,0.8133175376164168
ChinneyLoveEze Tv,sister mi,0d4H6hw45KI,SISTER MI - Wunmi Toriola/ Micheal dappa / Bolaji ogunmola,2026-03-14 17:04:50+00:00,2918091,27654.0,2746.0,829000,0,0,0,0,0,0,0,205,14.886440536011996,5.3230099791384085,2026,0.009476743528560282,0.0009410261708767821,0,0,0,0,14.848863826000844,0.037576710011151704
NOLLYWOOD SERIES TV,love security,Jq6ZPBdfzi8,LOVE & SECURITY (Full Movie) - MAURICE SAM/SONIA UCHE/TOOSWEET 2026 Trending Nollywood Full Movie,2026-03-16 17:00:27+00:00,79631,507.0,44.0,93300,0,0,1,1,0,0,0,203,11.285171301098336,5.313205979041787,2026,0.0063668671748439674,0.0005525486305584509,0,1,0,0,12.088579302988846,-0.8034080018905101
NOLLWOOD FLIX TV,love found her,Hyjc7DPWknI,"LOVE FOUND HER - MAURICE SAM, SONIA UCHE - Latest Nigerian New Movies 2026",2026-03-17 14:01:50+00:00,756765,4382.0,288.0,72000,0,0,1,1,0,0,0,202,13.536809369706374,5.308267697401205,2026,0.005790436925597775,0.00038056728310638046,0,1,0,0,12.898220612729196,0.6385887569771782
Sonia Uche Tv,my crazy wife,oq8j3PS25gQ,"MY CRAZY WIFE - SONIA UCHE, TIMINI EGBUSON, Latest 2026 Nigerian Movie",2026-03-18 17:01:29+00:00,11155427,106436.0,9838.0,1510000,0,0,0,1,0,1,0,201,16.227436753557363,5.303304908059076,2026,0.009541185648922269,0.0008819025932400436,0,0,0,0,15.65586229579379,0.5715744577635729
NollyClips,table for two,pexc1JMyRNo,"TABLE FOR TWO - UCHE MONTANA, RAY EMODI, EBUBE NWAGBO - LATEST 2026 NOLLYWOOD CLASSIC MOVIE",2026-03-18 17:01:53+00:00,269465,1079.0,92.0,267000,0,0,0,0,1,0,0,201,12.504197501817671,5.303304908059076,2026,0.004004230605087859,0.00034141725270443285,0,0,0,0,13.427875102617191,-0.92367760079952
RuthKadiri247,managing director prisma james van vicker stefania bassey,j9wT5Pw-ofs,MANAGING DIRECTOR- PRISMA JAMES VAN VICKER STEFANIA BASSEY ,2026-03-19 16:29:31+00:00,3855297,44394.0,3608.0,4100000,0,0,0,0,0,0,0,200,15.164958864196834,5.298317366548036,2026,0.01151506615443635,0.0009358552661442167,0,0,0,0,15.231390517124991,-0.06643165292815745
Ik Ogbonna tv,kime,SGMinyNY7ao,KIME - IK OGBONNA  CHIOMA NWOHA  ( KING IN MY EYES ) LATEST NIGERIAN MOVIE 2026,2026-03-20 16:00:48+00:00,851960,10039.0,693.0,274000,0,0,0,0,0,0,0,199,13.655296030115874,5.293304824724492,2026,0.01178341706183389,0.0008134184703507207,0,0,0,0,14.018067314138495,-0.36277128402262093
Omoni Oboli TV,plus one,fY28a7s3ThU,PLUS ONE - Nigerian Movies 2026 Latest Full Movies,2026-03-20 17:01:08+00:00,4044567,48329.0,4099.0,2080000,0,0,0,0,0,0,0,199,15.212885304254675,5.293304824724492,2026,0.011949115937503323,0.0010134583009751106,0,0,0,0,15.02169686046274,0.19118844379193511
NollyFamily tv,love agreement,NDTGOkkfUSw,"LOVE AGREEMENT - MAURICE SAM, SOPHIE ALAKIJA 2026 Latest Nollywood New Movie",2026-03-22 16:00:24+00:00,2773889,26062.0,1203.0,1670000,0,0,1,0,0,0,0,197,14.835761225141333,5.2832037287379885,2026,0.009395473286782564,0.00043368714465503126,0,0,0,0,13.92698308746856,0.9087781376727726
Uche Montana TV,wings to fly,G8DHZC-JJgU,"WINGS TO FLY - UCHE MONTANA, BLOSSOM CHUKWUJEKWU, MICHAEL DAPPA, Latest 2026 Nigerian Movie",2026-03-22 17:00:00+00:00,7512228,91631.0,8747.0,1940000,0,0,0,0,1,0,0,197,15.832042783963631,5.2832037287379885,2026,0.01219757973267052,0.0011643682806219407,0,0,0,0,15.957273533027251,-0.1252307490636202
Uchenna Mbunabo Tv,love me twice,YkZtBBbQW8U,"LOVE ME TWICE - UCHE MONTANA, REGINA DANIELS, CHIKE DANIELS latest 2026 nigerian movies",2026-03-23 17:30:05+00:00,12285389,128635.0,11699.0,3910000,0,0,0,0,1,0,0,196,16.323921309465266,5.278114659230517,2026,0.01047056792422283,0.0009522693990397862,0,0,0,0,15.896004794129052,0.42791651533621433
Maurice Sam TV,swapped,i-Dd_zjzRcs,"SWAPPED - MAURICE SAM, CHINENYE NNEBE, Latest 2026 Nigerian Movie",2026-03-24 17:00:57+00:00,4129164,55015.0,6851.0,2830000,0,0,1,0,0,0,0,195,15.233585765319495,5.272999558563747,2026,0.013323520208933334,0.0016591736244915437,0,0,0,0,15.361144845907596,-0.12755908058810128
NollyFamily tv,whispers at sunshine,LzPKwdfsg7M,"WHISPERS AT SUNSHINE - OMECHE OKO, BRIGHT MORGAN, THELMA CHUKWUNWEM 2026 Latest Nollywood New Movie",2026-03-25 16:04:41+00:00,2153669,25178.0,1161.0,1670000,0,0,0,0,0,0,0,194,14.582683921619022,5.267858159063328,2026,0.01169074727824935,0.0005390800536201246,0,0,0,0,13.455049249279929,1.1276346723390933
Sonia Uche Tv,renewed,2qRkUTMVGq8,"RENEWED - SONIA UCHE, NADIA BUARI, ANTHONY WOODE, Latest 2026 Nigerian Movie",2026-03-25 17:00:04+00:00,3785601,48141.0,5343.0,1510000,0,0,0,1,0,0,0,194,15.146715481083902,5.267858159063328,2026,0.012716871112407251,0.0014114007260670103,0,0,0,0,15.131772373142272,0.014943107941629563
Nolly MovieRoom,ulaga,BXDlxEqwa3o,"ULAGA - YUL EDOCHIE , LIZZYGOLD ONUWAJE | latest Nigerian movie ",2026-03-25 18:28:32+00:00,283698,1911.0,122.0,324000,0,0,0,0,0,0,0,194,12.555669095940537,5.267858159063328,2026,0.006736036207516443,0.00043003475526792577,0,0,0,0,14.047616278129597,-1.49194718218906
RuthKadiri247,who is the boss,brwD_czet0g,WHO IS THE BOSS - RUTH KADIRI DEZA THE GREAT ANTON JEFTA ,2026-03-26 16:01:32+00:00,5564802,43111.0,4149.0,4100000,0,0,0,0,0,0,0,193,15.531972142244888,5.262690188904886,2026,0.007747086059845435,0.0007455790879891145,0,0,0,0,15.2276053394841,0.30436680276078754
WATCH TIMINI TV,everything we built,UEx-7WMk0I8,"EVERYTHING WE BUILT - TIMINI EGBUSON, WOLE OJO, MARTHA EHINOME - 2026 ROMANTIC MOVIE",2026-03-26 17:00:52+00:00,4082118,58039.0,6281.0,188000,0,0,0,0,0,1,0,193,15.222126774303291,5.262690188904886,2026,0.014217864353749696,0.0015386620376970975,0,0,0,0,15.551891680974062,-0.3297649066707713
Omoni Oboli TV,two stubborn hearts,zXSc27Sgb8Q,TWO STUBBORN HEARTS - Nigerian Movies 2026 Latest Full Movies,2026-03-27 17:13:54+00:00,2749626,30177.0,3729.0,2080000,0,0,0,0,0,0,0,192,14.826975824079675,5.2574953720277815,2026,0.01097494713826535,0.0013561844410839873,0,0,0,0,15.017892317171722,-0.19091649309204684
IBAKATV,love in ghetto,DbtiUaWiie4,"LOVE IN GHETTO - Etim Effiong, Sophia Alakija, Modola Osifuwa, Latest 2026 Romantic Movie #trending",2026-03-27 17:21:49+00:00,2415087,23555.0,1376.0,1420000,0,0,0,0,0,0,0,192,14.697246283328324,5.2574953720277815,2026,0.009753271828302665,0.0005697517315111215,0,0,0,0,14.397627760060889,0.2996185232674353
ChinneyLoveEze Tv,when grace meets desire,SrZT5JXGHq8,WHEN GRACE MEETS DESIRE - Latest Nollywood movie 2026,2026-03-29 18:10:45+00:00,2204853,22989.0,1907.0,829000,0,0,0,0,0,0,0,190,14.606171851518969,5.247024072160486,2026,0.010426545443165599,0.0008649102683943102,0,0,0,0,14.840790771239208,-0.23461891972023885
Uchenna Mbunabo Tv,when love prays,kSpZQSt3HKg,"WHEN LOVE PRAYS - UCHE MONTANA, UZEE USMAN, PATIENCE OZOKWOR, OCHANYA latest 2026 nigerian movie",2026-03-30 18:35:07+00:00,12421493,135916.0,24176.0,3910000,0,0,0,0,1,0,0,189,16.334938917090433,5.241747015059643,2026,0.010942001899449607,0.0019463038782858066,0,0,0,0,15.89214094628384,0.442797970806593
JOYON TV,the man i chose to hurt,jDMgCPnxCYw,THE MAN I CHOSE TO HURT - LATEST NIGERIAN MOVIE 2026,2026-04-01 16:01:56+00:00,1248047,9780.0,433.0,29700,0,0,0,0,0,0,0,187,14.037091288710345,5.231108616854587,2026,0.007836243346604736,0.0003469420622781033,0,0,0,0,14.037091288710359,-1.4210854715202004e-14
Nolly MovieRoom,my caregiver,czR-M8W2GZY,"MY CAREGIVER - LIZZYGOLD ONUWAJE, PRISMA JAMES, KENNEDY SAMARIO | 2026 latest Nigerian movie",2026-04-01 17:02:58+00:00,505351,6407.0,535.0,324000,0,0,0,0,0,0,0,187,13.133010495148088,5.231108616854587,2026,0.012678316655156514,0.0010586701124564906,0,0,0,0,14.043711855868738,-0.9107013607206493
Omoni Oboli TV,the anchor,3oKgYl34ES4,THE ANCHOR - Nigerian Movies 2026 Latest Full Movies,2026-04-02 15:00:08+00:00,3430653,41506.0,4000.0,2080000,0,0,0,0,0,0,0,186,15.048261471520739,5.225746673713202,2026,0.01209857132155307,0.0011659587839399671,0,0,0,0,15.014519205100047,0.03374226642069189
EKENE UMENWA TV,susana,FF26s-_A6Is,"SUSANA (2026) - PATIENCE OZOKWOR, EKENE UMENWA,ONNY MICHAEL,Latest Nigerian Nollywood Movie",2026-04-02 15:01:21+00:00,5061053,44078.0,4065.0,939000,0,0,0,0,0,0,0,186,15.43708531996739,5.225746673713202,2026,0.008709254773660738,0.0008031925372052022,0,0,0,0,14.274027586566792,1.1630577334005974
NOLLWOOD FLIX TV,my village dirty wife,SZaJGtjYSY0,"MY VILLAGE DIRTY WIFE - MAURICE SAM, SONIA UCHE - Latest Nigerian New Movies 2026",2026-04-03 14:00:18+00:00,201655,1376.0,149.0,72000,0,0,1,1,0,0,0,185,12.214318554384024,5.220355825078324,2026,0.0068235352458406685,0.0007388857206615259,0,1,0,0,12.888880494440329,-0.6745619400563054
Bimbo Ademoye TV,mirrors and reflections,MkSYwS5a7lg,"MIRRORS AND REFLECTIONS! STARRING BIMBO ADEMOYE, SONIA UCHE, CLINTON JOSHUA. LATEST 2026 MOVIE  .",2026-04-03 19:28:25+00:00,16813364,252909.0,23793.0,1840000,0,0,0,1,0,0,1,185,16.637684663816962,5.220355825078324,2026,0.01504214147745805,0.0014151243023109474,0,0,0,0,16.081865484645686,0.5558191791712765
Uche Nancy tv,forever after,DQJmANbZ4TA,"FOREVER & AFTER - BRYAN OKWARA, PRISMA JAMES, SAMUEL ONOT | Nollywood Movies 2026 Latest Full Movies",2026-04-05 15:00:00+00:00,381410,5256.0,371.0,2360000,0,0,0,0,0,0,0,183,12.851632812844253,5.209486152841421,2026,0.013780446238955454,0.0009727065362733017,0,0,0,0,13.500027199807791,-0.6483943869635382
BOLAJI OGUNMOLA TV,beautiful sin,7ORzPb4msso,BEAUTIFUL SIN- NIGERIAN MOVIES 2026 LATEST FULL MOVIES,2026-04-05 15:00:09+00:00,1949961,22950.0,2704.0,751000,0,0,0,0,0,0,0,183,14.483320443170564,5.209486152841421,2026,0.01176946615855394,0.0013866944005546777,0,0,0,0,14.723064077930012,-0.2397436347594475
Naija Drama,housemaid gateman,2IB1KfMRuyw,Housemaid & Gateman - Ekene Umenwa / Stephen Odimgbe - 2026 Latest Nigerian Movie,2026-04-06 11:00:02+00:00,222096,1262.0,70.0,522000,0,0,0,0,0,0,0,182,12.310869502362207,5.204006687076795,2026,0.0056822275052229665,0.0003151790216843167,0,0,0,0,12.310869502362149,5.861977570020827e-14
Uchenna Mbunabo Tv,face of love,8AGdJ9kWKlY,"FACE OF  LOVE - SONIA UCHE, CHIKE DANIELS,  FAITH DUKE latest 2026 nigerian movies",2026-04-06 17:00:22+00:00,2753791,31429.0,2458.0,3910000,0,0,0,1,0,0,0,182,14.828489428911569,5.204006687076795,2026,0.011412993941806041,0.000892587709089034,0,0,0,0,15.324112072238245,-0.4956226433266764
Maurice Sam TV,free jemimah,gQ_-ZUxtLDc,"FREE JEMIMAH - MAURICE SAM, SARIAN MARTIN, Latest 2026 Nigerian Movie",2026-04-08 17:00:52+00:00,3569896,46773.0,5313.0,2830000,0,0,1,0,0,0,0,180,15.088047301798992,5.19295685089021,2026,0.013102062356998635,0.0014882786501343457,0,0,0,0,15.352640779982506,-0.26459347818351375
RuthKadiri247,leverage ruth kadiri van vicker samara adaeze,QOT0BHQglS4,LEVERAGE- RUTH KADIRI VAN VICKER SAMARA ADAEZE,2026-04-09 16:00:58+00:00,5836922,55862.0,7869.0,4100000,0,0,0,0,0,0,0,179,15.579714332390848,5.187385805840755,2026,0.009570455113157243,0.0013481420515812957,0,0,0,0,15.219604692621457,0.3601096397693908
NollyFamily tv,special assistant,qDn-EIjeyZY,"SPECIAL ASSISTANT - JOHN EKANEM, OMECHE OKO, THELMA CHUKWUNWEM 2026 Latest Nollywood New Movie",2026-04-11 16:01:26+00:00,3438245,37807.0,1794.0,1670000,0,0,0,0,0,0,0,177,15.050472015593742,5.176149732573829,2026,0.010996016863254365,0.0005217778256057959,0,0,0,0,13.445305769487442,1.6051662461063003
Uche Nancy tv,when hearts align,2r0tFlnL3kk,WHEN HEARTS ALIGN - VICTORY MICHAEL/CYNTHIA CLARKE/ANITA | Nollywood Movies 2026 Latest Full Movies,2026-04-12 15:00:00+00:00,2923798,32619.0,2877.0,2360000,0,0,0,0,0,0,0,176,14.888394356038935,5.170483995038151,2026,0.01115637947628393,0.000983994106295989,0,0,0,0,13.495883450416747,1.3925109056221885
Uchenna Mbunabo Tv,married to a mirage,QXUcErbRNS0,"MARRIED TO A MIRAGE - NADIA BUARI, JOSEPH MOMODU, OCHANYA latest 2026 nigerian movies",2026-04-13 17:12:15+00:00,3105034,33608.0,5216.0,3910000,0,0,0,0,0,0,0,175,14.948535545427893,5.1647859739235145,2026,0.010823714007640496,0.0016798527810001436,0,0,0,0,15.175746855051484,-0.22721130962359126
ENYINNA JONAS TV,can t see you,F2yX6jT0efo,"CAN'T SEE YOU - MICHAEL DAPPA, MIWA OLORUNFEMI - Nigerian Movies 2026 Latest Full Movies",2026-04-14 17:00:15+00:00,1253312,10299.0,1058.0,157000,0,0,0,0,0,0,0,174,14.041301003162111,5.159055299214529,2026,0.008217427105142215,0.0008441633049073176,0,0,0,0,14.282998074313229,-0.24169707115111727
NollywoodTVNOLLY,powered by you,3hNeGjK9UR8,"Powered by you | Sonia uche, Maurice Sam | Full 2026 Latest New Nigerian Movie",2026-04-15 13:00:26+00:00,2582633,14789.0,783.0,913000,0,0,1,1,0,0,0,173,14.764320366335522,5.153291594497779,2026,0.0057263265822128035,0.0003031789650329722,0,1,0,0,12.942161269536422,1.8221590967990995
Sonia Uche Tv,game for two,r3tyijda2SY,"GAME FOR TWO - SONIA UCHE, DEZA THE GREAT, Latest 2026 Nigerian Movie",2026-04-15 17:01:18+00:00,3859899,41747.0,4170.0,1510000,0,0,0,1,0,0,0,173,15.166151834369677,5.153291594497779,2026,0.010815567972115333,0.001080339148770473,0,0,0,0,15.119600350903216,0.04655148346646065
RuthKadiri247,compliance van vicker francess nwabunike miracle echeji,4Cr1Q3hkCv4,COMPLIANCE- VAN VICKER FRANCESS NWABUNIKE MIRACLE ECHEJI,2026-04-16 16:00:29+00:00,2939750,38574.0,3921.0,4100000,0,0,0,0,0,0,0,172,14.893835441850584,5.147494476813453,2026,0.013121523939110468,0.0013337868866400205,0,0,0,0,15.215366474028562,-0.32153103217797785
Mobtv Studios (Nollywood Movies),billionaires secretary i chidi dike,p_RoYVWUceI,BILLIONAIRES' SECRETARY I CHIDI DIKE | ANGEL UNIGWE | DONALD IHEONUNEKWU | CHRIS AKWARANDU | MOVIES,2026-04-17 16:00:20+00:00,2350753,20385.0,988.0,132000,0,0,0,0,0,0,0,171,14.670246685722477,5.14166355650266,2026,0.008671689454400356,0.00042029085999252156,0,0,0,0,14.670246685722319,1.580957587066223e-13
BOLAJI OGUNMOLA TV,between salt and sugar,gdJDzKk8Z10,BETWEEN SALT AND SUGAR - NIGERIAN MOVIES 2026 LATEST FULL MOVIES,2026-04-17 16:01:24+00:00,2357399,31926.0,3576.0,751000,0,0,0,0,0,0,0,171,14.673069874774606,5.14166355650266,2026,0.01354289197543564,0.001516926069791325,0,0,0,0,14.715858326809895,-0.042788452035289026
NOLLYWOOD+,village baddie vs city baddie,vf4z7PJODFo,"VILLAGE BADDIE Vs CITY BADDIE - Bimbo Ademoye, Onyi Alex, Daniel Etim-Effiong | Nigerian Love Movie",2026-04-17 16:01:46+00:00,7061,44.0,2.0,127000,0,0,0,0,0,0,1,171,8.862483576488332,5.14166355650266,2026,0.006231411981305764,0.000283245999150262,0,0,0,0,11.488375449685783,-2.6258918731974514
Uchenna Mbunabo Tv,heaven sent,ewwDbIEefjs,"HEAVEN SENT - MAURICE SAM, AUDREY HARRISON, INEM KING latest 2026 nigerian movie",2026-04-17 17:00:24+00:00,5038231,54151.0,4701.0,3910000,0,0,1,0,0,0,0,171,15.432565784854273,5.14166355650266,2026,0.010748018500938128,0.0009330655938562563,0,0,0,0,15.643593696338414,-0.21102791148414113
NollywoodTVNOLLY,let me know you,cnDyDG3iqNI,"Let Me Know You | Uche Montana, Maurice Sam, Chike Daniel | Full 2026 Latest Nigerian Movie",2026-04-18 13:00:50+00:00,4903628,23052.0,1289.0,913000,0,0,1,0,1,0,0,170,15.40548610120784,5.135798437050262,2026,0.004701009130382647,0.0002628665959163297,0,0,1,0,13.50432191129672,1.9011641899111194
NollyFamily tv,a taste of karma,O_uEVCkgT34,"A TASTE OF KARMA - CHIOMA NWOSU, BRIGHT MORGAN, PRISMA JAMES 2026 Latest Nollywood New Movie",2026-04-18 16:00:40+00:00,3454563,36560.0,4130.0,1670000,0,0,0,0,0,0,0,170,15.055206813298932,5.135798437050262,2026,0.010583104143707901,0.0011955202438050775,0,0,0,0,13.441018682165323,1.6141881311336093
Uche Nancy tv,four sisters,P-uNk_PQ5Jg,FOUR SISTERS - PRISMA JAMES/BRYAN/ANITA/NANCY/KRYSTAL | Nollywood Movies 2026 Latest Full Movies,2026-04-19 15:00:00+00:00,464921,6802.0,433.0,2360000,0,0,0,0,0,0,0,169,13.049624928563757,5.1298987149230735,2026,0.014630442591321966,0.0009313410235287286,0,0,0,0,13.491571503610865,-0.4419465750471083
ChinneyLoveEze Tv,love in overdrive,xNZLTdz77aM,LOVE IN OVERDRIVE - The best Romantic Movie of 2026,2026-04-19 16:14:50+00:00,3421134,37882.0,4907.0,829000,0,0,0,0,0,0,0,169,15.045482925326704,5.1298987149230735,2026,0.011072936634460972,0.001434319731410696,0,0,0,0,14.828346892360083,0.21713603296662143
Nolly MovieRoom,pa abraham,FnCI9P4cEMM,"PA ABRAHAM - ALEX USIFO, OSITA IHEME, PRINCESS IZUCHUKWU, GINA KINGS | 2026 latest Nigerian Movie",2026-04-20 16:13:21+00:00,2196731,22798.0,1949.0,324000,0,0,0,0,0,0,0,168,14.60248135940168,5.123963979403259,2026,0.010378148257569999,0.0008872274302133489,0,0,0,0,14.03232836964133,0.5701529897603486
Uchenna Mbunabo Tv,before graduation,hzHvU6agizo,"BEFORE GRADUATION -  OMECHE OKO, JOSEPHINE SUNDAY(JOJO), CHIDIMMA UGWU latest 2026 nigerian movie",2026-04-21 16:00:29+00:00,6428993,58421.0,4594.0,3910000,0,0,0,0,0,0,0,167,15.676328629852273,5.117993812416755,2026,0.009087115198289997,0.0007145753619579303,0,0,0,0,15.170775463680593,0.5055531661716799
Maurice Sam TV,professor madu,R8AUxXXo0Z8,"PROFESSOR MADU - MAURICE SAM, OSAS IGHODARO, BIBI SONYE, Latest Nigerian Movie",2026-04-22 17:00:37+00:00,2753196,37464.0,5365.0,2830000,0,0,1,0,0,0,0,166,14.828273339864607,5.111987788356544,2026,0.01360745838654422,0.0019486444118035913,0,0,0,0,15.344038294313386,-0.5157649544487786
Shine Nolly tv,odogwu aka gum,OkAEBayjISk,"ODOGWU AKA GUM - Bimbo Ademoye, Uzor Arukwe, Sonia Uche, Stan Nze 2026 Nigerian Movie",2026-04-22 17:15:01+00:00,886278,4701.0,382.0,203000,1,0,0,1,0,0,1,166,13.694787078436981,5.111987788356544,2026,0.0053042047754767695,0.00043101600175114355,0,0,0,0,12.745950552836872,0.9488365256001092
Uchenna Mbunabo Tv,love and rules,HsQvAkodl2c,"LOVE AND RULES - SARIAN MARTIN, UZOR ARUKWE latest 2026 nigerian movies",2026-04-24 17:00:27+00:00,6230325,55666.0,4561.0,3910000,1,0,0,0,0,0,0,164,15.644939216842436,5.099866427824199,2026,0.008934686392764422,0.000732064539169305,0,0,0,0,15.492435512145025,0.15250370469741092
NOLLYWOOD SERIES TV,mr lecturer my love,MgB5vSMrpKE,"MR LECTURER MY LOVE (Full Movie) - MAURICE SAM, SONIA UCHE 2026 Trending Nollywood Full Movie",2026-04-25 17:00:32+00:00,88970,608.0,27.0,93300,0,0,1,1,0,0,0,163,11.396065752919382,5.093750200806762,2026,0.006833764190176464,0.00030347308081375745,0,1,0,0,12.06526342000592,-0.6691976670865376
Love Story Media,she could buy any man,fnVBWWKa8MM,She Could Buy Any Man... Until She Fell in Love | WHEN MOREMI FALLS (Full Movie),2026-04-25 17:00:50+00:00,3083037,34970.0,3717.0,209000,0,0,0,0,0,0,0,163,14.941426032449154,5.093750200806762,2026,0.011342711748188556,0.0012056293842727156,0,0,0,0,14.941426032449183,-2.842170943040401e-14
ENYINNA JONAS TV,my foreign asset,-FyID5i1U1k,"MY FOREIGN ASSET - UZOR ARUKWE, CYNTHIA CLARKE,TERSY AKPATA, Nigerian Movies 2026 Latest Full Movies",2026-04-26 17:00:02+00:00,2485490,17212.0,2407.0,157000,1,0,0,0,0,0,0,162,14.725980783508499,5.087596335232384,2026,0.006924992657383454,0.0009684207138230289,0,0,0,0,14.598991956799518,0.12698882670898115
NollyFamily tv,a place in your heart,NmELGPJbLY8,"A PLACE IN YOUR HEART - NADIA BUARI, JOHN EKANEM 2026 Latest Nollywood New Movie",2026-04-27 16:00:29+00:00,1476949,12152.0,559.0,1670000,0,0,0,0,0,0,0,161,14.205489708536991,5.081404364984463,2026,0.00822777225212245,0.0003784829401692272,0,0,0,0,13.435239632602578,0.7702500759344133
Premium Nolly Tv,between two lovers,bGyplaKAX1s,Between two lovers - Uche montana/ Daniel etim effiong / sonia uche,2026-04-27 16:49:38+00:00,1068660,5758.0,282.0,30300,0,0,0,1,1,0,0,161,13.881917020911763,5.081404364984463,2026,0.005388056070218778,0.0002638818707540284,0,0,0,0,13.65552327789135,0.22639374302041304
Uduak Isong TV,two brides and a groom,k8c19b8nHX0,"Two Brides and A groom - New Nollywood Movie starring Debby Felix, Inem King, Symon Oko",2026-04-29 14:58:24+00:00,285193,4558.0,297.0,814000,0,0,0,0,0,0,0,159,12.560924929432817,5.0689042022202315,2026,0.01598215944991637,0.0010414000343626948,0,0,0,0,14.270484779310591,-1.709559849877774
RuthKadiri247,bank and bond,S4PuY_9T62M,BANK AND BOND - YUSUF MUHAMMAD AWWAL EJIRO  OGHENE  METITIRI  STEPHANIA BASSEY #yusufmuhammed,2026-04-30 16:00:53+00:00,2235901,23751.0,3281.0,4100000,0,0,0,0,0,0,0,158,14.620155284031881,5.062595033026967,2026,0.010622563342473572,0.0014674173856534794,0,0,0,0,15.206346408516678,-0.586191124484797
Ik Ogbonna tv,seed of the ghetto,2SYJwIyda3c,"SEED OF THE GHETTO - IK OGBONNA, REGINA DANIELS, BRODA SHAGGI, ISABEL IDIBIA. LATEST NIG MOVIE 2026",2026-05-01 16:00:08+00:00,3519374,35175.0,2471.0,274000,0,0,0,0,0,0,0,157,15.07379397499102,5.056245805348308,2026,0.009994675189394477,0.0007021135008669155,0,0,0,0,13.992881190536394,1.0809127844546254
Omoni Oboli TV,love edited,AKPM_o28w4M,LOVE EDITED - Nigerian Movies 2026 Latest Full Movies,2026-05-01 18:00:23+00:00,3974753,50593.0,5009.0,2080000,0,0,0,0,0,0,0,157,15.19547341736305,5.056245805348308,2026,0.012728589675886779,0.0012602040931851614,0,0,0,0,14.996510736860639,0.19896268050241162
MAGIC THEATRE Tv,the commander s wife,PyH3AJi6UVo,"THE COMMANDER'S WIFE | BIMBO ADEMOYE, SEGUN ARINZE, BOLAJI OGUNMOLA - A  Nigerian Movie.",2026-05-01 19:00:06+00:00,400230,2123.0,137.0,49600,0,0,0,0,0,0,1,157,12.899797159401166,5.056245805348308,2026,0.005304449941283762,0.0003423031756739875,0,0,0,0,12.899797159401231,-6.572520305780927e-14
Uche Montana TV,monica 2,7jteLIoNDaQ,"MONICA 2 - UCHE MONTANA, BLESSING ONWUKWE, JOSEPH MOMODU, Latest 2026 Nigerian Movie",2026-05-02 17:00:00+00:00,27964829,506668.0,96955.0,1940000,0,0,0,0,1,0,0,156,17.14645820719199,5.049856007249537,2026,0.01811804391866655,0.0034670335370189462,0,0,0,0,15.932481712951635,1.213976494240356
NOLLYWOOD SERIES TV,loyalty of a poor man,1gfbXfGH6Ns,LOYALTY OF A POOR MAN (Full Movie) - SONIA UCHE/EBUBE/MAURICE SAM 2026 Trending Nollywood Full Movie,2026-05-03 17:00:01+00:00,1139413,6478.0,194.0,93300,0,0,1,1,0,0,0,155,13.946024653121631,5.043425116919247,2026,0.005685383614194326,0.00017026310916234939,0,1,0,0,12.059916676454831,1.8861079766667999
Maurice Sam TV,my dear criminal,PtVt354WmDE,"MY DEAR CRIMINAL - MAURICE SAM, TENIOLA ALADESE, OBY TITUS, Latest 2026 Nigerian Movie",2026-05-05 17:00:36+00:00,2158852,29117.0,3576.0,2830000,0,0,1,0,0,0,0,153,14.585087620101563,5.030437921392435,2026,0.013487260821955373,0.0016564359205726007,0,0,0,0,15.335374101596747,-0.7502864814951842
Shine Nolly tv,wife vacancy for dad,MpUPnCHtirQ,"WIFE VACANCY FOR DAD - Timini Egbuson, Bimbo Ademoye, Darasimi Nadi, Nancy Isime 2026 Nig Movie",2026-05-05 17:15:02+00:00,1840150,14063.0,323.0,203000,0,0,0,0,0,1,1,153,14.425358191435395,5.030437921392435,2026,0.007642311768062386,0.00017552916881775942,0,0,0,1,12.789826050797231,1.6355321406381638
RuthKadiri247,deal or no deal,UgyNHLMlK_0,DEAL OR NO DEAL -  RUTH KADIRI DEZA THE GREAT ANTHON JEFTHA,2026-05-07 16:03:12+00:00,4429111,45798.0,4912.0,4100000,0,0,0,0,0,0,0,151,15.30370967046097,5.017279836814924,2026,0.01034022403141398,0.0011090261680052724,0,0,0,0,15.201531936003239,0.10217773445773126
NollyFamily tv,chaos next door,-1py8UMak4k,"CHAOS NEXT DOOR - DANIEL ETIM EFFIONG, BIMBO ADEMOYE 2026 Latest Nollywood New Movie",2026-05-08 16:00:00+00:00,8721947,90554.0,6973.0,1670000,0,0,0,0,0,0,1,150,15.98135316543174,5.0106352940962555,2026,0.01038231486616463,0.0007994774561230423,0,0,0,0,14.35226075531089,1.6290924101208493
Omoni Oboli TV,the farmer s daughter,wQcDFc2OuRI,THE FARMER'S DAUGHTER - Nigerian Movies 2026 Latest Full Movies,2026-05-08 16:01:42+00:00,5458299,56391.0,4424.0,2080000,0,0,0,0,0,0,0,150,15.512647943928604,5.0106352940962555,2026,0.01033124055681083,0.0008105089149568391,0,0,0,0,14.99166488886476,0.5209830550638443
Uche Nancy tv,a rough ride to love,dPYENGIUp4M,A ROUGH RIDE TO LOVE - FAITH DUKE/BRYAN OKWARA/LOTA CHUKW | Nollywood Movies 2026 Latest Full Movies,2026-05-10 15:00:35+00:00,547604,6775.0,382.0,2360000,0,0,0,0,0,0,0,148,13.21330950310712,4.997212273764115,2026,0.012372079093651617,0.0006975843857970358,0,0,0,0,13.477474351280842,-0.26416484817372243
NOLLYWOOD SERIES TV,pregnant for you,V4cgszfcu2g,PREGNANT FOR YOU (Full Movie) - MAURICE SAM/SONIA UCHE/CHRISTIAN 2026 Trending Nollywood Full Movie,2026-05-10 17:00:39+00:00,390894,2098.0,97.0,93300,0,0,1,1,0,0,0,148,12.876194260704102,4.997212273764115,2026,0.005367183942449871,0.0002481491145937262,0,1,0,0,12.055006834244345,0.8211874264597565
BOLAJI OGUNMOLA TV,anjola,X6pHrlX57ds,ANJOLA -NIGERIAN MOVIES 2026 LATEST FULL MOVIES,2026-05-10 17:07:34+00:00,2814630,36448.0,5443.0,751000,0,0,0,0,0,0,0,148,14.850341727482387,4.997212273764115,2026,0.012949481814661252,0.001933824339255959,0,0,0,0,14.70051122940306,0.1498304980793268
Uchenna Mbunabo Tv,me you luna,VFdUKcpP3vU,"ME, YOU & LUNA - CHINENYE NNEBE, ESO DIKE, AMANDA NEO latest 2026 nigerian movie",2026-05-11 17:00:48+00:00,9118546,104044.0,9562.0,3910000,0,0,0,0,0,0,0,147,16.025821029182268,4.990432586778736,2026,0.011410152451936965,0.0010486320955117186,0,0,0,0,15.157222835292064,0.8685981938902039
NOLLYWOOD SERIES TV,amaka the billionaire,d442jsvlNnk,"AMAKA & THE BILLIONAIRE (Full Movie) - SONIA UCHE, MAURICE SAM 2026 Trending Nollywood Full Movie",2026-05-11 17:30:00+00:00,151155,827.0,16.0,93300,0,0,1,1,0,0,0,147,11.926067695086308,4.990432586778736,2026,0.005471205054414343,0.00010585160927524727,0,1,0,0,12.054286532461074,-0.12821883737476547
NollywoodTVNOLLY,let me in again,FkxWV5idAUc,"Let me in Again | Uche Montana, James Gardiner | Full 2026 latest New Nigerian Movie",2026-05-14 12:59:52+00:00,381667,2025.0,81.0,913000,0,0,0,0,1,0,0,144,12.852306399746046,4.969813299576001,2026,0.00530567222212033,0.0002122268888848132,0,0,0,0,13.016383506886767,-0.1640771071407201
Nolly MovieRoom,married to a deity,gx2m09XLl_I,"MARRIED TO A DEITY - LIZZYGOLD ONUWAJE, CLEMS AGBOGIDI, JANE OBI| 2026 Latest Nigerian movie",2026-05-15 17:40:00+00:00,789115,9217.0,939.0,324000,0,0,0,0,0,0,0,143,13.578668610567664,4.962844630259907,2026,0.011680173358762664,0.0011899406296927571,0,0,0,0,14.015210388419217,-0.4365417778515521
Uduak Isong TV,love always wins,KWIpR47N9hc,"LOVE ALWAYS WINS - Nollywood movie starring Omeche Oko, Bryan Okoye, Jeffery Nortey",2026-05-16 14:53:13+00:00,309222,4044.0,236.0,814000,0,0,0,0,0,0,0,142,12.641817978439935,4.955827057601261,2026,0.013077982808467703,0.0007632057227493516,0,0,0,0,14.258470999162338,-1.6166530207224028
ENYINNA JONAS TV,transactional,i1AHKlwnqvo,"TRANSACTIONAL - JOHN EKANEM, DETOLA JONES, Nigerian Movies 2026 Latest Full Movies",2026-05-16 16:00:07+00:00,1470681,9738.0,534.0,157000,0,0,0,0,0,0,0,142,14.201236796743677,4.955827057601261,2026,0.006621422320680011,0.0003630970958351947,0,0,0,0,14.26140627145258,-0.060169474708903437
NollywoodTVNOLLY,be my love,faNEK7RkJR0,"Be My Love | Uche Montana, Maurice Sam | Full 2026 Latest New Nigerian Movie",2026-05-19 13:00:52+00:00,327879,1364.0,61.0,913000,0,0,1,0,1,0,0,139,12.700402966766967,4.9344739331306915,2026,0.004160071245794943,0.00018604424193071224,0,0,1,0,13.482932369345551,-0.782529402578584
Sonia Uche Tv,the last assistant,3XN6U8u4Mqc,"THE LAST ASSISTANT - DANIEL ETIM, CHISOM AGOAWUIKE, MOSES NWOKEDI, Latest 2026 Nigerian Movie",2026-05-20 17:00:04+00:00,3473492,42344.0,2770.0,1510000,0,0,0,0,0,0,0,138,15.060671273854657,4.927253685157205,2026,0.012190613941244143,0.0007974683690073275,0,0,0,0,14.951386907706947,0.10928436614771009
RuthKadiri247,throne of games,j_4b2ZbteKM,THRONE OF GAMES -  WHEN PURPOSE POWER AND TRADE  COMBINES                      #THRONEOFGAMES.  ,2026-05-21 16:09:39+00:00,4400300,44248.0,5528.0,4100000,0,0,0,0,0,0,0,137,15.297183505639603,4.919980925828125,2026,0.010055678021953049,0.0012562779810467467,0,0,0,0,15.191194500182775,0.10598900545682888
RuthKadiri247,throne of games 2,m9r_9dzpo2Q,THRONE OF GAMES 2 -  WHEN PURPOSE POWER AND TRADE  COMBINES                      #THRONEOFGAMES.  ,2026-05-23 16:23:56+00:00,3257920,41822.0,7349.0,4100000,0,0,0,0,0,0,0,135,14.99659981984523,4.90527477843843,2026,0.012837024850211178,0.0022557337196739023,0,0,0,0,15.189632058699459,-0.19303223885422938
onyiialexTV,nwa mummy,hKrY85uiF84,"NWA MUMMY - ONYII ALEX, DANIEL ETIM,BLESSING ONWUKWE #NWAMUMMY #trending ",2026-05-23 17:02:49+00:00,5377164,56605.0,5757.0,609000,0,0,0,0,0,0,0,135,15.497671841577278,4.90527477843843,2026,0.010526924601890513,0.00107063872331214,0,0,0,0,15.307147332935173,0.19052450864210435
Uche Nancy tv,broken lesson,F7mESzqFYxg,"BROKEN LESSON (Full Movie) - FAITH DUKE, SAMUEL ONOT | Nollywood Movies 2026 Latest Full Movies",2026-05-24 15:00:37+00:00,473973,5945.0,424.0,2360000,0,0,0,0,0,0,0,134,13.068907746852094,4.897839799950911,2026,0.012542908562302071,0.0008945657242079191,0,0,0,0,13.466916611631483,-0.39800886477938846
NollyFamily tv,hearts on fire,8nwYdcIpx3k,"HEARTS ON FIRE - DANIEL ETIM, EGO NWOSU, CHIOMA NWOSU 2026 Latest Nollywood Movie",2026-05-24 15:30:04+00:00,989853,10379.0,1039.0,1670000,0,0,0,0,0,0,0,134,13.805312736487828,4.897839799950911,2026,0.010485395306171725,0.0010496508067359496,0,0,0,0,13.41573697948241,0.38957575700541724
SUNYRICHY NOLLYTV,promise me love,JyVHiVO1xKA,"PROMISE ME LOVE(New Movie)~EKENE UMENWA, STEPHEN ODIMGBE, JOHN BADAIKI 2026 Nigerian movie",2026-05-25 16:00:53+00:00,561037,5218.0,392.0,1000000,0,0,0,0,0,0,0,133,13.237543918396225,4.890349128221754,2026,0.009300634361013624,0.0006987061459404638,0,0,0,0,13.237543918396218,7.105427357601002e-15
Omoni Oboli TV,the house manager,srH_cKp_9CQ,THE HOUSE MANAGER - Nigerian Movies 2026 Latest Full Movies,2026-05-26 16:00:40+00:00,4317859,47802.0,4628.0,2080000,0,0,0,0,0,0,0,132,15.278270467113487,4.882801922586371,2026,0.011070764469150104,0.0010718274959881737,0,0,0,0,14.97808334658135,0.3001871205321365
Maurice Sam TV,for richer for poorer,CvNE-FaF4EY,"FOR RICHER, FOR POORER - MAURICE SAM, SOPHIE ALAKIJA, MAUREEN IHUA, Latest 2026 Nigerian Movie",2026-05-26 17:00:09+00:00,5013573,58196.0,9904.0,2830000,0,0,1,0,0,0,0,132,15.427659591984789,4.882801922586371,2026,0.011607689765362946,0.0019754374774237854,0,0,0,0,15.319688646878197,0.107970945106592
Uchenna Mbunabo Tv,when the sun sets,OgLTQANxXsE,"WHEN THE SUN SETS - BIMBO ADEMOYE, EMEKA IKE, DERA OSADEBE, RITA EDOCHIE latest 2026 nigerian movie",2026-05-26 18:00:33+00:00,7304847,79584.0,8839.0,3910000,0,0,0,0,0,0,1,132,15.804048795284473,4.882801922586371,2026,0.010894684036503434,0.00121001849867629,0,0,0,0,16.07032763097105,-0.2662788356865775
Sonia Uche Tv,the perfect union,3gI54EKORyM,"THE PERFECT UNION - SONIA UCHE, TOOSWEET, Latest 2026 Nigerian Movie",2026-05-27 17:00:33+00:00,2718864,32675.0,2407.0,1510000,0,0,0,1,0,0,0,131,14.815725071775136,4.875197323201151,2026,0.012017886882168436,0.0008852962119473427,0,0,0,0,15.090054473643013,-0.27432940186787746
RuthKadiri247,private equity francess nwabunike daniel effiong oby titus,WnAOWx5MzjQ,PRIVATE EQUITY- FRANCESS NWABUNIKE DANIEL EFFIONG OBY TITUS,2026-05-28 16:08:25+00:00,4326451,41443.0,3559.0,4100000,0,0,0,0,0,0,0,130,15.280258364549265,4.867534450455582,2026,0.009578982866095098,0.0008226141934809848,0,0,0,0,15.18562237128971,0.09463599325955485
Nolly MovieRoom,akaraugo,9EcflYNHhBk,"AKARAUGO - LIZZYGOLD ONUWAJE, OSITA IHEME | 2026 latest Nigerian movie",2026-05-29 17:26:03+00:00,677993,7960.0,578.0,324000,0,0,0,0,0,0,0,129,13.426893717325854,4.859812404361672,2026,0.011740534194305841,0.0008525161764207005,0,0,0,0,14.004263821681105,-0.5773701043552517
IBAKATV,when love finds me,YPJVFc9gDgo,"WHEN LOVE FINDS ME - Michael Dappa, Chinenye Nnebe, Sultana Latest 2026 Romantic Movie #trending",2026-05-30 11:00:13+00:00,4614485,51740.0,3283.0,1420000,0,0,0,0,0,0,0,128,15.344711043768333,4.852030263919617,2026,0.01121251884013059,0.0007114553411702498,0,0,0,0,14.354549482102833,0.9901615616655004
Sarian Martin Tv,the imani effect,wD66ZmWIH7I,"THE IMANI EFFECT - SARIAN MARTIN, CHIDI DIKE, BRIGHT MORGAN, BLESSING ONWUKWE, Latest Nigerian Movie",2026-05-31 16:00:02+00:00,2392309,31374.0,2592.0,954000,0,0,0,0,0,0,0,127,14.687769984317686,4.844187086458591,2026,0.013114526593345593,0.001083472076558672,0,0,0,0,14.849371277472407,-0.16160129315472105
SANDRA OKUNZUWA TV,forever in a minute,EIQbBg-PPkY,"FOREVER IN A MINUTE - SANDRA OKUNZUWA, DANIEL ETIM, CHIDIMMA UGWU - LATEST 2026 NIGERIAN MOVIE",2026-05-31 17:00:36+00:00,3239413,35932.0,2403.0,1160000,0,0,0,0,0,0,0,127,14.99090300721308,4.844187086458591,2026,0.011092133050030978,0.0007418010608712134,0,0,0,0,14.672557752417813,0.31834525479526654
Maurice Sam TV,rock paper scissors,XwWYI8FMrQ4,"ROCK, PAPER, SCISSORS - MAURICE SAM, NANCY ISIME, Latest 2026 Nigerian Movie",2026-06-02 17:00:32+00:00,5817348,66415.0,13491.0,2830000,0,0,1,0,0,0,0,125,15.576355217654978,4.8283137373023015,2026,0.011416714282865663,0.002319097980729363,0,0,0,0,15.313899598340706,0.26245561931427197
Chinedu Benjamin TV,love lies broken minds,KvaIE9QzfMU,"LOVE, LIES & BROKEN MINDS | Emotional Nigerian Movie 2026 | BIMBO ADEMOYE, IK OGBONNA | Latest Movie",2026-06-04 14:01:06+00:00,4303571,38656.0,3381.0,238000,0,0,0,0,0,0,1,123,15.274955933499854,4.812184355372417,2026,0.008982307948445605,0.0007856266342532748,0,0,0,0,15.274955933499761,9.237055564881302e-14
RuthKadiri247,woman king prosperous outstanding ruler challenge unmacthed,bhckSppkkIY,WOMAN KING-  PROSPEROUS OUTSTANDING RULER  CHALLENGE UNMACTHED,2026-06-04 16:06:05+00:00,4670305,45855.0,5523.0,4100000,0,0,0,0,0,0,0,123,15.356735152123703,4.812184355372417,2026,0.009818416570224,0.0011825780115003197,0,0,0,0,15.179741749916092,0.17699340220761073
Uchenna Mbunabo Tv,burnt pride,KwgbsbHYw-w,"BURNT PRIDE - MAURICE SAM, REGINA DANIELS, OCHANYA, MAUREEN IHUA latest 2026 nigerian movie",2026-06-08 17:05:29+00:00,6350109,60313.0,4533.0,3910000,0,0,1,0,0,0,0,119,15.663982693553482,4.77912349311153,2026,0.00949794720059136,0.0007138460142967624,0,0,0,0,15.605075951384814,0.0589067421686682
Maurice Sam TV,yours before words,TytlO4n8uno,"YOURS BEFORE WORDS - MAURICE SAM, PEARL WATS, Latest 2026 Nigerian Movie",2026-06-09 17:00:30+00:00,4751551,56970.0,6000.0,2830000,0,0,1,0,0,0,0,118,15.373981859486072,4.770684624465665,2026,0.011989769235350731,0.0012627455750764329,0,0,0,0,15.307776844763126,0.06620501472294649
NOLLYWOOD+,when love becomes art,O51PqK3GO7M,"WHEN LOVE BECOMES ART - Uche Montana, Chidi Dike, Etinosa Idemudia | 2026 Latest Nigerian Movie",2026-06-10 16:00:23+00:00,40564,236.0,14.0,127000,0,0,0,0,1,0,0,117,10.610660904829166,4.762173934797756,2026,0.005817966669953653,0.0003451336160141998,0,0,0,0,11.231734428891412,-0.6210735240622469
ChinneyLoveEze Tv,mama says no,E8BD3l7r4_k,MAMA SAYS NO - Uche jombo / Mercy Aigbe /David eyo/ bianca ugowanne,2026-06-11 16:02:25+00:00,2450973,16935.0,2452.0,829000,0,0,0,0,0,0,0,116,14.711996054538849,4.7535901911063645,2026,0.0069095008390545306,0.001000419017263756,0,0,0,0,14.788366329636453,-0.07637027509760408
Sonia Uche Tv,fragile comfort,4FCDk5fwdJU,"FRAGILE COMFORT - SONIA UCHE, NADIA BUARI, JOSEPH MOMODU, Latest 2026 Nigerian Movie",2026-06-11 17:00:05+00:00,3649729,42071.0,3292.0,1510000,0,0,0,1,0,0,0,116,15.110163750219826,4.7535901911063645,2026,0.011527157221810167,0.0009019847774999185,0,0,0,0,15.077134432600507,0.03302931761931838
ChinneyLoveEze Tv,mama says no uche jombo mercy aigbe david eyo bianca ugowanne,qKCftirlZSg,Mama Says no PART2- Uche jombo/mercy aigbe/ David eyo/bianca ugowanne,2026-06-13 15:22:29+00:00,886090,11728.0,1795.0,829000,0,0,0,0,0,0,0,114,13.694574933116641,4.736198448394496,2026,0.013235675834283199,0.0020257535916216184,0,0,0,0,14.786518559478838,-1.0919436263621964
RuthKadiri247,married to the crown genevieve ukatu too sweet annan yusuf awwal muhammad yusufawwalmuhammad,a_S4T1NjXUs,MARRIED TO THE CROWN- GENEVIEVE UKATU TOO SWEET ANNAN  YUSUF AWWAL MUHAMMAD  #yusufawwalmuhammad,2026-06-13 16:01:23+00:00,3612674,31808.0,3422.0,4100000,0,0,0,0,0,0,0,114,15.099959053136079,4.736198448394496,2026,0.008804558617799448,0.0009472208120633082,0,0,0,0,15.171668695154457,-0.07170964201837826
Uche Nancy tv,the hunter s bride,OFKqUtDXGx0,THE HUNTER'S BRIDE - EBUBE OBIO/VICTORY MICHAEL/CHERRY | Nollywood Movies 2026 Latest Full Movies,2026-06-14 16:00:23+00:00,296402,3724.0,194.0,2360000,0,0,0,0,0,0,0,113,12.599475293810338,4.727387818712341,2026,0.012564017786654611,0.0006545165012381833,0,0,0,0,13.448807093255027,-0.8493317994446894
NollyStar Movies,caught in the act,pTijYEP6kxs,CAUGHT IN THE ACT (2026) - MAURICE SAM/SONIA UCHE New Nigerian Nollywood Full Movies,2026-06-15 11:00:23+00:00,735648,4032.0,102.0,13300,0,0,1,1,0,0,0,112,13.508508381783091,4.718498871295094,2026,0.0054808821610335375,0.00013865326895471747,0,1,0,0,12.399712111464094,1.1087962703189973
Uchenna Mbunabo Tv,pray for divine,Xk0a3x_NeWY,"PRAY FOR DIVINE - EBUBE NWAGBO, FRANCIS DURU, PEARL SHIM, DESIRE  latest 2026 nigerian movie",2026-06-15 17:01:21+00:00,2694371,29116.0,2940.0,3910000,0,0,0,0,0,0,0,112,14.806675711052158,4.718498871295094,2026,0.010806232697724256,0.001091163763267939,0,0,0,0,15.128331480777176,-0.32165576972501775
KieKieTV,reheated passion,QoZJOlmynbw,REHEATED PASSION | Nigerian movies 2026 Latest full movies,2026-06-19 16:00:04+00:00,3763992,27950.0,3614.0,988000,0,0,0,0,0,0,0,108,15.140990919961979,4.68213122712422,2026,0.00742562683448849,0.0009601508185989768,0,0,0,0,15.140990919961952,2.6645352591003757e-14
NOLLYWOOD TRIBE TV,love across worlds,hau0dkEgR2w,Love Across Worlds - BIMBO ADEMOYE DANIEL ETIM - Nigerian Movies,2026-06-20 13:30:06+00:00,619577,2805.0,212.0,10500,0,0,0,0,0,0,1,107,13.336793880115904,4.672828834461906,2026,0.004527282323262484,0.00034216893138383123,0,0,0,0,13.336793880115984,-7.993605777301127e-14
Uche Nancy tv,pretty graduates,XMUpIbZZfbI,PRETTY GRADUATES - PRISMA JAMES/SAMUEL ONOT/ANITA MERE | Nollywood Movies 2026 Latest Full Movies,2026-06-21 16:00:05+00:00,386688,5145.0,363.0,2360000,0,0,0,0,0,0,0,106,12.865376031367163,4.663439094112067,2026,0.013305300397219463,0.0009387413108242304,0,0,0,0,13.442012918174841,-0.5766368868076786
ENYINNA JONAS TV,lost earnings,cXVjFs4JEhY,"LOST EARNINGS - UZOR ARUKWE, PAMELA OKOYE, Nigerian Movies 2026 Latest Full Movies",2026-06-22 17:00:04+00:00,2157077,15414.0,1464.0,157000,1,0,0,0,0,0,0,105,14.584265086052676,4.653960350157523,2026,0.007145781073183757,0.000678696217149411,0,0,0,0,14.552920689200613,0.03134439685206303
One And Two Films Tv,before goodbye,ld-7QCK4cjI,"BEFORE GOODBYE - BIMBO ADEMOYE, UZEE USMAN, AMAL UMAR  latest 2026 nigerian movies",2026-06-22 17:00:09+00:00,1632354,14257.0,926.0,680000,0,0,0,0,0,0,1,105,14.305534315360967,4.653960350157523,2026,0.008734012352712707,0.0005672789113145801,0,0,0,0,14.44318219158313,-0.13764787622216268
Maurice Sam TV,lessons in love,idgopZx1YSw,"LESSONS IN LOVE - MAURICE SAM, DAMILOLA ADEGBITE, Latest 2026 Nigerian Movie",2026-06-23 17:00:03+00:00,7873878,87248.0,8159.0,2830000,0,0,1,0,0,0,0,104,15.879061383337012,4.6443908991413725,2026,0.011080689845588158,0.0010362111274774641,0,0,0,0,15.294358880812387,0.5847025025246246
Shine Nolly tv,lagos big girls and fake life,2LwyjFkYHaM,LAGOS BIG GIRLS AND FAKE LIFE - Bimbo Ademoye Uzor Arukwe Bambam Olawunmi Fredrick Leonard Nig Movie,2026-06-24 17:15:17+00:00,1482016,4354.0,122.0,203000,1,1,0,0,0,0,1,103,14.208914555757532,4.634728988229636,2026,0.00293789000928465,8.232029883617991e-05,1,0,0,0,12.805326645297301,1.4035879104602316
RuthKadiri247,demand and supply,jc3-X3OCQRo,"DEMAND AND SUPPLY - RUTH KADIRI, PRISMA JAMES, YUSUF AWWAL MUHAMMED",2026-06-25 16:02:41+00:00,4235461,40648.0,5370.0,4100000,0,0,0,0,0,0,0,102,15.259002971027403,4.624972813284271,2026,0.009597066293373969,0.0012678667091964723,0,0,0,0,15.159851626978861,0.09915134404854165
Sonia Uche Tv,after the breakup,iMwWCK8lIUE,"AFTER THE BREAKUP - CLINTON JOSHUA, DETOLA JONES 2026 LATEST NIGERIAN MOVIE",2026-06-25 17:00:24+00:00,6416652,64501.0,4749.0,1510000,0,0,0,0,0,0,0,102,15.67440720015756,4.624972813284271,2026,0.01005212687239389,0.000740105587773811,0,0,0,0,14.919271346689372,0.7551358534681878
IBAKATV,my ideal man,H9AjV-JLEqw,"MY IDEAL MAN - Uzor Arukwe, Ego Nwosu, Evanny Patrick, Ichie  Latest 2026 Romantic Movie #trending",2026-06-26 16:00:42+00:00,3986738,39064.0,2773.0,1420000,1,0,0,0,0,0,0,101,15.198484161466762,4.61512051684126,2026,0.009798486883261454,0.0006955561163036046,0,0,0,0,14.652965194038636,0.5455189674281264
NollyFamily tv,local match,yUrbiCYzQUs,"LOCAL MATCH - SARIAN MARTIN, JOHN EKANEM, KING DAVID 2026 Latest Nollywood Movie",2026-06-27 15:00:18+00:00,2471882,24903.0,1115.0,1670000,0,0,0,0,0,0,0,100,14.720490766342527,4.605170185988092,2026,0.010074510029200423,0.00045107331175193635,0,0,0,0,13.384642557969812,1.335848208372715
Maurice Sam TV,two can play,YM_rr_Y9Nko,"TWO CAN PLAY - MAURICE SAM, JACKIE APPIAH, PRISMA JAMES, Latest 2026 Nigerian Movie",2026-06-30 17:00:29+00:00,5987766,63952.0,6446.0,2830000,0,0,1,0,0,0,0,97,15.605229112608953,4.574710978503383,2026,0.010680444092170602,0.001076528374689325,0,0,0,0,15.286955799932397,0.31827331267655623
Uchenna Mbunabo Tv,mother s bargain,doOAXm-K8dU,"MOTHER'S BARGAIN - CHINENYE NNEBE, EMEKA IKE, CHARITY ONAH latest 2026 nigerian movie",2026-07-01 16:00:17+00:00,12928631,144655.0,30023.0,3910000,0,0,0,0,0,0,0,96,16.37495494468674,4.564348191467836,2026,0.011188732975672366,0.0023222102943459364,0,0,0,0,15.111953879597124,1.2630010650896146
NollywoodTVNOLLY,one time queen,eZUtkb-WVa0,"One Time Queen | Uche Montana, Maurice Sam | Full 2026 Latest New Nigerian Movie",2026-07-01 17:30:32+00:00,413455,2072.0,63.0,913000,0,0,1,0,1,0,0,96,12.932306379077907,4.564348191467836,2026,0.005011428087699991,0.0001523745026665538,0,0,1,0,13.443608690784954,-0.5113023117070465
EKENE UMENWA TV,the first daughter,zAGlXHUH-No,"THE FIRST DAUGHTER (ADANNEM) -  (2026) | Ekene Umenwa, Queen Nwokoye, King Davids,Nollywood Movie",2026-07-02 15:00:35+00:00,381917,6448.0,1343.0,939000,0,0,0,0,0,0,0,95,12.85296120486016,4.553876891600541,2026,0.016883249501855116,0.0035164708562331606,0,0,0,0,14.202645382163285,-1.349684177303125
BOLAJI OGUNMOLA TV,terminally crazy,oiV2zhlKOxY,TERMINALLY CRAZY- NIGERIAN MOVIES 2026 LATEST FULL MOVIES,2026-07-03 15:00:11+00:00,4507853,45507.0,5367.0,751000,0,0,0,0,0,0,0,94,15.321331766749548,4.543294782270004,2026,0.010095049683297126,0.0011905889566496512,0,0,0,0,14.652285171284666,0.6690465954648825
PRESSTORA TV,not my queen,25W2J8r8Uv8,"NOT MY QUEEN - EKENE UMENWA, STEPHEN ODIMGBE, ONYINYE OKAFOR, Latest Nigerian Nollywood movie",2026-07-03 15:00:20+00:00,300578,2846.0,273.0,26400,0,0,0,0,0,0,0,94,12.613465893581226,4.543294782270004,2026,0.009468424169433559,0.000908250104798089,0,0,0,0,13.03134587483762,-0.4178799812563927
Uche Montana TV,the long way home,tYp-UskX0cM,"THE LONG WAY HOME - UCHE MONTANA, MAURICE SAM, NADIA BUARI, Latest 2026 Nigerian Movie",2026-07-04 17:00:14+00:00,10290148,125951.0,13598.0,1940000,0,0,1,0,1,0,0,93,16.14669758778314,4.532599493153256,2026,0.012239960008349733,0.0013214581558982437,0,0,1,0,16.34782971885306,-0.20113213106991878
Uche Nancy tv,chika s secret,bBEeICg5bJU,"CHIKA'S SECRET (Full Movie) - EBUBE OBIO, MIKE EZURUONYE | Nollywood Movies 2026 Latest Full Movies",2026-07-05 16:00:09+00:00,1349081,13675.0,1167.0,2360000,0,0,0,0,0,0,0,92,14.114934919109748,4.5217885770490405,2026,0.010136529978555773,0.000865033307859202,0,0,0,0,13.426963385613545,0.6879715334962029
Uchenna Mbunabo Tv,every woman,xTvH5geUotw,"EVERY WOMAN - SONIA UCHE, RAY EMODI latest 2026 nigerian movies",2026-07-07 15:00:27+00:00,4844432,42922.0,5897.0,3910000,0,0,0,1,0,0,0,90,15.393340768594932,4.499809670330265,2026,0.008860068631368961,0.001217273769143627,0,0,0,0,15.249295289688988,0.14404547890594444
RuthKadiri247,when power banks in the hands of the wrong man,l4-At4cZgGY,WHEN POWER BANKS IN THE HANDS  OF THE WRONG MAN. #HEATABOVEHEART2,2026-07-09 16:05:08+00:00,3488877,36926.0,5373.0,4100000,0,0,0,0,0,0,0,88,15.065090752518284,4.477336814478207,2026,0.010583921416547503,0.0015400370950308653,0,0,0,0,15.144166172260311,-0.07907541974202736
Eso Dike TV,i swear to god,9RJU1L0wCRI,"I SWEAR TO GOD - BIMBO ADEMOYE, ESO DIKE, SYMON OKO, AUDREY HARRISON, Latest 2026 Nigerian Movie",2026-07-09 17:00:25+00:00,4258303,49348.0,3369.0,167000,0,0,0,0,0,0,1,88,15.264381516908195,4.477336814478207,2026,0.011588653977887435,0.000791160234487776,0,0,0,0,15.264381516908216,-2.1316282072803006e-14
NollywoodTVNOLLY,a taste of sin,0TP-bF7-70A,"A Taste of Sin | Uche Montana, James Gardiner | Full 2026 Latest New Nigerian Movie",2026-07-10 13:25:50+00:00,181019,1050.0,86.0,913000,0,0,0,0,1,0,0,87,12.106362801381161,4.465908118654584,2026,0.005800496080521934,0.00047508825040465364,0,0,0,0,12.962846551390104,-0.8564837500089428
Uduak Isong TV,it s complicated,aLuSZ6aCJ3k,"It's Complicated - New Nigerian Movie starring Eso Dike, Ekama Etim Inyang, Michael Ejoor",2026-07-10 15:58:01+00:00,1153971,14603.0,1585.0,814000,0,0,0,0,0,0,0,87,13.958720462324278,4.465908118654584,2026,0.012654564109496686,0.001373518052013439,0,0,0,0,14.206419999441716,-0.24769953711743753
Uchenna Mbunabo Tv,love s convict,ntGXHhum5c8,"LOVE'S CONVICT - DANIEL ETIM EFFIONG, AUDREY HARRISON, BLESSING OBASI NZE latest 2026 nigerian movie",2026-07-10 16:28:10+00:00,3478806,38006.0,2997.0,3910000,0,0,0,0,0,0,0,87,15.062199976883834,4.465908118654584,2026,0.010925012777372466,0.0008615024810236615,0,0,0,0,15.101495202058516,-0.03929522517468165
Omoni Oboli TV,the party crashers,yz7neOW_VWk,THE PARTY CRASHERS - Nigerian Movies 2026 Latest Full Movies,2026-07-10 18:00:22+00:00,3090679,35730.0,4901.0,2080000,0,0,0,0,0,0,0,87,14.943901689388158,4.465908118654584,2026,0.011560566464521227,0.0015857356910892397,0,0,0,0,14.933790837051841,0.010110852336316256
ENYINNA JONAS TV,riches and bond,4QVXC04EGOo,"RICHES AND BOND - SARIAN MARTIN, OKUSAGA ADEOLU, Nigerian Movies 2026 Latest Full Movies",2026-07-12 16:00:04+00:00,1519597,11700.0,758.0,157000,0,0,0,0,0,0,0,85,14.233956384158915,4.442651256490317,2026,0.007699409777723962,0.0004988164625226294,0,0,0,0,14.206884367201063,0.02707201695785244
Blessing Obasi TV,love and other problems,DqtQTGKCyuo,LOVE AND OTHER PROBLEMS - Nigerian Movies 2026 Latest Full Movies,2026-07-12 18:00:29+00:00,2626358,25482.0,2805.0,327000,0,0,0,0,0,0,0,85,14.781109034325771,4.442651256490317,2026,0.009702409191740044,0.0010680189067903158,0,0,0,0,14.533577303827169,0.24753173049860244
Uchenna Mbunabo Tv,wings for two,XZKV07iF4p8,"WINGS FOR TWO - NADIA BUARI, FREDERICK LEONARD, CHUCKS CHYKE latest 2026 nigerian movies",2026-07-13 16:00:24+00:00,2811017,22600.0,1733.0,3910000,0,0,0,0,0,0,0,84,14.849057253283322,4.430816798843313,2026,0.008039794850048932,0.0006165028528820708,0,0,0,0,15.09776695615396,-0.24870970287063798
NollywoodTVNOLLY,i need a real man,316yADvXS4w,"I Need  A Real Man | Uche Montana, Sam Maurice | Full 2026 Latest New Nigerian Movie",2026-07-14 13:00:30+00:00,830208,4468.0,145.0,913000,0,0,0,0,1,0,0,83,13.629432755303577,4.418840607796598,2026,0.0053817838421214926,0.0001746550262102991,0,0,0,0,12.957845905773532,0.6715868495300459
Maurice Sam TV,terms of attraction,2XzPBjsVOTk,"TERMS OF ATTRACTION - MAURICE SAM, RUTH KADIRI, Latest 2026 Nigerian Movie",2026-07-14 17:00:30+00:00,4031257,44643.0,4491.0,2830000,0,0,1,0,0,0,0,83,15.209589044020374,4.418840607796598,2026,0.011074213328497786,0.0011140445771629047,0,0,0,0,15.270395491732115,-0.06080644771174093
Sonia Uche Tv,our dear biddy,l7n8dcBFMns,"OUR DEAR BIDDY - SONIA UCHE, ESO DIKE, MOHAMMED BASHIR 2026 LATEST NIGERIAN MOVIE",2026-07-15 16:00:03+00:00,3060824,41241.0,4631.0,1510000,0,0,0,1,0,0,0,82,14.934195045434038,4.406719247264253,2026,0.01347382273531572,0.0015129912729382677,0,0,0,0,15.040281439246472,-0.10608639381243457
RuthKadiri247,energy for energy van vicker ruthkadiri,pPLzpGK7Dlo,ENERGY FOR ENERGY -VAN VICKER RUTHKADIRI ,2026-07-16 16:15:56+00:00,3229228,30261.0,3701.0,4100000,0,0,0,0,0,0,0,81,14.98775396701513,4.394449154672439,2026,0.009370970399117065,0.0011460943606335632,0,0,0,0,15.135359846939087,-0.14760587992395635
Shine Nolly tv,the polygamist,Jqw1gNvx75o,"THE POLYGAMIST - Uzor Arukwe, Bambam Olawunmi, Uche Montana, Shine Roseman 2026 Nigerian Movie",2026-07-16 17:15:29+00:00,103164,233.0,2.0,203000,1,1,0,0,1,0,0,81,11.54408492721933,4.394449154672439,2026,0.0022585398007056727,1.9386607731379164e-05,1,0,0,0,12.563475844002433,-1.0193909167831023
BOLAJI OGUNMOLA TV,the point of life,pubCHdo7A5k,THE POINT OF LIFE - NIGERIAN MOVIES 2026 LATEST FULL MOVIES,2026-07-17 15:00:22+00:00,2921338,38412.0,4447.0,751000,0,0,0,0,0,0,0,80,14.887552630781041,4.382026634673881,2026,0.013148769502193857,0.0015222476823975864,0,0,0,0,14.635151381103949,0.2524012496770922
Omoni Oboli TV,the day olivia fell,KioqX4LEuPM,THE DAY OLIVIA FELL - Nigerian Movies 2026 Latest Full Movies,2026-07-17 16:00:27+00:00,2832570,35355.0,3104.0,2080000,0,0,0,0,0,0,0,80,14.856695337766087,4.382026634673881,2026,0.01248159798345672,0.0010958246398147266,0,0,0,0,14.92487892376955,-0.06818358600346208
Uchenna Mbunabo Tv,fragile faith,3pKRxDofLlw,"FRAGILE FAITH - EMEKA IKE, MONALISA CHINDA, CHUCKS CHYKE, CHIDIMMA KERRY 2026 nigerian movie",2026-07-18 15:00:28+00:00,2232369,19817.0,2365.0,3910000,0,0,0,0,0,0,0,79,14.618574359354229,4.3694478524670215,2026,0.00887711664155881,0.0010594126687837,0,0,0,0,15.091246867305067,-0.47267250795083804
REAL FLOW TV,love and deception,U0yW5KjNKl0,"LOVE AND DECEPTION - IK OGBONNA, UCHE MONTANA,  BOLAJI OGUNMOLA",2026-07-20 16:05:33+00:00,91766,730.0,50.0,46800,0,0,0,0,1,0,0,77,11.427008034857009,4.343805421853684,2026,0.00795501601900486,0.0005448641108907439,0,0,0,0,12.819935665783136,-1.3929276309261276
Nolly MovieRoom,magic card,aIRqCbMU5gI,"MAGIC CARD - LIZZYGOLD ONUWAJE, ONYINYE OKAFOR, JANE OBI |2026 latest Nigerian movie ",2026-07-20 18:19:42+00:00,364533,3251.0,274.0,324000,0,0,0,0,0,0,0,77,12.806375104544333,4.343805421853684,2026,0.008918259800895941,0.0007516466273286643,0,0,0,0,13.949441121092905,-1.1430660165485715
ENYINNA JONAS TV,cost of trust,MQjZJNpSK9Y,"COST OF TRUST - UZOR ARUKWE, PAMELA OKOYE, Nigerian Movies 2026 Latest Full Movies",2026-07-21 17:00:03+00:00,1274461,9671.0,1217.0,157000,1,0,0,0,0,0,0,76,14.058034686739846,4.330733340286331,2026,0.007588305958362005,0.0009549134889180603,0,0,0,0,14.518579724475561,-0.46054503773571476
Maurice Sam TV,the strange woman,MCJk0fudJao,"THE STRANGE WOMAN - MAURICE SAM, SOPHIE ALAKIJA, EMEM UDONQUAK, Latest 2026 Nigerian Movie",2026-07-21 17:00:23+00:00,4148911,45019.0,4232.0,2830000,0,0,1,0,0,0,0,76,15.238356689159968,4.330733340286331,2026,0.010850799161514914,0.0010200267009824989,0,0,0,0,15.261034613856232,-0.022677924696264284
RuthKadiri247,private property,EXX23CGFAdQ,PRIVATE PROPERTY -  DAY OF RECKONING WILL ALWAYS BE COME,2026-07-23 16:05:53+00:00,2120943,23875.0,2888.0,4100000,0,0,0,0,0,0,0,74,14.567371830557999,4.30406509320417,2026,0.0112567853072902,0.0013616584698410094,0,0,0,0,15.125757073124406,-0.5583852425664073
Uchenna Mbunabo Tv,to love again,hSLtcnP52Jg,"TO LOVE AGAIN - CHIOMA NWAOHA, KUNLE REMI, AMARACHI AMUSI latest 2026 nigerian movies",2026-07-24 16:01:01+00:00,1557240,13906.0,811.0,3910000,0,0,0,0,0,0,0,73,14.258426223680845,4.290459441148391,2026,0.008929901620816316,0.0005207931982224962,0,0,0,0,15.082854814153748,-0.8244285904729036
Bimbo Ademoye TV,sibe,HAk97psM9h0,"SIBE (THE MOVIE) STARRING. BIMBO ADEMOYE,UCHE MONTANA,UZOR ARUKWE,DEYEMI OKANLAWON. 2026 COMEDY",2026-07-25 21:14:15+00:00,20215460,268394.0,29723.0,1840000,1,0,0,0,1,0,1,72,16.821958265644867,4.276666119016055,2026,0.013276670429463391,0.0014703103466356937,0,0,0,0,16.869209178279007,-0.04725091263414072
Uche Nancy tv,when love turns cold,nVcknDqRUvk,WHEN LOVE TURNS COLD (Full Movie) | Nollywood Movies 2026 Latest Full Movies #trending,2026-07-26 16:00:22+00:00,1087158,11618.0,932.0,2360000,0,0,0,0,0,0,0,71,13.89907842955536,4.2626798770413155,2026,0.010686579135691408,0.0008572810943763464,0,0,0,0,13.399434613403372,0.4996438161519876
NollywoodTVNOLLY,let me love you perfect,9PWMTug2J9k,"Let Me Love You Perfect | Sonia Uche, Maurice Sam | Full 2026 Latest New Nigerian Movie",2026-07-29 13:00:26+00:00,785649,4153.0,198.0,913000,0,0,1,1,0,0,0,68,13.574266679618278,4.219507705176107,2026,0.0052860755884625325,0.0002520209406490685,0,1,0,0,12.842952234942446,0.7313144446758315
ChinneyLoveEze Tv,love by numbers,s8s9I-6ay0E,LOVE BY NUMBERS - Frederick Leonard / perpetual ukadike /frances Ben ,2026-07-29 16:03:08+00:00,1564451,14874.0,1739.0,829000,0,0,0,0,0,0,0,68,14.263046160891744,4.219507705176107,2026,0.009507488569472613,0.001111572046679634,0,0,0,0,14.731623213345188,-0.46857705245344405
Emem Isong TV,love me some more,LqIVs_23-4c,LOVE ME SOME MORE | Trending Nollywood 2026 | Emem Isong TV,2026-07-30 16:00:10+00:00,368513,1751.0,62.0,54700,0,0,0,0,0,0,0,67,12.817233981748743,4.204692619390966,2026,0.004751528439973624,0.00016824372545880335,0,0,0,0,12.817233981748858,-1.1546319456101628e-13
TOPNOLLY TV,let me love you again,WkwV0pQapwk,"LET ME LOVE YOU AGAIN | Sonia Uche, Maurice Sam | Full 2026 Latest New Nigerian Movie",2026-07-30 18:00:21+00:00,1370524,7254.0,401.0,221000,0,0,1,1,0,0,0,67,14.130704436076297,4.204692619390966,2026,0.00529286608625606,0.00029258882004255305,0,1,0,0,13.788203043040209,0.3425013930360876
BOLAJI OGUNMOLA TV,god in her eyes,wPkdKKmvoMs,GOD IN HER EYES - NIGERIAN MOVIES 2026 LATEST FULL MOVIES  ,2026-07-31 15:00:08+00:00,6468106,64798.0,5636.0,751000,0,0,0,0,0,0,0,66,15.68239404252313,4.189654742026425,2026,0.010018079481072202,0.000871352448460183,0,0,0,0,14.61471300133448,1.067681041188651
Uchenna Mbunabo Tv,dr wire,_O_5qAlAtoU,"DR WIRE - MAURICE SAM, RUTH KADIRI, FAITH OKEH latest 2026 nigerian movies",2026-08-01 16:00:35+00:00,3518142,30092.0,2231.0,3910000,0,0,1,0,0,0,0,65,15.073443851549039,4.174387269895637,2026,0.008553378459425458,0.0006341415440309117,0,0,0,0,15.540826291934343,-0.46738244038530397
onyiialexTV,honeymoon and secrets,szpFBjQaIEM,"HONEYMOON AND SECRETS - ONYII ALEX, DANIEL ETIM EFFIONG ,PAMELA OKOYE #HONEYMOONANDSECRETS",2026-08-02 17:02:59+00:00,3698987,34851.0,2860.0,609000,0,0,0,0,0,0,0,64,15.123569826689296,4.1588830833596715,2026,0.009421768716678377,0.0007731846583943117,0,0,0,0,15.227847614505125,-0.1042777878158283
Maurice Sam TV,behind these laughs,N0rneHL28SU,"BEHIND THESE LAUGHS - MAURICE SAM, SHAZNAY OKAWA, REAL JUDY, Latest 2026 Nigerian Movie",2026-08-04 17:00:33+00:00,3536918,42129.0,4691.0,2830000,0,0,1,0,0,0,0,62,15.078766567162033,4.127134385045092,2026,0.011911217619407631,0.0013262959446614256,0,0,0,0,15.239403424857569,-0.16063685769553615
RuthKadiri247,once upon a village,Yu-QxqPDmXM,"ONCE UPON A VILLAGE - DEZA THE GREAT, PRISMA JAMES,  FESSA AJOKU ANNABEL APARA, ERONINI OSINACHI",2026-08-06 16:02:19+00:00,6625081,49148.0,4721.0,4100000,0,0,0,0,0,0,0,60,15.706373307118453,4.0943445622221,2026,0.007418475336377019,0.0007125950611018945,0,0,0,0,15.103475502783349,0.6028978043351039
Omoni Oboli TV,kiss me tomorrow,Ud1JUpJZZGQ,KISS ME TOMORROW - Nigerian Movies 2026 Latest Full Movies,2026-08-07 16:00:19+00:00,7034414,76700.0,7502.0,2080000,0,0,0,0,0,0,0,59,15.766325089422685,4.07753744390572,2026,0.010903537949287603,0.0010664712085470091,0,0,0,0,14.892528741885009,0.8737963475376755
NollyFamily tv,twin love,aArDKVy4mdU,"TWIN LOVE (New Movie) - Omeche Oko, Victory Michael, Patience Ozokwor 2026 Latest Nollywood Movie",2026-08-08 15:30:27+00:00,2520889,20659.0,1271.0,1670000,0,0,0,0,0,0,0,58,14.740122571739311,4.060443010546419,2026,0.008195124815094993,0.0005041872133203803,0,0,0,0,13.326768506156894,1.4133540655824177
NollywoodTVNOLLY,trying love again,bykRr396Sv0,"Trying Love Again | Sonia Uche, Sam Maurice | Full 2026 Latest New Nigerian Movie",2026-08-09 14:15:17+00:00,103520,677.0,36.0,913000,0,0,0,1,0,0,0,57,11.547529769657158,4.04305126783455,2026,0.006539799072642968,0.00034775888717156103,0,0,0,0,12.353901316638584,-0.8063715469814259
Uche Nancy tv,blood and bitterness,nXGbTNwHLbg,BLOOD AND BITTERNESS (Full Movie) | Nollywood Movies 2026 Latest Full Movies #trending,2026-08-09 16:00:15+00:00,322757,4108.0,276.0,2360000,0,0,0,0,0,0,0,57,12.684658095388528,4.04305126783455,2026,0.012727841688948652,0.0008551324990627623,0,0,0,0,13.37610036814835,-0.6914422727598222
Uduak Isong TV,for the love of kene,VyaPwFRhwM8,"For The Love of Kene - New Nigerian Movie starring Bimbo Ademoye, Blessing J Nze, Elijah Chukwuemeka",2026-08-09 16:02:50+00:00,2029753,19625.0,1515.0,814000,0,0,0,0,0,0,1,57,14.523425161408797,4.04305126783455,2026,0.00966866411824493,0.0007463962363893538,0,0,0,0,15.086033870709068,-0.562608709300271
ChinneyLoveEze Tv,the edge between us,9YsfW28n_WY,THE EDGE BETWEEN US - Lastest 2026 romantic drama/ lastest Nollywood movie 2026,2026-08-09 16:56:29+00:00,1049940,11630.0,1764.0,829000,0,0,0,0,0,0,0,57,13.864244530078771,4.04305126783455,2026,0.011076823437529764,0.0016800960054860277,0,0,0,0,14.712875756897565,-0.8486312268187941
Uchenna Mbunabo Tv,a quiet pain,ngTOLMREBEw,"A QUIET PAIN -  MONALISA CHINDA, KELVIN EZIKE, PEARL SHIM latest 2026 nigerian movies",2026-08-10 16:00:00+00:00,3705719,38638.0,3457.0,3910000,0,0,0,0,0,0,0,56,15.125388129816116,4.02535169073515,2026,0.010426586581443438,0.0009328823907047458,0,0,0,0,15.054688678195904,0.07069945162021263
Maurice Sam TV,just before forever,WIQUH0YSZAs,"JUST BEFORE FOREVER - MAURICE SAM, UCHE MONTANA, PAMELA OKOYE, Latest 2026 Nigerian Movie",2026-08-11 17:00:10+00:00,9805730,95195.0,8677.0,2830000,0,0,1,0,1,0,0,55,16.09847756863267,4.007333185232471,2026,0.00970809924401345,0.0008848907730480036,0,0,1,0,15.934892687689796,0.16358488094287438
StarKingsTv,nnenna,yeW7qcaW8rw,"NNENNA  - EKENE UMENWA, STEPHEN ODIMGBE  - Latest Nigerian Movie",2026-08-11 17:11:26+00:00,406457,3972.0,262.0,1040000,0,0,0,0,0,0,0,55,12.915235881598806,4.007333185232471,2026,0.009772251431270713,0.0006445946311663965,0,0,0,0,12.915235881598743,6.217248937900877e-14
Sonia Uche Tv,guarded,JiZ3l4Lb8Xg,"GUARDED - SONIA UCHE, JOHN EKANEM, CHISOM AGOAWUIKE 2026 LATEST NIGERIAN MOVIE",2026-08-12 17:00:11+00:00,2652306,32331.0,2560.0,1510000,0,0,0,1,0,0,0,54,14.790940385277313,3.9889840465642745,2026,0.012189769958669928,0.0009651978316227464,0,0,0,0,14.995899536269468,-0.20495915099215445
NollyFamily tv,twin love 2,JMU1i1eClV0,"TWIN LOVE 2 (Full Movie) - Omeche Oko, Victory Michael, Patience Ozokwor 2026 Latest Nollywood Movie",2026-08-13 13:00:06+00:00,1453896,15718.0,1207.0,1670000,0,0,0,0,0,0,0,53,14.189758095501748,3.970291913552122,2026,0.010810952090108234,0.0008301831767884361,0,0,0,0,13.317190483444497,0.8725676120572512
Royal Arts TV,just one night,zku9zfBJlxY,JUST ONE NIGHT - Nigerian Movies 2026 Latest Full Movies,2026-08-13 16:00:26+00:00,2092574,20859.0,2543.0,705000,0,0,0,0,0,0,0,53,14.553905922997355,3.970291913552122,2026,0.009968106265298145,0.0012152497354932252,0,0,0,0,15.500900740285987,-0.9469948172886316
RuthKadiri247,once upon a village 2,Hi4uh6bQ5PA,ONCE UPON A VILLAGE 2 - HOMELAND HOME IS WHERE THE HEART LIES #homeland #onceuponavillage,2026-08-13 16:05:41+00:00,4120296,50194.0,5165.0,4100000,0,0,0,0,0,0,0,53,15.23143580610618,3.970291913552122,2026,0.012182134487425176,0.0012535507157738182,0,0,0,0,15.090295640018406,0.1411401660877747
BOLAJI OGUNMOLA TV,longing,MMZum1O8WzU,LONGING-  NIGERIAN MOVIES 2026 LATEST FULL MOVIES,2026-08-14 15:00:27+00:00,2798928,24802.0,4355.0,751000,0,0,0,0,0,0,0,52,14.844747401973647,3.9512437185814275,2026,0.008861249735613063,0.0015559528505199134,0,0,0,0,14.589383235268668,0.25536416670497886
LAGOS FILMS TV,next to you,SZHNL7jKxgA,"NEXT TO YOU - EDDIE WATSON, UCHE MONTANA, MAURICE SAM (LATEST NOLLYWOOD MOVIE 2026)",2026-08-14 15:59:40+00:00,271301,1261.0,56.0,35600,0,0,1,0,1,0,0,52,12.510987870532862,3.9512437185814275,2026,0.004647974021474303,0.00020641280349132513,0,0,1,0,12.06818450401273,0.4428033665201312
Omoni Oboli TV,love was not invited,H9qoC981BAU,LOVE WAS NOT INVITED - Nigerian Movies 2026 Latest Full Movies,2026-08-14 16:00:20+00:00,3363939,35758.0,3172.0,2080000,0,0,0,0,0,0,0,52,15.028623464006282,3.9512437185814275,2026,0.010629800362016077,0.0009429421877150567,0,0,0,0,14.879110777934269,0.14951268607201307
Ik Ogbonna tv,keke love,LjB-UFeoFMI,"KEKE LOVE - BIMBO ADEMOYE, IK OGBONNA, REAL JUDY, EMEM UFOT ( LATEST NIGERIAN MOVIE 2026) ",2026-08-15 15:04:18+00:00,2823438,26151.0,2389.0,274000,0,0,0,0,0,0,1,51,14.853466203469937,3.9318256327243257,2026,0.009262112360887684,0.0008461315601759273,0,0,0,0,14.797958093819354,0.05550810965058339
Uche Montana TV,second chances,4L1xY-tSOCw,"SECOND CHANCES - UCHE MONTANA, BIMBO ADEMOYE, BAMBAM OLAWUNMI, Latest 2026 Nigerian Movie",2026-08-15 17:00:31+00:00,15921422,174740.0,17384.0,1940000,0,1,0,0,1,0,1,51,16.583176118808073,3.9318256327243257,2026,0.01097515033518991,0.0010918622721010724,0,0,0,0,16.992517769248845,-0.40934165044077275
Uduak Isong TV,stuck on you,PPaoZoWubNg,"STUCK ON YOU - New Nigerian Movie starring Michael Dappa, Sophia Chisom (Soso), Ifeoma Odukwe",2026-08-16 16:00:23+00:00,2389869,22828.0,1920.0,814000,0,0,0,0,0,0,0,50,14.686749529122885,3.912023005428146,2026,0.00955198799599476,0.0008033913155909382,0,0,0,0,14.147572970715308,0.5391765584075774
Premium Nolly Tv,victorias dilenma,3fGqnITUeiI,Victorias dilenma - Uche Montana/ Maurice Sam / Lastest Nollywood movie 2026,2026-08-20 14:26:45+00:00,680519,2937.0,121.0,30300,0,0,1,0,1,0,0,46,13.430612490796074,3.828641396489095,2026,0.004315823658119758,0.00017780546906111366,0,0,1,0,13.848529810450291,-0.41791731965421697
RuthKadiri247,once upon a village 3,X3HaWmJoSRU,"ONCE  UPON A VILLAGE 3 - DEZA THE GREAT, PRISMA JAMES, FESSA AJOKU, ANNABEL APARA",2026-08-20 16:03:28+00:00,4321413,48994.0,8480.0,4100000,0,0,0,0,0,0,0,46,15.2790932214793,3.828641396489095,2026,0.011337495397917301,0.0019623211204298223,0,0,0,0,15.07524610745711,0.20384711402219047
Mercyjohnsonokojie TV,love on strike,8kBKuhDnmkk,LOVE ON STRIKE (THE MOVIE) Mercy Johnson Okojie & Ik Ogbonna | 2026 Latest Nigerian Nollywood Movie,2026-08-21 16:00:17+00:00,2861421,24374.0,1761.0,784000,0,0,0,0,0,0,0,45,14.866829262028883,3.8066624897703196,2026,0.008518145355052612,0.0006154284881532637,0,0,0,0,14.866829262028801,8.171241461241152e-14
IBAKATV,jealous housewife,CTijk4FfQL8,"JEALOUS HOUSEWIFE - Mercy Aigbe , Daniel Lloyd , Lilian Esoro Latest 2026 Romantic Movie #trending",2026-08-21 16:00:22+00:00,272461,2228.0,256.0,1420000,0,0,0,0,0,0,0,45,12.51525443382016,3.8066624897703196,2026,0.008177317120615427,0.0009395840138588642,0,0,0,0,14.243485317412285,-1.7282308835921238
NollyFamily tv,beauty of us,Mx3u0iW7h9Y,"BEAUTY OF US (Full Movie) - DANIEL ETIM, CHINENYE NNEBE 2026 Latest Nollywood New Movie",2026-08-23 14:50:28+00:00,1467441,13391.0,1039.0,1670000,0,0,0,0,0,0,0,43,14.199031306905038,3.7612001156935624,2026,0.009125409471317757,0.0007080352804644275,0,0,0,0,13.29497571229211,0.9040555946129274
ChinneyLoveEze Tv,love in colors,3YIlmOqwCZs,LOVE IN FULL COLORS - Timini Egbuson/ Toni Tones / Sharon Rotimi/ Lastest 2026 love film,2026-08-25 16:21:35+00:00,3419727,29963.0,2122.0,829000,0,0,0,0,0,1,0,41,15.045071573712194,3.713572066704308,2026,0.008761810518792875,0.0006205173687841164,0,0,0,0,15.198194448192128,-0.15312287447993356
Maurice Sam TV,never let go,q5Vg0jUMl-s,"NEVER LET GO - MAURICE SAM, NADIA BUARI, Latest 2026 Nigerian Movie",2026-08-25 17:00:18+00:00,3836263,33849.0,2917.0,2830000,0,0,1,0,0,0,0,41,15.160009534306623,3.713572066704308,2026,0.008823430510369075,0.0007603753965773462,0,0,0,0,15.195464866036598,-0.035455331729975725
Nolly MovieRoom,wanted kanayo o kanayo chimamanda augustine maleek milton,7w8x9ohD6SM,"WANTED -KANAYO.O.KANAYO, CHIMAMANDA AUGUSTINE, MALEEK MILTON | 2026 latest Nigerian movie ",2026-08-26 17:31:26+00:00,2919197,18434.0,1381.0,324000,0,0,0,0,0,0,0,40,14.886819478984929,3.6888794541139363,2026,0.0063147502549502485,0.00047307530118727856,0,0,0,0,13.879859097101054,1.006960381883875
Uduak Isong TV,becoming,jrlFE0MPTtM,"BECOMING - New Nollywood Movie starring Bimbo Ademoye, Daniel Etim Effiong, Baaj Adebule, Obey Etok",2026-08-27 15:59:13+00:00,2661643,17107.0,1206.0,814000,0,0,0,0,0,0,1,39,14.79445453495944,3.6635616461296463,2026,0.006427233103763352,0.0004531035905266033,0,0,0,0,15.045715335083951,-0.2512608001245109
RuthKadiri247,once upon a village 4 block chain of reaction how does this end,lq2Df3t8yJE,ONCE UPON A VILLAGE 4-  BLOCK CHAIN OF REACTION HOW DOES THIS END. ,2026-08-27 16:01:03+00:00,5072672,53772.0,10404.0,4100000,0,0,0,0,0,0,0,39,15.439378455571203,3.6635616461296463,2026,0.010600330555573079,0.00205099008964112,0,0,0,0,15.057707356948068,0.3816710986231353
Omoni Oboli TV,the bride switch,zKQoArfptqA,THE BRIDE SWITCH - Nigerian Movies 2026 Latest Full Movies,2026-08-28 16:00:06+00:00,7559939,76227.0,8672.0,2080000,0,0,0,0,0,0,0,38,15.838373811616284,3.6375861597263857,2026,0.010083017865620344,0.0011470992027845727,0,0,0,0,14.845786510978115,0.9925873006381689
OrjiTv,love came back,dUQ_7Zl_W1o,LOVE CAME BACK - DETOLA JONES/RAY ADEKA/NIGERIAN MOVIES 2026 LATEST MOVIES,2026-08-28 16:00:29+00:00,1001791,7032.0,624.0,579000,0,0,0,0,0,0,0,38,13.817300954247894,3.6375861597263857,2026,0.0070194282040864815,0.0006228844140145001,0,0,0,0,13.817300954247862,3.197442310920451e-14
NollyStar Movies,love after summer,6Z947pKKH3c,LOVE AFTER SUMMER (2026) - LATEST MAURICE SAM & SONIA UCHE | New Nigerian Nollywood Full Movies,2026-08-29 17:00:07+00:00,231285,1236.0,45.0,13300,0,0,1,1,0,0,0,37,12.351410318934146,3.6109179126442243,2026,0.0053440560347623066,0.0001945651468966859,0,1,0,0,12.282038162599711,0.06937215633443472
BOLAJI OGUNMOLA TV,courtyard,6ucScCk3ix4,COURTYARD -NIGERIAN MOVIES 2026 LATEST FULL MOVIE,2026-08-29 17:00:29+00:00,2045041,16013.0,2185.0,751000,0,0,0,0,0,0,0,37,14.53092888514545,3.6109179126442243,2026,0.00783016086230056,0.001068438236690609,0,0,0,0,14.553225624240518,-0.022296739095068574
NollywoodTVNOLLY,the blessed wife,xp8qRAvMMz0,"The Blessed Wife | Sonia Uche, Sam Maurice | Full 2026 Latest New Nigerian Movie",2026-08-30 13:38:08+00:00,364468,1294.0,88.0,913000,0,0,0,1,0,0,0,36,12.80619677880309,3.58351893845611,2026,0.0035503802802989565,0.0002414478088611346,0,0,0,0,12.305078715088378,0.5011180637147117
Uchenna Mbunabo Tv,she s perfect,0341V5uc9hY,SHE’S PERFECT- PART 1(OFFICIAL/ORIGINAL) OMECHE OKO & VICTORY MICHAEL-Latest 2026 Nigerian Movie,2026-08-31 16:00:14+00:00,7206855,75943.0,11466.0,3910000,0,0,0,0,0,0,0,35,15.790543353132522,3.5553480614894135,2026,0.010537606209643457,0.0015909852494604096,0,0,0,0,15.004753562751787,0.7857897903807345
Maurice Sam TV,echoes of desire,8Y-Z6tA7Yjw,"ECHOES OF DESIRE - MAURICE SAM, DAMILOLA ADEGBITE, Latest 2026 Nigerian Movie",2026-09-01 17:00:10+00:00,4372651,39246.0,4926.0,2830000,0,0,1,0,0,0,0,34,15.29088024799224,3.5263605246161616,2026,0.008975333270366192,0.0011265477167054952,0,0,0,0,15.175574743099366,0.1153055048928735
Sonia Uche Tv,man of my dream,zGqiEDVR0A4,"MAN OF MY DREAM - SONIA UCHE, BRYAN OKWARA, SULTANA AUDUSON latest 2026 nigerian movies",2026-09-02 17:00:18+00:00,3460355,34082.0,4604.0,1510000,0,0,0,1,0,0,0,33,15.056882031914487,3.4965075614664802,2026,0.00984927846998357,0.0013304993273811501,0,0,0,0,14.943576812344258,0.1133052195702291
Nolly MovieRoom,wanted,boadoV7BtLM,"WANTED (full movie) - KANAYO.O.KANAYO, CHIMAMANDA AUGUSTINE | 2026 latest Nigerian movie ",2026-09-02 18:43:06+00:00,752019,3911.0,222.0,324000,0,0,0,0,0,0,0,33,13.530518198322998,3.4965075614664802,2026,0.005200666472522636,0.00029520530731271417,0,0,0,0,13.859420717331583,-0.3289025190085848
RuthKadiri247,once upon a village 5 profit loss diversification fessa betty ajoku deza the great henrietta ibekwe,t9G51JJIetE,ONCE UPON A VILLAGE 5 PROFIT LOSS DIVERSIFICATION FESSA BETTY AJOKU DEZA THE GREAT HENRIETTA IBEKWE ,2026-09-03 16:04:30+00:00,4640924,49078.0,8987.0,4100000,0,0,0,0,0,0,0,32,15.350424257782455,3.4657359027997265,2026,0.01057504927897979,0.00193646782407986,0,0,0,0,15.036689537688138,0.3137347200943168
Uchenna Mbunabo Tv,a married heart,wX61xpM6Uxc,"A MARRIED HEART - CLINTON JOSHUA, IFEKA DORIS, GIDEON KOJO latest 2026 nigerian movies",2026-09-04 16:01:30+00:00,3059082,23808.0,1447.0,3910000,0,0,0,0,0,0,0,31,14.933625755814962,3.4339872044851463,2026,0.007782726974955231,0.0004730177223101571,0,0,0,0,14.991859686986125,-0.05823393117116282
Efe Irele Tv,before midnight,VlirTgTdLmk,BEFORE MIDNIGHT | Efe Irele & Timini Egbuson | Latest Nigerian Nollywood Full Movie 2026,2026-09-04 17:00:37+00:00,4663363,36696.0,2431.0,20300,0,0,0,0,0,1,0,31,15.355247634077736,3.4339872044851463,2026,0.007868999260833866,0.000521297612902963,0,0,0,0,15.355247634077639,9.769962616701378e-14
Uche Montana TV,the merger,Vzg7hNXk7lo,"THE MERGER - UCHE MONTANA, TIMINI EGBUSON, Latest 2026 Nigerian Movie",2026-09-05 17:00:18+00:00,11005743,92715.0,5606.0,1940000,0,0,0,0,1,1,0,30,16.213927876291343,3.4011973816621555,2026,0.008424238145484588,0.0005093704259676062,0,0,0,0,16.277645365534084,-0.06371748924274101
PAMELA OKOYE TV,mr cash and pride,Mobxiqc-vFY,"MR CASH AND PRIDE - UZOR ARUKWE, PAMELA OKOYE, EMEM UFOT, INEM PETERS, Latest 2026 Nigerian Movie",2026-09-05 17:00:22+00:00,3379618,18949.0,985.0,252000,1,0,0,0,0,0,0,30,15.03327353921212,3.4011973816621555,2026,0.00560684669095738,0.0002914530577124397,0,0,0,0,15.03327353921215,-3.019806626980426e-14
