pair_id,actor_a,actor_b,video_id,title,description,channel_id,channel_title,channel_subscribers,channel_video_count,published_at,duration_minutes,view_count,like_count,comment_count,mentions_a,mentions_b,is_full_film,snapshot_date
adeolu_jones,Saga Adeolu,Detola Jones,d8I8M265OZo,NOT THE PLAN - Nigerian Movies Latest Full Movies,"A young couple struggle to hold their marriage together amidst conflicting goals. Bayo who had initially agreed to Inem's wish not to have children now has a change of heart, he wants more. The stake became higher when Bayo's meddling mother decided to intervene.

If you are looking for Nigerian Movies Latest Full Movies, then you need to check out NOT THE PLAN! This drama and romantic movie moves you into the world of the best Nollywood movies 2024 latest full movies. You'll definitely love this full movie and latest entry in the Omoni Oboli movies on Omoni Oboli TV starring Saga Adeoluwa, Adetola Jones, Ayo Adesanya, Tony Mezie

#nollywoodmovies #nigerianmovies #omonioboli #omoniobolitv",UCbvdwZvZgdl-pPyomEmaEfg,Omoni Oboli TV,2080000,1206,2024-02-02T17:00:27Z,92.1,3160940,36243.0,3664.0,True,True,True,2026-10-06
adeolu_jones,Saga Adeolu,Detola Jones,rSKgwGlH6x0,MATCH MINGLE - Nigerian Movies 2024 Latest Full Movies,"If you are looking for Nigerian Movies 2024 Latest Full Movies, then you need to check out MATCH MINGLE! This romantic movie moves you into the world of the best Nollywood movies 2024 latest full movies. You'll definitely love this full movie and latest entry in the Omoni Oboli movies on Omoni Oboli TV starring Saga Adeolu, Detola Jones, Harriet Akinola, Nonso Odogwu

#nollywoodmovies #nigerianmovies #omonioboli #omoniobolitv",UCbvdwZvZgdl-pPyomEmaEfg,Omoni Oboli TV,2080000,1206,2024-08-16T17:04:06Z,81.6,2258782,24165.0,1120.0,True,True,True,2026-10-06
adeolu_jones,Saga Adeolu,Detola Jones,Z2vdjZy4YoQ,OUR FIRST SECRET - Nigerian Movies 2025 Latest Full Movies,"Our First Secret is a heartfelt drama that follows the lives of Amaka and Tunde, two best friends whose bond is tested by life's unexpected challenges. Amaka, a fiercely determined woman, faces societal pressure to marry and have children, while struggling with infertility. Tunde, her supportive best friend, is engaged to another woman, Nkem. As Amaka navigates her career as a successful event planner and her personal struggles, secrets and emotions come to light, leading to revelations that could change their lives forever.

If you are looking for Nigerian Movies 2025 Latest Full Movies and Nigerian Movies Latest Full Movies, then you need to check out MEET THE PARENTS! This romantic movie moves you into the world of the best Nollywood movies latest full movies. You'll definitely love this full movie and latest entry in the Omoni Oboli movies on Omoni Oboli TV starring Saga Adeolu, Detola Jones, Uche Nwoko, Deborah Frankson, Harriet Akinola

#nollywoodmovies #nigerianmovies #omoniobol",UCbvdwZvZgdl-pPyomEmaEfg,Omoni Oboli TV,2080000,1206,2025-01-24T17:00:40Z,111.9,2181036,26743.0,2535.0,True,True,True,2026-10-06
adeolu_jones,Saga Adeolu,Detola Jones,KFXMah8r9KU,"CAPTURED BY LOVE - Detola Jones, Okusaga Adeolu 2025 Latest Nollywood Full Movie","CAPTURED BY LOVE - Detola Jones, Okusaga Adeolu 2025 Latest Nollywood Full Movie

Enjoy more movies https://youtu.be/z2fdMxtizY4

SUBSCRIBE NOW https://www.youtube.com/channel/UC8GACXcNHqKL9VBrXag-XOg?sub_confirmation=1

Watch out for this lovely romantic movie.

NOLLY FAMILYTV PRODUCES BEST NOLLYWOOD MOVIES THAT ENTERTAINS AND EDUCATES ABOUT LIFE, MARRIAGE/RELATIONSHIP AND THE REAL AFRICAN CULTURE. 

WE GO EXTRA MILES IN MAKING SURE OUR AUDIENCE ARE SERVED THRILLING MOVIES WHILE AT THE SAME TIME TEACHING AND MAINTAINING THE VALUES OF AFRICAN CULTURE.

PLEASE DONT FORGET TO LIKE, SHARE AND COMMENT BELOW.
SUBSCRIBE TO NOLLY FAMILYTV TO ENJOY LATEST INTERESTING AND INFORMATIVE NOLLYWOOD HOME MOVIE. 

GOD BLESS YOU.

#capturedbylove #detolajones #okusagaadeolu
#nigerianmovies #nollywoodmovies #latestmovies
#2025movies #nollyfamilytv #nollywood #YouTubealgorithm",UC0M6BJj039bknQaHNiiOekA,NollyFamily tv,1670000,600,2025-05-31T17:00:22Z,62.0,911917,8736.0,379.0,True,True,True,2026-10-06
adeolu_jones,Saga Adeolu,Detola Jones,zdNZaA0Sm1Q,To Love Again (New Movie) Detola Jones,"Nigerian movie starring; Detola Jones, Taye Arimoro, Osereme Inegbenebor



#nigerianmovies #latestmovies #nollywoodmovies #africanmovies #newmovies",UCwxUviPtgogqCKaqiDZhgng,ZEENOLLY FILMS,41300,340,2026-09-14T19:00:04Z,118.8,48130,130.0,8.0,False,True,True,2026-10-06
adeolu_jones,Saga Adeolu,Detola Jones,GhzVUMICJ-Q,MAY THE BEST MAN WIN - Nigerian Movies Latest Full Movies,"Dara is a devoted wife and successful interior designer, content with the life she has built. But when an old flame unexpectedly resurfaces, the foundation of her seemingly perfect marriage begins to shake. As Dara navigates the blurred lines between past and present, she is faced with a choice that could change everything. In a journey of love, loyalty, and self-discovery, she must confront the true desires of her heart before it’s too late.
If you are looking for Nigerian Movies Latest Full Movies, then you need to check out MAY THE BEST MAN WIN! This romantic movie moves you into the world of the best Nollywood movies 2024 latest full movies. You'll definitely love this full movie and latest entry in the Omoni Oboli movies on Omoni Oboli TV starring Eso Dike, Saga Adeoluwa, Detola Jones, Abigail Timothy

#nollywoodmovies #nigerianmovies #omonioboli #omoniobolitv",UCbvdwZvZgdl-pPyomEmaEfg,Omoni Oboli TV,2080000,1206,2024-05-17T17:00:07Z,91.8,2870558,36003.0,4700.0,True,True,True,2026-10-06
adeolu_jones,Saga Adeolu,Detola Jones,AjKkE_RCwPU,HEARTS IN LAW - Nigerian Movies 2025 Latest Full Movies,"A classic Cinderella story told in a true African style. This is our version of the Pretty Woman story 🎉 Caleb, a charismatic and driven lawyer, hires Jane, an escort with a sharp wit and a kind heart, to pose as his fiancée at a high-stakes business dinner. Caleb needs to impress potential clients, and Jane’s poise and confidence make her the perfect choice. What begins as a professional arrangement quickly evolves into something more as they bond over shared moments and unexpected vulnerability. Despite their vastly different worlds, their chemistry is undeniable. As the lines between act and reality blur, Caleb and Jane must decide if they’re willing to risk their hearts—and reputations — for a love neither of them expected.

If you are looking for Nigerian Movies 2025 Latest Full Movies and Nigerian Movies Latest Full Movies, then you need to check out MEET THE PARENTS! This romantic movie moves you into the world of the best Nollywood movies latest full movies. You'll definitely l",UCbvdwZvZgdl-pPyomEmaEfg,Omoni Oboli TV,2080000,1206,2025-01-31T17:00:18Z,88.2,2029396,21745.0,2528.0,True,True,True,2026-10-06
adeolu_jones,Saga Adeolu,Detola Jones,r92SJitO2Zk,APRIL'S MIRACLE - Nigerian Movies Latest Full Movies,"April Kesiena has always lived life on her own terms, embracing chaos and passion in equal measure. But when a familiar face from her past reenters her world, she is forced to confront the choices that have shaped her. As new emotions stir and old wounds resurface, April must decide if she is ready to embrace the possibility of love, redemption, and the unexpected miracle life has in store for her.

If you are looking for Nigerian Movies Latest Full Movies, then you need to check out APRIL'S MIRACLE! This romantic movie moves you into the world of the best Nollywood movies latest full movies. You'll definitely love this full movie and latest entry in the Omoni Oboli movies on Omoni Oboli TV starring Saga Adeoluwa, Detola Jones, Paul Nnadiekwe

#nollywoodmovies #nigerianmovies #omonioboli #omoniobolitv",UCbvdwZvZgdl-pPyomEmaEfg,Omoni Oboli TV,2080000,1206,2024-06-14T16:29:01Z,94.6,1993169,27263.0,3022.0,True,True,True,2026-10-06
adeolu_jones,Saga Adeolu,Detola Jones,c--BdyEEJ0Y,"Stefania Bassey, Detola Jones, Eso Dike, Ray Adeka(Jeje)| SCHOOL FATHER | Latest Nigerian Movie","#nollywoodmovies #nollywood #trending #mauricesam #ruthkadiri247 #ruthkadirifilms #tigerfirerose #thrillermovies #thriller #nollywooddrama #frederickleonardmovies #chididike #stefaniabassey #mcrhelax #clintonjoshua #uchemontanamovies #uchenancymovies #apatatv #firstteam #Wura #mrbeast 

WARNING: This movie is NOT for the faint of heart. 

Follow us as we discover what truly happened to Nifemi on the night before her wedding and if anyone would be able to rescue her. 

Another TigerFireRose Original. Please like, share and subscribe for regular entertaining Movies.",UCQ_PEUSWqX0RUNNe79vTCDw,TigerFireRose Media,10100,60,2024-06-07T08:00:31Z,62.2,133707,1559.0,145.0,False,True,True,2026-10-06
adeolu_jones,Saga Adeolu,Detola Jones,fY28a7s3ThU,PLUS ONE - Nigerian Movies 2026 Latest Full Movies,"A simple night out takes an unexpected turn when a tipsy stranger points at Chris and calls him her boyfriend… before collapsing into his arms.

The next morning, what should’ve been an awkward one-time encounter becomes a bold arrangement—Naya agrees to pose as his girlfriend for an important family gathering.

It’s supposed to be pretend. No feelings. No complications.

But the moment she steps into his world, everything changes. His family adores her, their connection feels effortless, and suddenly… it doesn’t feel fake anymore.

Now they’re caught between what they agreed to—and what they’re starting to feel.

What happens when something that was never meant to be real… becomes the only thing that is?

If you are looking for Nigerian Movies 2026 Latest Full Movies and Nollywood movies 2026 latest full movies, then you need to check out PLUS ONE ! This romantic movie moves you into the world of the best Nigerian movies. You'll definitely love this full movie and latest entry in the ",UCbvdwZvZgdl-pPyomEmaEfg,Omoni Oboli TV,2080000,1206,2026-03-20T17:01:08Z,127.2,4044540,48328.0,4099.0,True,False,True,2026-10-06
adeolu_jones,Saga Adeolu,Detola Jones,wusI_-WUjd4,NO LOVE LUST-NIGERIAN MOVIES 2026 LATEST FULL MOVIES,"NO LOVE LUST - ADEOLUWA OKUSAGA, BOLAJI OGUNMOLA, DETOLA JONES

air Frame Hope     VHPMBVZNEVSCEBIJ
Wayfair Horizon     QDBPAAC2M7ASR5WD
Acreage Only     B7DWV8R94ULCI68R
AEROPLANES Ever And Ever   7RFO2U4T1TIDCX6N
Sam Gallagher Hope For Life   PRE4CNZHW3HW8WBA
Lone Canyon Stratos    JA1IG5C8QCIE32M0
Andy Ellison Settle Down With You  Y6R5RGFTIZ0MIBAR
Shells by the Sea Never Be The Same  PGLGMZ81N09NEWTX
Cody Martin Illusion    QBDTQCSR2R0CMBFZ
Salon Dijon Driven To The Edge   JOYUCV1IGNPGD108
VOLK Romantic Conversation   ZK1VP4YMCNIQ94FR
AFTERNOONZ Window Shopping   XFVHWQKDVXIWNJEJ
Moments Universal Wonder   PSGEHZDS9K42YYAH
Moments The Light Within   OHXFHMMRF6RYBLM2
Hill Crocuta     AD4F9VA6RNHXQH14
Falls The Birth Of A Planet   P1HVGGESWBRUSURS
Louis Lion Emotion Flows   M07TPEUPWQTWRCK4
Snow Bones Keep It Hidden Stripped   L7XFXUUUCXIBTWM1
YEZ2YODJG6IO2NJA          Romantic conversation by volk


Ruth Kadiri 247
Bolaji Ogunmola Movies
Maurice Sam Movies
Doris Ife",UCqxprLDy_2hMQ7aQp_4NNuA,BOLAJI OGUNMOLA TV,751000,447,2024-08-10T15:00:09Z,90.0,2022883,36618.0,5383.0,False,True,True,2026-10-06
adeolu_jones,Saga Adeolu,Detola Jones,xLQxDete5bI,Saga Confirms Relationship With Soso | Pulse Fun facts,"🎬 On this episode of Pulse Fun Facts, we sit down with Saga and Soso as they share fun, personal, and surprising facts about themselves in the Pulse Studio!

👀 Saga talks about a rumor he’s heard about himself that he’s gay, while Soso reveals what she thinks is the most overrated food (Yoruba people, don’t be mad 😅).

They also open up about their new YouTube movie “Falling Notes”, their relationship, and what fans should expect next. ❤️

👉 Watch the full interview to find out if their relationship is real and get exclusive behind the scenes details from Saga and Soso!

#PulseFunFacts #SagaAndSoso #saga #FallingNotes #PulseNigeria #CelebrityInterview #Nollywood

Connect with Pulse Nigeria
» Read & Watch via our Website: http://www.pulse.ng
» Like us on Facebook: http://www.facebook.com/pulsenigeria247
» Follow us on Instagram: https://www.instagram.com/pulsenigeri...
» Tweet us on Twitter: http://www.twitter.com/pulsenigeria247",UCeMoPD4wqlfUQVZ7kiaAf9w,Pulse Nigeria,529000,5232,2025-10-31T12:00:06Z,25.1,514485,7819.0,562.0,False,False,False,2026-10-06
adeolu_jones,Saga Adeolu,Detola Jones,3mKK1pc9COs,"LOVE AND YOU - DEYEMI OKANLAWON, DETOLA JONES, Latest 2026 Nigerian Movie","This romantic drama is about Love, Betrayal and Family. THIS CAPTIVATING MOVIE WILL MAKE YOUR DAY AND IT'S A MUST WATCH

Starring: DEYEMI OKANLAWON, DETOLA JONES,  and Many more

If you're searching for the Latest 2026 Nigerian Movie, LOVE AND YOU delivers a powerful blend of romance, drama, and culture.

This compelling Nollywood film stands out among 2026 Nigerian releases, bringing unforgettable performances from Deyemi Okanlawon, Detola Jones, and Tersy Akpata.

Don’t miss this emotional full movie now streaming on Enyinna Jonas TV.

🔔𝐃𝐨𝐧'𝐭 𝐟𝐨𝐫𝐠𝐞𝐭 𝐭𝐨 𝐬𝐮𝐛𝐬𝐜𝐫𝐢𝐛𝐞 𝐭𝐨 𝐨𝐮𝐫 𝐜𝐡𝐚𝐧𝐧𝐞𝐥 𝐟𝐨𝐫 𝐦𝐨𝐫𝐞 𝐮𝐩𝐝𝐚𝐭𝐞𝐬.
https://www.youtube.com/@EnyinnaJonasTv
🔗 Stay Connected With Us.

=============================

🎬Suggested videos for you:

▶️ https://youtu.be/YnyYTIzSzRo 
▶️ https://youtu.be/r6eSaLgXGc0
▶️ https://youtu.be/RMIGESdOEKU
▶️ https://youtu.be/HS_d2HarQS0
▶️ https://youtu.be/znDOo46mPDY

=================================

✅ About Enyinna Jonas Tv.

Welcome to Enyinna Jonas Tv – your ultimate de",UCPIJsFthtewO-NVgMojgSwA,ENYINNA JONAS TV,157000,150,2026-02-17T16:01:41Z,76.5,1191314,3990.0,213.0,False,True,True,2026-10-06
adeolu_jones,Saga Adeolu,Detola Jones,DjPuj_0VzQ4,FRAGMENTS OF YOU - Nigerian Movies Latest Full Movies,"Havilah Madu has everything—wealth, beauty, and a carefully guarded heart. But when a chance encounter with a troubled young man and his resilient little companion upends her world, she is forced to confront the pain she’s tried so hard to outrun. As their lives intertwine in unexpected ways, they each must decide if healing is possible, if redemption is worth fighting for, and if the broken pieces of their past can ever form something whole again.
If you are looking for Nigerian Movies Latest Full Movies, then you need to check out FRAGMENTS OF YOU! This romantic movie moves you into the world of the best Nollywood movies latest full movies. You'll definitely love this full movie and latest entry in the Omoni Oboli movies on Omoni Oboli TV starring Michael Dappa, Detola Jones, Heavenly Dera, Paul Word

#nollywoodmovies #nigerianmovies #omonioboli #omoniobolitv",UCbvdwZvZgdl-pPyomEmaEfg,Omoni Oboli TV,2080000,1206,2024-11-01T16:00:11Z,114.3,2158736,26699.0,1633.0,False,True,True,2026-10-06
adeolu_jones,Saga Adeolu,Detola Jones,vLUv-dqD57c,I GET TO LOVE YOU - Nigerian Movies 2025 Latest Full Movies,"When a series of setbacks pushes Tiwa from her quiet village life into bustling Lagos, she unexpectedly finds herself drawn into a world far different from her own. There, a chance encounter with a charismatic but enigmatic man stirs emotions she never planned for - and forces her to question everything she thought she knew about love, loyalty, and destiny.

As hidden desires grow and boundaries blur, Tiwa must navigate a delicate balance between the life she came from and the one calling out to her.

If you are looking for Nigerian Movies 2025 Latest Full Movies and Nollywood movies 2025 latest full movies, then you need to check out I GET TO LOVE YOU ! This romantic movie moves you into the world of the best Nigerian movies. You'll definitely love this full movie and latest entry in the Omoni Oboli movies on Omoni Oboli TV starring Chris Attoh, Detola Jones, Nonso Odogwu, Chimsom Chuka",UCbvdwZvZgdl-pPyomEmaEfg,Omoni Oboli TV,2080000,1206,2025-11-14T17:01:46Z,126.9,4629172,63551.0,10529.0,False,True,True,2026-10-06
adeolu_jones,Saga Adeolu,Detola Jones,iMwWCK8lIUE,"AFTER THE BREAKUP - CLINTON JOSHUA, DETOLA JONES 2026 LATEST NIGERIAN MOVIE","AFTER THE BREAKUP 💔❤️

A painful betrayal shatters Mona's world just when she thought she knew who to trust. As life unexpectedly brings her face-to-face with the past she desperately wants to leave behind, she's forced to make a choice that could change everything.

Can love survive betrayal? Is forgiveness enough to rebuild what was broken?  

Watch this emotional Nollywood drama filled with romance, heartbreak, family drama, and unexpected twists.

💬 After watching, tell us: wuld you give love a second chance after betrayal?

👍 Don’t forget to LIKE, COMMENT, SHARE, and SUBSCRIBE to Sonia Uche TV for more premium Nollywood movies every week.

#AfterTheBreakup #NollywoodMovies #SoniaUcheTV #NigerianMovies #LoveStory #RomanceMovie #Heartbreak #Forgiveness #LatestNollywood #AfricanMovies #soniauche #movie #love",UCHY9J0IWIWht6GqIBiLidBA,Sonia Uche Tv,1510000,140,2026-06-25T17:00:24Z,124.3,6416626,64501.0,4749.0,False,True,True,2026-10-06
adeolu_jones,Saga Adeolu,Detola Jones,-dAF7FdXmUA,A NIGHT WITH MR DANIELS - Nigerian Movies 2025 Latest Full Movies,"In a world where secrets can buy fortunes, A Night With Mr. Daniels follows Ibiere, a brilliant but struggling young woman forced into a compromising scheme to save her ailing mother. When Prince Tayo Daniels, heir to a prestigious dynasty, demands a night with a bride before proposing, Nneka — a scheming socialite — and her calculating mother, Adaku, plot a deception: swap in Ibiere to fulfill the prince’s demand.

What begins as a desperate night spirals into a tangled web of hidden identities, betrayal, and unexpected beautiful second chances. As Tayo unknowingly hires Ibiere at his company, an undeniable connection sparks between them — but buried secrets threaten to destroy everything. In a battle between ambition, redemption, and true love, Ibiere must confront whether she can ever truly leave her past behind… or if the truth will catch up with her when she least expects it.

If you are looking for Nigerian Movies 2025 Latest Full Movies and Nollywood movies 2025 latest full movi",UCbvdwZvZgdl-pPyomEmaEfg,Omoni Oboli TV,2080000,1206,2025-05-02T17:00:01Z,92.3,6247972,88675.0,8488.0,False,True,True,2026-10-06
adeolu_jones,Saga Adeolu,Detola Jones,sv7wTBALl6o,CHOOSING YOU | Nigerian movies 2026 Latest full movies,"A young woman relocates for a lucrative opportunity,only to discover her new employer favors married staff. Desperate to secure her place, she pretends to be engaged. But just as the lie begins to spiral, fate introduces her to a man who could pass as the perfect fiancé… except he’s not her type.

Will she take the risk and turn pretense into possibility, or will the truth unravel everything she’s worked for?

Starring:
Okusaga Adeoluwa
Osereme Inegbenebor

Watch this Nigerian movie on Blessing Obasi TV, your home for the best Nollywood movies 2026. Blessing Obasi TV brings you another unforgettable Nollywood movie featuring top Nollywood actors. If you love Nigerian movies full of emotion, drama, and powerful performances, Blessing Obasi TV is the Nollywood movie channel you need.

Watch more Nigerian movies 2026 Latest full movies here https://www.youtube.com/@Blessingobasitv

Don’t forget to SUBSCRIBE, LIKE, COMMENT, and SHARE to support Blessing Obasi TV!

#blessingobasi #nollywood",UCIT1gRMia48fegizq1baniw,Blessing Obasi TV,327000,327,2026-02-12T16:01:21Z,70.8,1783500,21154.0,1199.0,True,False,True,2026-10-06
adeolu_jones,Saga Adeolu,Detola Jones,4XAAlxI-e3Y,"THE SPARK BETWEEN US - Chidi Dike, Detola Jones - 2025 Latest Nigerian Movie","The Spark between us is an emotional love story played by Chidi Dike and Detola Jones

#nollywood #chididike #davidcliq #detolajones #nollywoodmovies #thesparkbetweenus",UC_fmtnk3YKrgHplj4i3dWHA,David Cliq,165000,302,2025-11-01T17:00:12Z,114.6,927724,7711.0,364.0,False,True,True,2026-10-06
adeolu_jones,Saga Adeolu,Detola Jones,4AhZPLsW8WE,CHAPTERS OF THE HEART - Nigerian Movies Latest Full Movies,"If you are looking for Nigerian Movies Latest Full Movies, then you need to check out CHAPTERS OF THE HEART! Chapters of the Heart follows the intertwined lives of Beauty Odukoya, a former beauty queen whose life takes a tragic turn, and Uduak Friday, a resilient young man from the slums, as they navigate personal struggles, societal expectations, and the transformative power of love. This romantic movie moves you into the world of the best Nollywood latest full movies. Romance, heartbreak and everything in between. You'll definitely love this full movie and latest entry in the Omoni Oboli movies on Omoni Oboli TV starring Detola Jones, Ichie Fuego, Michael Dappa, Chioma Nwosu, Uche Nwoko, Tracy Edera, Helen Samuel

#nollywoodmovies #nigerianmovies #omonioboli #omoniobolitv",UCbvdwZvZgdl-pPyomEmaEfg,Omoni Oboli TV,2080000,1206,2024-11-22T16:00:07Z,127.7,1571327,24508.0,1954.0,False,True,True,2026-10-06
adeolu_jones,Saga Adeolu,Detola Jones,T6gfrSvhbYU,DEAR FUTURE SOULMATE - DETOLA JONES | TAYE ARIMORO | Latest Nigerian Movies 2026,"She has always believed that the right person would find her at the right time, but love does not always arrive the way we imagine. When an unexpected connection begins to feel like the answer to a heartfelt wish, she must decide whether to trust her heart or protect herself from another disappointment. Could this really be the person she has been waiting for all along?


#nollyversetv #Nollywoodmovies #Nigerianmovies #Nollywoodmovies #Nigerianmovies #trendynollywoodmovies #latestnigerianmovies #latestnigerianmovies2026 #usa #uk",UCpKR5qi8AxFPzWSuczBVr0Q,NollyVerse Tv,3720,361,2026-09-09T18:00:02Z,75.8,112106,478.0,23.0,False,True,True,2026-10-06
adeolu_jones,Saga Adeolu,Detola Jones,I4xhp9Dcj7E,Billionaire Man Pretends To be Sick To Know Who Truly LOVE And CARE For Him - African Movies,"NollyTokTV #africanmovies #nigerianmovies2026latestfullmovies #new 

Watch the latest Nollywood movies 2026 and full Nigerian movies every day on Nollytok TV. New African movies added weekly. 

⭐ Starring ; Mike Godson, Detola Jones etc

🔔 Subscribe to Nollytok TV for the best African movies → https://www.youtube.com/@Nollytoktv

#NollywoodMovies2026 #AfricanMovies #NollyTokTV",UCmv1xJ4l3YF_ZuAcDgMKavA,Nollytok Tv,17900,943,2026-07-23T15:00:14Z,131.9,299405,1450.0,85.0,False,True,True,2026-10-06
adeolu_jones,Saga Adeolu,Detola Jones,aMrAu0rYFFI,JULIET WITHOUT ROMEO - Nigerian Movies 2025 latest full movies,"JULIET WITHOUT ROMEO is a heartwarming romantic movie set in Nigeria. Caught up in the hustle and bustle of Lagos traffic and love triangles, a sweet girl just wants peace. But her current partner is too busy, her ex won’t give up and her new neighbour won’t back down. Who will she choose?

SUBSCRIBE NOW https://www.youtube.com/channel/UCTMSrZMt9YucURTcrolkecw

Get ready for an unforgettable cinematic experience with JULIET WITHOUT ROMEO, the latest hit on Emmabel TV! Dive into the world of Nollywood with this romantic movie that perfectly captures the essence of New Nigerian movies 2025. As one of the best Nollywood movies to come out of Nigeria, this new movie is a must-watch for all fans of African movies.

Enjoy this full movie for free and immerse yourself in the intense romance that defines Nigerian movies 2025 latest full movies. Whether you're looking for the latest Nollywood movies JULIET WITHOUT ROMEO is the new movie you need to see. Stream it now on Emmabel TV and add it to",UCTMSrZMt9YucURTcrolkecw,Emmabel TV,68400,303,2025-07-13T16:00:01Z,116.3,1529817,17187.0,1477.0,False,False,True,2026-10-06
adeolu_jones,Saga Adeolu,Detola Jones,iyrzYXDiEfw,LOVE CAMERA ACTION - Nigerian Movies Latest Full Movies,"Kaine leaves her corporate job for acting, grappling with frustration and societal pressure. She meets Ekom, a younger, struggling actor who shares her insecurities. As they navigate their budding connection, both must confront societal expectations and personal doubts. With Kaine's ex's scorn looming, they question if their love is worth the risk. In this tale of self-discovery and defiance, Kaine and Ekom must choose between conformity and pursuing true happiness amidst judgment and insecurities.
If you are looking for Nigerian Movies Latest Full Movies, then you need to check out LOVE CAMERA ACTION! This romantic movie moves you into the world of the best Nollywood movies latest full movies. You'll definitely love this full movie and latest entry in the Omoni Oboli movies on Omoni Oboli TV starring Chinonso Arubayi, Saga Adeolu, Omoche Oko, Raphael Atewe

#nollywoodmovies #nigerianmovies #omonioboli #omoniobolitv",UCbvdwZvZgdl-pPyomEmaEfg,Omoni Oboli TV,2080000,1206,2024-08-03T14:00:08Z,89.1,2003233,25931.0,1983.0,True,False,True,2026-10-06
adeolu_jones,Saga Adeolu,Detola Jones,WPSl2y_4_44,BREAKING THE RULES - Nigerian Movies 2025 Latest Full Movies,"Exness - Global Trading App https://wmadv.go2cloud.org/aff_c?offer_id=14957025&aff_id=9393&aff_sub={click_id}

""Breaking The Rules"" tells the story of Adanna Dike, a driven woman climbing the corporate ladder while dealing with the weight of love, legacy, and power. As she rises in her family’s empire, she faces pressure to stick to traditional expectations. But a surprising connection with the very charismatic Leo forces her to rethink everything she thought she wanted. Torn between ambition and her heart, Adanna must decide which rules are worth breaking and which are worth keeping.

If you are looking for Nigerian Movies 2025 Latest Full Movies and Nigerian Movies Latest Full Movies, then you need to check out BREAKING THE RULES! This romantic movie moves you into the world of the best Nollywood movies 2025 latest full movies. You'll definitely love this full movie and latest entry in the Omoni Oboli movies on Omoni Oboli TV starring Clinton Joshua, Detola Jones, Patrick Doyle, Taye",UCbvdwZvZgdl-pPyomEmaEfg,Omoni Oboli TV,2080000,1206,2025-02-21T17:00:41Z,112.5,5150983,59442.0,5781.0,False,True,True,2026-10-06
adeolu_jones,Saga Adeolu,Detola Jones,6w7ALA3nE1E,TROUBLE NEXT DOOR - Nigerian Movies Latest Full Movies,"When Lisa moves to Lagos for a fresh start, the last thing she expects is to land in the middle of a housing scam. Struggling to find stability, she clashes with her infuriatingly handsome neighbor, Liam, whose arrogance is as undeniable as his charm. But as unexpected circumstances force them to interact, Lisa begins to uncover layers to Liam she never anticipated. In a city where trust is scarce and surprises lurk around every corner, Lisa must decide whether trouble is always something to run from—or sometimes, something worth embracing.
If you are looking for Nigerian Movies Latest Full Movies, then you need to check out TROUBLE NEXT DOOR! This comedy, romantic movie moves you into the world of the best Nollywood latest full movies. You'll definitely love this full movie and latest entry in the Omoni Oboli movies on Omoni Oboli TV starring John Ekanem, Detola Jones, Tony Mezie, Amanda Iriekpen, Helen Samuel

#nollywoodmovies #nigerianmovies #omonioboli #omoniobolitv",UCbvdwZvZgdl-pPyomEmaEfg,Omoni Oboli TV,2080000,1206,2024-07-04T15:00:08Z,97.9,3407486,35928.0,2318.0,False,True,True,2026-10-06
adeolu_jones,Saga Adeolu,Detola Jones,r_OurONn4Gw,"WHEN YOU ARE MINE - CHINENYE NNEBE, SAGA ADEOLU - Nigerian Movie","In This Nigerian Movie...
Instead of loyalty, he chose betrayal—squandering all their money on another woman. What he doesn’t realize is that the storm is coming… and it has her name on it.


















#nigerianmovies #nollywoodmovies #familytiescinema #newmovies",UCjLl-Mwc0VbgrdJiMnzi9Lg,FamilyTies Cinema,363000,1287,2025-07-03T19:15:05Z,95.7,150800,719.0,34.0,True,False,True,2026-10-06
adeolu_jones,Saga Adeolu,Detola Jones,U_9bHVfUTiQ,BREAKFAST IS SERVED - Nigerian Movies Latest Full Movies,"Tade a professional heartbreaker leaves a trail of shattered hearts in his wake. But when he's hired to break the heart of Feyisetan, a kind hearted woman, Tade finds himself unexpectedly drawn to her.
Despite his initial intentions, he can't shake the growing feelings of love and admiration he harbors for her.
Breakfast Is Served is a gripping romantic drama that explores the transformative power of love and redemption, as Jake learns that sometimes the greatest heartbreak of all is losing the one you never meant to love.If you are looking for Nigerian Movies Latest Full Movies, then you need to check out BREAKFAST IS SERVED! This drama and romantic movie moves you into the world of the best Nollywood movies 2024 latest full movies. You'll definitely love this full movie and latest entry in the Omoni Oboli movies on Omoni Oboli TV starring Eso Dike, Detola Jones, Paul Uma, Perpetual Ukadike, Nancy Maurice, Great Val Edochie

W5NQDUQEIEBQFMVO
OG29NUARIOCRWSR1

#nollywoodmovies #nigeria",UCbvdwZvZgdl-pPyomEmaEfg,Omoni Oboli TV,2080000,1206,2024-03-22T20:00:51Z,119.6,2605009,31361.0,2411.0,False,True,True,2026-10-06
adeolu_jones,Saga Adeolu,Detola Jones,HwgqJeVuGHA,"CHASING FOREVER - Nigerian Movies 2025 Latest Full Movies - JOHN EKANEM, DETOLA JONES","A daughter returns home deported and putting her dad to shame, Emmanuel turns things around, But accidentally gets her pregnant, This wasn't what anyone expected, The emotional rollercoaster that happens afterward will shock you...This movie is emotional, Very Educative and a feel good Romantic movie. What happens next in this amazing Nigerian movie 2025? This latest Nigerian movie will surely keep you glued.

🔔𝐃𝐨𝐧'𝐭 𝐟𝐨𝐫𝐠𝐞𝐭 𝐭𝐨 𝐬𝐮𝐛𝐬𝐜𝐫𝐢𝐛𝐞 𝐭𝐨 𝐨𝐮𝐫 𝐜𝐡𝐚𝐧𝐧𝐞𝐥 𝐟𝐨𝐫 𝐦𝐨𝐫𝐞 𝐮𝐩𝐝𝐚𝐭𝐞𝐬.
https://www.youtube.com/@EnyinnaJonasTv
🔗 Stay Connected With Us.

=============================

🎬Suggested videos for you:

▶️ https://youtu.be/YnyYTIzSzRo 
▶️ https://youtu.be/r6eSaLgXGc0
▶️ https://youtu.be/RMIGESdOEKU
▶️ https://youtu.be/HS_d2HarQS0
▶️ https://youtu.be/znDOo46mPDY

=================================

✅ About Enyinna Jonas Tv.

Welcome to Enyinna Jonas Tv – your ultimate destination for the magic of Nollywood! Immerse yourself in the vibrant world of Nigerian cinema with the latest blockbuster movies,",UCPIJsFthtewO-NVgMojgSwA,ENYINNA JONAS TV,157000,150,2025-10-01T17:00:19Z,118.0,1661205,11368.0,772.0,False,True,True,2026-10-06
adeolu_jones,Saga Adeolu,Detola Jones,MR50VbWNhrg,"LIFE CAN DO WHATEVER HE WANTS (FULL NIGERIAN MOVIE ) - OKUSAGA ADEOLUWA, BOLAJI OGUNMOLA","LIFE CAN DO WHATEVER HE WANTS - OKUSAGA ADEOLUWA, OGUNMOLA BOLAJI, KANAGA JNR ..LATEST NIGERIAN MOVIE

STORY/ SCREENPLAY- ANWURI IJENEBE

Welcome to Bolaji Ogunmola's YouTube channel..... Get ready to be entertained.

bolajiogunmola #nollywoodmovies #bolajiogunmolamovies #sagabbnaija  #kanagajnrbbtitans# OKUSAGA# #2024 #2024movies #imperfectmatch #BOLAJIOGUNMOLATV #selfcare #love #nigerianmovies #africanmovies #LIFECANDOWHATEVERHEWANTS#esports #2024 #bollywood #bolajiogunmolamovies2024
#bolajiogunmolamovies #bolajiogunmolavlogs #bolajiogunmola #nigeria #chididike #esodike #nigerianmovies #bolajiogunmolatv #bolajiogunmolamovies

Acreage_Rest   6KT5CZJLRUP6BWHR

Alsever_Lake    7A8TACKUBRDIFIDW

Amherst     6YBAAT4HZCKTX3WH

Anthony_Catacoli   SHQYUHE40VREPQSN

JCar The Last Goodbye     TDMBO7ADBECDIHTS

Joshua Nichols Better Days_lead  

joshua nichols better days               XVEOSXBQH6NUO0O4

EEYBNQFJHGVQZDEK

Joshua Nichols Its You    HSOUUTPUSN84ZCYE

Kurtis Parks Thoughts Unfoldin",UCqxprLDy_2hMQ7aQp_4NNuA,BOLAJI OGUNMOLA TV,751000,447,2024-06-15T17:00:06Z,100.1,2439919,33429.0,4423.0,True,False,True,2026-10-06
adeolu_jones,Saga Adeolu,Detola Jones,jDMgCPnxCYw,THE MAN I CHOSE TO HURT - LATEST NIGERIAN MOVIE 2026,#Nollywoodmovies #Entertainment #film #latestnollywoodmovies2026 #mauricesamtv #ruthkadirifilms #omoniobolitv #uchemontana #themanichosetohurt,UCbspHTCfE0Re8Dq-HBobk8Q,JOYON TV,29700,8,2026-04-01T16:01:56Z,112.4,1248047,9780.0,433.0,False,False,True,2026-10-06
adeolu_jones,Saga Adeolu,Detola Jones,i1AHKlwnqvo,"TRANSACTIONAL - JOHN EKANEM, DETOLA JONES, Nigerian Movies 2026 Latest Full Movies","They were both faking to make it in this 2026 Nigerian romantic movie, but somehow ended up helping each other while they were at it. TRANSACTIONAL is one of the best Nollywood movies 2026, a full Nigerian movie about two people who started with a deal and ended up building something neither of them planned for.

Starring: JOHN EKANEM, DETOLA JONES and many more.

TRANSACTIONAL is a full 2026 Nigerian movie produced by Enyinna Jonas Tv, Featuring John Ekanem and Detola Jones.

If you love Nollywood romantic movies, and feel-good Nigerian movies, this is the 2026 Nigerian full movie you cannot miss.

🔔 Subscribe for new Nollywood movies every week: https://www.youtube.com/@EnyinnaJonasTv

🎬 Watch the latest Nigerian full movies and new Nollywood movies 2026 right here on Enyinna Jonas Tv.
▶️ https://youtu.be/-FyID5i1U1k
▶️ https://youtu.be/F2yX6jT0efo
▶️ https://youtu.be/3mKK1pc9COs
▶️ https://youtu.be/obys-u_6-BU
▶️ https://youtu.be/eF_SNXUtAOs

Welcome to Enyinna Jonas Tv — your home ",UCPIJsFthtewO-NVgMojgSwA,ENYINNA JONAS TV,157000,150,2026-05-16T16:00:07Z,83.8,1470672,9737.0,534.0,False,True,True,2026-10-06
adeolu_jones,Saga Adeolu,Detola Jones,dUQ_7Zl_W1o,LOVE CAME BACK - DETOLA JONES/RAY ADEKA/NIGERIAN MOVIES 2026 LATEST MOVIES,"Left to the heart, love is the best choice to always come back to. 

This movie stars: Detola Jones, Ray Adeka, Chisom Umennadi
We would for you to stay connected with us, please
SUBSCRIBE to the channel here
https://bit.ly/3S148yD

and check out more movies on our playlist

BEST NOLLYWOOD MOVIES OF ALL TIME
https://bit.ly/3S5lD0I

LOVE CAME BACK - DETOLA JONES/RAY ADEKA/NIGERIAN MOVIES 2026 LATEST MOVIES

And if you are a subscriber, please turn on NOTIFICATIONS by clicking the ""bell"" symbol to get updates on our new videos uploaded


ORJI TV
We are a movie production, entertainment, and media platform dedicated to providing the best Nigerian media content. Stay connected with us and access the finest Nigerian movies, Nollywood movies, love movies, comedy movies, Nigerian epic movies, Nigerian cinema movies, family movies, action movies, thriller movies, and Nigerian series.

Orji TV provides a wide genre of entertaining movies featuring your favorite Nollywood actors and brand-new mo",UCiahLsxiMoVkuUM1bbgPg0g,OrjiTv,579000,241,2026-08-28T16:00:29Z,119.3,1001791,7032.0,624.0,False,True,True,2026-10-06
adeolu_jones,Saga Adeolu,Detola Jones,V1Z748V5NyU,"A SEASON FOR LOVE - New Nigerian Movie starring Daniel Effiong, Chinonso Arubayi ",,UCVVs7iCZgDTBi7nPs4m4ksg,Uduak Isong TV,814000,145,2025-11-05T17:00:32Z,104.9,2875321,26054.0,1704.0,False,False,True,2026-10-06
adeolu_jones,Saga Adeolu,Detola Jones,PqubFkp-R5Y,SHE SAID NO - Nigerian Movies 2026 Latest Full Movies,"She Said No follows Akin, a successful and self-assured young executive whose life is built on control, grand gestures, and always getting his way. When his elaborate public proposal to his girlfriend Teni ends in a humiliating rejection, Akin’s carefully constructed world begins to collapse. As heartbreak exposes the flaws he has long ignored, Akin spirals into emotional and professional ruin and develops a debilitating speech disorder triggered by rejection. Through this unraveling, his closest friend Emem becomes his unexpected anchor, standing by him as he confronts vulnerability, accountability, and the cost of his pride. In learning to truly listen for the first time, Akin discovers that love, growth, and healing cannot be forced, only earned.

If you are looking for Nigerian Movies 2026 Latest Full Movies and Nollywood movies 2026 latest full movies, then you need to check out SHE SAID NO! This romantic movie moves you into the world of the best Nigerian movies. You'll definitel",UCbvdwZvZgdl-pPyomEmaEfg,Omoni Oboli TV,2080000,1206,2026-02-07T17:00:41Z,99.0,2638258,29221.0,2551.0,False,True,True,2026-10-06
adeolu_jones,Saga Adeolu,Detola Jones,7wlY0d9p6wg,"LLVE LINE (Chike Daniels, Detola Jones) : Latest Nigerian Movies 2025","💬 Don’t forget to LIKE 👍, COMMENT 💬, and SUBSCRIBE 🔔 for more full movies, romantic dramas, and fantasy films every week!

CLICK TO STAY HOOKED WITH MORE ENTERTAINING MOVIES:
https://www.youtube.com/watch?v=LPXJnvVeELI&list=PLVIWRn87nvwdm6oegpdJNl8eQBThInrQ9

#Latestnigerianmovies2025 #nollywoodmovie #fullnollywoodmovie #forbiddenlove #betrayalandrevenge #nollywooddrama #romanticthriller #nollycubetv #trendingnollywoodmoviestv #youtube",UCd1kgMxbPxw1yrfBBUnDXag,NollyCube TV ,230000,724,2025-11-14T13:00:06Z,114.9,17909,78.0,3.0,False,True,True,2026-10-06
adeolu_jones,Saga Adeolu,Detola Jones,O1jfeKsqnkU,THE PATIENT'S HEART - DANIEL ETIM - DETOLA JONES -  LATEST 2026 NIGERIAN MOVIES  #trending,"After a devastating accident, a young man is left crippled and consumed by despair, wishing he hadn’t survived. He shuts everyone out, refusing help and pushing away anyone who tries to care. But when a compassionate nurse enters his life, will he find the strength to let her in and accept a second chance?




nollywoodmovies,nigerianmovies,africanmovie,lovemovies,emotionalmovies,2026movie,lates2026movies,mauricesamtv,ruthkadiri247,mauricesammovies2026,romancemovie,lovemovie,bimboademoyetv,uchennambunabotv,fredrickleonardstv,uchenancytv.uchemontanatv,sarianmartinstv,UK,USA,JAMAICA,CANADA,Omoniobolitv,Chinenyennebetv







#nigerianmovies #africanmovies #latestnollywoodmovies2026 #nollywoodmovies #newmovies#mauricesam #bimboademoye  #ruthkadiri247#mauricesammovies2026 #lovestorymovie #nigerianmovies #nollywoodmovies #2026movies #africanmovie #lates2026movies #romancemovie #lovemovie#UK#USA#CANADA#JAMAICA#",UCNIOKFJV-oODa31zUhlNCuA,White Gold Pictures Tv,103000,1935,2026-05-13T20:45:06Z,90.7,22377,97.0,4.0,False,True,True,2026-10-06
adeolu_jones,Saga Adeolu,Detola Jones,kIh97UNzWz4,"SWEET DREAMS - Eso Dike, Detola Jones, Elochukwu Godwin 2024 Nigerian Nollywood Romance Movie","SWEET DREAMS - Eso Dike, Detola Jones, Elochukwu Godwin 2024 Nigerian Nollywood Romance Movie

SUBSCRIBE NOW https://www.youtube.com/channel/UC8GACXcNHqKL9VBrXag-XOg?sub_confirmation=1

Watch out for this lovely romantic movie.

Welcome to FILMHOUSE TV. 
ENJOY ENTERTAINING and INFORMATIVE NOLLYWOOD HOME MOVIES.

PLEASE LIKE, SHARE AND SUBSCRIBE

GOD BLESS YOU.

#nigerianmovies #nollywoodmovies #latestmovies
#2024movies #sweetdreams #mauricesam #esodike
#filmhousetv #elochukwugodwin #detolajones",UCL4XPQoypVwyXoNfoXsOwTA,Film House TV,54000,54,2024-06-26T16:00:44Z,99.1,17515,114.0,5.0,False,True,True,2026-10-06
adeolu_jones,Saga Adeolu,Detola Jones,DxFfuEh7QCc,BETTING ON LOVE - Nigerian Movies Latest Full Movies,"When a lighthearted bet turns into something far more complicated, Bella finds herself entangled in a challenge that tests her views on love, status, and self-worth. What starts as a game quickly spirals into an emotional whirlwind as unexpected feelings take root. But when the truth comes to light, Bella must face the consequences of playing with hearts—especially her own.
If you are looking for Nigerian Movies Latest Full Movies, then you need to check out BETTING ON LOVE! This romantic movie moves you into the world of the best Nollywood latest full movies. You'll definitely love this full movie and latest entry in the Omoni Oboli movies on Omoni Oboli TV starring Bambam, Ray Adeka, Cynthia Clark, Uche Nwoko.


#nollywoodmovies #nigerianmovies #omonioboli #omoniobolitv",UCbvdwZvZgdl-pPyomEmaEfg,Omoni Oboli TV,2080000,1206,2024-10-04T16:00:15Z,88.0,3809106,47964.0,3457.0,False,False,True,2026-10-06
adeolu_jones,Saga Adeolu,Detola Jones,c722cdHfYQI,LOVE ME AGAIN - 2026 latest Nigerian movies - Eso Dike - Adetola jones - Chinenye Eze,"Jason lost his job and became worthless in his wife's eyes, but what happened in the end no one expected.
TITLE ; LOVE ME AGAIN
Starring: - ( Full Movie) 2026 latest Nigerian movies   ESo Dike - Adetola jones - Chinenye Eze
Please like the video and drop a comment if you find it interesting....... or not.
SUBSCRIBE to the channel here

GLOBAL CROWN TV
We are a movie production and entertainment platform offering the best of Nollywood movies, Nigerian movies, African movies, and other free YouTube movies.

We welcome all Nollywood lovers to join our community and expect the very best of Nigerian movies, comedy movies,  epic movies, cinema movies, family movies, action movies, thriller movies, and series.  #nollywoodmovies  #nigerianmovies #latestnollywoodmovies2026   #nigerianmovies2026latestfullmovies latestfullmovies #inspirationalquotes   #motivationalstories #nigerianmovies #nollywood #nollywoodmovies #nigerianfilms #africanmovies #2026movies #globalcrowntv #victorymichael #lovemeag",UCoFEyPFU3Lc-mzDlDLTdPIA,GLOBAL CROWN TV,735000,312,2026-05-27T15:30:15Z,122.7,1945777,20238.0,3866.0,False,True,True,2026-10-06
adeolu_jones,Saga Adeolu,Detola Jones,NCuP28hB9vs,THE CHECKLIST - Nigerian Movies 2025 Latest Full Movies,"In the heart of Lagos, two best friends — Adesuwa, a guarded career woman recovering from deep betrayal, and Bolanle, a hopeless romantic with a streak of bad luck—navigate the chaos of life, love, and career. As Bolanle stumbles through one disastrous date after another, Adesuwa insists it’s time for some structure — starting with a dating checklist. What begins as playful banter turns into a heartfelt exploration of standards, self-worth, and second chances. The Checklist is a witty and emotionally rich romantic comedy about friendship, resilience, and how love often shows up where you least expect it.

If you are looking for Nigerian Movies 2025 Latest Full Movies and Nollywood movies 2025 latest full movies, then you need to check out THE CHECKLIST ! This romantic movie moves you into the world of the best Nigerian movies. You'll definitely love this full movie and latest entry in the Omoni Oboli movies on Omoni Oboli TV starring Michael Dappa, Ruby Okezie, Uche Nwoko, Taiwo Familo",UCbvdwZvZgdl-pPyomEmaEfg,Omoni Oboli TV,2080000,1206,2025-06-13T16:00:38Z,110.0,3365319,40972.0,3216.0,False,False,True,2026-10-06
adeolu_jones,Saga Adeolu,Detola Jones,8FtKde8RVvM,LEKKI OR NOTHING - Nigerian Movies Latest Full Movies,"In the heart of the bustling city of Lagos, these struggling friends are given a mysterious opportunity to boost their failing businesses. Unbeknownst to them, the help they receive comes from the dark world of fetish and occult practices.
As their businesses flourish, they find themselves entangled in a web of dark powers beyond their comprehension.

With their lives in peril and their friendships tested, the friends must confront the consequences of their actions and fight to escape the clutches of the dark forces they've unwittingly unleashedIf you are looking for Nigerian Movies Latest Full Movies, then you need to check out LEKKI OR NOTHING! This drama movie moves you into the world of the best Nollywood movies latest full movies. You'll definitely love this full movie and latest entry in the Omoni Oboli movies on Omoni Oboli TV starring Omoni Oboli, Adetola Jones, Josephina Otabor (Phyna), Omotunde Asebowale (Lolo), Michael Dappa, Dirichi Bright, Taye Arimoro

#nollywoodmovies #n",UCbvdwZvZgdl-pPyomEmaEfg,Omoni Oboli TV,2080000,1206,2024-05-03T17:00:08Z,100.0,2710643,31046.0,2322.0,False,True,True,2026-10-06
adeolu_jones,Saga Adeolu,Detola Jones,xgxS2B8rcC4,"LOST PAGES - CLINTON JOSHUA, SOPHIA CHISOM, VERA AGANAGA, Latest New Nigerian Movie","LOST PAGES is a gripping story of love, betrayal, and the dangerous price of uncovering the truth.
THIS CAPTIVATING MOVIE PROMISES TO MAKE YOUR DAY AND IS A MUST-WATCH.

STARRING: CLINTON JOSHUA, SOPHIA CHISOM, VERA AGANAGA – AND MANY MORE
NOW SHOWING ON: CLINTON JOSHUA TV (YOUTUBE)

#lostpages #clintonjoshua #sophiachisom #veraaganaga #nollywoodmovies #nigerianmovies",UCu8jOPs1uHwsD2jZTDiOW3w,Clinton Joshua Tv,290000,80,2026-01-18T17:01:35Z,131.1,3668424,39572.0,2308.0,False,False,True,2026-10-06
adeolu_jones,Saga Adeolu,Detola Jones,bcBBID65ZAY,"WITH LOVE, HAZEL- NIGERIAN MOVIES 2026 LATEST FULL MOVIES","WRITTEN BY ANWURI IJENEBE 


WITH LOVE, HAZEL- (2026 LATEST MOVIE)DEYEMI OKANLAWON,TENIOLA ALADESE,BOLAJI OGUNMOLA, OSAREHIA ORONSAYE, MICHAEL EJOOR, EZINNE UGORJI, IMOTUNDE ADEYEMO.

After hiding her own heartbreak, a young woman navigates a tangled web of emotions and
relationships as she becomes the personal assistant to a grieving single 



#bolajiogunmolamovies #bolajiogunmolavlogs #bolajiogunmola  #trendingmovies2026 #deyemiokanlawon #comedy #romance #withlovehazel #africanmovies 

Don't forget to LIKE, SHARE, and SUBSCRIBE.",UCqxprLDy_2hMQ7aQp_4NNuA,BOLAJI OGUNMOLA TV,751000,447,2026-01-16T17:01:08Z,97.3,3262024,42649.0,3739.0,False,False,True,2026-10-06
adeolu_montana,Saga Adeolu,Uche Montana,iGVALUOKKbY,SOCIAL MEDIA - UCHE MONTANA  OKUSAGA ADEOLUWA  EBERE OKAFOR,"#ruthkadiri247 #eddiewatson #nollywood #nollywoodmovies #latestnollywoodmovies2023 #mauricesammovies #mauricesam

#nollywoodmovies2023
#ruthkadiri247movies2023
#ruthkadiri247
#latestnollywoodmovies2023
#dezathegreatmovies2023
#latestruthkadirimovies2023
#nollywoodmovies2023
#latestnigerianmovies2023fullmovie
#nigerianmovies
#africanmovies2023

#ruthkadiritv
#ruthkadirimovies
#nigerianmovies2023latestfullmovies
#ruthkadiri
#ruthkadirimovies2023latestfullmovies
#socialmedia 
#socialmediamovie

-~-~~-~~~-~~-~-
Please watch: ""LOVE ON ICE - HOW FAR WILL YOU GO TO PROTECT YOUR FAMILY #movie"" 
https://www.youtube.com/watch?v=RBz2F0xEXMY
-~-~~-~~~-~~-~-",UCjcFNZE51DmSrGYBqixs0Ug,RuthKadiri247,4100000,325,2023-12-28T16:08:20Z,99.4,6088467,91877.0,9833.0,True,True,True,2026-10-06
adeolu_montana,Saga Adeolu,Uche Montana,0TP-bF7-70A,"A Taste of Sin | Uche Montana, James Gardiner | Full 2026 Latest New Nigerian Movie","Synopsis: This 2025 Latest Nigerian Nollywood Movie is 
Cast: 
Producer: 
Director: 

Watch the very best videos of Nigerian Nollywood movies, Nigerian actors, and other African movies 

Click Here To Subscribe To Our Channel::: http://bit.ly/2eUB88L  

FOLLOW US ON SOCIAL MEDIA:
Instagram -  https://www.instagram.com/tvnolly
Facebook::: http://on.fb.me/1lYrG3t 
Twitter::: http://bit.ly/1hxeWvU


Nollywood Movies on NollywoodTVNOLLY brings you the best of entertainment on YouTube. The Best African magic entertainment is all you get here each time you visit the Nollywood Youtube Channel, for new and Latest Nigerian films


Watch Nollywood movies on Nollywood Romance, FREE African movies, Nigerian FREE Movies on Youtube. Get thousands of latest Nollywood Movies, Nigerian movies, Ghana movies, exciting youtube movies, Nigerian movies right here on YouTube.
Just click and play!

#Nollywoodmovies #Nigerianmovies #Ghanamovies #Latestnigerianmovies









A Taste of Sin | Uche Montana, Jame",UCoMmHHH65XqnS-nFcGjjbIg,NollywoodTVNOLLY,913000,1273,2026-07-10T13:25:50Z,92.4,181019,1050.0,86.0,False,True,True,2026-10-06
adeolu_montana,Saga Adeolu,Uche Montana,Ar8SMzjLhtI,"A WOMAN'S HEART // NOLLYWOOD ROMANCE FULL MOVIE - UCHE MONTANA, SAGA ADEOLU, JAMES GARDINER ETC","A WOMAN'S HEART // NOLLYWOOD ROMANCE FULL MOVIE - UCHE MONTANA, SAGA ADEOLU, JAMES GARDINER ETC


 #uchemontana    #nigerianmovies #Ghanianmovie #watchmovies #topcreativetv #topnollywoodmovie..

please click and subscribe to our channel for more videos....

Watch the most interesting movies from african movie actors like Mercy Johnson, Jackie Appiah, Uche Nancy, Chinenye Ulaegbu, Regina Daniels, Sonia Uche, James Gardiner, Fred Leonard, chinenye nnebe, sonia uche, uche montana, maurice sam, john ekenam, Ken Erics, Mike Ezuruonye, Alex Ekubo, Yul Edochie, Blossom Chukwujekwe, Joseph Benjamin, Nonso Diobi, OC Ukeje, Julliet Ibrahim, Nadia Buari, Nana Ama Mcbrown, Lydia Forson, Yvonne Okoro, Joselyn Dumas, Yvonne Nelson....",UCcxniWsw60naXLSVmN_1gnQ,Uchenna Mbunabo Classics,33200,124,2026-07-23T11:58:38Z,108.7,5777,66.0,1.0,True,True,True,2026-10-06
adeolu_montana,Saga Adeolu,Uche Montana,JF6htt8b3y8,"Depth Of A Womans Wicked Heart [ Uche Montana , Adeoluwa Okusaga] - NG","#Stay Tune On This Channel#
chinenyennebemovies nigerianmovies2022 toosweetannanmovie latesttrendingmovie
soniauchemoies rayemodimovies frederickleonardmovies latestlovemovies african full movies2022 nigeriannollywoodmovies toplovemovies bestafricanlovemovies latestmarriagemovies",UC-cWGrNRdo2qPgqfk8ycq7Q,JUST LOVE TV,782000,1262,2026-05-26T13:03:25Z,96.2,15476,124.0,8.0,False,True,True,2026-10-06
adeolu_montana,Saga Adeolu,Uche Montana,dh14fSDI4PM,INTERNET CELEBRITY - UCHE MONTANA OKUSAGA ADEOLUWA MAURICE SAM - LATEST NIGERIAN MOVIES 2025,"Watch the latest 2025 nigerian film starring Uche Montana and Okusaga Adeoluwa. Latest Uche Montana movie 2025

Enjoy these beautiful Nigerian movies. These are the best nollywood 2025 movies. These movies will make you laugh, they will make you cry and they will make you feel. Enjoy. #nigerianmovies #nollywoodmovies 

Latest nollywood movie,
latest 2025 nollywood movie,
latets nollywood movie 2025,
latest nigerian movie,
latest nigerian movie 2025,
latest 2025 nigerian movies,
nigerian movies,
nollywood movies,
uche montana,
Uche Montana movies 2025, 
Uche montana 2025,
2025 uche montana movies, 
Okusaga Adeoluwa movies, 
Saga movies,
Okusaga Adeoluwa movies 2025,
Okusaga Adeoluwa 2025 movie,
latest uche montana movie,",UCdImwLDqpouE4SDM359A38w,Triad Films,12200,12,2025-01-23T10:10:56Z,116.9,11184,94.0,2.0,True,True,True,2026-10-06
adeolu_montana,Saga Adeolu,Uche Montana,Vzg7hNXk7lo,"THE MERGER - UCHE MONTANA, TIMINI EGBUSON, Latest 2026 Nigerian Movie","Two people, one complicated situation, and a relationship that was never supposed to happen.

THE MERGER is an emotional Nollywood drama about love, attraction, complicated relationships, and the unexpected connections that can turn life upside down.

STARRING: UCHE MONTANA, TIMINI EGBUSON AND MANY OTHERS.
NOW SHOWING ON UCHE MONTANA TV

#themerger #uchemontana #timiniegbuson #nollywoodmovies #africanmovies #uchemontanatv #nollywood #nigerianmovies #romancemovie #lovestory #nollywooddrama",UCGRC6hm8mD8WqeY0auwrCrQ,Uche Montana TV,1940000,110,2026-09-05T17:00:18Z,94.9,11005388,92711.0,5606.0,False,True,True,2026-10-06
adeolu_montana,Saga Adeolu,Uche Montana,SpCbPs02uR8,"THE SECOND CHANCE | Bimbo Ademoye, Uche Montana & Saga Adeolu | 2026 Latest Nollywood Movie","THE SECOND CHANCE | Bimbo Ademoye, Uche Montana & Saga Adeolu | Latest Nollywood Movie 2026

THE SECOND CHANCE is an emotional new Nollywood movie starring Bimbo Ademoye, Saga Adeolu, Uche Montana, Ebube Nwagbo and many more talented actors.

Sometimes love doesn't end because the feelings are gone. Sometimes people simply need a second chance.

After a painful separation, two people find themselves facing an unexpected opportunity to reconnect. But old wounds, hidden secrets and unresolved feelings threaten to destroy the possibility of a fresh beginning.

Can they forgive the past and give love another chance? Or will the mistakes they made before continue to stand between them?

Watch THE SECOND CHANCE, a captivating Nigerian movie filled with love, romance, betrayal, forgiveness, relationship drama, emotional moments and unexpected twists.

⭐ Starring: Bimbo Ademoye, Saga Adeolu, Uche Montana, Ebube Nwagbo and many more.

❤️ If you enjoy Nollywood romantic movies, Nigerian movies, ",UCcJLGxNi1O7HRq_fq0m0MiA,Top Nollywood Tv,7460,136,2026-08-28T17:00:35Z,90.6,274,0.0,0.0,True,True,True,2026-10-06
adeolu_montana,Saga Adeolu,Uche Montana,6cRk1jWEiC0,"LE CŒUR D'UNE FEMME - UCHE MONTANA, OKUSAGA ADEOLUWA, JAMES GARDINER film nigérian en français","Ce chef-d'œuvre incroyable illuminera votre journée. Un film incontournable pour tous les célibataires et célibataires endurcis… très captivant et éducatif.
Avec : UCHE MONTANA, OKUSAGA ADEOLUWA, JAMES GARDINER, LYDIA LAWRENCE NZE.

#UcheMontana #OkusagaAdeoluwa #JamesGardiner #LydiaLawrenceNze #UcheMontanaMovies #NigerianMovies #NigerianFilms #NollywoodMovies #NigerianMovies2024LatestFullMovies #2024Movies #LoveMovies #AfricanMovies #LatestNigerianMovies #LatestNollywoodMovies2024 #AfricanStories",UCFWlBzu5UP1-7DIn-y4I2Lw,Uchenna Mbunabo French Tv,1030000,155,2025-03-07T16:00:10Z,108.2,1468945,17343.0,975.0,True,True,True,2026-10-06
adeolu_montana,Saga Adeolu,Uche Montana,FkxWV5idAUc,"Let me in Again | Uche Montana, James Gardiner | Full 2026 latest New Nigerian Movie","Synopsis: This 2025 Latest Nigerian Nollywood Movie is 
Cast: 
Producer: 
Director: 

Watch the very best videos of Nigerian Nollywood movies, Nigerian actors, and other African movies 

Click Here To Subscribe To Our Channel::: http://bit.ly/2eUB88L  

FOLLOW US ON SOCIAL MEDIA:
Instagram -  https://www.instagram.com/tvnolly
Facebook::: http://on.fb.me/1lYrG3t 
Twitter::: http://bit.ly/1hxeWvU


Nollywood Movies on NollywoodTVNOLLY brings you the best of entertainment on YouTube. The Best African magic entertainment is all you get here each time you visit the Nollywood Youtube Channel, for new and Latest Nigerian films


Watch Nollywood movies on Nollywood Romance, FREE African movies, Nigerian FREE Movies on Youtube. Get thousands of latest Nollywood Movies, Nigerian movies, Ghana movies, exciting youtube movies, Nigerian movies right here on YouTube.
Just click and play!

#Nollywoodmovies #Nigerianmovies #Ghanamovies #Latestnigerianmovies









Let me in Again | Uche Montana, Jam",UCoMmHHH65XqnS-nFcGjjbIg,NollywoodTVNOLLY,913000,1273,2026-05-14T12:59:52Z,97.2,381667,2025.0,81.0,False,True,True,2026-10-06
adeolu_montana,Saga Adeolu,Uche Montana,Nm1JEbitxuM,"BEFORE YOU | UCHE MONTANA, SAGA ADEOLU, Latest Nigerian new movie","BEFORE YOU  - STARRING: SAGA ADEOLU, UCHE MONTANA AND MANY OTHERS.

NOW SHOWING ON PALM WINE TV

#beforeyou #sagaadeolu #uchemontana #nollywoodmovies #romanticdrama #africanmovies #palmwinetv",UClJB1rIwn-x4gElZpUgVslw,PalmWine Tv,2030,11,2026-08-14T17:53:09Z,69.3,24164,183.0,3.0,True,True,True,2026-10-06
adeolu_montana,Saga Adeolu,Uche Montana,M_VBg53IKwA,"THE WRONG YES - UCHE MONTANA, SAGA ADEOLUWA | Nigerian Movies 2026 Latest Full Movies","In this Nigerian movie, Starring amazing Nollywood actors.
Starring; UCHE MONTANA, SAGA ADEOLUWA
Love is a beautiful thing, it can heal broken hearts when you fall in love with the right person. Love exists so much among these two so into each other until circumstance changed everything. It's a must-watch. Relax and enjoy this piece.
#nigerianmovies #africanmovies #nollywoodmovies
 
 
#youtube #iamyours #mauricesam #uchemontanamovies #uchennambunabomovies #trending #movies #unitedstates #unitedkingdom #movie #fredrickleonard #unitedstates #unitedkingdom #canada #netherlands #manari #familytiescinema #romancemovie 
AFRICAN MOVIES, NOLLYWOOD MOVIES, NIGERIAN MOVIES, NIGERIAN MOVIES 2025 LATEST FULL MOVIES, NIGERIAN MOVIES 2026 LATEST FULL MOVIES, NIGERIAN MOVIES 2026, NIGERIAN LATEST MOVIES 2026, NIGERIAN CHRISTIAN MOVIES, LATEST NIGERIAN MOVIES 2026, LATEST NOLLYWOOD MOVIES, 2026 NIGERIAN LATEST FULL MOVIES, NIGERIAN MOVIES 2025 LATEST FULL MOVIES
 
 
#NumberOneAfricanMovies #RomanticMo",UCC-Tbo72nhEaokJPE1ZQNig,AfricanMovies Box,152000,1446,2026-07-08T15:00:29Z,96.4,14230,51.0,10.0,True,True,True,2026-10-06
adeolu_montana,Saga Adeolu,Uche Montana,wudCstp4MPo,AGAINST ALL ODDS - UCHE MONTANA / VINE OLUGU / JERRY MUDIAGA,"Subscribe to our YouTube channel
https://www.youtube.com/channel/UCnZ28GESUBXyZSIvzcs1RXA/featured?disable_polymer=true

More movies on our channel https://www.youtube.com/channel/UCnZ28GESUBXyZSIvzcs1RXA/featured?disable_polymer=true

ChinneyLove Eze on social media
https://www.instagram.com/chinneyloveezeprods/?igshid=1pqsad6axjql8
https://www.instagram.com/chinneyloveeze_prods/?igshid=14m1h8iqx7d7h
https://www.facebook.com/chinneyloveezeprods/

Watch 

We are  your hub for quality and premium contents.",UCnZ28GESUBXyZSIvzcs1RXA,ChinneyLoveEze Tv,829000,160,2024-09-22T16:12:20Z,95.5,3542628,36485.0,2047.0,False,True,True,2026-10-06
adeolu_montana,Saga Adeolu,Uche Montana,cfPrueK_agg,"A VIRGIN GIRL FOR ME (UCHE MONTANA, SAGA ADEOLU) Latest Nigerian Movie 2025","#blackmoviestv 

Love is a beautiful thing, it can heal broken hearts when you fall in love with the right person. Love exists so much among these two so into each other until circumstance changed everything. It's a must-watch. Relax and enjoy this piece.


#blackmoviestv #youtube  #AVIRGINGIRLFORME #mauricesamtv #mauricesamandsoniauche  #uchemontana  #uchennambunabo  #soniauche #soniauchetv   #mauricesamtv   #movies #usa #unitedstates #   #mauricesam",UCaoyvHOxmdmqa4Q99dNbmpA, BLACK MOVIES TV,830000,2131,2025-10-07T15:30:32Z,88.3,12105,59.0,5.0,True,True,True,2026-10-06
adeolu_montana,Saga Adeolu,Uche Montana,9iBcsFNYRiA,"THE VIRGIN PRINCE ( SAGA ADEOLU, UCHE MONTANA, MAURICE SAM)Latest Nigerian Movie 2025","#blackmoviestv

Love is a beautiful thing, it can heal broken hearts when you fall in love with the right person. Love exists so much among these two so into each other until circumstance changed everything. It's a must-watch. Relax and enjoy this piece.


#blackmoviestv #youtube  #THEVIRGINPRINCE  #uchemontanamovies #uchemontana  #mauricesam #mauricesamtv   #movies #usa #unitedstates #SAGAADEOLU #trending",UCaoyvHOxmdmqa4Q99dNbmpA, BLACK MOVIES TV,830000,2131,2025-08-27T11:30:08Z,93.0,140807,686.0,25.0,True,True,True,2026-10-06
adeolu_montana,Saga Adeolu,Uche Montana,LZWPLybJJ2Y,"THE VIRGIN PRINCE ( SAGA ADEOLU, UCHE MONTANA, MAURICE SAM)Latest Nigerian Movie 2026","#blackmoviestv 

Love is a beautiful thing, it can heal broken hearts when you fall in love with the right person. Love exists so much among these two so into each other until circumstance changed everything. It's a must-watch. Relax and enjoy this piece.


#blackmoviestv #youtube  #MYPREGNANTSIDECHICK #uchemontanamovies #uchemontana  #uchennambunabo  #stephaniebassey   #mauricesamtv   #movies #usa #unitedstates #   #mauricesam",UCaoyvHOxmdmqa4Q99dNbmpA, BLACK MOVIES TV,830000,2131,2026-08-06T12:00:05Z,109.0,22144,100.0,7.0,True,True,True,2026-10-06
adeolu_montana,Saga Adeolu,Uche Montana,7bgTrHBSsTw,"SAGA ADEOLU: I'd Rather Look Rich In Films, Than Look Poor (Social Media, Men's Club) | Nolly Icons","Saga Adeolu shares his experience conceiving ""Falling Notes"" with Nolly Icons, and revisits his previous roles in ""Social Media"", ""Men's Club"" & more.

0:00 - Intro
1:31 - Social Media [Keystone Danjuma, with Uche Montana]
7:13 - Falling Notes [Toye]
11:06 - All of Us [Mr. Marcus]
14:00 - Life Can Do Whatever He Wants [Seven, with Bolaji Ogunmola]
15:51 - Men's Club New Gen [Kash]
19:41 - The Importance of being content with where you are


""Saga Adeolu tv"" ""Ruth Kadiri""",UCaSQBj9hoDH8p98DwLYaPug,Arrow House Entertainment,17200,124,2025-10-24T08:13:20Z,21.1,2343,45.0,3.0,True,True,False,2026-10-06
adeolu_montana,Saga Adeolu,Uche Montana,LkSdMUWQvG4,"SHE IS MINE ( SAGA ADEOLU, UCHE MONTANA, MAURICE SAM)Latest Nigerian Movie 2026","#blackmoviestv 

Love is a beautiful thing, it can heal broken hearts when you fall in love with the right person. Love exists so much among these two so into each other until circumstance changed everything. It's a must-watch. Relax and enjoy this piece.


#blackmoviestv #youtube  #MYPREGNANTSIDECHICK #uchemontanamovies #uchemontana  #uchennambunabo  #stephaniebassey   #mauricesamtv   #movies #usa #unitedstates #   #mauricesam",UCaoyvHOxmdmqa4Q99dNbmpA, BLACK MOVIES TV,830000,2131,2026-08-09T12:30:14Z,120.0,8811,41.0,2.0,True,True,True,2026-10-06
adeolu_montana,Saga Adeolu,Uche Montana,OsWsVXJgmYM,"HEART STRINGS  - UCHE MONTANA, UZOR AUKWE LATES 2025 NIGERIAN MOVIE","This amazing movie will make your day, you can't afford to miss it. A MUST WATCH  FOR EVERYONE.
Starring: UCHE MONTANA, UZOR AUKWE, JIDE KOSOKO, OKEY JUDE







#uchemontana #uzorarukwe #uchemontanamovies #jidekosoko #uchennambunabomovies #nigerianmovies #nollywoodmovies #latest2025nigerianmovies #latestnollywoodmovies2025 #2025movies  #lovemovies #odogwu",UChKCY9X0CIYtnRgIOH_egFg,One And Two Films Tv,680000,46,2025-06-20T17:00:30Z,89.9,1695656,13299.0,837.0,False,True,True,2026-10-06
adeolu_montana,Saga Adeolu,Uche Montana,HvnzEfvlSPQ,"THE VIRGIN PRINCE-SAGA ADEOLU, UCHE MONTANA,MAURICE SAM-Latest Nigerian Movie 2025 #trending #Movies","#blackmoviestv

Love is a beautiful thing, it can heal broken hearts when you fall in love with the right person. Love exists so much among these two so into each other until circumstance changed everything. It's a must-watch. Relax and enjoy this piece.


#blackmoviestv #youtube  #THEVIRGINPRINCE  #uchemontanamovies #uchemontana  #mauricesam #mauricesamtv   #movies #usa #unitedstates #SAGAADEOLU #trending",UCaoyvHOxmdmqa4Q99dNbmpA, BLACK MOVIES TV,830000,2131,2025-09-01T22:12:39Z,91.9,137965,951.0,69.0,True,True,True,2026-10-06
adeolu_montana,Saga Adeolu,Uche Montana,4IiDttxnnIs,SWAPPED HUSBAND (SAGA ADEOLU SOPHIA CHISOM UCHE MONTANA MAURICE) -Nigerian Movies 2026 Latest Movies,#nigerianmovies #africanmovies #nollywoodmovies,UCOH6LiD2bWGrtEtK-OocNeQ,NollyRok Studios,498000,1690,2026-03-23T13:00:06Z,120.2,19892,81.0,2.0,True,True,True,2026-10-06
adeolu_montana,Saga Adeolu,Uche Montana,yzi38IW8SqI,"MEET MY FIANCE (UCHE MONTANA, SAGA ADEOLU, ROXY ANTAK) Latest Nigerian Movie 2025","#blackmoviestv

Love is a beautiful thing, it can heal broken hearts when you fall in love with the right person. Love exists so much among these two so into each other until circumstance changed everything. It's a must-watch. Relax and enjoy this piece.


#blackmoviestv #youtube   #MEETMYFIANCE  #uchemontana #",UCaoyvHOxmdmqa4Q99dNbmpA, BLACK MOVIES TV,830000,2131,2025-02-03T15:30:25Z,112.7,38808,187.0,32.0,True,True,True,2026-10-06
adeolu_montana,Saga Adeolu,Uche Montana,v3ktzK1gZQs,IN BETWEEN (FULL MOVIE) MAURICE SAM UCHE MONTANA SAGA ADEOLU NEW NIGERIAN MOVIE,"2024 Trending Nollywood Blockbuster Movies

Relax And Watcch The Best Of Nollywood Trending Movies
Featuring The Best Of Nollywood Actors And Actresses-  Mercy Johnson, Fredrick Leonard, Stephen Odimgbe, Mike  Godson, Uju Okoli,  Destiny Etiko, Luchy Donalds e.t.c

#nigerianmovies #nollywoodmovies #africanmovies #fullnollywoodmovies #newnollywoodmovie #complete nigerian movies",UCDQ28-USAZbUTdZLDI6WqwA,NollyHit Tv,344000,5182,2024-01-13T16:00:38Z,290.0,5859,27.0,0.0,True,True,True,2026-10-06
adeolu_montana,Saga Adeolu,Uche Montana,MLUccZKtaxg,"FIRE AND ICE. 2024 LATEST NIGERIAN MOVIE -  UCHE MONTANA, REGINA DANIELS, JAMES GARDINER, NANA ADDAE","This amazing movie will make your day a must watch for everyone...very educative and intriguing
Starring: UCHE MONTANA, REGINA DANIELS, JAMES GARDINER, NANA ADDAE









#uchemontana #reginadaniels #jamesgardiner #nollywoodmovies #nigerianmovies #2024movies #africanmovie #uchennambunabotv #uchemubnabomovies #uchemontanamovies",UCGRC6hm8mD8WqeY0auwrCrQ,Uche Montana TV,1940000,110,2024-09-18T17:00:14Z,108.9,9120900,108212.0,8667.0,False,True,True,2026-10-06
adeolu_montana,Saga Adeolu,Uche Montana,4PnwEH2gee4,FEDERAL RESERVE - ENERGY FOR ENERGY #federalreserve  EDDIE WATSON QWASI BLAY,#uchemontanatv  #ruthkadiri247 #ruthkadirimovies #ruthkadirifilms #nollywood #nollywoodmovies #naijamovies #naijafilms #latestnollywoodmovies2025 #latestnollywoodmovies2025 #qwasiblay,UCjcFNZE51DmSrGYBqixs0Ug,RuthKadiri247,4100000,325,2025-07-10T16:03:28Z,139.1,7324738,121725.0,11646.0,False,False,True,2026-10-06
adeolu_montana,Saga Adeolu,Uche Montana,gc3BXH3ge2o,"STAR'S DIARY - UCHE MONTANA, MICHAEL DAPPA, JOSEPHINE SUNDAY (JOJOOFLELE) Latest 2025 Nigerian Movie","This is the best movie you will see on the internet today... very educative, romantic and captivating, full of life lessons
Starring: UCHE MONTANA, MICHAEL DAPPA, JOSEPHINE SUNDAY (JOJOOFLELE), CHRIS AKWARANDU AND MANY MORE





#uchemontana #michaeldappa #chrisakawarandu #uchemontanamovie #nigerianmovies #nollywoodmovies #africanmovie #lovestory #romanticmovie #2025movies #lovemovies",UCGRC6hm8mD8WqeY0auwrCrQ,Uche Montana TV,1940000,110,2025-07-09T17:00:54Z,115.2,6617306,85202.0,7884.0,False,True,True,2026-10-06
adeolu_montana,Saga Adeolu,Uche Montana,3v7UrF0m-sc,"POWERED BY LOVE (SOPHIA CHISOM(SOSO), SONIA UCHE, SAGA ADEOLU) Latest Nigerian Movie 2026","#blackmoviestv 

Love is a beautiful thing, it can heal broken hearts when you fall in love with the right person. Love exists so much among these two so into each other until circumstance changed everything. It's a must-watch. Relax and enjoy this piece.


#blackmoviestv #youtube  #POWEREDBYLOVE #uchemontanamovies #uchemontana  #uchennambunabo  #SOPHIACHISOM #soso #clintonjoshua #soniauche   #mauricesamtv   #movies #usa #unitedstates #   #mauricesam #viral #viralvideo",UCaoyvHOxmdmqa4Q99dNbmpA, BLACK MOVIES TV,830000,2131,2026-04-20T12:00:07Z,116.2,14328,61.0,5.0,True,False,True,2026-10-06
adeolu_montana,Saga Adeolu,Uche Montana,W0p847uOcC0,AFTER A NIGHT IN JULY - Nigerian Movies 2025 Latest Full Movies,"When Helen and Charles’ whirlwind romance leads to an unplanned pregnancy and a rushed wedding, they’re thrust into the chaotic first year of marriage. From navigating sleepless nights with a newborn to balancing career aspirations, financial tensions, meddling exes, and unresolved family wounds, their relationship is tested in ways they never imagined. As their love story teeters between deep affection and painful misunderstandings, Helen and Charles must confront the truth: did they marry for love, duty, or fear of being alone? With the help of counseling and raw honesty, they face the ultimate question - can love survive when trust is on shaky ground?

If you are looking for Nigerian Movies 2025 Latest Full Movies and Nollywood movies 2025 latest full movies, then you need to check out AFTER A NIGHT IN JULY ! This romantic movie moves you into the world of the best Nigerian movies. You'll definitely love this full movie and latest entry in the Omoni Oboli movies on Omoni Oboli TV st",UCbvdwZvZgdl-pPyomEmaEfg,Omoni Oboli TV,2080000,1206,2025-07-18T17:00:44Z,110.4,10278219,125388.0,10979.0,False,True,True,2026-10-06
adeolu_montana,Saga Adeolu,Uche Montana,Yy9FeQkNEuY,WHEN LOVE CALLS - New Nollywood romantic movie starring Uche Montana and Uzor  Arukwe,,UCVVs7iCZgDTBi7nPs4m4ksg,Uduak Isong TV,814000,145,2023-07-28T15:00:33Z,107.3,6151937,51678.0,3039.0,False,True,True,2026-10-06
adeolu_montana,Saga Adeolu,Uche Montana,3c647m4_wFs,THE WOMAN IN ME (UCHE MONTANA & EDDIE WATSON) NIGERIAN MOVIES 2026 | LATEST MOVIES,"THE WOMAN IN ME (UCHE MONTANA & EDDIE WATSON) NIGERIAN MOVIES 2026 | LATEST MOVIES

Story:

Starring: 

#Nigerianmovies #Africanmovies #Nollywoodscreen

Aforevo Name: Toxic affection",UCRXZCSEycRC-3mvhI2TrX7A,NOLLYWOOD SCREEN,241000,1251,2026-09-19T19:00:07Z,104.8,135170,393.0,30.0,False,True,True,2026-10-06
adeolu_montana,Saga Adeolu,Uche Montana,5PEOMIu9ddI,"HELLO POT  - TIMINI EGBUSON, UCHE MONTANA, FRANCESS NWAQBUNIKE, MORGAN NWAMBA, TONY AKPOSHERI","#ruithkadiri #ruthkadiri247 #eddiewatson #nollywood #nollywoodmovies #latestnollywoodmovies2023 #mauricesammovies #mauricesam

-~-~~-~~~-~~-~-
Please watch: ""LOVE ON ICE - HOW FAR WILL YOU GO TO PROTECT YOUR FAMILY #movie"" 
https://www.youtube.com/watch?v=RBz2F0xEXMY
-~-~~-~~~-~~-~-",UCjcFNZE51DmSrGYBqixs0Ug,RuthKadiri247,4100000,325,2024-05-10T21:19:36Z,99.8,10732344,109693.0,7651.0,False,True,True,2026-10-06
adeolu_montana,Saga Adeolu,Uche Montana,bp7HdAnzQa8,"L'AUTRE FEMME -UCHE MONTANA, SAGA ADEOLU, EBUBE NWAGBO. DERNIER FILM NOLLYWOOD 2026 #tendance #films","Il engagea une ravissante servante pour l'aider à s'occuper de sa maison, ignorant qu'elle bouleverserait sa vie à jamais. Ses enfants s'attachèrent rapidement à sa douceur et à sa gentillesse, tandis que sa fiancée, rongée par la jalousie, les observait. L'amour s'insinuant peu à peu là où il ne s'y attendait pas, l'homme commença à entrevoir la véritable nature de la femme qu'il projetait d'épouser : arrogante, égoïste et menacée par le lien qui unissait ses enfants à la servante. Déchiré entre son rang, son orgueil et un amour qui lui semblait sincère, il dut choisir celle qui méritait vraiment son cœur.

AVEC : UCHE MONTANA, SAGA ADEOLU, EBUBE ET BIEN D'AUTRES


#uchemontana #mauricesammovies #frenchtv247 #filmsdemauricesam #zubbymichael #derniersfilmsnigérians2026 #filmsnigérianénfrançcais #filmsnollywooddoublés #films2026 #burkinafaso #filmsafricain5etoiles #filmnigérianenfrançaiscomplet #nollywoodfilmsenfrançais #benin #madeforyou #cameroon #canada #centralafricanrepublic
#films",UCzNLC3jbOSha6laaZy6H28w,LE PRIME NOLLYFRANÇAIS PLUS TV,48000,197,2026-02-03T21:30:06Z,89.2,238672,1523.0,23.0,True,True,True,2026-10-06
adeolu_montana,Saga Adeolu,Uche Montana,0e7B7OoW_g8,THIS THING CALLED LOVE - BEST OF UCHE MONTANA &  ESO DIKE MOVIES - 2025 NOLLYWOOD NIGERIAN MOVIE,"THIS THING CALLED LOVE - BEST OF UCHE MONTANA &  ESO DIKE MOVIES - 2025 NOLLYWOOD NIGERIAN MOVIE


Watch Brand New Nollywood Movies for FREE at Uchenna Mbunabo Tv youtube channel and uchenna mbunabo Studios

#uchemontana #esodike #nollywoodnigerianmovies #uchennambunabo  

Subscribe to the this Channel for the best of movie actions from  Nollywood Stars. Like/recommend this video or make your comments below. Enjoy!..",UCy_MchSPaUTBKRRckg2OPKQ,NollyClips,267000,602,2025-10-06T17:11:05Z,76.9,816154,4863.0,236.0,False,True,True,2026-10-06
adeolu_montana,Saga Adeolu,Uche Montana,yPijdgONJ6o,"BACK TO DECEMBER - 2024 LATEST NIGERIAN MOVIE -  UCHE MONTANA, ANTHONY WOOD, VINE OLUGU","This amazing romantic movie will make your day ... very educative and emotional. A must watch for everyone
Starring: UCHE MONTANA, ANTHONY WOOD, VINE OLUGU







#uchemontana #uchemontanamovies #anthonywoode #nigerianmovies #nollywoodmovies #2024movies #romanticmovie #africanmovie #latestnigeriamovies #latestnigerianmovies2024",UCGRC6hm8mD8WqeY0auwrCrQ,Uche Montana TV,1940000,110,2024-12-28T17:00:59Z,139.3,3616117,47145.0,3928.0,False,True,True,2026-10-06
adeolu_montana,Saga Adeolu,Uche Montana,bMg4JC_bd8A,BEFORE I MET YOU- UCHE MONTANA / VINE OLUGU / JERRY MUDIAGA,"Subscribe to our YouTube channel
https://www.youtube.com/channel/UCnZ28GESUBXyZSIvzcs1RXA/featured?disable_polymer=true

More movies on our channel https://www.youtube.com/channel/UCnZ28GESUBXyZSIvzcs1RXA/featured?disable_polymer=true

ChinneyLove Eze on social media
https://www.instagram.com/chinneyloveezeprods/?igshid=1pqsad6axjql8
https://www.instagram.com/chinneyloveeze_prods/?igshid=14m1h8iqx7d7h
https://www.facebook.com/chinneyloveezeprods/

Watch 

We are  your hub for quality and premium contents.",UCnZ28GESUBXyZSIvzcs1RXA,ChinneyLoveEze Tv,829000,160,2025-02-16T15:54:43Z,86.4,3956071,31676.0,1554.0,False,True,True,2026-10-06
adeolu_montana,Saga Adeolu,Uche Montana,G8DHZC-JJgU,"WINGS TO FLY - UCHE MONTANA, BLOSSOM CHUKWUJEKWU, MICHAEL DAPPA, Latest 2026 Nigerian Movie","Two hearts. One choice. No turning back.
WINGS TO FLY is a powerful romantic drama filled with passion, betrayal, and life-changing decisions.

STARRING: UCHE MONTANA, BLOSSOM CHUKWUJEKWU, MICHAEL DAPPA & MANY MORE
NOW SHOWING ON: UCHE MONTANA TV (YOUTUBE)

#wings2fly #uchemontana #blossomchukwujekwu #michaeldappa #nollywoodmovies #nigerianmovies #romanticdrama #lovetriangle #trendingnollywood #youtubemovies",UCGRC6hm8mD8WqeY0auwrCrQ,Uche Montana TV,1940000,110,2026-03-22T17:00:00Z,114.3,7512214,91630.0,8747.0,False,True,True,2026-10-06
adeolu_montana,Saga Adeolu,Uche Montana,xGppuXPAmHA,"CRAZY LOVE AFFAIR ( SAGA ADEOLU, Echelon Mbadiwe, UCHE MONTANA )Latest Nigerian Movie 2025","#blackmoviestv

Love is a beautiful thing, it can heal broken hearts when you fall in love with the right person. Love exists so much among these two so into each other until circumstance changed everything. It's a must-watch. Relax and enjoy this piece.


#blackmoviestv #youtube #CRAZYLOVEAFFAIR  #uchemontanamovies",UCaoyvHOxmdmqa4Q99dNbmpA, BLACK MOVIES TV,830000,2131,2025-04-27T11:01:30Z,91.7,11014,103.0,2.0,True,True,True,2026-10-06
adeolu_montana,Saga Adeolu,Uche Montana,pr4_JaKSvoI,"LOVING YOU (BIMBO ADEMOYE, TIMINI EGBUSON, SAGA ADEOLU, UCHE MONTANA)Latest Nigerian Movie 2025","#blackmoviestv

Love is a beautiful thing, it can heal broken hearts when you fall in love with the right person. Love exists so much among these two so into each other until circumstance changed everything. It's a must-watch. Relax and enjoy this piece.


#blackmoviestv #youtube  #LOVINGYOU #bimboademoye #uchemontanamovies #timiniegbuson",UCaoyvHOxmdmqa4Q99dNbmpA, BLACK MOVIES TV,830000,2131,2025-04-14T15:29:00Z,96.2,82788,658.0,34.0,True,True,True,2026-10-06
adeolu_montana,Saga Adeolu,Uche Montana,vr2kLIWkAjU,THE MAIDS CROWN (CHINENYE NNEBE SAGA ADEOLU UCHE MONTANA) - Nigerian Movies 2025 latest full movies,#nigerianmovies #africanmovies #nollywoodmovies,UCOH6LiD2bWGrtEtK-OocNeQ,NollyRok Studios,498000,1690,2025-08-25T13:01:49Z,92.1,16233,93.0,4.0,True,True,True,2026-10-06
adeolu_montana,Saga Adeolu,Uche Montana,eX1JOAC-QJ4,Love found its way - Uche montana / Daniel effiong / vine olugu,"Premium nolly Tv is home for all premium nollywood movie. kindly subscribe to best of quality nigerian movies

https://www.youtube.com/channel/UCizniqa2kWhADt0UGPtYR4g",UCizniqa2kWhADt0UGPtYR4g,Premium Nolly Tv,30300,14,2026-02-20T16:05:53Z,94.6,1442879,9145.0,431.0,False,True,True,2026-10-06
adeolu_montana,Saga Adeolu,Uche Montana,tYp-UskX0cM,"THE LONG WAY HOME - UCHE MONTANA, MAURICE SAM, NADIA BUARI, Latest 2026 Nigerian Movie","This lovely masterpiece is the best movie you will see on the internet today... very educative and captivating.
Starring: UCHE MONTANA, MAURICE SAM, NADIA BUARI and Many Others



#uchemontana #mauricesam #nadiabuari #thelongwayhome #uchemontanamovies #mauricesammovies2026 #nigerianmovies #nollywoodmovies #africanmovie #lovestory #romanticmovie #2026movies #lovemovies",UCGRC6hm8mD8WqeY0auwrCrQ,Uche Montana TV,1940000,110,2026-07-04T17:00:14Z,133.3,10290108,125951.0,13598.0,False,True,True,2026-10-06
adeolu_montana,Saga Adeolu,Uche Montana,uzBqbQdk8d8,ALWAYS AND FOREVER - Uche Montana / Jerry mudiaga/ Lovezoe tunmise - Lastest Nollywood movie 2025,"Subscribe to our YouTube channel
https://www.youtube.com/channel/UCnZ28GESUBXyZSIvzcs1RXA/featured?disable_polymer=true

More movies on our channel https://www.youtube.com/channel/UCnZ28GESUBXyZSIvzcs1RXA/featured?disable_polymer=true

ChinneyLove Eze on social media
https://www.instagram.com/chinneyloveezeprods/?igshid=1pqsad6axjql8
https://www.instagram.com/chinneyloveeze_prods/?igshid=14m1h8iqx7d7h
https://www.facebook.com/chinneyloveezeprods/

Watch 

We are  your hub for quality and premium contents.",UCnZ28GESUBXyZSIvzcs1RXA,ChinneyLoveEze Tv,829000,160,2025-03-14T16:31:05Z,90.6,2291169,25548.0,2742.0,False,True,True,2026-10-06
adeolu_montana,Saga Adeolu,Uche Montana,_0AD2oDrd28,"LOVE PURSUIT - UCHE MONTANA, TOOSWEET ANNAN,  Latest 2025 Nigerian Movie","It's a love at first sight, and a perfect watch for the weekend! The best movie you will see on the internet today... very educative, romantic and captivating, full of life lessons
Starring: UCHE MONTANA,TOOSWEET ANNAN AND MANY MORE





#uchemontana #toosweetannan #uchemontanamovie #toosweetannanmovies2025 #nigerianmovies #nollywoodmovies #africanmovie #lovestory #romanticmovie #2025movies #lovemovies",UCGRC6hm8mD8WqeY0auwrCrQ,Uche Montana TV,1940000,110,2025-05-03T18:42:29Z,109.9,7773065,86783.0,5506.0,False,True,True,2026-10-06
adeolu_montana,Saga Adeolu,Uche Montana,2j0stq6bgN8,"The Love I Thought was Real [ Uche Montana, Maurice Sam ] -NG","#Stay Tune On This Channel#
chinenyennebemovies nigerianmovies2022 toosweetannanmovie latesttrendingmovie
soniauchemoies rayemodimovies frederickleonardmovies latestlovemovies african full movies2022 nigeriannollywoodmovies toplovemovies bestafricanlovemovies latestmarriagemovies",UC-cWGrNRdo2qPgqfk8ycq7Q,JUST LOVE TV,782000,1262,2026-08-07T11:00:29Z,119.6,142651,850.0,24.0,False,True,True,2026-10-06
adeolu_montana,Saga Adeolu,Uche Montana,cnDyDG3iqNI,"Let Me Know You | Uche Montana, Maurice Sam, Chike Daniel | Full 2026 Latest Nigerian Movie","Synopsis: This 2025 Latest Nigerian Nollywood Movie is 
Cast: 
Producer: 
Director: 

Watch the very best videos of Nigerian Nollywood movies, Nigerian actors, and other African movies 

Click Here To Subscribe To Our Channel::: http://bit.ly/2eUB88L  

FOLLOW US ON SOCIAL MEDIA:
Instagram -  https://www.instagram.com/tvnolly
Facebook::: http://on.fb.me/1lYrG3t 
Twitter::: http://bit.ly/1hxeWvU


Nollywood Movies on NollywoodTVNOLLY brings you the best of entertainment on YouTube. The Best African magic entertainment is all you get here each time you visit the Nollywood Youtube Channel, for new and Latest Nigerian films


Watch Nollywood movies on Nollywood Romance, FREE African movies, Nigerian FREE Movies on Youtube. Get thousands of latest Nollywood Movies, Nigerian movies, Ghana movies, exciting youtube movies, Nigerian movies right here on YouTube.
Just click and play!

#Nollywoodmovies #Nigerianmovies #Ghanamovies #Latestnigerianmovies









Let Me Know You | Uche Montana, Mau",UCoMmHHH65XqnS-nFcGjjbIg,NollywoodTVNOLLY,913000,1273,2026-04-18T13:00:50Z,141.6,4903628,23052.0,1289.0,False,True,True,2026-10-06
adeolu_montana,Saga Adeolu,Uche Montana,f7U2oIrN9rI,"The Good Maid Wife [Uche Montana , Brian Okwara] - Ng","#Stay Tune On This Channel#
chinenyennebemovies nigerianmovies2022 toosweetannanmovie latesttrendingmovie
soniauchemoies rayemodimovies frederickleonardmovies latestlovemovies african full movies2022 nigeriannollywoodmovies toplovemovies bestafricanlovemovies latestmarriagemovies",UC-cWGrNRdo2qPgqfk8ycq7Q,JUST LOVE TV,782000,1262,2026-05-13T12:10:30Z,124.3,810982,4017.0,152.0,False,True,True,2026-10-06
adeolu_montana,Saga Adeolu,Uche Montana,zwR1t3c_aRM,CITY GIRLS - UCHE MONTANA/ ONYII ALEX /LINA IDOKO,Your Favorite City Girls are in Town…,UCnZ28GESUBXyZSIvzcs1RXA,ChinneyLoveEze Tv,829000,160,2023-11-02T15:57:10Z,119.3,8580406,61959.0,3278.0,False,True,True,2026-10-06
adeolu_montana,Saga Adeolu,Uche Montana,h2AjDNBRjLg,Control Your Emotions While Watching This Just Released UCHE MONTANA Betrayal & Emotional Movie,"In This Nigerian Movie,
Starring - Uche Montana, Kachi Nnochiri
























#nigerianmovies #africanmovies #uchemontanamovies #uchemontana #nollywoodmovies #newmovies #cinemaparadisetv #usa",UCaOP_Jep-nINHiQEE5OPmng,CINEMA PARADISE TV,101000,1573,2026-06-01T08:00:17Z,83.0,453454,1845.0,98.0,False,True,True,2026-10-06
adeolu_montana,Saga Adeolu,Uche Montana,KcTUDezmDbo,"FINAL STRAW (SAGA ADEOLU, ROSEMARY AFUWAPE, UCHE MONTANA ) Latest Nigerian Movie 2025","#blackmoviestv

Love is a beautiful thing, it can heal broken hearts when you fall in love with the right person. Love exists so much among these two so into each other until circumstance changed everything. It's a must-watch. Relax and enjoy this piece.


#blackmoviestv #youtube #uzorarukwe   #FINALSTRAW #egonwosu  #uchemontanamovies #",UCaoyvHOxmdmqa4Q99dNbmpA, BLACK MOVIES TV,830000,2131,2025-03-23T11:00:31Z,82.4,3827,19.0,0.0,True,True,True,2026-10-06
adeolu_montana,Saga Adeolu,Uche Montana,DzwepRalp9k,YOU WILL MISS A VERY BIG LESSON IF YOU CHOOSE TO SKIP THIS UCHE MONTANA 2026 CLASSIC MOVIE #stay,"EVERYTING CHANGE D MOMENT HER HUSBAND BRUGHT HIS SIDE CHIC INTO THEIR HOME 2 MAKE HER LIF MISERABLE

Watch Brand New Nollywood Movies for FREE here https://youtu.be/DzwepRalp9k @NollyClips 

#uchemontana #rayemodi #onyiialex #romance 
This video clip is taken from the movie 
Click here to watch now - 

Subscribe to the this Channel for the best of movie actions from  Nollywood Stars. Like/recommend this video or make your comments below. Enjoy!..",UCy_MchSPaUTBKRRckg2OPKQ,NollyClips,267000,602,2026-02-27T13:12:58Z,126.3,1005035,4396.0,278.0,False,True,True,2026-10-06
adeolu_montana,Saga Adeolu,Uche Montana,nQ14h3EDlR0,"BEAUTY IS THE BEAST - UCHE MONTANA, KUNLE REMI, Latest 2026 Nigerian Movie","This romantic drama about fate, healing, and choosing love despite fear.
THIS CAPTIVATING MOVIE PROMISES TO MAKE YOUR DAY AND IS A MUST-WATCH.

STARRING: UCHE MONTANA, KUNLE REMI – AND MANY MORE
NOW SHOWING ON: UCHE MONTANA TV (YOUTUBE)

#beautyisthebeast #uchemontana #kunleremi #nollywoodmovies #nigerianmovies #romanticdrama #loveandfate #emotionalstory #youtubemovies #trendingnollywood",UCGRC6hm8mD8WqeY0auwrCrQ,Uche Montana TV,1940000,110,2026-02-14T17:00:00Z,117.8,7264955,72777.0,4971.0,False,True,True,2026-10-06
adeolu_montana,Saga Adeolu,Uche Montana,UXQ09ZZqceA,"LOVE BUG - MAURICE SAM, UCHE MONTANA, EVANNY PATRICK, 2025 Latest Full Nigerian Movie","LOVE BUG is a sweet yet intense story about love, timing, and the risks that come with opening your heart.
This captivating movie is a must-watch and promises to make your day.

STARRING: MAURICE SAM, UCHE MONTANA, EVANNY PATRICK AND MANY MORE
NOW SHOWING ON: MAURICE SAM TV (YOUTUBE)

#lovebug #uchemontana #mauricesam #nollywoodmovies #nigerianmovies #africanmovies #romancemovie #loveanddrama #trendingnollywood #mauricesamtv",UCThviXLHvH8VwqxQEa4vZaw,Maurice Sam TV,2830000,256,2025-12-24T17:00:52Z,141.1,7146814,88266.0,8388.0,False,True,True,2026-10-06
adeolu_montana,Saga Adeolu,Uche Montana,z8bKop7XfGc,"BABY BLUES - UCHE MONTANA, FREDERICK LEONARD, PASCALINE ALEX, Latest 2025 Nigerian Movie","This is the best family movie you will watch today, very educative, romantic and captivating, full of life lessons, you wouldn't want to miss it!
Starring: UCHE MONTANA, FREDERICK LEONARD, PASCALINE ALEX AND MANY MORE





#uchemontana #frederickeleonard #uchemontanamovie #toosweetannanmovies2025 #nigerianmovies #nollywoodmovies #africanmovie #lovestory #romanticmovie #2025movies #lovemovies",UCGRC6hm8mD8WqeY0auwrCrQ,Uche Montana TV,1940000,110,2025-05-30T17:01:18Z,141.1,6615843,86028.0,9246.0,False,True,True,2026-10-06
adeolu_montana,Saga Adeolu,Uche Montana,JzZmGeN7Zbc,"BOOMERANG - Uche Montana, Alex Cross, Ruby P. Okezie, Adeola Awoden 2023 Nigerian Nollywood Movie","BOOMERANG - Uche Montana, Alex Cross, Ruby P. Okezie, Adeola Awoden 2021 Nigerian Nollywood Movie

Join this channel to get access to perks:
https://www.youtube.com/channel/UCHvs-WorIs9XvNMw4Jl1O_A/join

Produced by African Movie Channel
Directed by Dabby Chimere

Rival twin sisters compete against each other for recognition because one of them has always felt left out and segregated by friends and family. She must now fight to prove that she is important and deserving attention.

Our Independence special and YouTube comeback!

Tune in to Nolly Africa HD to watch exclusive movies like STOOD UP, GET OVER IT, CONFLICT, and more. Watch the star-studded hilarious comedy, 30s SINGLE AND BORED, and the thrilling series, SCARS. Indulge in our exclusive talk show, AMC MOVIE TALK, the glamorous AMC RED CARPET, the controversial debate show, THE HANGOUT, the electrifying music show, AMC MUSIC LOUNGE, and many more, now on Samsung TV Plus (UK) 4208, Freeview (UK) 287, Rakuten TV, Azam 147, AzamTV",UCHvs-WorIs9XvNMw4Jl1O_A,AMCChannels,169000,447,2023-10-01T11:00:08Z,78.4,1479599,16129.0,971.0,False,True,True,2026-10-06
adeolu_montana,Saga Adeolu,Uche Montana,kkktAaAhRm8,"COLOURS OF TROUBLE - MAURICE SAM, CHIOMA NWAOHA ,UCHE MONTANA ,New Trending 2026 Nigeria Movie","They lived under the same roof like family—sharing meals, going to work together, laughing through life’s struggles and always looking out for each other. To the world, they were just close friends trying to survive the hustle of everyday life. But deep in her heart, she had fallen in love with him… a love she never had the courage to confess.
For years she kept her feelings hidden, pretending everything was normal, afraid that speaking the truth would destroy the bond they shared. But everything changed the day he met someone new at work. What started as friendship quickly turned into love, and before long, he brought the woman home to live with them.
The house that once felt warm suddenly became a place of silence and pain. Watching the man she secretly loved give his heart to another woman slowly broke her inside. The laughter faded, the closeness disappeared, and she was left feeling like a stranger in a home she once called her own.
Now she must face the hardest truth of all—somet",UCUuBf9eMcExCjwhzZRIfETw,Nolly Cinema Tv,11700,269,2026-03-10T20:00:39Z,79.0,727921,2851.0,216.0,False,True,True,2026-10-06
adeolu_montana,Saga Adeolu,Uche Montana,5dOxC9Y7F4U,"MEND MY HEART - FREDERICK LEONAR, MIWA OLORUNFEMI, UCHE MONTANA - 2026 NOLLYWOOD FULL MOVIE","MEND MY HEART - FREDERICK LEONAR, MIWA OLORUNFEMI, UCHE MONTANA - 2026 NOLLYWOOD FULL MOVIE

#uchemontana #frederickleonard #miwaolorunfemi 
Watch Brand New Nollywood Movies for FREE here at Uchenna Mbunabo Tv

This video clip is taken from the movie 
Click here to watch now - 

Subscribe to the this Channel for the best of movie actions from  Nollywood Stars. Like/recommend this video or make your comments below. Enjoy!..",UCy_MchSPaUTBKRRckg2OPKQ,NollyClips,267000,602,2026-03-07T16:52:38Z,131.4,866437,5428.0,393.0,False,True,True,2026-10-06
adeolu_montana,Saga Adeolu,Uche Montana,tfPNirut3hY,"WHEN LOVE IS PERFECT - DEZA THE GREAT, UCHE MONTANA | Nigerian Movies 2026 Latest Full Movies","In this Nigerian movie, Starring amazing Nollywood actors.
Starring; DEZA THE GREAT, UCHE MONTANA
Love is a beautiful thing, it can heal broken hearts when you fall in love with the right person. Love exists so much among these two so into each other until circumstance changed everything. It's a must-watch. Relax and enjoy this piece.
#nigerianmovies #africanmovies #nollywoodmovies
 
 
#youtube #iamyours #mauricesam #uchemontanamovies #uchennambunabomovies #trending #movies #unitedstates #unitedkingdom #movie #fredrickleonard #unitedstates #unitedkingdom #canada #netherlands #manari #familytiescinema #romancemovie 
WHEN LOVE IS PERFECT, AFRICAN MOVIES, NOLLYWOOD MOVIES, NIGERIAN MOVIES, NIGERIAN MOVIES 2025 LATEST FULL MOVIES, NIGERIAN MOVIES 2026 LATEST FULL MOVIES, NIGERIAN MOVIES 2026, NIGERIAN LATEST MOVIES 2026, NIGERIAN CHRISTIAN MOVIES, LATEST NIGERIAN MOVIES 2026, LATEST NOLLYWOOD MOVIES, 2026 NIGERIAN LATEST FULL MOVIES, NIGERIAN MOVIES 2025 LATEST FULL MOVIES
For You And You ",UCC-Tbo72nhEaokJPE1ZQNig,AfricanMovies Box,152000,1446,2026-06-12T02:38:06Z,92.6,133650,365.0,26.0,False,True,True,2026-10-06
adeolu_montana,Saga Adeolu,Uche Montana,8lMFywkHgiE,Virgins At 40 || UCHE MONTANA BAM BAM BIMBO ADEMOYE || 2026 Nigerian Nollywood Movies,"#uchemontana #bambam #bimboademoye 

Three lifelong friends confront love, pressure, and self-worth as they navigate late-blooming romance, hidden insecurities, and the fear of starting over when the world thinks they’re already too late. 

Cast: Uche Montana, Bam Bam, Bimbo Ademoye 







































#nigerianmovies  #latestnollywoodmovies #21stcenturynollywood #danieletim #uchemontana #bambam",UCDapjl4q1VkABYk1Uo01atw,21ST  CENTURY NOLLYWOOD,446000,1786,2026-04-17T11:00:14Z,94.9,584001,1815.0,232.0,False,True,True,2026-10-06
adeolu_montana,Saga Adeolu,Uche Montana,pexc1JMyRNo,"TABLE FOR TWO - UCHE MONTANA, RAY EMODI, EBUBE NWAGBO - LATEST 2026 NOLLYWOOD CLASSIC MOVIE","TABLE FOR TWO - UCHE MONTANA, RAY EMODI, EBUBE NWAGBO - LATEST 2026 NOLLYWOOD CLASSIC MOVIE

Watch Brand New Nollywood Movies for FREE at uchenna mbunabo tv

#uchemontana #classicmovies #rayemodi #nigerianfilm 

This video clip is taken from the movie 
Click here to watch now - 

Subscribe to the this Channel for the best of movie actions from  Nollywood Stars. Like/recommend this video or make your comments below. Enjoy!..",UCy_MchSPaUTBKRRckg2OPKQ,NollyClips,267000,602,2026-03-18T17:01:53Z,113.0,269465,1079.0,92.0,False,True,True,2026-10-06
adeolu_montana,Saga Adeolu,Uche Montana,Pij4FbYxaoQ,"BESTIES AT WAR (MAURICE SAM, UCHE MONTANA, NADIA BUARI )Latest Nigerian Movie 2026","#blackmoviestv 

Love is a beautiful thing, it can heal broken hearts when you fall in love with the right person. Love exists so much among these two so into each other until circumstance changed everything. It's a must-watch. Relax and enjoy this piece.


#blackmoviestv #youtube  #MYPREGNANTSIDECHICK #uchemontanamovies #uchemontana  #uchennambunabo  #stephaniebassey   #mauricesamtv   #movies #usa #unitedstates #   #mauricesam",UCaoyvHOxmdmqa4Q99dNbmpA, BLACK MOVIES TV,830000,2131,2026-07-15T15:30:32Z,110.0,42500,184.0,3.0,False,True,True,2026-10-06
adeolu_montana,Saga Adeolu,Uche Montana,z3e7jNX9HQg,"WHEN SHE SAID GOODBYE ( UCHE MONTANA , TIMINI EGBUSON ) - Latest Nigerian Movies 2026","#fullnigerianmovies #nollywoodmovies #goldencinematic

In This Nollywood movie  As she rediscovers her strength, self-worth, and purpose, she must make life-changing decisions that challenge love, loyalty, and the expectations placed upon her.



Starring: UCHE MONTANA , TIMINI EGBUSON 











#nigerianmovies2026 #nollywoodmovies #trendingnigerianmovies #africanmovies #latestnollywoodmovies2026 #2026movies #youtubemovies #nigerianfilms #usa #canada #uk",UCQfZ3IBNeg5V-BUJW6Yeh5g,GOLDEN CINEMATIC,100000,369,2026-08-05T16:00:18Z,92.9,54720,148.0,3.0,False,True,True,2026-10-06
adeolu_montana,Saga Adeolu,Uche Montana,x5bRBy5d-TY,"HOW LOVE KEPT ME - SAGA ADEOLU, ANITA MERE, DIANA EGWUATU, Latest 2026 Nigerian Movie","SANDRA PICTURES TV streams top Nollywood movies on YouTube. Sit back and enjoy captivating Nigerian films.

Neglected Vows

Enjoy this Nigerian full movie packed with suspense, love, betrayal, and powerful storytelling. Stay tuned for more Nollywood movies, Nigerian movies full movie, and latest African movies.

#NollywoodMovies #NigerianMovies #AfricanMovies #UrbanDrama #FullMovie


#NumberOneAfricanMovies #SandrapicturesTv #NumberOne
In this Nigerian Movie Starring: 

#SandrapicturesTv
#NumberOneAfricanMovies
#NumberOne FilmHouse

sandra pictures tv,youtube,nollywood movies,usa,united states,us,uche montana tv,uche montana movies 2026,uche montana movies,maurice sam movies,maurice sam tv,maurice sam movies 2026,uche montana movies 2026,timini egbuson movies 2026,bimbo ademoye movies 2026,bimbo ademoye tv,bimbo ademoye movies,bimbo ademoye and timini egbuson movies,timini egbuson movies,timini egbuson and bimbo ademoye movies,kenya,united kingdom, united states, uche mbunabo tv, ruth ",UCwoy9_4toamSyIy-tUyA0KQ,SANDRA PICTURES TV,421,89,2026-05-19T15:45:05Z,151.3,285,4.0,0.0,True,True,True,2026-10-06
adeolu_montana,Saga Adeolu,Uche Montana,DLjkc4V40iQ,MARRIAGE CLOUT (SAGA ADEOLU UCHE MONTANA PHYNA) - nigerian movies 2025 latest full movies,#latestnollywoodmovies #nigerianmovies#africanmovies#nollywoodmovieslatest,UCxpJFSMbadYaDA7sRMUGafg,NOLLYTOUCH STUDIOS,193000,999,2025-10-07T16:00:31Z,109.0,3135,26.0,0.0,True,True,True,2026-10-06
arukwe_ademoye,Uzor Arukwe,Bimbo Ademoye,we7pr8gDCn8,"WHERE LOVE LIVES. STARRING UZOR ARUKWE,BIMBO ADEMOYE, CHIOMA NWOSU,OSAS IGHODARO. 2025 LATEST ROMCOM",,UCneM4DHHUWMVwmYktz8X46g,Bimbo Ademoye TV,1840000,118,2025-12-24T13:01:47Z,146.3,25218323,419679.0,51998.0,True,True,True,2026-10-06
arukwe_ademoye,Uzor Arukwe,Bimbo Ademoye,r_-54VLm8WI,UNLUCKY - Watch Bimbo Ademoye and Uzor Arukwe in this Nollywood drama.,,UCVVs7iCZgDTBi7nPs4m4ksg,Uduak Isong TV,814000,145,2023-11-26T16:07:36Z,123.2,5482773,44610.0,5241.0,True,True,True,2026-10-06
arukwe_ademoye,Uzor Arukwe,Bimbo Ademoye,Ym-j0t_BWnY,"HUSBAND SNATCHER - BIMBO ADEMOYE, UZOR ARUKWE - Nigerian Movie","In This Nigerian Movie...
Navigating personal challenges and unspoken emotions can be challenging for newly lovebirds but in the end true love always wins.















#nigerianmovies #nollywoodmovies #familytiescinema #newmovies",UCjLl-Mwc0VbgrdJiMnzi9Lg,FamilyTies Cinema,363000,1287,2026-10-03T19:15:06Z,135.1,24043,72.0,13.0,True,True,True,2026-10-06
arukwe_ademoye,Uzor Arukwe,Bimbo Ademoye,m0LNw2FJDTE,"INFLUENCER - Bimbo Ademoye, Tana Adelena, Uzor Arokwe Star In This 2022 New Nollywood Drama.","INFLUENCER - Bimbo Ademoye, Tana Adelena, Uzor Arokwe Star In This 2022 New Nollywood Drama.

CLICK TO SUBSCRIBE: www.youtube.com/channel/UC61dWkUlWYQqDzQp33ZQg7w",UC61dWkUlWYQqDzQp33ZQg7w,OMG Picturestv,1260,6,2022-10-27T15:00:28Z,109.4,83689,418.0,26.0,False,True,True,2026-10-06
arukwe_ademoye,Uzor Arukwe,Bimbo Ademoye,HAk97psM9h0,"SIBE (THE MOVIE) STARRING. BIMBO ADEMOYE,UCHE MONTANA,UZOR ARUKWE,DEYEMI OKANLAWON. 2026 COMEDY",,UCneM4DHHUWMVwmYktz8X46g,Bimbo Ademoye TV,1840000,118,2026-07-25T21:14:15Z,145.8,20215123,268392.0,29723.0,True,True,True,2026-10-06
arukwe_ademoye,Uzor Arukwe,Bimbo Ademoye,6M2ZX53gO80,"Who is Right? | Bimbo Ademoye, Uzor Arukwe | Full 2026 Latest New Nigerian Movie","Synopsis: This 2025 Latest Nigerian Nollywood Movie is 
Cast: 
Producer: 
Director: 

Watch the very best videos of Nigerian Nollywood movies, Nigerian actors, and other African movies 

Click Here To Subscribe To Our Channel::: http://bit.ly/2eUB88L  

FOLLOW US ON SOCIAL MEDIA:
Instagram -  https://www.instagram.com/tvnolly
Facebook::: http://on.fb.me/1lYrG3t 
Twitter::: http://bit.ly/1hxeWvU


Nollywood Movies on NollywoodTVNOLLY brings you the best of entertainment on YouTube. The Best African magic entertainment is all you get here each time you visit the Nollywood Youtube Channel, for new and Latest Nigerian films


Watch Nollywood movies on Nollywood Romance, FREE African movies, Nigerian FREE Movies on Youtube. Get thousands of latest Nollywood Movies, Nigerian movies, Ghana movies, exciting youtube movies, Nigerian movies right here on YouTube.
Just click and play!

#Nollywoodmovies #Nigerianmovies #Ghanamovies #Latestnigerianmovies









Who is Right? | Bimbo Ademoye, Uzor",UCoMmHHH65XqnS-nFcGjjbIg,NollywoodTVNOLLY,913000,1273,2026-09-12T13:00:02Z,82.2,45080,119.0,11.0,True,True,True,2026-10-06
arukwe_ademoye,Uzor Arukwe,Bimbo Ademoye,bjxGOTKrIOY,"SIBE EPISODE ONE. THE BODYGUARD. STARRING UZOR ARUKWE, BIMBO ADEMOYE, ELESHO AND OTHERS.",,UCneM4DHHUWMVwmYktz8X46g,Bimbo Ademoye TV,1840000,118,2023-06-17T11:00:07Z,42.6,3420769,57640.0,4893.0,True,True,False,2026-10-06
arukwe_ademoye,Uzor Arukwe,Bimbo Ademoye,qpneX7r_bUs,3 CO WIVES (UZOR ARUKWE UCHE MONTANA BIMBO ADEMOYE CHINONSO) Nigerian Movies 2026 Latest Full Movies,#nigerianmovies #africanmovies #nollywoodmovies,UCOH6LiD2bWGrtEtK-OocNeQ,NollyRok Studios,498000,1690,2026-10-05T14:00:04Z,109.4,33191,76.0,4.0,True,True,True,2026-10-06
arukwe_ademoye,Uzor Arukwe,Bimbo Ademoye,Yfoyw8owkek,"NONCHALLANT WIFE - UZOR ARUKWE, BIMBO ADEMOYE - Nigerian Movie Latest Full Movies","In This Nigerian Movie,
Starring: Uzor Arukwe, Okey Uzoeshi, Lota Chukwu


























































#nigerianmovie #latestmovies #cinema",UCcI-jVgTnd2FkW_Omdoc0rQ,MorningStar Cinema Movies,112000,929,2026-09-28T11:30:10Z,90.5,63028,109.0,3.0,True,True,True,2026-10-06
arukwe_ademoye,Uzor Arukwe,Bimbo Ademoye,Qs7Quuwj50s,"COLOURS OF LOVE | BIMBO ADEMOYE, UZOR ARUKWE - Latest Nigerian Full Movies 2026","This Nigerian Movie,


























Step into the world of captivating Nigerian Movies, our movies capture the emotions that define us.
At MAGIC THEATRE TV, we bring you the very best of Nigerian Movies, African Love Stories, and Family Dramas that reflect the soul of Africa, you’ll always find something powerful here.
Subscribe now and turn on the notification bell 🔔 so you never miss an emotional, action-packed, or heartwarming moment!


#trendingmovies  #latestmovies  #africancinema  #numberoneexplores #romanticmovies  #familydrama  #latestnollywoodmovies  #magictheatretv #numberoneafricanmovies #africanmovies2026 #unitedstates #unitedkingdom #newlyreleasednigerianmovies

0:00 Medical assessment
5:28 Diagnosis and crisis
9:24 Hospital welfare concern
14:06 Nurse adoption process
19:44 Two years later
28:44 Mother's return
37:26 Confrontation and conflict
48:04 Escalating custody battle
57:20 Abduction and disappearance
1:10:09 Medical emergency
1:16:44 Reconciliation",UCzmBfQOYd-clan2qtr_VHiw,MAGIC THEATRE Tv,49600,1444,2026-09-14T21:00:06Z,82.0,39341,101.0,13.0,True,True,True,2026-10-06
arukwe_ademoye,Uzor Arukwe,Bimbo Ademoye,Y1mddwDiM84,"IN FOR TROUBLE - BIMBO ADEMOYE, UZOR ARUKWE - Nigerian Movie","In This Nigerian Movie...
Navigating personal challenges and unspoken emotions can be challenging for newly lovebirds but in the end true love always wins.














#nigerianmovies #nollywoodmovies #familytiescinema #newmovies",UCjLl-Mwc0VbgrdJiMnzi9Lg,FamilyTies Cinema,363000,1287,2026-01-10T11:15:06Z,86.7,216850,775.0,34.0,True,True,True,2026-10-06
arukwe_ademoye,Uzor Arukwe,Bimbo Ademoye,-dhq4OwrOco,HOUSE ARREST | BIMBO ADEMOYE | UZOR ARUKWE | ADEBOLU OLA EZIKPE,A deep-clean of her home during her official leave  reveals information that threatens the peace and happiness of Stephanie's life and family. Will she be willing to fight for her home and marriage?,UCjKtd7xOgyBWW2QcTJ3cIbg,Sigma Studios TV,23800,25,2025-02-17T15:01:13Z,104.4,2077156,15065.0,1075.0,True,True,True,2026-10-06
arukwe_ademoye,Uzor Arukwe,Bimbo Ademoye,fDlmBGPUHKk,"LOVE, PAIN & REVENGE | Emotional African Movie | Bimbo Ademoye,Uzor Arukwe #uzorarukwe #bimboademoye","LOVE, PAIN & REVENGE follows a man obsessed with having a male child, who neglects his wife after she repeatedly gives birth to girls. By refusing her antenatal care and support..
In a parallel story, another woman endures a controlling, unfaithful husband who stops her from working while she suffers in silence. As both women face betrayal, neglect, and pain, they are pushed toward a breaking point where endurance is no longer enough. Produced and Directed by DABBY CHIMERE 

#Nollywood #NigerianMovies #AfricanMovies #LatestNollywoodMovie #FullMovie2026 #NollywoodDrama #MovieNight #TrendingMovies
#MarriageDrama #FamilyDrama #ToxicRelationship #EmotionalPain #Infidelity #ChildPressure #InfertilityAwareness #AntenatalCare #WomenStory
#MustWatch #TrendingNow #ViralMovie #NewMovieAlert #WatchNow #CinemaAtHome",UCcRdA8kwhj5DLxCVz_HqYzw,DABBY CHIMERE TV,31900,19,2026-05-19T14:46:00Z,59.2,298552,1870.0,133.0,True,True,False,2026-10-06
arukwe_ademoye,Uzor Arukwe,Bimbo Ademoye,Jd1Xeqz1LKM,"STUCK ON YOU (Uzor Arukwe, Bimbo ADemoye) - Brand New 2026 Nigerian Movie",#Nollywoodtvstudio #africanmovies #mauricesam #ruthkadirifilms #chinenyennebe #lovedontcostathing #nigerianmovies2023latestfullmovies #ruthkadiri #ruthkadiri247,UCo-KiSpW1UMCnBN2o0iJLwg,NOLLYWOOD TV STUDIO,435000,2110,2026-08-28T18:00:26Z,83.8,50150,74.0,4.0,True,True,True,2026-10-06
arukwe_ademoye,Uzor Arukwe,Bimbo Ademoye,yoQgTnwGBgc,"ODOGWU FOR A REASON(UZOR ARUKWE, BIMBO ADEMOYE,BAMBAM OLAWUNMI ADENIBUYAN)Latest Nigerian Movie 2026","#blackmoviestv 

Love is a beautiful thing, it can heal broken hearts when you fall in love with the right person. Love exists so much among these two so into each other until circumstance changed everything. It's a must-watch. Relax and enjoy this piece.


#blackmoviestv #youtube  #MYPREGNANTSIDECHICK #uchemontanamovies #uchemontana  #uchennambunabo  #stephaniebassey   #mauricesamtv   #movies #usa #unitedstates #   #mauricesam",UCaoyvHOxmdmqa4Q99dNbmpA, BLACK MOVIES TV,830000,2131,2026-09-25T17:30:12Z,93.8,8816,21.0,3.0,True,True,True,2026-10-06
arukwe_ademoye,Uzor Arukwe,Bimbo Ademoye,JvLGdA-7lZ8,"TO BE A FRIEND . STARRING BIMBO ADEMOYE, UZOR ARUKWE, KUNLE REMI,DEYEMI OKANLAWON. TBAF.",,UCneM4DHHUWMVwmYktz8X46g,Bimbo Ademoye TV,1840000,118,2025-10-16T13:00:43Z,107.3,2459522,32512.0,2028.0,True,True,True,2026-10-06
arukwe_ademoye,Uzor Arukwe,Bimbo Ademoye,cuxLfWjqW-U,LOVE LIVES HERE - BIMBO ADEMOYE - UZOR ARUKWE - NIGERIAN MOVIES 2025 LATEST FULL MOVIES #trending,"She just wanted a place to clear her head, a place where she could forget every other thing going on in her life, her family, and all the guilt she feels for the loss of her mother.










nollywoodmovies,nigerianmovies,africanmovie,lovemovies,emotionalmovies,2025movie,lates2025movies,mauricesamtv,ruthkadiri247,mauricesammovies2025,romancemovie,lovemovie,bimboademoyetv,UK,USA,JAMAICA,CANADA,Omoniobolitv
























#nigerianmovies #africanmovies #latestnollywoodmovies2025 #nollywoodmovies #newmovies#mauricesam #bimboademoye  #ruthkadiri247#mauricesammovies2025 #lovestorymovie #nigerianmovies #nollywoodmovies #2025movies #africanmovie #lates2025movies #romancemovie #lovemovie#UK#USA#CANADA#JAMAICA#",UCNIOKFJV-oODa31zUhlNCuA,White Gold Pictures Tv,103000,1935,2025-12-30T15:45:06Z,93.6,30434,83.0,4.0,True,True,True,2026-10-06
arukwe_ademoye,Uzor Arukwe,Bimbo Ademoye,lh7tVEqKkoY,"MR & MRS POWER - UZOR ARUKWE, BIMBO ADEMOYE | Nigerian Movies 2026 Latest Full Movies","In this Nigerian movie, Starring amazing Nollywood actors.
Starring; UZOR ARUKWE, BIMBO ADEMOYE
Love is a beautiful thing, it can heal broken hearts when you fall in love with the right person. Love exists so much among these two so into each other until circumstance changed everything. It's a must-watch. Relax and enjoy this piece.
#nigerianmovies #africanmovies #nollywoodmovies
 
 
#youtube #iamyours #mauricesam #uchemontanamovies #uchennambunabomovies #trending #movies #unitedstates #unitedkingdom #movie #fredrickleonard #unitedstates #unitedkingdom #canada #netherlands #manari #familytiescinema #romancemovie 
AFRICAN MOVIES, NOLLYWOOD MOVIES, NIGERIAN MOVIES, NIGERIAN MOVIES 2025 LATEST FULL MOVIES, NIGERIAN MOVIES 2026 LATEST FULL MOVIES, NIGERIAN MOVIES 2026, NIGERIAN LATEST MOVIES 2026, NIGERIAN CHRISTIAN MOVIES, LATEST NIGERIAN MOVIES 2026, LATEST NOLLYWOOD MOVIES, 2026 NIGERIAN LATEST FULL MOVIES, NIGERIAN MOVIES 2025 LATEST FULL MOVIES
 
 
#NumberOneAfricanMovies #RomanticMov",UCC-Tbo72nhEaokJPE1ZQNig,AfricanMovies Box,152000,1446,2026-09-26T17:00:22Z,95.2,36581,87.0,7.0,True,True,True,2026-10-06
arukwe_ademoye,Uzor Arukwe,Bimbo Ademoye,qNHF0Dyo9Tw,"FAME AND FURY. STARRING DANIEL ETIM EFFIONG, BIMBO ADEMOYE, UZOR ARUKWE.  LATEST NIGERIAN MOVIE 2024",,UCneM4DHHUWMVwmYktz8X46g,Bimbo Ademoye TV,1840000,118,2024-11-08T11:05:00Z,108.3,11152340,175323.0,19905.0,True,True,True,2026-10-06
arukwe_ademoye,Uzor Arukwe,Bimbo Ademoye,rq3hAFFMrjw,"ODOGWU’S SECRET WIFE (BIMBO ADEMOYE, UCHE MONTANA, UZOR ARUKWE )Latest Nigerian Movie 2026","#blackmoviestv 

Love is a beautiful thing, it can heal broken hearts when you fall in love with the right person. Love exists so much among these two so into each other until circumstance changed everything. It's a must-watch. Relax and enjoy this piece.


#blackmoviestv #youtube  #MYPREGNANTSIDECHICK #uchemontanamovies #uchemontana  #uchennambunabo  #stephaniebassey   #mauricesamtv   #movies #usa #unitedstates #   #mauricesam",UCaoyvHOxmdmqa4Q99dNbmpA, BLACK MOVIES TV,830000,2131,2026-08-27T12:00:13Z,83.8,53498,122.0,6.0,True,True,True,2026-10-06
arukwe_ademoye,Uzor Arukwe,Bimbo Ademoye,z8d3LfVDZxI,"HIS ONLY WEAKNESS - BIMBO ADEMOYE, UZOR ARUKWE - Nigerian Movie","In This Nigerian Movie...
Navigating personal challenges and unspoken emotions can be challenging for newly lovebirds but in the end true love always wins.


















#nigerianmovies #nollywoodmovies #familytiescinema #newmovies",UCjLl-Mwc0VbgrdJiMnzi9Lg,FamilyTies Cinema,363000,1287,2026-01-08T01:15:06Z,95.1,867525,3005.0,146.0,True,True,True,2026-10-06
arukwe_ademoye,Uzor Arukwe,Bimbo Ademoye,9D5g2MWLV6M,"IT'S ABOUT US - New Nollywood Romantic Comedy  starring Bimbo Ademoye, Uzor Arukwe",Brought to you by Closer Pictures and Mazinni pictures.,UCVVs7iCZgDTBi7nPs4m4ksg,Uduak Isong TV,814000,145,2024-03-22T14:54:16Z,91.2,2632836,24189.0,1506.0,True,True,True,2026-10-06
arukwe_ademoye,Uzor Arukwe,Bimbo Ademoye,T5p2rdGya6E,"SIBE THE BAD MOUTH (BIMBO ADEMOYE, UCHE MONTANA,UZOR ARUKWE )Latest Nigerian Movie 2026","#blackmoviestv 

Love is a beautiful thing, it can heal broken hearts when you fall in love with the right person. Love exists so much among these two so into each other until circumstance changed everything. It's a must-watch. Relax and enjoy this piece.


#blackmoviestv #youtube  #MYPREGNANTSIDECHICK #uchemontanamovies #uchemontana  #uchennambunabo  #stephaniebassey   #mauricesamtv   #movies #usa #unitedstates #   #mauricesam",UCaoyvHOxmdmqa4Q99dNbmpA, BLACK MOVIES TV,830000,2131,2026-07-29T18:00:20Z,93.6,426245,1464.0,82.0,True,True,True,2026-10-06
arukwe_ademoye,Uzor Arukwe,Bimbo Ademoye,4Q4nIyGy5Io,"Mask - Uzor Arukwe, Bimbo Ademoye, Segun Arinze and Tersy Akpata Full Movie","Peer pressure, pride and greed put Sotonye's marriage plans in jeopardy, but in just a month, events will force her to rethink her plans.
====================================================================
Welcome to Nollywood Passion. Get ready to immerse yourself in the world of Nollywood as we bring you the best of 2023 latest Nigerian movies. From action-packed blockbusters to heartwarming dramas, our curated selection of Nollywood films will leave you mesmerized. 

Get ready to immerse yourself in the rich culture and captivating stories on the latest Nigerian movies. 

Subscribe now and visit our YouTube channel for an unforgettable cinematic experience.

On this channel, watch your favorite stars like Bolanle Ninalowo, , Efe Irele, Sophie Ala, mkija, Mary Remmy Njoku, Bolaji Ogunmola, Bimbo Ademoye, Eddie Watson, Desmond Elliot, Jimmy Odukoya, Stan Nze Ray Emodi, Uche Jombo Rodriguez, Uzor Arukwe, Ruth Kadiri Ezerika, Mercy Aigbe, Iyabo Ojo, Kenneth Okolie, Kunle Remi, Eve Esin",UCBGv-_Anvz4uxR9ioKQvjbw,Nollywood Passion,189000,2417,2024-10-10T16:00:09Z,89.4,76843,579.0,80.0,True,True,True,2026-10-06
arukwe_ademoye,Uzor Arukwe,Bimbo Ademoye,ihbgZ6aHQtk,WHEN HEARTS ALLIGN - BIMBO ADEMOYE | UZOR ARUKWE | 2026 LATEST NIGERIAN MOVIE,"#nigerianmovies #africanmovies #latestnollywoodmovies
#latestnollywoodmovies #nigerianmovies#africanmovies#nollywoodmovieslatest

Welcome to NOLLYWOOD HUB STUDIO 🎬

NOLLYWOOD HUB STUDIO is your home for the best Nollywood and Ghanaian movies, packed with action, drama, suspense, romance, and unforgettable stories. Our goal is to bring you exciting African movies and entertaining content that will keep you watching from beginning to end.

On this channel, you will enjoy:
• Latest Nollywood movies
• Ghanaian blockbuster movies
• Action-packed and emotional stories
• Entertaining African film content

If you love African movies, then you are in the right place!

👉 Don’t forget to LIKE, COMMENT, and SUBSCRIBE to support the channel and stay updated whenever we upload new movies.

Click here to subscribe and watch more amazing content:
youtube.com/channel/UCj0YosBnnYfXHn2mhG4k0PQ/

Thank you for being part of the NOLLYWOOD HUB STUDIO family ❤️",UCj0YosBnnYfXHn2mhG4k0PQ,NOLLYWOOD HUB STUDIO,79600,1655,2026-05-07T19:45:06Z,85.6,14360,51.0,2.0,True,True,True,2026-10-06
arukwe_ademoye,Uzor Arukwe,Bimbo Ademoye,vJXsxiC4Vw4,"Dear love, I Tried  [Bimbo Ademoye, Uzo]  --NG","#Stay Tune On This Channel#
chinenyennebemovies nigerianmovies2022 toosweetannanmovie latesttrendingmovie
soniauchemoies rayemodimovies frederickleonardmovies latestlovemovies african full movies2022 nigeriannollywoodmovies toplovemovies bestafricanlovemovies latestmarriagemovies",UC-cWGrNRdo2qPgqfk8ycq7Q,JUST LOVE TV,782000,1262,2026-08-31T11:06:07Z,82.2,922807,3080.0,217.0,False,True,True,2026-10-06
arukwe_ademoye,Uzor Arukwe,Bimbo Ademoye,Fww13YmTAHE,Her Heart Is Mine - UZOR ARUKWE BIMBO ADEMOYE KUNLE REMI - Nigerian Movies,"In this Nigerian movie, 

Starring: Bimbo Ademoye, Uzor Arukwe, Kunle Remi









#nigerianmovies2026latestfullmovies #latestfullmovies #latestnollywoodmovies2026 #africanmovies #nigerianmovies #africanrokstv",UCP1ZksS1Kntsd1L2Ec-qOtA,AFRICAN ROKS TV ,100000,1065,2026-08-18T17:15:38Z,107.2,24387,82.0,10.0,True,True,True,2026-10-06
arukwe_ademoye,Uzor Arukwe,Bimbo Ademoye,uiJcdBBspVs,CO WIVES (UZOR ARUKWE BIMBO ADEMOYE UCHE MONTANA) -  Nigerian Movies 2026 latest full movies,#nigerianmovies #africanmovies #nollywoodmovies,UCOH6LiD2bWGrtEtK-OocNeQ,NollyRok Studios,498000,1690,2026-06-04T19:15:36Z,104.9,48205,230.0,17.0,True,True,True,2026-10-06
arukwe_ademoye,Uzor Arukwe,Bimbo Ademoye,lBv62RPJYNA,OVER PROTECTIVE WIFE (BIMBO ADEMOYE UZOR ARUKWE UCHE MONTANA)Nigerian Movies 2026 latest full movies,#nigerianmovies #africanmovies #nollywoodmovies,UC6izPafX_9ydQCa7xctxcuQ,NollyReel,148000,331,2026-10-03T19:00:40Z,112.6,6033,10.0,0.0,True,True,True,2026-10-06
arukwe_ademoye,Uzor Arukwe,Bimbo Ademoye,kSLrDkLSza8,CRAZY FLAT MATES (UZOR ARUKWE PAMELA OKOYE BIMBO ADEMOYE) - Nigerian Movies 2026 latest full movies,#nigerianmovies #africanmovies #nollywoodmovies,UCOH6LiD2bWGrtEtK-OocNeQ,NollyRok Studios,498000,1690,2026-09-22T17:00:23Z,84.1,112683,207.0,9.0,True,True,True,2026-10-06
arukwe_ademoye,Uzor Arukwe,Bimbo Ademoye,TjFSNjGHf0M,"OBSESSION ! THE LANDLORD... MAURICE SAM, BIMBO ADEMOYE,  UZOR ARUKWE .",,UCneM4DHHUWMVwmYktz8X46g,Bimbo Ademoye TV,1840000,118,2023-12-09T13:00:31Z,99.5,2218683,20876.0,1110.0,True,True,True,2026-10-06
arukwe_ademoye,Uzor Arukwe,Bimbo Ademoye,8WGIOvGYBvQ,The Heart Affair || BIMBO ADEMOYE UZOR ARUKWE CYNTHIA CLARKE || 2026 Nigerian Nollywood Movies,"#bimboademoye #uzorarukwe #cynthiaclarke 

Two hearts collide in an unexpected affair that threatens to change everything. As secrets surface and emotions deepen, they must choose between the love they desire and the lives they have built

Cast: Bimbo Ademoye, Uzor Arukwe, Cynthia Clarke 






















#nigerianmovies  #latestnollywoodmovies #21stcenturynollywood #danieletim #uchemontana #bambam #nollywoodmovies #nigerianmovies2026latestfullmovies",UCDapjl4q1VkABYk1Uo01atw,21ST  CENTURY NOLLYWOOD,446000,1786,2026-09-28T14:15:39Z,75.1,11543,33.0,2.0,True,True,True,2026-10-06
arukwe_ademoye,Uzor Arukwe,Bimbo Ademoye,tXur3HqYxIM,"MY DREAM WEDDING (BIMBO ADEMOYE, TIMINI EGBUSON) Latest Nigerian Movies 2026","#ivorynollytv  




Starring: Timini Egbuson, Bimbo Ademoye, Uzor Arukwe


















#Nollywoodmovies #Nigerianmovies #trendynollywoodmovies #latestnigerianmovies #latestnigerianmovies2025 #nigerianfilms #Africanmovies #2025movies #2026movies #youtubemovies",UCVyUdmMYza4InOoo4aTyJoA,IVORY NOLLY TV,248000,971,2026-10-03T16:45:12Z,114.3,8728,10.0,0.0,True,True,True,2026-10-06
arukwe_ademoye,Uzor Arukwe,Bimbo Ademoye,Z7Rt3YNlDLs,WIFE OF WEAPON (BIMBO ADEMOYE UZOR ARUKWE CHIOMA NWOSU) -  Nigerian Movies 2026 latest full movies,#nigerianmovies #africanmovies #nollywoodmovies,UCOH6LiD2bWGrtEtK-OocNeQ,NollyRok Studios,498000,1690,2026-02-18T13:00:06Z,125.9,2460271,9331.0,307.0,True,True,True,2026-10-06
arukwe_ademoye,Uzor Arukwe,Bimbo Ademoye,pHnn83UDA58,A THOUSAND WAYS TO BREAK A CHEATING MAN|BIMBO ADEMOYE|UZOR ARUKWE|RAY ADEKA|JAYE KUTI|TITI JOSEPH.,"A Young Beautiful and Ambitious Lady while working towards achieving her Dreams grapples with deceitful relationships and eventually devises a plan to get her pound of flesh from a dishonest lover. 

#trending #comedy #youtubevideo #odogwu #odogwuparanra  #nigerianmovies #latestnigerianmovies2025 #crushingonyou #foundlove #loveandmadness #momentoflust #loveandlies #fameandfury  #romantic #romcom #nollywoodmovies #bimboademoye #uzorarukwe #rayadeka #jayekuti #titijoseph #1959entertainment #entertainment #entertainmentnews #world #global #love #relationship #friends #friendship #bond #revenge #revengestory #film",UCO5VvTjQ1kS5XkFUWjWvPAQ,1959 Entertainment,8350,174,2025-01-12T13:00:32Z,116.0,493996,2571.0,177.0,True,True,True,2026-10-06
arukwe_ademoye,Uzor Arukwe,Bimbo Ademoye,7An3mjvlEOM,BRIDE AT FIRST SIGHT (BIMBO ADEMOYE UZOR ARUKWE) - nigerian movies 2026 latest full Movies,#latestnollywoodmovies #nigerianmovies#africanmovies#nollywoodmovieslatest,UCxpJFSMbadYaDA7sRMUGafg,NOLLYTOUCH STUDIOS,193000,999,2026-07-14T17:15:05Z,103.2,39729,133.0,10.0,True,True,True,2026-10-06
arukwe_ademoye,Uzor Arukwe,Bimbo Ademoye,xbCGCmMXNmw,Lonely But Married || BIMBO ADEMOYE UZOR ARUKWE || 2026 Nigerian Nollywood Movies,"#bimboademoye #uzorarukwe 

A married woman feels deeply alone, even though she has a husband. When an unexpected connection awakens emotions she thought were gone, she must confront the truth about her marriage and what her heart truly wants.

Cast: Bimbo Ademoye, Uzor Arukwe 

























#nigerianmovies  #latestnollywoodmovies #21stcenturynollywood #danieletim #uchemontana #bambam #nollywoodmovies #nigerianmovies2026latestfullmovies",UCDapjl4q1VkABYk1Uo01atw,21ST  CENTURY NOLLYWOOD,446000,1786,2026-09-17T14:15:26Z,102.6,14539,42.0,3.0,True,True,True,2026-10-06
arukwe_ademoye,Uzor Arukwe,Bimbo Ademoye,_w19FVG9xNM,WATCH THREESOME FT UZOR ARUKWE BIMBO ADEMOYE,NOLLYWOOD LATEST FILM,UCvD45tj61Mi0IOo0xPMLUzA,MR FRESH NollyTv,2910,16,2025-09-12T17:00:56Z,30.7,166,2.0,2.0,True,True,False,2026-10-06
arukwe_ademoye,Uzor Arukwe,Bimbo Ademoye,fV7uR7ligYk,"LOVE OR GAME (Uzor Arukwe, Bimbo Ademoye, Uche Montana) - Brand New 2026 Nigerian Movie",#Nollywoodtvstudio #africanmovies #mauricesam #ruthkadirifilms #chinenyennebe #lovedontcostathing #nigerianmovies2023latestfullmovies #ruthkadiri #ruthkadiri24,UCo-KiSpW1UMCnBN2o0iJLwg,NOLLYWOOD TV STUDIO,435000,2110,2026-09-27T00:06:46Z,102.0,5324,15.0,0.0,True,True,True,2026-10-06
arukwe_ademoye,Uzor Arukwe,Bimbo Ademoye,1XA3RWrMI0s,"STUCK ON YOU (Uzor Arukwe, Bimbo ADemoye) - Brand New 2026 Nigerian Movie",#Nollywoodtvstudio #africanmovies #mauricesam #ruthkadirifilms #chinenyennebe #lovedontcostathing #nigerianmovies2023latestfullmovies #ruthkadiri #ruthkadiri247,UCo-KiSpW1UMCnBN2o0iJLwg,NOLLYWOOD TV STUDIO,435000,2110,2026-09-01T04:28:20Z,94.3,5988,15.0,0.0,True,True,True,2026-10-06
arukwe_ademoye,Uzor Arukwe,Bimbo Ademoye,az-dZzsNmHU,"MY EX HUSBAND (Bimbo Ademoye, Uzor Arukwe) - Brand New 2026 Nigerian Movie",#dramahousetv #Nollywoodtvstudio #africanmovies #mauricesam #ruthkadirifilms #chinenyennebe #lovedontcostathing #nigerianmovies2023latestfullmovies #ruthkadiri #ruthkadiri24#bimboademoye #uchemontana,UCzmpAv0PPr1PInQUw6SZzmw,DRAMA HOUSE TV,137000,1347,2026-08-14T14:00:24Z,118.5,26609,72.0,2.0,True,True,True,2026-10-06
arukwe_ademoye,Uzor Arukwe,Bimbo Ademoye,GzDQYB2vy14,WIFE IN CHARGE (RUTH KADIRI BIMBO ADEMOYE UZOR ARUKWE) - Nigerian Movies 2026 latest full movies,#nigerianmovies #africanmovies #nollywoodmovies,UCOH6LiD2bWGrtEtK-OocNeQ,NollyRok Studios,498000,1690,2026-09-08T14:00:15Z,87.0,72991,108.0,6.0,True,True,True,2026-10-06
arukwe_ademoye,Uzor Arukwe,Bimbo Ademoye,w7QiO4OJSuI,"MAD WIVES - UZOR ARUKWE, BIMBO ADEMOYE, TENIOLA ALADESE | Nigerian Movies 2026 Latest Full Movies","In this Nigerian Nollywood movie
Starring: UZOR ARUKWE, BIMBO ADEMOYE, TENIOLA ALADESE

#nigerianmovies #nollywoodmovies #africanmovies


#nigerianmovies2026latestfullmovies #unitedstates
Watch the most interesting movies from African movie actors like Omeche Oko, Bimbo Ademoye, Timini Egbuson, Victory Michael, Uche Nancy, Chinenye Ulaegbu, Regina Daniels, Sonia Uche, James Gardiner, Frederick Leonard, Mike Ezuruonye, Alex Ekubo, Yul Edochie, Blossom Chukwujekwe, Onyii Alex, Julliet Ibrahim, Nadia Buari, Nana Ama Mcbrown, Lydia Forson, Yvonne Okoro, Joselyn Dumas, Yvonne Nelson, Uche Montana
AFRICAN MOVIES, LATEST NOLLYWOOD MOVIES 2026, LATEST NIGERIAN NOLLYWOOD MOVIES, LATEST NOLLYWOOD MOVIES, LATEST NOLLYWOOD MOVIES ON YOUTUBE,  LATEST NIGERIAN MOVIES, NOLLYWOOD FILMS, FREE NIGERIAN MOVIES, 2026 LATEST NIGERIAN MOVIES, TOP NOLLYWOOD MOVIES, TRENDING NOLLYWOOD VIDEOS, TRENDING MOVIES, BEST NIGERIAN MOVIES, NOLLYWOOD TV MOVIES, TVNOLLY MOVIES, NEW NOLLYWOOD MOVIES, NIGERIAN MOVIES 2026",UCSW1uGP-JC2Uir1kR9fFwfA,NollyTimes Tv,198000,1381,2026-09-16T19:00:29Z,112.4,60979,128.0,1.0,True,True,True,2026-10-06
arukwe_ademoye,Uzor Arukwe,Bimbo Ademoye,HEpdPfuhTwg,WIFE FROM HELL (BIMBO ADEMOYE UZOR ARUKWE) - Nigerian Movies 2026 latest full movies,#nigerianmovies #africanmovies #nollywoodmovies,UC6izPafX_9ydQCa7xctxcuQ,NollyReel,148000,331,2026-08-02T17:00:33Z,85.2,16747,44.0,5.0,True,True,True,2026-10-06
arukwe_ademoye,Uzor Arukwe,Bimbo Ademoye,Mobxiqc-vFY,"MR CASH AND PRIDE - UZOR ARUKWE, PAMELA OKOYE, EMEM UFOT, INEM PETERS, Latest 2026 Nigerian Movie","One man, one woman, and a life where cash and pride stand in the way of everything they want.

MR CASH AND PRIDE is an entertaining Nollywood drama about money, pride, family, relationships, and the consequences of allowing wealth and ego to control your decisions.

STARRING: UZOR ARUKWE, PAMELA OKOYE, EMEM UFOT, INEM PETERS AND MANY OTHERS.

NOW SHOWING ON PAMELA OKOYE TV

#Mrcashandpride #uzorarukwe #pamelaokoye #ememufot #inempeters #nollywoodmovies #africanmovies #pamelaokoyetv",UC9svbRGmdSQmKlZBx1okeTw,PAMELA OKOYE TV,252000,210,2026-09-05T17:00:22Z,132.1,3379618,18949.0,985.0,True,False,True,2026-10-06
arukwe_ademoye,Uzor Arukwe,Bimbo Ademoye,OkAEBayjISk,"ODOGWU AKA GUM - Bimbo Ademoye, Uzor Arukwe, Sonia Uche, Stan Nze 2026 Nigerian Movie","Watch the best of 2024 EXCLUSIVE NOLLYWOOD MOVIES here On  @shinenollytv4232  


#nigerianmovies#nollywoodmovies 

ECONOMIC WIFE",UCtXUfd3IFWh9V9tLWEy-jjQ,Shine Nolly tv,203000,488,2026-04-22T17:15:01Z,167.0,886278,4701.0,382.0,True,True,True,2026-10-06
arukwe_ademoye,Uzor Arukwe,Bimbo Ademoye,usX5dyXzq-4,Odd Of Love ( BIMBO ADEMOYE UZOR ARUKWE ) || 2024 Nigerian Nollywood Movies,"#bimboademoye #uzorarukwe 

In This Nigerian Movie: Bimbo, a wealthy and unmarried woman, meets a charming young man who sweeps her off her feet. Little did she know, his lavish lifestyle was all a facade. He was just a humble driver pretending to be rich.

Starring : Bimbo Ademoye, Uzor Arukwe 




























#21stcenturynollywood #nigerianmovies  #latestnollywoodmovies",UCDapjl4q1VkABYk1Uo01atw,21ST  CENTURY NOLLYWOOD,446000,1786,2024-12-15T11:00:06Z,150.3,107062,315.0,13.0,True,True,True,2026-10-06
arukwe_ademoye,Uzor Arukwe,Bimbo Ademoye,Upr6R_QEZkc,"HIRED HUSBAND (Uzor Arukwe, Bimbo Ademoye) - Brand New 2026 Nigerian Movie",#Nollywoodtvstudio #africanmovies #mauricesam #ruthkadirifilms #chinenyennebe #lovedontcostathing #nigerianmovies2023latestfullmovies #ruthkadiri #ruthkadiri247,UCo-KiSpW1UMCnBN2o0iJLwg,NOLLYWOOD TV STUDIO,435000,2110,2026-07-16T00:34:36Z,101.5,29445,104.0,3.0,True,True,True,2026-10-06
arukwe_ademoye,Uzor Arukwe,Bimbo Ademoye,L88nFK5WdVo,"BROKE ODOGWU (Uzor Arukwe, Bimbo Ademoye, Sonia Uche) - Brand New 2026 Nigerian Movie",#Nollywoodtvstudio #africanmovies #mauricesam #ruthkadirifilms #chinenyennebe #lovedontcostathing #nigerianmovies2023latestfullmovies #ruthkadiri #ruthkadiri24,UCo-KiSpW1UMCnBN2o0iJLwg,NOLLYWOOD TV STUDIO,435000,2110,2026-09-11T03:07:24Z,132.6,12738,22.0,0.0,True,True,True,2026-10-06
arukwe_ademoye,Uzor Arukwe,Bimbo Ademoye,UCZz-qi4ORk,"Last Straw - New Nigerian movie starring Bimbo Ademoye, Timini Egbuson, Shaffy Bello",,UCneM4DHHUWMVwmYktz8X46g,Bimbo Ademoye TV,1840000,118,2024-08-08T11:00:34Z,103.5,15428113,208375.0,17471.0,False,True,True,2026-10-06
arukwe_ademoye,Uzor Arukwe,Bimbo Ademoye,1lq5VPmC6eI,WIFE WITH A TEMPER (BIMBO ADEMOYE UZOR ARUKWE CHIOMA NWOSU) - Nigerian Movies 2026 Latest Movies,#nigerianmovies #africanmovies #nollywoodmovies,UCOH6LiD2bWGrtEtK-OocNeQ,NollyRok Studios,498000,1690,2026-04-08T13:00:03Z,119.8,262691,1036.0,130.0,True,True,True,2026-10-06
arukwe_ademoye,Uzor Arukwe,Bimbo Ademoye,sU2gbwtoP0c,"THE MONSTER I MARRIED (BIMBO ADEMOYE, UZOR ARUKWE) Latest Nigerian Movies 2026","#ivorynollytv  

Ruthless and unrelenting, he will stop at nothing to eliminate anyone who stands in his way even if it means turning against his own family.

Starring: Bimbo Ademoye, Uzor Arukwe, Mofe Duncan






















#Nollywoodmovies #Nigerianmovies #trendynollywoodmovies #latestnigerianmovies #latestnigerianmovies2025 #nigerianfilms #Africanmovies #2025movies #2026movies #youtubemovies",UCVyUdmMYza4InOoo4aTyJoA,IVORY NOLLY TV,248000,971,2026-07-18T01:04:58Z,88.9,8376,18.0,3.0,True,True,True,2026-10-06
arukwe_ademoye,Uzor Arukwe,Bimbo Ademoye,0yebCKHIlrg,MY CLASS TEACHER - Uzo Arukwe lastest movie/ comedy/ nollywoodcomedy,"Subscribe to our YouTube channel
https://www.youtube.com/channel/UCnZ28GESUBXyZSIvzcs1RXA/featured?disable_polymer=true

More movies on our channel https://www.youtube.com/channel/UCnZ28GESUBXyZSIvzcs1RXA/featured?disable_polymer=true

ChinneyLove Eze on social media
https://www.instagram.com/chinneyloveezeprods/?igshid=1pqsad6axjql8
https://www.instagram.com/chinneyloveeze_prods/?igshid=14m1h8iqx7d7h
https://www.facebook.com/chinneyloveezeprods/

Watch 

We are  your hub for quality and premium contents.",UCnZ28GESUBXyZSIvzcs1RXA,ChinneyLoveEze Tv,829000,160,2026-09-08T15:54:01Z,99.1,1176541,6370.0,249.0,False,False,True,2026-10-06
arukwe_ademoye,Uzor Arukwe,Bimbo Ademoye,dpHE1zhkCEM,THE LEGIT WIFE - UZOR ARUKWE | BIMBO ADEMOYE   |  2026 LATEST NIGERIAN MOVIE,"#nigerianmovies #nollywoodmovies #Nollyhubstudio #uchemontanamovies 
A Lie for Shelter — but how long before the truth finds her






#nigerianmovies#nollywoodmovies#africanmovies#latestnollywoodmovies2025#2025movies#latestnigerianmovies#CANADA#USA#UK#JAMIACA#TRINIDA&TOBAGO#",UCj0YosBnnYfXHn2mhG4k0PQ,NOLLYWOOD HUB STUDIO,79600,1655,2026-05-13T05:05:40Z,98.4,33172,106.0,7.0,True,True,True,2026-10-06
arukwe_ademoye,Uzor Arukwe,Bimbo Ademoye,1mOgJdmDe2U,"CRAZY NEIGHBOURS - Bimbo Ademoye, Uzor Arukwe, Chioma Nwosu & Zubby Michael | 2026 Latest Movie","#CrazyNeighbours #BimboAdemoye #UzorArukwe #ZubbyMichael #ChiomaNwosu #Nollywood #LatestNigerianMovies #2026NollywoodMovies #NigerianMovies #Trending #NollywoodMovies #NollywoodComedy #NaijaMovies #NewNollywoodMovie #africanmovies 

CRAZY NEIGHBOURS - Starring Bimbo Ademoye, Uzor Arukwe, Chioma Nwosu & Zubby Michael | 2026 Latest Nigerian Movie.",UCFHijmq-jJTfdEb8KftfahQ,Hot Nolly,6130,171,2026-08-09T20:00:24Z,130.4,66,0.0,0.0,True,True,True,2026-10-06
arukwe_ademoye,Uzor Arukwe,Bimbo Ademoye,Wurt6juhTB0,TO LOVE AND OBEY (UZOR ARUKWE BIMBO ADEMOYE UCHE MONTANA) -  Nigerian Movies 2026 latest full movies,#nigerianmovies #africanmovies #nollywoodmovies,UCOH6LiD2bWGrtEtK-OocNeQ,NollyRok Studios,498000,1690,2026-08-05T17:00:22Z,80.5,81114,285.0,13.0,True,True,True,2026-10-06
arukwe_ademoye,Uzor Arukwe,Bimbo Ademoye,bduydhq_HTo,"MEN FOR HER - MAURICE SAM, UCHE MONTANA, UZOR ARUKWE, BIMBO ADEMOYE NEW 2026 LATEST NIGERIAN MOVIE","Patria Nolly Movies is your best Nigerian movie plug... We upload latest Nigerian movies and of course some old beautiful movies to bring back good memories especially those that made our childhood days..... Patria Nolly Movies upload movies of your favorite actors and actresses. The Likes of Mercy Johnson, Destiny etiko, Chizzy Alichi, Fredrick Leonard, Jerry Williams, Ebele Okaro, Yul Edochie, Ngozi EzeOnu, Phil Daniels,  Pete Edochie,  Uju Okoli, Zubby Michael and many others.... We upload both Royal, family, Glamour, epic movies..... We also acknowledge observations and corrections in PATRIA NOLLY  MOVIES for improvement purposes. Subscribe to Patria Nolly movies Nollytv using the Link below",UC89dlt-LOG9hmhyFOXfZOhQ,PATRIANOLLY MOVIES,9300,381,2026-03-15T16:00:49Z,172.6,2977,10.0,22.0,True,True,True,2026-10-06
arukwe_ademoye,Uzor Arukwe,Bimbo Ademoye,ofNRyq6Px4c,"FRAGILE LOVE |BIMBO ADEMOYE, UZOR ARUKWE| Nigerian Movies 2026 Latest Full Movies","Her reckless actions nearly led to a tragedy that could have claimed her mother’s life. Overwhelmed with guilt and fear, she knew she had no choice but to pause and meticulously retrace her steps.


#movie #love #nigerianmovies #africanmovies #nollywoodmovies",UC42Zw-hsoPdM-K2OUF_D4EA,Nollysteeze Tv,32200,1698,2026-06-25T15:06:50Z,130.1,3727,20.0,0.0,True,True,True,2026-10-06
arukwe_ademoye,Uzor Arukwe,Bimbo Ademoye,AwN5v15Ful4,"MARRIED A LIAR (Bimbo Ademoye, Uzor Arukwe) - Brand New 2026 Nigerian Movie",#Nollywoodtvstudio #africanmovies #mauricesam #ruthkadirifilms #chinenyennebe #lovedontcostathing #nigerianmovies2023latestfullmovies #ruthkadiri #ruthkadiri24,UCo-KiSpW1UMCnBN2o0iJLwg,NOLLYWOOD TV STUDIO,435000,2110,2026-09-06T23:00:11Z,89.2,3882,16.0,0.0,True,True,True,2026-10-06
arukwe_ademoye,Uzor Arukwe,Bimbo Ademoye,8_X7z01yQhM,SHE FINALLY SAID YES - BIMBO ADEMOYE / UZOR ARUKWE / - 2025 NOLLYWOOD LATEST MOVIES,#nollywoodmovies#nigerianmovies#mauricesam#bimboademoye  #ruthkadiri247#mauricesammovies2025 #lovestorymovie#2025latestnollywoodmovies#africanmovie #latestnollywoodmovies2024#romancemovie#lovemovie#UK#USA#CANADA#JAMAICA#omoniobolitv#,UC2EvLDS2sOYeT8cYfrIH-uQ,Black Bronze Tv,217000,1786,2026-01-07T22:45:06Z,127.9,12109,37.0,2.0,True,True,True,2026-10-06
arukwe_ademoye,Uzor Arukwe,Bimbo Ademoye,Jy3_c-ok7PE,BROKE AND PROUD- RUTH KADIRI UZOR ARUKWE JESSICA OBASI  DEYEMI OKANLAWON MR MACARONI,"-~-~~-~~~-~~-~-
Please watch: ""LOVE ON ICE - HOW FAR WILL YOU GO TO PROTECT YOUR FAMILY #movie"" 
https://www.youtube.com/watch?v=RBz2F0xEXMY
-~-~~-~~~-~~-~-",UCjcFNZE51DmSrGYBqixs0Ug,RuthKadiri247,4100000,325,2024-02-22T16:02:05Z,120.3,7156457,87399.0,12759.0,True,False,True,2026-10-06
arukwe_ademoye,Uzor Arukwe,Bimbo Ademoye,PU42CEtOIOI,"MARRIAGE & MADNESS (Uzor Arukwe, Bimbo Ademoye, Kiki) - Brand New 2026 Nigerian Movie",#Nollywoodtvstudio #africanmovies #mauricesam #ruthkadirifilms #chinenyennebe #lovedontcostathing #nigerianmovies2023latestfullmovies #ruthkadiri #ruthkadiri24,UCo-KiSpW1UMCnBN2o0iJLwg,NOLLYWOOD TV STUDIO,435000,2110,2026-07-08T18:00:31Z,83.2,48530,153.0,4.0,True,True,True,2026-10-06
arukwe_ademoye,Uzor Arukwe,Bimbo Ademoye,U73K3uIJPEM,THE INTIMACY GAP|| BIMBO ADEMOYE/UZOR ARUKWE ||-Nigerian Movies 2026 Latest Full Movies,"#bimboademoye #uzorarukwe 
In This Nigerian Movie, Joe’s marriage is constantly plagued by conflict over intimacy. While he longs for affection and closeness, his wife’s unwillingness to be intimate leaves him frustrated and emotionally distant. As tensions continue to grow, their once-happy marriage begins to fall apart. Will they find a way to overcome their differences, or will Joe’s unmet desires push him into making a decision that could destroy their marriage?







 

Cast: Anthony Monjaro, Keira Hewatch, Chucks Chyke
































































































































AforevonollystreamTV#nollywoodmovies#nigerianmovies#mauricesam#bimboademoye  #ruthkadiri247#mauricesammovies2026#lovestorymovie#2025latestnollywoodmovies#africanmovie #latestnollywoodmovies2026#romancemovie#lovemovie#UK#USA#CANADA#JAMAICA#omoniobolitv#",UCnTmHnZxfN1PPHezL2vKTZQ,Aforevo Nollystream Tv  ,8700,454,2026-09-17T16:45:10Z,90.3,4003,13.0,0.0,True,True,True,2026-10-06
arukwe_ademoye,Uzor Arukwe,Bimbo Ademoye,092kmi431z4,My Lust For You || BIMBO ADEMOYE UZOR ARUKWE || 2025 Nigerian Nollywood Movies #new,"#bimboademoye #uzorarukwe 

In this Nigerian Movie, She was poor, he was rich, and his charm swept her off her feet. Months later, she returned from a brief trip to find him in another woman’s arms—legally bound in marriage

Starring: Bimbo Ademoye, Uzor Arukwe 























 
#nigerianmovies  #latestnollywoodmovies #21stcenturynollywood",UCDapjl4q1VkABYk1Uo01atw,21ST  CENTURY NOLLYWOOD,446000,1786,2025-12-15T17:15:07Z,77.0,3524,28.0,0.0,True,True,True,2026-10-06
arukwe_ademoye,Uzor Arukwe,Bimbo Ademoye,2LwyjFkYHaM,LAGOS BIG GIRLS AND FAKE LIFE - Bimbo Ademoye Uzor Arukwe Bambam Olawunmi Fredrick Leonard Nig Movie,"Watch the best of 2024 EXCLUSIVE NOLLYWOOD MOVIES here On  @shinenollytv4232  


#nigerianmovies#nollywoodmovies2021 


TWO TO TANGO",UCtXUfd3IFWh9V9tLWEy-jjQ,Shine Nolly tv,203000,488,2026-06-24T17:15:17Z,126.7,1482016,4354.0,122.0,True,True,True,2026-10-06
arukwe_ademoye,Uzor Arukwe,Bimbo Ademoye,DQn8zZPws24,SWEET VOW  - UZOR ARUKWE  | BIMBO ADEMOYE  | A NIGERIAN MOVIE,"#nigerianmovies #nollywoodmovies #Nollyhubstudio
They never planned forever—but love had other plans… until the truth got in the way







#nigerianmovies#nollywoodmovies#africanmovies#latestnollywoodmovies2025#2025movies#latestnigerianmovies#CANADA#USA#UK#JAMIACA#TRINIDA&TOBAGO#",UCj0YosBnnYfXHn2mhG4k0PQ,NOLLYWOOD HUB STUDIO,79600,1655,2026-03-20T17:49:52Z,264.9,2503,10.0,0.0,True,True,True,2026-10-06
arukwe_ademoye,Uzor Arukwe,Bimbo Ademoye,RRk_k9ZRwfo,HIS ONLY WIFE - (UZOR ARUKWE BAMBAM BIMBO ADEMOYE) - Nigerian Movies 2026 latest full movies,"#africanmovies #nollywoodmovies 

Watch Best Of Nigerian Nollywood Movies
Featuring all trending actors and blockbuster movies
Bringing you the latest Nigerian movies
#omecheoko #bigmike #danielrocky #uchennambunabomovies #nigerianmovie #nollywoodmovie #latestnigerianmovies2026 #nollywood #latest2026nigerianmovies #lovemovies #africanmovies #africanstories  #2026movies
 #MauriceSam #DamilolaAdegbite #NollywoodMovies #AfricanMovies #LoveStory #RelationshipGoals #MovieNight #TrendingMovies #MauriceSamTV

#nigerianmovies
maurice sam movies 2026 with sarian martin
Nigerian movies, Nollywood movies, latest Nigerian movies, new Nigerian movies, Nigerian movie 2026, Nollywood movie 2026, latest Nollywood movies 2026, African movies, latest African movies, Nigerian full movies, Nollywood full movies, new Nollywood movie, trending Nigerian movies, trending Nollywood movies, Nigerian drama, Nollywood drama, African drama, Nigerian family drama, family drama movie, Nigerian epic movie, Nollywood ",UCdbSy10Ru3up-4lVZz_tCcA,Nollywood Love TV,55000,369,2026-09-21T13:00:33Z,130.2,128,0.0,0.0,True,True,True,2026-10-06
arukwe_ademoye,Uzor Arukwe,Bimbo Ademoye,k5qF2sCERNU,"Over The Fence - Bimbo Ademoye, Uzor Arukwe, Ijeoma Grace Agu AND Lizzy Akemu Full Movie","A rivalry between two married women takes on epic proportions when they both set out to compete for the position of the neighborhood union president.
====================================================================
Welcome to Nollywood Passion. Get ready to immerse yourself in the world of Nollywood as we bring you the best of 2023 latest Nigerian movies. From action-packed blockbusters to heartwarming dramas, our curated selection of Nollywood films will leave you mesmerized. 

Get ready to immerse yourself in the rich culture and captivating stories on the latest Nigerian movies. 

Subscribe now and visit our YouTube channel for an unforgettable cinematic experience.

On this channel, watch your favorite stars like Bolanle Ninalowo, , Efe Irele, Sophie Ala, mkija, Mary Remmy Njoku, Bolaji Ogunmola, Bimbo Ademoye, Eddie Watson, Desmond Elliot, Jimmy Odukoya, Stan Nze Ray Emodi, Uche Jombo Rodriguez, Uzor Arukwe, Ruth Kadiri Ezerika, Mercy Aigbe, Iyabo Ojo, Kenneth Okolie, Kunle Re",UCBGv-_Anvz4uxR9ioKQvjbw,Nollywood Passion,189000,2417,2024-07-07T17:00:57Z,76.2,21572,173.0,15.0,True,True,True,2026-10-06
arukwe_ademoye,Uzor Arukwe,Bimbo Ademoye,0bQJuu_LhKs,"WHERE LOVE LIVES. STARRING UZOR ARUKWE,BIMBO ADEMOYE, CHIOMA NWOSU,OSAS IGHODARO. 2025 LATEST ROMCOM","Here on EXCLUSIVE NOLLYWOOD TV, we bring you Topnotch Nigerian Nollywood Movies starring the A list actors like Zubby Michael, Regina Daniel, Mercy Johnson, Ekene Umenwa, Sharon Ifedi, Sharon Francis, Sylvester Madu, Maurice Sam, Uche montana, Sonia Uche, Clinton Joshua, Ray Emodi, Too sweet Annan, Destiny Etiko, Regina Daniels, LizzyGold, Fredrick Leonard and many more, in all genres; Love and Romance, Family Movies, Comedy, Tragedy, Crime... Do well to subscribe and stay Tuned for premium entertainment.

#movie #nollywood #trending #nigeria #nollywoodmovies #tendingnollywoodmovies #latestnigeriamovie, #africancinema",UC1smzulI-jJVXg7qApS747Q,ASABA NOLLYWOOD TV,43400,1726,2025-12-24T22:15:52Z,153.6,1506,3.0,0.0,True,True,True,2026-10-06
arukwe_ademoye,Uzor Arukwe,Bimbo Ademoye,9RJU1L0wCRI,"I SWEAR TO GOD - BIMBO ADEMOYE, ESO DIKE, SYMON OKO, AUDREY HARRISON, Latest 2026 Nigerian Movie","Yinka says “I SWEAR TO GOD” so often, Heaven finally calls her bluff.  Now she has one last chance to make things right….or lose everything! A hilarious fantasy comedy with heart, laughs, and a message you won’t forget. Watch till the end. Starring Bimbo Ademoye, Eso Dike, Audrey Harrison, Symon Oko. 

Please, watch, like, comment, share and don’t forget to subscribe to the channel.

#bimboademoye #esodike #nollywood #latestnigerianfilm #uchemontana #comedy",UCKwrLHu5h9ypXn0RwIwVHCQ,Eso Dike TV,167000,325,2026-07-09T17:00:25Z,66.3,4258303,49348.0,3369.0,False,True,True,2026-10-06
arukwe_ademoye,Uzor Arukwe,Bimbo Ademoye,52aJCQC48cs, GASLIGHT Movie - BIMBO ADEMOYE | UZOR ARUKWE,"Seeing an ex you still have feelings for years later can bring up a rollercoaster of emotions. You may find yourself fantasizing about rekindling the flame and getting back together. But is it actually a good idea to pursue a relationship with an ex you still love after so long apart? Watch Uzor Arukwe and Bimbo Ademoye navigated this situation.

____

#BimboAdemoye #UzorArukwe #nollywoodmovies #nollywood",UCi_q5n4TrKCp0YEH43pvj9g,EnitanLagos TV,13800,3,2024-02-11T04:42:02Z,100.9,935413,7220.0,1239.0,True,True,True,2026-10-06
arukwe_ademoye,Uzor Arukwe,Bimbo Ademoye,k19gh7f3qyg,"JEALOUS HOUSEWIVES - Bimbo Ademoye, Timini Egbuson, Uzor Arukwe | Latest 2026 Nollywood Movie","#NollywoodMovies #LatestNigerianMovies #BimboAdemoye #TiminiEgbuson #UzorArukwe #JealousHousewives



Enjoyment MY LOVING HUSBAND",UCgxAIEaIpZyuwCYtOvLPAqg,New Nolly Tv,15200,274,2026-08-19T13:30:07Z,94.5,261,3.0,0.0,True,True,True,2026-10-06
arukwe_ademoye,Uzor Arukwe,Bimbo Ademoye,XExtKGPQU2E,"WITHOUT YOU (Uzor Arukwe, Bimbo Ademoye) - Brand New 2026 Nigerian Movie",#Nollywoodtvstudio #africanmovies #mauricesam #ruthkadirifilms #chinenyennebe #lovedontcostathing #nigerianmovies2023latestfullmovies #ruthkadiri #ruthkadiri24,UCo-KiSpW1UMCnBN2o0iJLwg,NOLLYWOOD TV STUDIO,435000,2110,2026-08-11T06:11:53Z,188.9,3752,18.0,0.0,True,True,True,2026-10-06
arukwe_ademoye,Uzor Arukwe,Bimbo Ademoye,HsQvAkodl2c,"LOVE AND RULES - SARIAN MARTIN, UZOR ARUKWE latest 2026 nigerian movies","This romantic comedy will make your day...very hilarious and educative. A must watch for everyone. 
Starring: SARIAN MARTIN, UZOR ARUKWE




#sarianmartin #sarianmartinmovies #uzorarukwe #uzorarukwemovies #latestnollywoodmovies2026 #uchennambunabomovies #africanstories #latestnigerianmovies #2026movie #comedyvideo #nigerianmovies2026latestfullmovies #nollywoodmovies",UCypAoMCRQuNL2RBwy-x4oQg,Uchenna Mbunabo Tv,3910000,254,2026-04-24T17:00:27Z,138.8,6230312,55666.0,4561.0,True,False,True,2026-10-06
arukwe_ademoye,Uzor Arukwe,Bimbo Ademoye,6clGtAn_RTc,CRAZY FEELINGS - UZOR ARUKWE | BIMBO ADEMOYE | A Nigerian Movie,In This Nigerian Movie...,UCWOsbGWL8HXN8Zf3P_XrMXA,Nollyplus Movies ,78400,493,2026-03-16T17:00:06Z,114.1,63,1.0,0.0,True,True,True,2026-10-06
arukwe_ademoye,Uzor Arukwe,Bimbo Ademoye,ygAZHrHR_-Q,"THREE IN LOVE | UZOR ARUKWE, BIMBO ADEMOYE, CYNTHIA CLARKE LATEST 2026 MOVIE","#ThreeInLove #UzorArukwe #BimboAdemoye #CynthiaClarke #Nollywood2026 #LatestNigerianMovies #NollywoodMovies #NigerianRomance #AfricanMovies #NollywoodBlockbuster #UzorArukweMovies #BimboAdemoyeMovies #CynthiaClarkeMovies


Three hearts, one complicated web of romance, and a whole lot of dramatic twists! THREE IN LOVE is a captivating, hilarious, and emotionally charged Nollywood blockbuster starring fan favorites Uzor Arukwe, Bimbo Ademoye, and Cynthia Clarke.

Watch how a tangled love triangle turns everyday life upside down, filled with witty banter, intense jealousy, unforgettable chemistry, and surprising emotional turns. Can three truly be a crowd, or will love find a way to balance the equation? Find out in this must-watch 2026 hit!

🎭 Starring: Uzor Arukwe, Bimbo Ademoye, Cynthia Clarke, and a stellar supporting cast.
📅 Release Year: 2026
🌍 Genre: Nollywood Romantic Comedy-Drama | Modern Love Stories

👉 Don't forget to LIKE, SHARE, and DROP YOUR THOUGHTS in the comments section ",UCFHijmq-jJTfdEb8KftfahQ,Hot Nolly,6130,171,2026-09-26T16:00:14Z,102.4,31,0.0,0.0,True,True,True,2026-10-06
arukwe_ademoye,Uzor Arukwe,Bimbo Ademoye,wgBNwnUJcEI,"OFFICER OF THE LAW - BIMBO ADEMOYE, UZOR ARUKWE LATEST TRENDING MOVIE","#OfficerOfTheLaw #BimboAdemoye #UzorArukwe #Nollywood2026 #LatestNigerianMovies #NollywoodMovies #NigerianComedy #AfricanMovies #NollywoodBlockbuster #NigerianRomance #BimboAdemoyeMovies #UzorArukweMovies

Duty, danger, and undeniable chemistry—when the badge meets the chaos, nobody's heart is safe! OFFICER OF THE LAW is a thrilling, suspenseful, and wildly entertaining Nollywood blockbuster starring the unstoppable powerhouse duo Bimbo Ademoye and Uzor Arukwe.

Watch as an uncompromising officer finds herself tangled in a web of unexpected romance, high-stakes investigations, and hilarious confrontations that turn her strict world upside down. Filled with brilliant comedic timing, intense emotional moments, and stellar performances, this 2026 hit will keep you completely hooked from start to finish!

🎭 Starring: Bimbo Ademoye, Uzor Arukwe, and a stellar supporting cast.
📅 Release Year: 2026
🌍 Genre: Nollywood Action-Comedy | Romance | Crime Drama

👉 Don't forget to LIKE, SHARE, and DR",UCgxAIEaIpZyuwCYtOvLPAqg,New Nolly Tv,15200,274,2026-09-23T14:30:09Z,78.4,175,0.0,0.0,True,True,True,2026-10-06
arukwe_ademoye,Uzor Arukwe,Bimbo Ademoye,h5eUMVZByYo,"STAY WITH ME - New Nigerian Movie starring Daniel Effiong, Bimbo Ademoye ",,UCVVs7iCZgDTBi7nPs4m4ksg,Uduak Isong TV,814000,145,2025-11-19T16:00:57Z,90.5,2778501,23760.0,1710.0,False,True,True,2026-10-06
arukwe_ademoye,Uzor Arukwe,Bimbo Ademoye,gBWIxbha8SE,SHE IS THE ONE (UZOR ARUKWE BIMBO ADEMOYE SCARLET GOMEZ) - Nigerian Movies 2026 Latest Full Movies,#nigerianmovies #africanmovies #nollywoodmovies,UC6izPafX_9ydQCa7xctxcuQ,NollyReel,148000,331,2026-10-05T17:00:36Z,121.4,101,0.0,0.0,True,True,True,2026-10-06
arukwe_ademoye,Uzor Arukwe,Bimbo Ademoye,oiV2zhlKOxY,TERMINALLY CRAZY- NIGERIAN MOVIES 2026 LATEST FULL MOVIES,"A reckless “two-in-one” nurse, Mutiat, traps a reluctant mechanic, Onyema, into marriage with a fake pregnancy, sparking a chaotic relationship filled with lies, fights, and absurd drama. When a patient seemingly dies under her care, the couple’s attempt to cover it up spirals into panic and dark comedy—only for the man to turn out alive, exposing the madness of their toxic union.

#comedy #uzorarukwe #romcom #romance

#bolajiogunmolamovies #bolajiogunmola #trending #comedy 

Don't forget to LIKE, SHARE, and SUBSCRIBE.",UCqxprLDy_2hMQ7aQp_4NNuA,BOLAJI OGUNMOLA TV,751000,447,2026-07-03T15:00:11Z,85.9,4507827,45507.0,5367.0,False,False,True,2026-10-06
arukwe_ademoye,Uzor Arukwe,Bimbo Ademoye,87oSnzSUVmA,"WHERE LOVE LIVES - Bimbo Ademoye, Ik Ogbonna, Uzor Arukwe | Latest Nigerian Full Movie","#nollywoodmovies #nigerianmovies #trending 




 BENEATH HER SMILE",UCjS-CiMtgLxsGQxRw2WeY7w,NOLLYWOOD+,127000,311,2026-01-01T16:00:10Z,123.8,384208,1436.0,65.0,True,True,True,2026-10-06
arukwe_ademoye,Uzor Arukwe,Bimbo Ademoye,f0NDNdR9Hgg,"ONE MINUTE HUSBAND (Bimbo Ademoye, Uzor Arukwe) - Brand New 2026 Nigerian Movie",#Nollywoodtvstudio #africanmovies #mauricesam #ruthkadirifilms #chinenyennebe #lovedontcostathing #nigerianmovies2023latestfullmovies #ruthkadiri #ruthkadiri24,UCo-KiSpW1UMCnBN2o0iJLwg,NOLLYWOOD TV STUDIO,435000,2110,2026-09-24T23:00:29Z,101.7,11150,12.0,2.0,True,True,True,2026-10-06
arukwe_ademoye,Uzor Arukwe,Bimbo Ademoye,W6Mmt29tGtU,"SCRIPTED MARRIAGE (Chioma Nwosu, Bimbo Ademoye, Uzor Arukwe) - Brand New 2026 Nigerian Movie",#Nollywoodtvstudio #africanmovies #mauricesam #ruthkadirifilms #chinenyennebe #lovedontcostathing #nigerianmovies2023latestfullmovies #ruthkadiri #ruthkadiri24,UCo-KiSpW1UMCnBN2o0iJLwg,NOLLYWOOD TV STUDIO,435000,2110,2026-05-01T18:00:06Z,99.5,18659,68.0,8.0,True,True,True,2026-10-06
arukwe_ademoye,Uzor Arukwe,Bimbo Ademoye,Qi8ih-evWIc,"WHERE LOVE LIVES AGAIN. STARRING UZOR ARUKWE,BIMBO ADEMOYE, OSAS IGHODARO. 2025 LATEST ROMCOM",,UCIjaDkSGKsYB7wiAdXOkm8A,NollyLegit tv,40500,418,2025-12-30T17:00:46Z,114.6,2866,6.0,0.0,True,True,True,2026-10-06
arukwe_ademoye,Uzor Arukwe,Bimbo Ademoye,NHabSPkClVc,"MY WIFE MY PROPERTY - Bimbo Ademoye, Uzor Arukwe, Mike Ezuronye, Fredrick Leonard Nigerian Movie","Watch the best of 2025/2026 EXCLUSIVE NOLLYWOOD MOVIES here On  @shinenollytv4232  


#nigerianmovies#nollywoodmovies 



WALKING HER MILES",UCtXUfd3IFWh9V9tLWEy-jjQ,Shine Nolly tv,203000,488,2026-09-06T17:15:24Z,101.6,3411,26.0,0.0,True,True,True,2026-10-06
arukwe_ademoye,Uzor Arukwe,Bimbo Ademoye,Atu7Dlng6O8,"WHERE LOVE LIVES 2 STARRING UZOR ARUKWE,BIMBO ADEMOYE, OSAS IGHODARO. 2025 LATEST ROMCOM MFA","Click here to subscribe now: https://www.youtube.com/channel/UCGaA1J1BSfmWdWq9MIfqYXg

Stay connected and watch the best of Nigerian Movies , Latest Nollywood Movies. Watch the  best of Nollywood actors,, best of Mercy Johnson, best Of Ken Erics, best of , Destiny Etiko, Yul Edochie, Ebele Okaro, Uju Okoli, Ngozi Ezeonu, Zubby Michael, Jerry Williams in Latest Nollywood movies, action, Romance, Drama, epic, Only on ArrowsDreams NollyTV. YouTube best of Nollywood Channel. See Clips, trailer's, behind the scenes and exclusives Nollywood latest Movies.

#Nigerianmovies #Ghanamovies #Nollywoodmovies #trending",UCGaA1J1BSfmWdWq9MIfqYXg,001 NOLLYWOOD MOVIES 🍿,48800,1533,2025-12-30T11:22:43Z,198.9,1522,5.0,0.0,True,True,True,2026-10-06
arukwe_ademoye,Uzor Arukwe,Bimbo Ademoye,uRFBnL8Tmsc,"FOR BETTER FOR WORSE - A Nigerian Movie | Uzor Arukwe, Bimbo Ademoye | Nigerian Movie","Love brings Chioma and Marvel together, but a shocking truth tears them apart. Their families are bitter enemies. As tensions rise, events spiral into something no one expected.

#2025africannollywoodmovies  #NigerianMovies2025 #2025NigerianMoviesLatestFullMovies",UCayLEhXxctnXc-CcUi-VDzA,Aforevo NollyHitz,18200,638,2026-09-25T20:45:27Z,164.4,391,0.0,0.0,True,True,True,2026-10-06
arukwe_ademoye,Uzor Arukwe,Bimbo Ademoye,E2tX8zy86Bw,"MARRIAGE & MADNESS (Uzor Arukwe, Bimbo Ademoye, Kiki) - Brand New 2026 Nigerian Movie",#Nollywoodtvstudio #africanmovies #mauricesam #ruthkadirifilms #chinenyennebe #lovedontcostathing #nigerianmovies2023latestfullmovies #ruthkadiri #ruthkadiri24,UCo-KiSpW1UMCnBN2o0iJLwg,NOLLYWOOD TV STUDIO,435000,2110,2026-07-11T04:34:57Z,111.0,4728,27.0,0.0,True,True,True,2026-10-06
arukwe_ademoye,Uzor Arukwe,Bimbo Ademoye,oS7L_k_4qH0,"DEAR FUTURE WIFE (Bimbo Ademoye, Uzor Arukwe) - Brand New 2026 Nigerain mOVIE",#Nollywoodtvstudio #africanmovies #mauricesam #ruthkadirifilms #chinenyennebe #lovedontcostathing #nigerianmovies2023latestfullmovies #ruthkadiri #ruthkadiri247,UCo-KiSpW1UMCnBN2o0iJLwg,NOLLYWOOD TV STUDIO,435000,2110,2026-09-10T23:00:06Z,99.2,3507,12.0,0.0,True,True,True,2026-10-06
arukwe_ademoye,Uzor Arukwe,Bimbo Ademoye,-4bBnsayYV4,WAR AGAINST WAR (MERCY JOHNSON BIMBO ADEMOYE UZOR) - Nigerian Movies 2026 Latest Nigerian Movies ,#nigerianmovies #africanmovies #nollywoodmovies,UCOH6LiD2bWGrtEtK-OocNeQ,NollyRok Studios,498000,1690,2026-02-11T19:15:01Z,84.3,731562,2153.0,93.0,False,True,True,2026-10-06
arukwe_ademoye,Uzor Arukwe,Bimbo Ademoye,Y-JewsOXtdg,"TROPHY TRAP - IK OGBONNA, UZOR ARUKWE, BIBI SONYE, REAL JUDY | NIGERIAN MOVIE 2025","A beautiful wife. A loyal friend. A dangerous secret.

In this explosive Nollywood blockbuster, a man’s dream reunion with his childhood friend spirals into a web of betrayal, manipulation, and deceit. TROPHY TRAP is a gripping story of loyalty, ambition, and the price of love in a world where appearances deceive and trust can kill.


Starring: Ik Ogbonna, Uzor Arukwe, Bibi Sonye, Real judy

Genre: Drama | Suspense | Comedy | Betrayal

Language: English | Subtitles available



Watch as secrets unfold, alliances are tested, and the true meaning of friendship is pushed to its breaking point. Will the truth survive the trap?



Don’t forget to:

• LIKE this video

• COMMENT your favorite scene or quote

• SUBSCRIBE to Ik Ogbonna TV for more premium Nollywood content

• HIT the notification bell so you never miss an upload!


Nollywood movies 2025, Ik Ogbonna new movie, Nigerian drama film, betrayal movie, Nollywood full movie, trophy wife movie, suspense thrillers, best African movies, N",UCqePXuC7OuaB4dueOgn3QHg,Ik Ogbonna tv,274000,145,2025-05-09T16:01:01Z,168.1,3711450,47307.0,4684.0,True,False,True,2026-10-06
arukwe_ademoye,Uzor Arukwe,Bimbo Ademoye,-Iz55U1PFJ8,"ODOGWU AND WIVES (Bimbo Ademoye, Uzor Arukwe, Bambam) - Brand New 2026 Nigerian Movie",#Nollywoodtvstudio #africanmovies #mauricesam #ruthkadirifilms #chinenyennebe #lovedontcostathing #nigerianmovies2023latestfullmovies #ruthkadiri #ruthkadiri247,UCo-KiSpW1UMCnBN2o0iJLwg,NOLLYWOOD TV STUDIO,435000,2110,2026-08-13T23:00:37Z,127.5,70810,234.0,10.0,True,True,True,2026-10-06
arukwe_ademoye,Uzor Arukwe,Bimbo Ademoye,VrOljY6rivs,"TEACHER DORCAS - New Nigerian film starring Bimbo Ademoye, Lateef Adedimeji, Ehis Perfect",,UCVVs7iCZgDTBi7nPs4m4ksg,Uduak Isong TV,814000,145,2024-11-20T16:11:51Z,107.7,5388042,59503.0,3973.0,False,True,True,2026-10-06
arukwe_ademoye,Uzor Arukwe,Bimbo Ademoye,vig74d3YXwc,"Her Heart Is Mine - Starring: Bimbo Ademoye, Uzor Arukwe, Kunle Remi","In this Nigerian movie, 

Starring: Bimbo Ademoye, Uzor Arukwe, Kunle Remi









#nigerianmovies2026latestfullmovies #latestfullmovies #latestnollywoodmovies2026 #africanmovies #nigerianmovies #africanrokstv",UCt9wZckffsmwItw06wwk3dQ,Watch The Movie,2280,51,2026-09-02T07:31:17Z,107.2,17,1.0,0.0,True,True,True,2026-10-06
arukwe_ademoye,Uzor Arukwe,Bimbo Ademoye,NgLebLBfZhM,BATTLE OF THE WIVES(UZOR ARUKWE BIMBO ADEMOYE RUTH KADIRI)-nigerian movies 2026 latest full  Movies,#latestnollywoodmovies #nigerianmovies#africanmovies#nollywoodmovieslatest,UCxpJFSMbadYaDA7sRMUGafg,NOLLYTOUCH STUDIOS,193000,999,2026-03-25T14:00:06Z,92.8,6679,11.0,0.0,True,True,True,2026-10-06
arukwe_ademoye,Uzor Arukwe,Bimbo Ademoye,0IFqvu-qcy4,SILENT BETRAYAL ( BIMBO ADEMOYE UZOR ARUKWE ) - nigerian movies 2025 latest full  Movies,"What remains unsaid causes the deepest wounds, leading to consequences no one sees coming.

#latestnollywoodmovies #nigerianmovies#africanmovies#nollywoodmovieslatest",UCxpJFSMbadYaDA7sRMUGafg,NOLLYTOUCH STUDIOS,193000,999,2026-02-05T17:00:03Z,103.6,127909,254.0,16.0,True,True,True,2026-10-06
arukwe_ademoye,Uzor Arukwe,Bimbo Ademoye,56jWlJo4ggE,"MY THIRTIETH WISHLIST - BIMBO ADEMOYE, UZOR ARUKWE, BRYAN BOOMBA LATEST 202 MOVIE","#MyThirtyWishlist #BimboAdemoye #UzorArukwe #BryanBoomba #Nollywood2026 #LatestNigerianMovies #NollywoodMovies #NigerianComedy #AfricanMovies #NollywoodBlockbuster #NigerianRomance #BimboAdemoyeMovies #UzorArukweMovies


When a list of demands meets unexpected realities, love and laughter are bound to collide in the wildest ways! MY THIRTY WISHLIST is a hilarious, highly entertaining, and captivating Nollywood blockbuster starring an incredible powerhouse cast: Bimbo Ademoye, Uzor Arukwe, and Bryan Boomba.

Watch as high expectations, funny relationship standards, and dramatic twists turn everyday life into total comedy and romance. Can anyone actually tick off every item on the list, or will love change the rules entirely? Find out in this unforgettable 2026 hit!

🎭 Starring: Bimbo Ademoye, Uzor Arukwe, Bryan Boomba, and a stellar supporting cast.
📅 Release Year: 2026
🌍 Genre: Nollywood Romantic Comedy | Family & Relationship Drama

👉 Don't forget to LIKE, SHARE, and DROP YOUR THOUGHT",UCgxAIEaIpZyuwCYtOvLPAqg,New Nolly Tv,15200,274,2026-09-26T16:45:09Z,96.3,865,2.0,0.0,True,True,True,2026-10-06
arukwe_ademoye,Uzor Arukwe,Bimbo Ademoye,5PCr93QRu54,"THE REAL HOUSE WIVES -BIMBO ADEMOYE, BAM BAM, UZOR ARUKWE 2026 Latest Full Nigerian Movie#trending",#2026latestmovies#bimboademoye #bimbomovies #uchemontana #uchemontanamovies #bambam #uzorarukwe #timiniegbuson #uchemontanamovies  #2026movies #movie #nollywood,UCz2VgvF_p6zrDMV9E0D11jA,VIRAL  NOLLYWOOD,3930,660,2026-03-10T13:44:12Z,77.5,2253,5.0,0.0,True,True,True,2026-10-06
arukwe_ademoye,Uzor Arukwe,Bimbo Ademoye,7uxeycb9WK4,"THE REAL HOUSE WIVES -BIMBO ADEMOYE, BAM BAM, UZOR ARUKWE 2026 Latest Full Nigerian Movie#trending",#2026latestmovies#bimboademoye #bimbomovies #uchemontana #uchemontanamovies #bambam #uzorarukwe #timiniegbuson #uchemontanamovies  #2026movies #movie #nollywood,UCz2VgvF_p6zrDMV9E0D11jA,VIRAL  NOLLYWOOD,3930,660,2026-03-16T18:45:01Z,66.4,11,0.0,0.0,True,True,True,2026-10-06
arukwe_olawunmi,Uzor Arukwe,Bamike Olawunmi,GqEnZk6HwhM,"1st Bbnaija DIVORCE CRISIS, BAM BAM Speak On Marriage Journey & Challenges That Led To Separation","Social media has been in confusion following reports that Big Brother Naija couple, BamBam and Teddy A, are having a marriage crisis and have gone their separate ways. Several videos of BamBam dancing and flirting with Uzor Arukwe, her Nollywood colleague and bestie, have further fueled the rumours.
It’s no news that BamBam and Teddy A met during the 2018 BBNaija “Double Wahala” season. Unlike others, they quickly solidified their relationship, becoming the first BBNaija couple to get married. Of course, everyone has been rooting for the couple since their destination wedding in Dubai. 
Is it truly over between this loving couple? Are there other signs that show that the marriage is in crisis? Teddy A is Talking, so is Uzor Arukwe. Sit back as we unpack all the important details

According to some people, reality TV shows such as Big Brother Naija are not a place to find serious relationships. However, two BBNaija graduates proved otherwise. 
Born in Lagos, Nigeria, before relocating t",UCLRwjVtsVH29yzu3SuFExhw,African Glitz TV,487000,2073,2026-02-17T15:07:01Z,21.7,401744,3248.0,372.0,True,True,False,2026-10-06
arukwe_olawunmi,Uzor Arukwe,Bamike Olawunmi,OQQaDqLCgKg,LOVE IN EVERY WORD 2 - THE WEDDING | Nigerian Movies 2025 Latest Full Movies,"As love blossoms into a forever they once only dreamed of, Chioma and Obiora stand on the edge of a beautiful new beginning. But when secrets from the past and faces they thought were long gone return, their love is tested in ways their hearts never imagined.

In a journey woven with passion, forgiveness, and destiny, they must discover whether love is strong enough to heal old wounds and write the ending their souls have always desired. 💕

If you are looking for Nigerian Movies 2025 Latest Full Movies and Nollywood movies 2025 latest full movies, then you need to check out LOVE IN EVERY WORD THE WEDDING ! This romantic movie moves you into the world of the best Nigerian movies. You'll definitely love this full movie and latest entry in the Omoni Oboli movies on Omoni Oboli TV starring Uzor Arukwe, Olawunmi-Adenibuyan BamBam, Patience Ozokwo, Chris Attoh, Osereme Inegbenebor, Thelma Chukwunwem, Omotunde Adebowale David (Lolo1), Susan Jimah in LOVE IN EVERY WORD 2

#LoveInEveryWord2 #Od",UCbvdwZvZgdl-pPyomEmaEfg,Omoni Oboli TV,2080000,1206,2025-10-24T16:00:08Z,181.8,24294248,389635.0,74436.0,True,True,True,2026-10-06
arukwe_olawunmi,Uzor Arukwe,Bamike Olawunmi,4qX03MlQmOY,"LOVE LUST & LIES | LATEST NIGERIAN FULL MOVIES 2026 | UZOR ARUKWE, BAMBAM OLAWUNMI","This masterpiece is the best you'll see online Today!
Starring: Uzor Arukwe, Bambam Olawunmi, Mary Lazarus...

Thanks for tuning in..
Don’t forget to LIKE, SUBSCRIBE & TURN ON 🔔 for daily uploads!
More interesting movies here: https://tinyurl.com/4jryytf9

#movie #victorymichael  #mauricesam #nigerianfilms #latestafricanmovies #2026nigerianmovies #trendingnigerianmovies #exclusivenollywoodmoviestv #nollywoodmovies2026 #nollywoodromance #uzorarukwe #bambam #marylazarus",UC0H_BfiV1wvuZ-7quRFxSxw,Exclusive nollywood movies tv,30400,855,2026-08-08T11:00:17Z,79.0,46068,137.0,9.0,True,True,True,2026-10-06
arukwe_olawunmi,Uzor Arukwe,Bamike Olawunmi,GGP4ASOegN8,"BINDING VOW - UZOR ARUKWE, BAMBAM OLAWUNMI ADENIBUYAN - Nigerian Movie","In This Nigerian Movie...
Navigating personal challenges and unspoken emotions can be challenging for newly lovebirds but in the end true love always wins.


















#nigerianmovies #nollywoodmovies #familytiescinema #newmovies",UCjLl-Mwc0VbgrdJiMnzi9Lg,FamilyTies Cinema,363000,1287,2026-03-10T01:15:06Z,84.9,242774,840.0,26.0,True,True,True,2026-10-06
arukwe_olawunmi,Uzor Arukwe,Bamike Olawunmi,RMIGESdOEKU,"TOO GOOD TO BE TRUE - UZOR ARUKWE, BAM BAM | Nigerian Movies 2026 Latest Full Movies","Azubuike and Tinu are a couple who have struggling to make it, But everytime they try to get up, life knocks them down. Would all of this affect their love for eachother, Let's find out together in this faith based movie.

Watch Uzor Arukwe and Bam Bam the stars of Love in every word 2 in this emotional romantic movie 2026, Very Educative and a feel good Romantic movie, It's a faith based movie. If tiu have seen them in Love in every word the wedding, You will love this even more. What will happen in this amazing Nigerian movie 2026? This latest Nigerian movie will surely keep you glued.

🔔𝐃𝐨𝐧'𝐭 𝐟𝐨𝐫𝐠𝐞𝐭 𝐭𝐨 𝐬𝐮𝐛𝐬𝐜𝐫𝐢𝐛𝐞 𝐭𝐨 𝐨𝐮𝐫 𝐜𝐡𝐚𝐧𝐧𝐞𝐥 𝐟𝐨𝐫 𝐦𝐨𝐫𝐞 𝐮𝐩𝐝𝐚𝐭𝐞𝐬.
https://www.youtube.com/@EnyinnaJonasTv
🔗 Stay Connected With Us.

=============================

🎬Suggested videos for you:

▶️ https://youtu.be/YnyYTIzSzRo 
▶️ https://youtu.be/r6eSaLgXGc0
▶️ https://youtu.be/kDSTitavqjk
▶️ https://youtu.be/pDMvsVyH2Fo
▶️ https://youtu.be/dP5bd1xNKoI

=================================

✅ About Enyinna Jonas",UCPIJsFthtewO-NVgMojgSwA,ENYINNA JONAS TV,157000,150,2025-07-23T16:00:31Z,116.0,7899699,46427.0,4481.0,True,True,True,2026-10-06
arukwe_olawunmi,Uzor Arukwe,Bamike Olawunmi,Jqw1gNvx75o,"THE POLYGAMIST - Uzor Arukwe, Bambam Olawunmi, Uche Montana, Shine Roseman 2026 Nigerian Movie","Watch the best of 2024 EXCLUSIVE NOLLYWOOD MOVIES here On  @shinenollytv4232  


#nigerianmovies#nollywoodmovies 

OPEN MARRIAGE",UCtXUfd3IFWh9V9tLWEy-jjQ,Shine Nolly tv,203000,488,2026-07-16T17:15:29Z,112.1,103164,233.0,2.0,True,True,True,2026-10-06
arukwe_olawunmi,Uzor Arukwe,Bamike Olawunmi,P0RYExO1RA4,"LOVING A SUPERSTAR - BAMBAM OLAWUNMI ADENIBUYAN, UZOR ARUKWE - Nigerian Movie","In This Nigerian Movie...
Navigating personal challenges and unspoken emotions can be challenging for newly lovebirds but in the end true love always wins.















#nigerianmovies #nollywoodmovies #familytiescinema #newmovies",UCjLl-Mwc0VbgrdJiMnzi9Lg,FamilyTies Cinema,363000,1287,2026-04-29T11:15:06Z,120.0,87070,346.0,32.0,True,True,True,2026-10-06
arukwe_olawunmi,Uzor Arukwe,Bamike Olawunmi,PtDe9HWv_4E,A STAGE OF LOVE | BAM BAM BAMIKE | UZOR ARUKWE | LATEST NOLLYWOOD MOVIE 2026,"On a vibrant stage where dreams come alive, two passionate souls find love in the spotlight—but fame, ego, and hidden pasts threaten to tear them apart. As emotions rise behind the scenes, they must choose between chasing success or fighting for true love.

#AStageOfLove #NollywoodMovies2026 #latestnigerianmovies  #bambam  #uzorarukwe  #romanticdrama  #loveinthespotlight  #africanmovies  #trendingnow  #behindthescenes",UC1Cfyt0M17BGcyHvDkoOicw,NOLLYWOOD TIES TV,13100,647,2026-04-03T11:00:40Z,172.2,81,0.0,0.0,True,True,True,2026-10-06
arukwe_olawunmi,Uzor Arukwe,Bamike Olawunmi,92kdxeVUfxw,HER PRICE TO PAY (BAMBAM OLAWUNMI UZOR ARUKWE DEYEMI) - Nigerian Movies 2025 latest full movies,#nigerianmovies #africanmovies #nollywoodmovies,UCOH6LiD2bWGrtEtK-OocNeQ,NollyRok Studios,498000,1690,2025-11-08T19:15:00Z,90.2,40098,113.0,6.0,True,True,True,2026-10-06
arukwe_olawunmi,Uzor Arukwe,Bamike Olawunmi,OA7gncqjbSg,"PRIVATE CHEF - UZOR ARUKWE, BAMBAM OLAWUNMI ADENIBUYAN - Nigerian Movie","In This Nigerian Movie...
Navigating personal challenges and unspoken emotions can be challenging for newly lovebirds but in the end true love always wins.














#nigerianmovies #nollywoodmovies #familytiescinema #newmovies",UCjLl-Mwc0VbgrdJiMnzi9Lg,FamilyTies Cinema,363000,1287,2026-06-01T19:15:06Z,98.6,424654,1342.0,40.0,True,True,True,2026-10-06
arukwe_olawunmi,Uzor Arukwe,Bamike Olawunmi,4RfNYWGI0-8,"LOVE IN EVERY WORD 2-UZOR ARUKWE, BAM BAM LATEST NIGERIAN MOVIES 2025 FULL MOVIE#new #trending",#new #movie #trending #blockbuster #love #lastest nollywood movie#2025,UC0pUJJ0TghtoOKef3anAENg,Porta Nollywood Movies,24200,532,2025-10-22T11:57:40Z,148.7,29116,140.0,17.0,True,True,True,2026-10-06
arukwe_olawunmi,Uzor Arukwe,Bamike Olawunmi,WpLRz1Ztn0E,HOLY PRETENDER - UZOR ARUKWE - BAM BAM -  LATEST 2026 NIGERIAN MOVIES  #trending #movie,"Latest nigeriannollywoodmovies #African movies #nollywood #nigerianmovies2026africanmovies 



Still stumbling through the growing pains of early marriage, a newlywed couple's fragile bond is put to the ultimate test when an old family friend arrives for an unexpected visit—who just happens to be the husband’s ex. As old feelings, hidden comparisons, and lingering secrets surface, the couple must learn to stand together or watch their new life pull apart at the seams.



#nigerianmovies #africanmovies #latestnollywoodmovies2026 #nollywoodmovies #newmovies#mauricesam #new  #film #movie #bimboademoye  #ruthkadiri247#mauricesammovies2026 #lovestorymovie #nigerianmovies #nollywoodmovies #2026movies #africanmovie #lates2026movies #romancemovie #lovemovie#UK#USA#CANADA#JAMAICA#",UCNIOKFJV-oODa31zUhlNCuA,White Gold Pictures Tv,103000,1935,2026-09-08T13:00:05Z,83.8,4415,8.0,0.0,True,True,True,2026-10-06
arukwe_olawunmi,Uzor Arukwe,Bamike Olawunmi,IIbpj3ylaqc,"THE PRICE OF YOUR LOVE - UZOR ARUKWE, BAMBAM OLAWUNMI ADENIBUYAN - Nigerian Movie","In This Nigerian Movie...
Navigating personal challenges and unspoken emotions can be challenging for newly lovebirds but in the end true love always wins.













#nigerianmovies #nollywoodmovies #familytiescinema #newmovies",UCjLl-Mwc0VbgrdJiMnzi9Lg,FamilyTies Cinema,363000,1287,2026-08-15T11:15:07Z,97.8,21318,90.0,6.0,True,True,True,2026-10-06
arukwe_olawunmi,Uzor Arukwe,Bamike Olawunmi,5e8a7zNds9U,"EMERGENCY HUSBAND | LATEST NIGERIAN FULL MOVIES 2026 | BAMBAM OLAWUNMI, UZOR ARUKWE, PAMELA OKOYE","This masterpiece is the best you'll see online Today!
Starring: Uzor Arukwe, Pamela Okoye, Bambam Olawunmi...

Thanks for tuning in..
Don’t forget to LIKE, SUBSCRIBE & TURN ON 🔔 for daily uploads!
More interesting movies here: https://tinyurl.com/4jryytf9

#movie #victorymichael  #mauricesam #nigerianfilms #latestafricanmovies #2026nigerianmovies #trendingnigerianmovies #exclusivenollywoodmoviestv #nollywoodmovies2026 #nollywoodromance #bambam #pamelaokoye #uzorarukwe",UC0H_BfiV1wvuZ-7quRFxSxw,Exclusive nollywood movies tv,30400,855,2026-08-07T11:00:25Z,92.2,246241,976.0,63.0,True,True,True,2026-10-06
arukwe_olawunmi,Uzor Arukwe,Bamike Olawunmi,jgyYRB4XIes,This BAM BAM Movie Will Teach Every Woman What It Takes To Find The Right Man– NIGERIAN MOVIES 2025,"#AFRICANPICTURETV #nigerianmovies #NumberOneNigerianMovies 
#africanmovies #latestnigerianmovies2025

Maya entered their lives, appearing innocent and humble, quickly winning their trust and sympathy. But behind the façade lay a cunning, manipulative heart driven by deceit. In the end, her mask could not last forever—her sins eventually caught up with her.

If you are looking for Nigerian Movies 2025 Latest Full Movies and Nollywood movies 2025 latest full movies, then you need to check out this romantic movie that moves you into the world of the best Nigerian movies. You'll definitely love this full movie and latest entry in the AFRICAN PICTURE TV starring Michael Dappa, Bamike Olawunmi Adenibuyan, Aaron Sunday

#NigerianMovies2025 #NollywoodTrueStory #AfricanMovies2025 #MercyIsoyip #Uzor Arukwe #LatestNigerianMovies #NollywoodDrama #FullMovie",UCplzDTuDKHUSE0eb3Th59ow,AFRICAN PICTURE TV,214000,1453,2025-12-15T17:00:07Z,81.4,2815,21.0,1.0,True,True,True,2026-10-06
arukwe_olawunmi,Uzor Arukwe,Bamike Olawunmi,0_yhfs8PGtY,"DESTIN CRUEL(Uzor Arukwe ,Bamike Olawunmi):Film Nigerian En Francais Complete 2026","Merci d'avoir regardé et rappelez-vous toujours que nous avons des centaines de films nigérians exclusifs en français alignés pour votre plaisir uniquement en HD NOLLYWOOD EXCLUSIF EN FRANCAIS

#switzerland, #France, #Cameroun, #quebec , #Congo, #Tchad, #Coted'ivoire, #Gabon, #Mali, #Niger
#ruthkadiri247 #valentine #chiomanwaoha #timiniegbuson  #filmnigerianenfrancais  #nouveauté #filmnigérianenfrançaiscomplete #filmsafricain5etoiles #benin #laafricainetv  #cameroon #canada  #nollywoodenfrancais247french",UCzX_6NF1URbuvMeUxvZIjzQ,HD NOLLYWOOD TV,748000,1347,2026-10-03T21:00:04Z,219.3,1201,10.0,1.0,True,True,True,2026-10-06
arukwe_olawunmi,Uzor Arukwe,Bamike Olawunmi,TVxOJqxW1Qw,"A PLACE I CALL HOME - UZOR ARUKWE, BAMBAM OLAWUNMI ADENIBUYAN - Nigerian Movie","In This Nigerian Movie...
Navigating personal challenges and unspoken emotions can be challenging for newly lovebirds but in the end true love always wins.













#nigerianmovies #nollywoodmovies #familytiescinema #newmovies",UCjLl-Mwc0VbgrdJiMnzi9Lg,FamilyTies Cinema,363000,1287,2026-08-11T11:15:06Z,82.2,51865,232.0,7.0,True,True,True,2026-10-06
arukwe_olawunmi,Uzor Arukwe,Bamike Olawunmi,eDnhsYNi7-c,"THE CHEATING ODOGWU | LATEST NIGERIAN FULL MOVIES 2026 | UZOR ARUKWE, BAMBAM OLAWUNMI","This masterpiece is the best you'll see online Today!
Starring: Uzor Arukwe, Bambam Olawunmi...

Thanks for tuning in..
Don’t forget to LIKE, SUBSCRIBE & TURN ON 🔔 for daily uploads!
More interesting movies here: https://tinyurl.com/4jryytf9

#movie #victorymichael  #mauricesam #nigerianfilms #latestafricanmovies #2026nigerianmovies #trendingnigerianmovies #exclusivenollywoodmoviestv #nollywoodmovies2026 #nollywoodromance #uzorarukwe #bambam",UC0H_BfiV1wvuZ-7quRFxSxw,Exclusive nollywood movies tv,30400,855,2026-07-16T11:00:32Z,79.3,5209,22.0,2.0,True,True,True,2026-10-06
arukwe_olawunmi,Uzor Arukwe,Bamike Olawunmi,-2b3pIQzL04,"SIBE MY LOVE | LATEST NIGERIAN FULL MOVIES 2026 | UZOR ARUKWE, BIMBO ADEMOYE, BAMBAM OLAWUNMI",,UCHjyAxjwjgPtuCyIdNUjOjw,Dramahouseonly,2230,305,2026-08-10T10:00:30Z,96.1,122,0.0,0.0,True,True,True,2026-10-06
arukwe_olawunmi,Uzor Arukwe,Bamike Olawunmi,VBtqzzXWHqU,"A DEADLY PRICE - Uzor Arukwe, BamBam Adenibuyan & Kiki Omeili 2026 Latest Nigerian Movie","In this Nigerian movie, 


A Nigerian movie starring 


#nigerianmovies #nollywoodmovies #trending",UC04Y_J-nchT7jdB1pA2TZ9Q,Timeless Movies TV,1960,214,2026-03-19T18:00:37Z,86.2,37,0.0,0.0,True,True,True,2026-10-06
arukwe_olawunmi,Uzor Arukwe,Bamike Olawunmi,5C4de8IwVLI,"A DATE WITH MY EX - UZOR ARUKWE, OLAWUNMI BAMBAM | Nigerian Movies 2026 Latest Full Movie","In this Nigerian Nollywood movie
Starring: UZOR ARUKWE, OLAWUNMI BAMBAM

#nigerianmovies #nollywoodmovies #africanmovies


#nigerianmovies2026latestfullmovies #unitedstates
Watch the most interesting movies from African movie actors like Uzor Arukwe, Bimbo Ademoye, Timini Egbuson, BamBam, Uche Nancy, Chinenye Ulaegbu, Regina Daniels, Sonia Uche, James Gardiner, Fred Leonard, Mike Ezuruonye, Alex Ekubo, Yul Edochie, Blossom Chukwujekwe, Onyii Alex, Julliet Ibrahim, Nadia Buari, Nana Ama Mcbrown, Lydia Forson, Yvonne Okoro, Joselyn Dumas, Yvonne Nelson
AFRICAN MOVIES, LATEST NOLLYWOOD MOVIES 2024, LATEST NIGERIAN NOLLYWOOD MOVIES, LATEST NOLLYWOOD MOVIES, LATEST NOLLYWOOD MOVIES ON YOUTUBE,  LATEST NIGERIAN MOVIES, NOLLYWOOD FILMS, FREE NIGERIAN MOVIES, 2024 LATEST NIGERIAN MOVIES, TOP NOLLYWOOD MOVIES, TRENDING NOLLYWOOD VIDEOS, TRENDING MOVIES, BEST NIGERIAN MOVIES, NOLLYWOOD TV MOVIES, TVNOLLY MOVIES, NEW NOLLYWOOD MOVIES



Please Subscribe to this channel As We Bring The Best Of Nig",UCSW1uGP-JC2Uir1kR9fFwfA,NollyTimes Tv,198000,1381,2026-07-30T10:00:30Z,139.5,5145,26.0,0.0,True,True,True,2026-10-06
arukwe_olawunmi,Uzor Arukwe,Bamike Olawunmi,xxeKb3dp_Uc,"ODOGWUS AND LAGOS BIG GIRLS - Timini Egbuson, Bimbo Ademoye, Uzor Arukwe, Bambam Olawunmi NIG Movie","#nollywoodmovies #nigerianmovies
Watch the best of 2026 EXCLUSIVE NOLLYWOOD MOVIES here On   @247nollywoodtvv  
MY LOVING HUSBAND

#nigerianmovies #nollywoodmovies #uzorarukwe #uchemontana #bimboademoye #timiniegbuson #bambam #latestnigerianmovies #mauricesammovies #uchemontanamovies #ruthkadiri247",UCcJLGxNi1O7HRq_fq0m0MiA,Top Nollywood Tv,7460,136,2026-04-18T16:01:31Z,98.0,30992,102.0,4.0,True,True,True,2026-10-06
arukwe_olawunmi,Uzor Arukwe,Bamike Olawunmi,ndT5WO-8u74,A GIRLS GIRL (BOLAJI OGUNMOLA BAMBAM OLAWUNMI UZOR ARUKWE) - Nigerian Movies 2026 Latest Movies,#nigerianmovies #africanmovies #nollywoodmovies,UCOH6LiD2bWGrtEtK-OocNeQ,NollyRok Studios,498000,1690,2026-03-18T19:15:01Z,74.9,77885,221.0,7.0,True,True,True,2026-10-06
arukwe_olawunmi,Uzor Arukwe,Bamike Olawunmi,ljQo9qGGzpY,THE THEORY OF US - UZOR ARUKWE - BAM BAM -NIGERIAN MOVIES 2025 LATEST FULL MOVIES #trending,"A happily married couple living peacefully, until Rebecca breaks the news that she will not be able to give her husband a child, this happened three years into their marriage. Martin freaks out and could not handle it, his demeanor changed. When he discovered that he is the one with the problem, he is broken. Will his wife accept him back after the horrors he passed her through?










nollywoodmovies,nigerianmovies,africanmovie,lovemovies,emotionalmovies,2025movie,lates2025movies,mauricesamtv,ruthkadiri247,mauricesammovies2025,romancemovie,lovemovie,bimboademoyetv,UK,USA,JAMAICA,CANADA,Omoniobolitv































#nigerianmovies #africanmovies #latestnollywoodmovies2025 #nollywoodmovies #newmovies#mauricesam #bimboademoye  #ruthkadiri247#mauricesammovies2025 #lovestorymovie #nigerianmovies #nollywoodmovies #2025movies #africanmovie #lates2025movies #romancemovie #lovemovie#UK#USA#CANADA#JAMAICA#",UCNIOKFJV-oODa31zUhlNCuA,White Gold Pictures Tv,103000,1935,2025-10-27T19:45:06Z,58.4,570,10.0,0.0,True,True,False,2026-10-06
arukwe_olawunmi,Uzor Arukwe,Bamike Olawunmi,PRIjSHNHPeI,"MY DIRTY ACHALUGO'S (UZOR ARUKWE,BAMBAM OLAWUNMI,UCHE MONTANA, SONIA UCHE)Latest Nigerian Movie 2025","#blackmoviestv 

Love is a beautiful thing, it can heal broken hearts when you fall in love with the right person. Love exists so much among these two so into each other until circumstance changed everything. It's a must-watch. Relax and enjoy this piece.


#blackmoviestv #youtube  #MYPREGNANTSIDECHICK #uchemontanamovies #uchemontana  #uchennambunabo  #stephaniebassey   #mauricesamtv   #movies #usa #unitedstates #   #mauricesam",UCaoyvHOxmdmqa4Q99dNbmpA, BLACK MOVIES TV,830000,2131,2025-12-23T12:05:09Z,114.1,43546,172.0,13.0,True,True,True,2026-10-06
arukwe_olawunmi,Uzor Arukwe,Bamike Olawunmi,wePuCS3Eids,A STAGE OF LOVE | BAM BAM BAMIKE | UZOR ARUKWE | LATEST NOLLYWOOD MOVIE 2026,"If you enjoy the best Nigerian Movies, African Movies, emotional family dramas, and inspiring Nollywood stories, this movie is a must-watch.

Like | Comment |  Subscribe to NOLLYWOOD MOVIE VAULT for more Latest Nollywood Movies 2026, Full Nigerian Movies, and African Movie premieres every week.

Please click the link to subscribe for the Latest Nigerian Movie:
https://www.youtube.com/channel/UCkdRDFynUdMSl0mTfOYHJpQ",UCkdRDFynUdMSl0mTfOYHJpQ,NOLLYWOOD MOVIE VAULT,111,239,2026-04-13T08:01:06Z,70.5,53,0.0,0.0,True,True,True,2026-10-06
arukwe_olawunmi,Uzor Arukwe,Bamike Olawunmi,8JyvWuDD_cM,Love Bonded | Uzor Arukwe | BamBam Olawunmi | Uche Treasure | Adakirikiri | Nollywood movies,"This Channel  brings you interviews with people from all walks of life. Our goal is to give voice to the opinions and experiences of ordinary people and explore the diversity of perspectives that exist in our society. From politics to culture, from personal stories to social issues, we cover a wide range of topics that matter to people today. Join us for engaging and thought-provoking conversations that challenge your assumptions and broaden your understanding of the world. Don't forget to like, share, and subscribe to our channel to stay updated with our latest videos.",UCWkYi8UOqWhcMqmhY_1VczA,Star Room Tv,43300,22,2025-03-14T22:09:20Z,83.1,108338,617.0,24.0,True,True,True,2026-10-06
arukwe_olawunmi,Uzor Arukwe,Bamike Olawunmi,4WNxkqEnSYs,A STAGE OF LOVE | BAM BAM BAMIKE | UZOR ARUKWE | LATEST NOLLYWOOD MOVIE 2026,"On a vibrant stage where dreams come alive, two passionate souls find love in the spotlight—but fame, ego, and hidden pasts threaten to tear them apart. As emotions rise behind the scenes, they must choose between chasing success or fighting for true love.

#AStageOfLove #NollywoodMovies2026 #latestnigerianmovies   #bambam  #uzorarukwe  #romanticdrama   #loveinthespotlight   #africanmovies   #trendingnow   #behindthescenes",UCkdRDFynUdMSl0mTfOYHJpQ,NOLLYWOOD MOVIE VAULT,111,239,2026-04-21T12:07:06Z,117.5,28,0.0,0.0,True,True,True,2026-10-06
arukwe_olawunmi,Uzor Arukwe,Bamike Olawunmi,_Qp_pDv8FX0,"ANOTHER BRIDE ( UZOR ARUKWE , BAM BAM ) - Latest Nigerian Movies 2026","#fullnigerianmovies #nollywoodmovies #goldencinematic

In This Nollywood movie as emotions deepen and secrets emerge, their arrangement takes a complicated turn, forcing them to confront what they truly want from each other.



Starring: UZOR ARUKWE , BAM BAM











#nigerianmovies2026 #nollywoodmovies #trendingnigerianmovies #africanmovies #latestnollywoodmovies2026 #2026movies #youtubemovies #nigerianfilms #usa #canada #uk #unitedstates #unitedkingdom #australia",UCQfZ3IBNeg5V-BUJW6Yeh5g,GOLDEN CINEMATIC,100000,369,2026-09-21T01:45:09Z,93.9,314,0.0,0.0,True,True,True,2026-10-06
arukwe_olawunmi,Uzor Arukwe,Bamike Olawunmi,xTZL0dHWpxo,PERFECT MATCH - UZOR ARUKWE - BAM BAM - NIGERIAN MOVIES 2026 LATEST FULL MOVIES #trending,"Scar Twin a gripping Nigerian village movie about a scarred princess rejected by her family while her twin sister enjoys love and power in the palace. Betrayal, jealousy, and hidden secrets ignite a dangerous battle that could destroy a royal bloodline forever. Once the pride of the kingdom, Adaugo is cast out after a tragic incident changes her life. As love, rivalry, and manipulation resurface, two sisters are forced into a painful confrontation.












nollywoodmovies,nigerianmovies,africanmovie,lovemovies,emotionalmovies,2026movie,lates2026movies,mauricesamtv,ruthkadiri247,mauricesammovies2026,romancemovie,lovemovie,bimboademoyetv,UK,USA,JAMAICA,CANADA,Omoniobolitv






















#nigerianmovies #africanmovies #latestnollywoodmovies2026#nollywoodmovies #newmovies#mauricesam #bimboademoye  #ruthkadiri247#mauricesammovies2026 #lovestorymovie #nigerianmovies #nollywoodmovies #2026movies #africanmovie #lates2026movies #romancemovie #lovemovie#UK#USA#CANADA#JAMAICA#",UCNIOKFJV-oODa31zUhlNCuA,White Gold Pictures Tv,103000,1935,2026-03-23T20:45:06Z,119.4,13242,46.0,1.0,True,True,True,2026-10-06
arukwe_olawunmi,Uzor Arukwe,Bamike Olawunmi,ffdOn9p7kdE,"A WIFE FOR ODOGWU (IK OGBONNA, BAMBAM OLAWUNMI, UZOR ARUKWE) -Nigerian Movies","In This Nigerian Movie Starring: Ik Ogbonna, Chizzy Alichi, Rosemary Isong

Don't miss this Nigerian Nollywood movies. Excited about a lesson that could be learned and lots of suspense. Remember to share with your loved ones and friends.


#latestnigerianmovies #africanmovies #premiumafricanmovies Tv #latestnollywoodmovies #latestnollywoodmovies2026 #nollywood",UCWdoq_-fFKwYVZGbGpcDdDw,PREMIUM AFRICAN MOVIES TV,16200,719,2026-06-09T12:00:18Z,126.7,167,0.0,0.0,True,True,True,2026-10-06
arukwe_olawunmi,Uzor Arukwe,Bamike Olawunmi,WWp-Wq0AdQw,Exposing The Hidden Chemistry The Internet Says Ruined BamBam’s Marriage,"Sometimes the internet decides who to blame long before the full story is known.
Recent rumors claim that BamBam Olawunmi-Adenibuyan may have moved out of the home she shares with Teddy A. While none of this has been confirmed, the speculation online has been intense — and somehow, one name keeps appearing in the middle of the conversation: Uzor Arukwe.
From their viral on-screen chemistry to behind-the-scenes clips that got people talking, many viewers have begun asking the same question: did their performances cross a professional line, or was it simply good acting that audiences misunderstood?
In this video, we break down the moments that fueled the debate, the reactions online, and the two different schools of thought people seem to fall into when discussing BamBam and Uzor’s chemistry.
Was it too far… or just professional?
Watch the full analysis and decide for yourself.

#BamBam #UzorArukwe #TeddyA #Nollywood #NigerianCelebrities #BBNaija #CelebrityNews #NollywoodMovies #Entertai",UCcsTyfpvFrQoFErddw0BTeQ,Behind Closed Doors,3780,203,2026-03-13T18:15:28Z,20.3,10238,77.0,86.0,True,True,False,2026-10-06
arukwe_olawunmi,Uzor Arukwe,Bamike Olawunmi,iWWg6Dfasrg,"MY TWO BRIDE (BAMBAM OLAWUNMI ADENIBUYAN, UZOR ARUKWE, UCHE MONTANA ) Latest Nigerian Movie 2025","NEE NOLLY TV: Your Ultimate Destination for African Drama!

Get ready to immerse yourself in the vibrant world of Nigerian and Ghanaian cinema! NEE NOLLY TV delivers the best in African entertainment straight to your screen. Discover captivating stories, from heartwarming romance and side-splitting comedy to thrilling action and epic dramas.

Featuring the best of your favorite stars: Watch iconic Nigerian actresses and actors like Mercy Johnson, Ini Edo, Tonto Dikeh, Destiny Etiko, Fredrick Leonard, Uju Okoli, Ruth Kadiri, John Okafor, Ebube Obiomovies, and many more!

 Enjoy the latest and greatest Nollywood and Ghallywood blockbusters. ✅ Diverse Genres: Dive into romance, action, drama, comedy, and epic tales. ✅ Global Appeal: Loved by audiences in the USA, UK, Canada, India, South Africa, and worldwide!

Don't miss out on the hottest Nigerian movies of 2026, trending Nollywood films, and classic African cinema. We bring you compelling African storytelling, exclusive clips, trailers",UCPpuZWcciwPmpjGRfekzubQ,NEE NOLLYTV,7930,62,2025-12-09T12:01:34Z,233.7,3702,20.0,0.0,True,True,True,2026-10-06
arukwe_olawunmi,Uzor Arukwe,Bamike Olawunmi,-eYB4uiAXuA,"THE SUBSTITUTE WIFE - UZOR ARUKWE, OLAWUNMI BAMBAM | Nigerian Movies 2026 Latest Full Movie","In this Nigerian Nollywood movie
Starring: OLAWUNMI BAMBAM, UZOR ARUKWE

#nigerianmovies #nollywoodmovies #africanmovies


#nigerianmovies2026latestfullmovies #unitedstates
Watch the most interesting movies from African movie actors like Omeche Oko, Bimbo Ademoye, Timini Egbuson, Victory Michael, Uche Nancy, Chinenye Ulaegbu, Regina Daniels, Sonia Uche, James Gardiner, Frederick Leonard, Mike Ezuruonye, Alex Ekubo, Yul Edochie, Blossom Chukwujekwe, Onyii Alex, Julliet Ibrahim, Nadia Buari, Nana Ama Mcbrown, Lydia Forson, Yvonne Okoro, Joselyn Dumas, Yvonne Nelson, Uche Montana
AFRICAN MOVIES, LATEST NOLLYWOOD MOVIES 2026, LATEST NIGERIAN NOLLYWOOD MOVIES, LATEST NOLLYWOOD MOVIES, LATEST NOLLYWOOD MOVIES ON YOUTUBE,  LATEST NIGERIAN MOVIES, NOLLYWOOD FILMS, FREE NIGERIAN MOVIES, 2024 LATEST NIGERIAN MOVIES, TOP NOLLYWOOD MOVIES, TRENDING NOLLYWOOD VIDEOS, TRENDING MOVIES, BEST NIGERIAN MOVIES, NOLLYWOOD TV MOVIES, TVNOLLY MOVIES, NEW NOLLYWOOD MOVIES



Please Subscribe to this channel ",UCSW1uGP-JC2Uir1kR9fFwfA,NollyTimes Tv,198000,1381,2026-08-23T10:00:28Z,125.6,1723,3.0,0.0,True,True,True,2026-10-06
arukwe_olawunmi,Uzor Arukwe,Bamike Olawunmi,2FRGvIV48vo,Make sure to do this after IRA otu very important#viralvideo|Nigerian Movies 2025 Latest Full Movies,"Make sure to do this after IRA otu very important#viralvideoシ #viralreelsシ
As love blossoms into a forever they once only dreamed of, Chioma and Obiora stand on the edge of a beautiful new beginning. But when secrets from the past and faces they thought were long gone return, their love is tested in ways their hearts never imagined.

In a journey woven with passion, forgiveness, and destiny, they must discover whether love is strong enough to heal old wounds and write the ending their souls have always desired. 💕

If you are looking for Nigerian Movies 2025 Latest Full Movies and Nollywood movies 2025 latest full movies, then you need to check out SACRED SIN - REV. SISTERS  ! This romantic movie moves you into the world of the best Nigerian movies. You'll definitely love this full movie and latest entry in the Omoni Oboli movies on Omoni Oboli TV starring Uzor Arukwe, Olawunmi-Adenibuyan BamBam, Patience Ozokwo, Chris Attoh, Osereme Inegbenebor, Thelma Chukwunwem, Omotunde Adebowale Da",UC8NSpce5Y7uu4xbB0YYFuSw,NOLLYSTREAM TV ,7580,286,2024-09-22T21:00:01Z,26.7,87,1.0,0.0,True,True,False,2026-10-06
arukwe_olawunmi,Uzor Arukwe,Bamike Olawunmi,gHwpj22ak-4,"MY TOXIC WIVES - UZOR ARUKWE, BAMBAM OLAWUNMI, Nigerian Movies 2026 Latest Full Movies","In This Nigerian Movie Starring: Chinonso Arubayi, Kenneth Nwadike, Favour Ben

#nigerianmovies #africanmovies #nollywoodmovies
#nigerianmovies #africanmovies #nollywoodmovies#uchennamontana #chinenyennebe #premiumafricanmovies Tv #uchemontana #uchemontanamovies #uchennambunabotv #uchennambunabofilms #uchennambunabo #uzorarukwe #bambam #blackmoviestv #nollyrokstudios #usa #unitedstates #mauricesam #kenya #ghana #canada #inspirationalquotes #youtube #trendingnow #youtubetrending #MYTOXICBOYFRIEND #blackmoviestv #nollyrokstudios #newrelease 

Don't miss this Nigerian Nollywood movies. Excited about a lesson that could be learned and lots of suspense. Remember to share with your loved ones and friends.",UCWdoq_-fFKwYVZGbGpcDdDw,PREMIUM AFRICAN MOVIES TV,16200,719,2026-08-06T09:15:03Z,91.1,933,5.0,0.0,True,True,True,2026-10-06
arukwe_olawunmi,Uzor Arukwe,Bamike Olawunmi,6BLVeGZYjh0,MEASURES OF LOVE | UZOR ARUKWE | BAM BAM - NIGERIAN MOVIE,"In this trending Nollywood movie.



Cast: Uzor Arukwe, Bam Bam

2nd February


#nigerianmovies #africanmovies #trendingmovies #newmovies",UCgLQy1_iCXJi7C-sbcw_ZIA,Metronolly TV,156000,1864,2026-07-07T03:12:15Z,102.8,3524,11.0,0.0,True,True,True,2026-10-06
arukwe_olawunmi,Uzor Arukwe,Bamike Olawunmi,3pDBGCyyPXY,ACHALAUGO'S HEART - UZOR ARUKWE / BAMIKE OLAWUMI / FREDRICK LEONARD / -2025 LATEST NOLLYWOOD MOVIES,"When a woman abandons her abusive husband at home and clings to her caring boss, she becomes desperately attached and threatens his entire family.




















































#nollywoodmovies#nigerianmovies#mauricesam#bimboademoye  #ruthkadiri247#mauricesammovies2025 #lovestorymovie#2025latestnollywoodmovies#africanmovie #latestnollywoodmovies2024#romancemovie#lovemovie#UK#USA#CANADA#JAMAICA#omoniobolitv#",UC2EvLDS2sOYeT8cYfrIH-uQ,Black Bronze Tv,217000,1786,2025-06-07T19:45:06Z,90.1,15979,64.0,3.0,True,True,True,2026-10-06
arukwe_olawunmi,Uzor Arukwe,Bamike Olawunmi,1AWZGLi99W8,"SIBE MY LOVE | LATEST NIGERIAN FULL MOVIES 2026 | UZOR ARUKWE, BIMBO ADEMOYE, BAMBAM OLAWUNMI","This masterpiece is the best you'll see online Today!
Starring: Uzor Arukwe, Bimbo Ademoye, Bambam Olawunmi...

Thanks for tuning in..
Don’t forget to LIKE, SUBSCRIBE & TURN ON 🔔 for daily uploads!
More interesting movies here: https://tinyurl.com/4jryytf9

#movie #victorymichael  #mauricesam #nigerianfilms #latestafricanmovies #2026nigerianmovies #trendingnigerianmovies #exclusivenollywoodmoviestv #nollywoodmovies2026 #nollywoodromance #bambam #bimboademoye #uzorarukwe",UC0H_BfiV1wvuZ-7quRFxSxw,Exclusive nollywood movies tv,30400,855,2026-08-05T11:00:35Z,93.6,26680,82.0,5.0,True,True,True,2026-10-06
arukwe_olawunmi,Uzor Arukwe,Bamike Olawunmi,OP4Y7gXIzsk,"THE VIRGIN PACT (UZOR ARUKWE, UCHE MONTANA, BAMBAM OLAWUNMI ADENIBUYAN )Latest Nigerian Movie 2026","#blackmoviestv 

Love is a beautiful thing, it can heal broken hearts when you fall in love with the right person. Love exists so much among these two so into each other until circumstance changed everything. It's a must-watch. Relax and enjoy this piece.


#blackmoviestv #youtube  #THEVIRGINPACT #uchemontanamovies #uchemontana  #uchennambunabo  #chiomanwaoha #films #youtube #evryone #southafrica #kenya #love #trending    #mauricesamtv   #movies #usa #unitedstates #   #mauricesam #bambam",UCaoyvHOxmdmqa4Q99dNbmpA, BLACK MOVIES TV,830000,2131,2026-07-10T15:30:35Z,81.4,12419,42.0,1.0,True,True,True,2026-10-06
arukwe_olawunmi,Uzor Arukwe,Bamike Olawunmi,Xe_m916oGkI,"HIS ROYAL BRIDE - BAMBAM OLAWUNMI, UZOR ARUKWE, Nigerian Movies 2026 Latest Full Movies","In This Nigerian Movie Starring: Uzor Arukwe, Mary Lazarus, Adaora Udeh

#nigerianmoviestars  #africanmovies #nollywoodmovies
#nigerianmovies #africanmovies #nollywoodmovies#uchennamontana #chinenyennebe #premiumafricanmovies Tv #nollywoodmovies#uchennamontana #chinenyennebe #premiumafricanmovies Tv #uchennamontana #chinenyennebe #premiumafricanmovies #TWOCANPLAY #oneandtwofilmstv #globalcrowntv #blackmoviestv #nollyrokstudios #uchennambunabotv #uchennambunabo #uchemontana #manari #africanurbanvillagemovies247 #exclusivenollywoodmoviestv #nollywoodtvstudio #usa #unitedstates #unitedstatesofamerica #canada #ghana #trending #trendingnow #trendingvideo #youtube #youtubevideo #inspirationalquotes #stephaniebassey #mustwatch #viral #bambam #uzorarukwe #newrelease #omoniobolitv #omonioboli #MYPREGNANTSIDECHICK #IAMSTILLHERE #loveineveryword #nigeriansindiaspora #ghana 


Don't miss this Nigerian Nollywood movies. Excited about a lesson that could be learned and lots of suspense. Remember to ",UCWdoq_-fFKwYVZGbGpcDdDw,PREMIUM AFRICAN MOVIES TV,16200,719,2026-07-30T09:15:32Z,75.7,5780,33.0,2.0,True,True,True,2026-10-06
arukwe_olawunmi,Uzor Arukwe,Bamike Olawunmi,TV5y_LrAygE,"LOVE IN EVERY WORD - Nigerian Movies 2025 Movie Review (Uzor Arukwe, BamBam Adenibuyan, Omoni Oboli)","My Review on The Trending Nollywood Movie LOVE IN EVERY WORD
Love in every word by Omoni Oboli TV is the most talked about latest nigerian movie right now but why?
LOVE IN EVERY WORD written by Mfon- Abasi Micheal Inyang is a beautiful piece. In a fast-paced world where love often takes a backseat to ambition, two souls from different worlds cross paths in an unexpected encounter. 

Movie Produced by Omoni Oboli


#nollywoodmovies #nigerianmovies #moviereview",UCvanNrnrcrMjamGp1GXmfeA,Winner The First,9110,37,2025-03-24T14:13:10Z,21.6,13443,,10.0,True,True,False,2026-10-06
arukwe_olawunmi,Uzor Arukwe,Bamike Olawunmi,4QxGaj4JKJc,LOVE IN EVERY WORD BY OMONI OBOLI,"For the past few days, social media has been awash with comments about filmmaker Omoni Oboli’s newly released movie, ‘Love in Every Word.’

The film took social media by storm and ignited conversations about love, chemistry, and the impact of a soft-spoken yet captivating lead actress: former BBNaija star Bam Bam (Bamike Olawunmi), who starred alongside Nollywood actor Uzor Arukwe.

Produced by Omoni Oboli, the film aligns with the adage that many women often try to avoid ending up with a man who reminds them of their father—especially if his flaws once turned their home into a battleground. But sometimes, love has other plans.
#loeineverywords #omonoobonitv",UCAB2k9_60s1qTUsaU8G90KA,Uncle Beno,16600,1401,2025-03-27T06:30:59Z,116.8,1863,28.0,1.0,True,True,True,2026-10-06
arukwe_olawunmi,Uzor Arukwe,Bamike Olawunmi,YbSQazSUM9Y,THE GIFT WITHIN / 2025 NEW NOLLYWOOD MOVIE UZOR ARUKWE (ODOGWU) / BAM BAM (ACHALUGO),"Subscribe to BluePicturesTV for the latest nollywood movies: www.youtube.com/channel/UCWXen7iFINIlgZD6YBZaeNQ?sub_confirmation=1

#eddiewatson #nollywood #nollywoodmovies
#eddiewatson #nollywood #nollywoodmovies #latestnollywoodmovies2024  #mauricesammovies #mauricesam #nollywoodmovies #2024 #2023 #nollywoodmovies #nigerianmovies #latestmovies #trendingvideo #ghanamovies #viral #romance #netflix #africa #newvideo #new #news #newsong #gaming #short #viralreels
​ #gaming #short #viralreels#nigerianmovies2024   #africannollytv #NollyoodMovies #GhanaianMovies #nigerianmovies2023 #africannollytv #nollywoodmovies #ghanaianmovies #ghallywood #trending #movie #latest #latestnigerianmovies2024 #romance #comedy #comedyvideo #shorts #shortsvideo #ukraine #russia #ukraineandrussiawar #zubbymicheal #destinyetiko #funkeakindele #fredrickleonard #princeiykeolisa #ruthkadiri #ruthkadirimovies #lovenollytv #nollywoodpicturestv #firstnollytv #ibakatv #trending #trendingshorts #shorts #shortsvideo #viral",UCWXen7iFINIlgZD6YBZaeNQ,BluePicturesTv,409000,4308,2025-11-11T12:24:41Z,131.8,3786,7.0,,True,True,True,2026-10-06
arukwe_olawunmi,Uzor Arukwe,Bamike Olawunmi,1ztij2g1518,CO-WIVES (SANDRA OKUNZUWA   BAMBAM OLAWUNMI  UZOR ARUKWE) - nigerian movies 2026 latest full  Movies,#latestnollywoodmovies #nigerianmovies#africanmovies#nollywoodmovieslatest,UCxpJFSMbadYaDA7sRMUGafg,NOLLYTOUCH STUDIOS,193000,999,2026-08-01T19:00:33Z,107.8,887,4.0,1.0,True,True,True,2026-10-06
arukwe_olawunmi,Uzor Arukwe,Bamike Olawunmi,dgMCzjJ-8g0,"SANITY IN LOVE, UZOR ARUKWE, BAM BAM, LATEST NOLLYWOOD MOVIE 2026","#newnollywoodfilms​ #ruthkadirifilm​ #latestnollywoodfilms​
#ruthkadiri247​ #sarianmartin​ #uchemontana​ #uzorarukwe​ #loveormoney​",UCUCvyVnZ71qkMFsVsQelh0Q,movietheater ,267,78,2026-09-14T18:29:27Z,120.0,14,1.0,0.0,True,True,True,2026-10-06
arukwe_olawunmi,Uzor Arukwe,Bamike Olawunmi,YjyN14iA75U,"LOVE IN EVERY WORD 2 | THE WEDDING | UZOR ARUKWE, BAM BAM LATEST MOVIE",#loveineveryword  #achalugo #Odogwuandachalugo #bambam,UCMeL5m3iwzXxsxca_tF_67A,Amicus Nollywood Movies,28200,597,2025-10-22T14:23:10Z,168.6,26019,142.0,14.0,True,True,True,2026-10-06
arukwe_olawunmi,Uzor Arukwe,Bamike Olawunmi,QqaJ62W3o1Y,"LOVE IN EVERY WORD 2 |THE WEDDING | UZOR ARUKWE, BAM BAM, OMONI OBOLI #achalugo #bambam LATEST MOVIE","LOVE IN EVERY WORD 2 | THE WEDDING | UZOR ARUKWE, BAM BAM LATEST MOVIE #LoveInEveryWord2 #Odogwu4Achalugo2025 #TheWeddingOfTheYear
As love blossoms into a forever they once only dreamed of, Chioma and Obiora stand on the edge of a beautiful new beginning. But when secrets from the past and faces they thought were long gone return, their love is tested in ways their hearts never imagined.

In a journey woven with passion, forgiveness, and destiny, they must discover whether love is strong enough to heal old wounds and write the ending their souls have always desired. 💕

If you are looking for Nigerian Movies 2025 Latest Full Movies and Nollywood movies 2025 latest full movies, then you need to check out LOVE IN EVERY WORD THE WEDDING ! This romantic movie moves you into the world of the best Nigerian movies. You'll definitely love this full movie and latest entry in the Omoni Oboli movies on Omoni Oboli TV starring Uzor Arukwe, Olawunmi-Adenibuyan BamBam, Patience Ozokwo, Chris Attoh, O",UC8NSpce5Y7uu4xbB0YYFuSw,NOLLYSTREAM TV ,7580,286,2025-10-24T18:00:34Z,157.2,186,3.0,0.0,True,True,True,2026-10-06
arukwe_olawunmi,Uzor Arukwe,Bamike Olawunmi,KyR0ufDG_n0,"Love In Every Word (Nigerian Movie), Full Movie Sound Playlist.","Love In Every Word (Nigerian Movie), Full Movie Sound Playlist.
The Best songs to fall in love with Odogwu & Achalugo.


Love in Every Word (2025)

Full Cast & Crew

Director

Stanley Obi

Writer

Daniel Uzodinma

Cast

Uzor Arukwe — Obiora

Thelma Chukwunwem — Mummy

Osereme Inegbenebor — Ify

Amanda Iriekpen — Ivie

Bamike Olawunmi — Chioma

Producers

Tomi Adeoye — Executive Producer

Omoni Oboli — Executive Producer

Grace Onyia — Producer

Cinematography

Garuba Rilwan (credited as Riliwan Garuba)

Editing

Kazeem Idris

Makeup Department

Adline Jonathan — Makeup Artist

Second Unit / Assistant Director

Jonah Dickson — Assistant Director

Costume & Wardrobe Department

Grace Onyia — Costume Designer

Script & Continuity Department

Jonah Dickson — Script Supervisor


Become A YouTube VIP Member: https://www.youtube.com/channel/UCK0mG-i_ZyVoPyOoblgpVPg/join",UCK0mG-i_ZyVoPyOoblgpVPg,QUEEN DIANA STORY ,3150,693,2025-12-29T16:37:48Z,52.8,198,1.0,0.0,True,True,False,2026-10-06
arukwe_olawunmi,Uzor Arukwe,Bamike Olawunmi,e2FPd-ygzaQ,"Backup Wife - Bimbo Ademoye, Seun Akindele, Bamike Olawunmi and Ariyike Owolagba Full Movie","Tade's wife sacrifices her marriage for the sake of her career. Tade replaces her with a crude village girl.
====================================================================
Welcome to Nollywood Passion. Get ready to immerse yourself in the world of Nollywood as we bring you the best of 2023 latest Nigerian movies. From action-packed blockbusters to heartwarming dramas, our curated selection of Nollywood films will leave you mesmerized. 

Get ready to immerse yourself in the rich culture and captivating stories on the latest Nigerian movies. 

Subscribe now and visit our YouTube channel for an unforgettable cinematic experience.

On this channel, watch your favorite stars like Bolanle Ninalowo, , Efe Irele, Sophie Ala, mkija, Mary Remmy Njoku, Bolaji Ogunmola, Bimbo Ademoye, Eddie Watson, Desmond Elliot, Jimmy Odukoya, Stan Nze Ray Emodi, Uche Jombo Rodriguez, Uzor Arukwe, Ruth Kadiri Ezerika, Mercy Aigbe, Iyabo Ojo, Kenneth Okolie, Kunle Remi, Eve Esin. 

Follow us 👇 
Facebook - h",UCBGv-_Anvz4uxR9ioKQvjbw,Nollywood Passion,189000,2417,2024-10-14T16:00:46Z,84.3,23160,342.0,27.0,True,True,True,2026-10-06
dike_montana,Chidi Dike,Uche Montana,_Dz_6uUP39k,BETTER HALF - UCHE MONTANA CHIDI DIKE DETOLA JONES CHRIS AKWARANDU,"When a university student sets his sights on his class teacher his life never remains the same as he vows to make her his wife. 
#chididike  #uchemontana #uchenwaefuna #ruthkadiri #ruthkadiri#latestnollywoodmovies

-~-~~-~~~-~~-~-
Please watch: ""LOVE ON ICE - HOW FAR WILL YOU GO TO PROTECT YOUR FAMILY #movie"" 
https://www.youtube.com/watch?v=RBz2F0xEXMY
-~-~~-~~~-~~-~-",UCjcFNZE51DmSrGYBqixs0Ug,RuthKadiri247,4100000,325,2023-07-13T16:15:13Z,109.7,24462229,289339.0,38078.0,True,True,True,2026-10-06
dike_montana,Chidi Dike,Uche Montana,Ia47wPj0Z7o,"A PLACE WITH YOU - UCHE MONTANA, CHIDI DIKE, Latest 2026 Nigerian Movie","A PLACE WITH YOU is an emotional romantic drama about fate, healing, and choosing love despite fear.
THIS CAPTIVATING MOVIE PROMISES TO MAKE YOUR DAY AND IS A MUST-WATCH.

STARRING: UCHE MONTANA, CHIDI DIKE – AND MANY MORE
NOW SHOWING ON: UCHE MONTANA TV (YOUTUBE)

#aplacewithyou #uchemontana #chididike #nollywoodmovies #nigerianmovies #romanticdrama #loveandfate #emotionalstory #youtubemovies #trendingnollywood",UCGRC6hm8mD8WqeY0auwrCrQ,Uche Montana TV,1940000,110,2026-01-31T17:00:00Z,115.0,12160942,138987.0,11574.0,True,True,True,2026-10-06
dike_montana,Chidi Dike,Uche Montana,FIm8QTTr91U,Meilleure Moitié- Uche Montana Chidi Dike  Sir Chris Akwarandu,#frenchtv247 #filmnigérianenfrançaiscomplet #nollywoodfilmsenfrançais #filmsafricain5etoiles #benin #burkinafaso #madeforyou #cameroon #canada #centralafricanrepublic,UC8ZMPHMK1zweLRBO6O7b3bA,FRENCHTV247,2020000,181,2024-01-02T16:00:18Z,109.8,7439326,88231.0,6052.0,True,True,True,2026-10-06
dike_montana,Chidi Dike,Uche Montana,64-vbrWz_Dw,"ALL I WANT - CHIDI DIKE, UCHE MONTANA, ANTHONY MONJARO 2024 LATEST FULL NIGERIAN MOVIES","Watch the best of 2024 EXCLUSIVE NOLLYWOOD MOVIES here On  @shinenollytv4232  


#nigerianmovies #africanmovies #nollywoodmovies #nigerianmovie",UCtXUfd3IFWh9V9tLWEy-jjQ,Shine Nolly tv,203000,488,2024-01-30T16:00:03Z,86.9,972012,5971.0,111.0,True,True,True,2026-10-06
dike_montana,Chidi Dike,Uche Montana,RuMSAHeWlJw,"THICKER THAN WATER - CHIDI DIKE, PAMELA OKOYE, PRINCE IDIAGHE","A young single woman living in a secure estate begins to experience unsettling mystery in her home, what begins as a hunt for a home intruder unveils a shocking, deeply buried truth that will alter her life forever. 

🎬 THICKER THAN WATER
📅 Release Year: 2026
🎭 Starring: Chidi Dike, Pamela Okoye, Prince Idiaghe
🎥 Produced by: Vivi Kiffa Productions
📽 Genre: Family | Drama | Romance
🌍 Country: Nigeria | Nollywood | United States | United Kingdom | Canada

🔔 Subscribe to VIVI KIFFA TV for the best trending Nollywood movies, blockbuster emotional dramas, and exclusive entertainment!

Don't forget to LIKE, COMMENT, SHARE, and click the NOTIFICATION BELL to never miss an upload!

#ThickerThanWater #ViviKiffaTV #PamelaOkoye #ChidiDike #PrinceIdiaghe #NollywoodMovies #LatestNollywood2026 #NigerianMovies #trendingnollywood",UCG0Y8IA3OMqA0MmYMamwkgw,Vivi Kiffa TV,13200,76,2026-09-23T17:00:37Z,100.5,673975,4237.0,134.0,True,False,True,2026-10-06
dike_montana,Chidi Dike,Uche Montana,rQ2zZQ7XzLU,I Found Love In You [Starring Chidi Dike And Uche Montana ]-New Trending Nigerian Movies 2024,"watch latest nollywood movies here




MISSING RIB",UCpdIIs02QRK9CMWnAQVLErw,NOLLWOOD FLIX TV,72000,207,2024-08-22T13:01:02Z,106.4,1447435,6348.0,285.0,True,True,True,2026-10-06
dike_montana,Chidi Dike,Uche Montana,ohlGdqsDAoE,"CRAZY LOVE CIRCLE - CHIDI DIKE, UCHE MONTANA, CHIOMA NWAOHA 2024 LATEST NIGERIAN MOVIES","Watch the best of 2024 EXCLUSIVE NOLLYWOOD MOVIES here On  @shinenollytv4232  


#nigerianmovies #movie #love #sandraokunzuwa #chididike #ruthkadiri #africanmovies #nollywoodmovies #nigerianmovie #nollywoodmovies  #sandraokunzuwatv #nollywoodpicturestv",UCtXUfd3IFWh9V9tLWEy-jjQ,Shine Nolly tv,203000,488,2024-02-04T16:00:35Z,123.5,187475,1503.0,51.0,True,True,True,2026-10-06
dike_montana,Chidi Dike,Uche Montana,Vvw6jVE2mA4,"LOVE AND DECEIT | Chidi Dike, Uche Montana & Timini Egbuson | 2026 Latest Nigeria Movie ( Full Movie","LOVE AND DECEIT | Chidi Dike, Uche Montana & Timini Egbuson | Latest Nollywood Movie 2026

LOVE AND DECEIT is a gripping Nollywood romantic drama starring Chidi Dike, Uche Montana and Timini Egbuson.
our love story 
A beautiful love story takes an unexpected turn when hidden lies, betrayal and dangerous secrets threaten to destroy everything. As trust begins to fade and emotions run high, every decision pushes them closer to heartbreak or redemption.

Can love survive deception, or will the truth destroy the future they dreamed of?

Filled with romance, emotional drama, suspense and unforgettable twists, LOVE AND DECEIT is a captivating Nollywood movie that will keep you watching from beginning to end.

⭐ Starring: Chidi Dike, Uche Montana and Timini Egbuson.

👉 Subscribe to 247 Nollywood TV for the latest Nollywood movies, trending Nigerian films, romantic
dramas and premium African stories.

👍 Like • Comment • Share • Turn on Notifications to stay updated with every new movie release",UCDXxi8YTwlh5eKXyofvjrLw,247 Nollywood Tv,46400,312,2026-08-01T16:00:29Z,118.5,1640,6.0,0.0,True,True,True,2026-10-06
dike_montana,Chidi Dike,Uche Montana,n520FWRFMQg,"MAD OVER YOU | LATEST NIGERIAN MOVIES 2026 FULL MOVIES | CHIDI DIKE, UCHE MONTANA","Best New Nollywood Movie you will come across today.
Starring: Chidi Dike, Uche Montana...

Don’t forget to LIKE, SUBSCRIBE & TURN ON 🔔 for daily uploads!

#mauricesam #romancemovies #lovestory #africanmovies #trendingnollywoodmovies #mauricesammovies2026 #africantopnollytv #nollywoodromance #unitedkingdom #unitedstates #uchemontana #chididike",UCsQxKa9vzl7I1O4orSTWvJA,African TopNolly TV ,44400,574,2026-06-21T14:00:20Z,92.5,183716,910.0,20.0,True,True,True,2026-10-06
dike_montana,Chidi Dike,Uche Montana,NbFGuKSCnN8,"BETTER HALF -  UCHE MONTANA, CHIDI DIKE NEW 2024 EXCLUSIVE ROMANTIC MOVIE","Watch Best Of Nigerian Nollywood Movies
Featuring all trending actors and blockbuster movie



FLOWER BOY
#nigerianmoviesonline 
#nollywoodmovies",UCLTvX1AvRmb2W97tJXP8hsg,NAIJA  PLUS  TV,99300,292,2024-12-05T14:00:30Z,129.8,4425,21.0,0.0,True,True,True,2026-10-06
dike_montana,Chidi Dike,Uche Montana,v7kGw5zA6T0,"HOTEL MANAGER - UCHE MONTANA, CHIDI DIKE LATEST 2026 ROMANTIC NIGERIAN MOVIES","SYLVIA EZE TV 2024/2025 Latest Nigerian Movies Movies

Watch Best Of Nigerian Nollywood Movies
Featuring all trending actors and blockbuster movies
Bringing you the latest Nigerian movies

#nigerianmovies #nollywoodmovies #africanmovies #fullnigerianmovies",UCaZ3kBNTfoM5FRzWpq-dx2Q,SYLVIA EZE TV,175000,405,2026-05-25T14:30:31Z,105.0,2967,11.0,0.0,True,True,True,2026-10-06
dike_montana,Chidi Dike,Uche Montana,Vzg7hNXk7lo,"THE MERGER - UCHE MONTANA, TIMINI EGBUSON, Latest 2026 Nigerian Movie","Two people, one complicated situation, and a relationship that was never supposed to happen.

THE MERGER is an emotional Nollywood drama about love, attraction, complicated relationships, and the unexpected connections that can turn life upside down.

STARRING: UCHE MONTANA, TIMINI EGBUSON AND MANY OTHERS.
NOW SHOWING ON UCHE MONTANA TV

#themerger #uchemontana #timiniegbuson #nollywoodmovies #africanmovies #uchemontanatv #nollywood #nigerianmovies #romancemovie #lovestory #nollywooddrama",UCGRC6hm8mD8WqeY0auwrCrQ,Uche Montana TV,1940000,110,2026-09-05T17:00:18Z,94.9,11005388,92711.0,5606.0,False,True,True,2026-10-06
dike_montana,Chidi Dike,Uche Montana,igc2v68jAEg,"JUST RELEASED TODAY| UCHE MONTANA, CHIDI DIKE| PERFECT MATCH -African Movies","In This Video,
Cast: 

 #naijamoviegalaxy #nollywoodmovies #trending #africanmovies


Please Click on this link -   to Subscribe to this channel As We Bring The Best Of Nigerian Movies To Africans Leaving In The UNITED STATES OF AMERICA (USA),  CANADA,GERMANY, UNITED KINGDOM(UK), JAMAICA, Trinidad & Tobago And Other Countries Of The World",UCR-UTYhb9Yf55BWLR9xggnQ,Naija Movie Galaxy,2930,394,2026-09-16T06:03:47Z,178.2,10072,21.0,0.0,True,True,True,2026-10-06
dike_montana,Chidi Dike,Uche Montana,17RffyYHwk4,"MY SUGAR MUMMY - (UCHE MONTANA, CHIDI DIKE) | Nigerian Movies Latest Full Movies","Welcome to Nollywood Movieroom – your home for the best Nollywood full movies, latest Nigerian movies, and trending African family stories. Our movies are loved by audiences across Nigeria, the UK, USA, Canada, and the global African diaspora.

🔔 Subscribe to Nollywood Flavour Screen and turn on notifications so you never miss the latest Nollywood releases, romantic African movies, and emotional family dramas.

Enjoy the true flavour of Nollywood cinema.

#NollywoodMovies 
#LatestNigerianMovie
#AfricanMovies",UCMQ8xDYbaFfQ8u1A9dWoYVQ,NOLLYWOOD MOVIEROOM,15500,145,2026-09-09T05:29:52Z,127.2,1928,1.0,0.0,True,True,True,2026-10-06
dike_montana,Chidi Dike,Uche Montana,o4sFEfkZI1c,DREAMING OF YOU (UCHE MONTANA CHIDI DIKE) - Nigerian Movies 2026 latest full movies,#nigerianmovies #africanmovies #nollywoodmovies,UC6izPafX_9ydQCa7xctxcuQ,NollyReel,148000,331,2026-05-22T19:00:21Z,133.7,203543,1120.0,34.0,True,True,True,2026-10-06
dike_montana,Chidi Dike,Uche Montana,T_Ovr-Y1ZdU,"DOCTOR ON DUTY - CHIDI DIKE, UCHE MONTANA, JENNIFER EPHRAIM | Nigerian Love Movie","Irene had a fight with her toxic boyfriend, Richard. Richard kicked her out under a heavy rain, in her bid to seek shelter, she ran into Jerry's house and the rest became history.

#nigerianmovie #nollywoodmovie

A PLACE LIKE HOME",UCUU6-MamcsFesgItJb7guZg,KISSNOLLYSTUDIO ,115000,384,2024-06-30T16:00:24Z,89.5,239261,1413.0,75.0,True,True,True,2026-10-06
dike_montana,Chidi Dike,Uche Montana,S1s1nECEmVE,"BURNS OF DESIRE - UCHE MONTANA, CHIDI DIKE, LILIAN ESORO | Nigerian Movies 2026 Latest Full Movies","In this Nigerian movie, Starring amazing Nollywood actors.
Starring; UCHE MONTANA, CHIDI DIKE, LILIAN ESORO
Love is a beautiful thing, it can heal broken hearts when you fall in love with the right person. Love exists so much among these two so into each other until circumstance changed everything. It's a must-watch. Relax and enjoy this piece.
#nigerianmovies #africanmovies #nollywoodmovies
 
 
#youtube #iamyours #mauricesam #uchemontanamovies #uchennambunabomovies #trending #movies #unitedstates #unitedkingdom #movie #fredrickleonard #unitedstates #unitedkingdom #canada #netherlands #manari #familytiescinema #romancemovie 
AFRICAN MOVIES, NOLLYWOOD MOVIES, NIGERIAN MOVIES, NIGERIAN MOVIES 2025 LATEST FULL MOVIES, NIGERIAN MOVIES 2026 LATEST FULL MOVIES, NIGERIAN MOVIES 2026, NIGERIAN LATEST MOVIES 2026, NIGERIAN CHRISTIAN MOVIES, LATEST NIGERIAN MOVIES 2026, LATEST NOLLYWOOD MOVIES, 2026 NIGERIAN LATEST FULL MOVIES, NIGERIAN MOVIES 2025 LATEST FULL MOVIES
Herself

#NumberOneAfricanMo",UCC-Tbo72nhEaokJPE1ZQNig,AfricanMovies Box,152000,1446,2026-08-11T22:26:23Z,92.1,19804,129.0,2.0,True,True,True,2026-10-06
dike_montana,Chidi Dike,Uche Montana,DJOhSeQMbOs,A Place With You 2 - UCHE MONTANA & CHIDI DIKE 2026 Nigerian Movie,"An exciting movie that you will enjoy watching. MEGAMUND TV bring you the best entertainment, free movies is all you get here each time you visit our YouTube channel",UCp8G_x5nYfG2RYUnBqLIHKA,MegaMundTv,298000,121,2026-02-01T14:46:53Z,121.9,80515,257.0,19.0,True,True,True,2026-10-06
dike_montana,Chidi Dike,Uche Montana,iVDIOvmRi_c,"MY GIRL (Chidi Dike, Uche Montana) - Brand New 2025 Nigerian Movie",#Nollywoodtvstudio #africanmovies #mauricesam #ruthkadirifilms #chinenyennebe #lovedontcostathing #nigerianmovies2023latestfullmovies #ruthkadiri #ruthkadiri24,UCo-KiSpW1UMCnBN2o0iJLwg,NOLLYWOOD TV STUDIO,435000,2110,2025-10-26T04:31:59Z,123.9,152853,499.0,15.0,True,True,True,2026-10-06
dike_montana,Chidi Dike,Uche Montana,Oy4_Uw76LVI,THE PLAYBOY | CHIDI DIKE | UCHE MONTANA | 2025 NOLLYWOOD MOVIES,"A charming ladies’ man meets his match when a smart, independent woman turns his entire game upside down in this sizzling romantic drama. #ThePlayboy #ChidiDike #UcheMontana #Nollywood2025",UCOLT00WaMAcBWCPf-BSIJvA,EXCLUSIVE NOLLYFLIX+,75900,994,2025-11-30T14:30:20Z,128.3,293764,1442.0,67.0,True,True,True,2026-10-06
dike_montana,Chidi Dike,Uche Montana,9PyvTGW15xA,MANNERLESS -CHIDI DIKE  STEPHANIA BASSEY ERONINI OSINACHI,"A story about friendship love and betrayal. Will we get the happy ending we hope for?#chididikemovies  #eroninimovies #ruthkadiri247  #stephaniabassey #latestnollywoodmovies

-~-~~-~~~-~~-~-
Please watch: ""LOVE ON ICE - HOW FAR WILL YOU GO TO PROTECT YOUR FAMILY #movie"" 
https://www.youtube.com/watch?v=RBz2F0xEXMY
-~-~~-~~~-~~-~-",UCjcFNZE51DmSrGYBqixs0Ug,RuthKadiri247,4100000,325,2023-08-10T15:59:47Z,92.2,11999061,149678.0,12684.0,True,False,True,2026-10-06
dike_montana,Chidi Dike,Uche Montana,p_RoYVWUceI,BILLIONAIRES' SECRETARY I CHIDI DIKE | ANGEL UNIGWE | DONALD IHEONUNEKWU | CHRIS AKWARANDU | MOVIES,"Watch New Latest Trending Movies https://www.youtube.com/watch?v=qS4uS...

Stay Glued to #Mobtvstudios & SUBSCRIBE NOW for more. https://www.youtube.com/channel/UCkIia-MVJv5M8WIOFiuSjSQ

WELCOME TO MOBTV STUDIOS.

This channel brings you the best of Nollywood Movies entertainment on YouTube channel, FREE movies is all you get here each time you visit MOBTV STUDIOS YouTube Channel, for new and Latest  Nigerian films, just subscribe to this channel on YouTube
Watch FREE Nollywood-African movies on MOBTV STUDIOS. 

SUBSCRIBE NOW : https://www.youtube.com/channel/UCkIia-MVJv5M8WIOFiuSjSQ

DO NOT FORGET TO CLICK ON THE NOTIFICATION BELL ICON TO STAY UPDATED.",UCkIia-MVJv5M8WIOFiuSjSQ,Mobtv Studios (Nollywood Movies),132000,102,2026-04-17T16:00:20Z,171.0,2350753,20385.0,988.0,True,False,True,2026-10-06
dike_montana,Chidi Dike,Uche Montana,n8US27_dgO0,"MOLE IN MY HEARTH -CHIDI DIKE, CYNTHIA CLARK, JIBOLA DABOR, SHAN GEORGE LATEST 2026 NIGERIA MOVIE","she gave him her heart, but betrayal changed everything. when love turns into pain, she must choose between forgiveness and revenge. 

will love survive the seccrets, betrayal, and desirre for justice 

atcch till the end for an unerxpecctd twist!",UC6vVyLUOSWrwboELmrGIA4Q,Uncle Leo Tv,141000,37,2026-09-12T16:19:43Z,106.0,819670,5334.0,479.0,True,False,True,2026-10-06
dike_montana,Chidi Dike,Uche Montana,Gbd_cghF3os,"FIGHT OR FLIGHT ONLINE  - UCHE MONTANA, SAMUEL PERRY (BRODA SHAGGI), Latest 2025 Nigerian Movie","The comic movie is one interesting movie you will see on the internet today... very educative, romantic and captivating, full of life lessons
Starring: UCHE MONTANA, SAMUEL PERRY (BRODA SHAGGI) and many more





#uchemontana #samuelperry #brodashaggi #uchemontanamovie #nigerianmovies #nollywoodmovies #africanmovie #lovestory #romanticmovie #2025movies #lovemovies",UCGRC6hm8mD8WqeY0auwrCrQ,Uche Montana TV,1940000,110,2025-10-04T17:00:18Z,112.0,7951474,88046.0,9212.0,False,True,True,2026-10-06
dike_montana,Chidi Dike,Uche Montana,I-mKj37f2Nc,"EVERY WORD OF LOVE(UCHE MONTANA,CHIDI DIKE,EMMANUEL NSE)Latest Nigerian Movie 2025 #trending #Movies","#blackmoviestv 

Love is a beautiful thing, it can heal broken hearts when you fall in love with the right person. Love exists so much among these two so into each other until circumstance changed everything. It's a must-watch. Relax and enjoy this piece.


#blackmoviestv #youtube  #EVERYWORDOFLOVE #uchemontanamovies #uchemontana  #chididike #chididikemovies   #EMMANUELNSE   #mauricesamtv   #movies #usa #unitedstates #   #mauricesam",UCaoyvHOxmdmqa4Q99dNbmpA, BLACK MOVIES TV,830000,2131,2025-10-17T11:00:36Z,121.2,11872,66.0,3.0,True,True,True,2026-10-06
dike_montana,Chidi Dike,Uche Montana,uSeKWC9A7Kw,RECIPE OF LOVE | CHIDI DIKE | UCHE MONTANA | 2026 NOLLYWOOD MOVIES,"Love is brewed with passion and choices in Recipee of Love, starring Chidi Dike and Uche Montana. A sweet yet emotional story of romance, sacrifice, and destiny that proves love has its own perfect recipe in this 2026 Nollywood movie. #RecipeeOfLove #ChidiDike #UcheMontana #Nollywood2026 #LatestNigerianMovie #RomanticDrama #NollywoodMovies #AfricanCinema",UCOLT00WaMAcBWCPf-BSIJvA,EXCLUSIVE NOLLYFLIX+,75900,994,2026-01-21T16:01:29Z,125.0,138951,852.0,42.0,True,True,True,2026-10-06
dike_montana,Chidi Dike,Uche Montana,eoNPabUJQo0,"A PIECE OF MY HEART   UCHE MONTANA, CHIDI DIKE 2023 LATEST NIGERIAN MOVIES","Watch how Elma was able to rekindle with her lost first love, Sam. While she was about to ease her relationship stress with another man Anderson who happened to be a psycho who only enjoys rough-handling women just to enjoy his sexual desires.",UCdNxNEFFkFDqebTqbTXTAGg,Joy Peters,1,1,2023-10-18T23:00:17Z,78.2,303,1.0,0.0,True,True,True,2026-10-06
dike_montana,Chidi Dike,Uche Montana,KuEzbaxEdww,"LOVE & FAITH (HELLO AREWA)-LATEST 2026 NIGERIA FULL MOVIE ,FEATURING,CHIDI DIKE,ALI NUHU,AMAL UMAR.","LOVE & FAITH (HELLO AREWA)-LATEST 2026 NIGERIA FULL MOVIE ,FEATURING,CHIDI DIKE,ALI NUHU,AMAL UMAR.",UCTCDIH8AckDC-9mqp3eZtbg,Amal motion pictures,136000,22,2026-09-15T19:00:06Z,80.8,2726398,26304.0,2115.0,True,False,True,2026-10-06
dike_montana,Chidi Dike,Uche Montana,gS8nKs_IBkw,"EMBERS OF LOVE -  2024 LATEST NIGERIAN MOVIE | UCHE MONTANA, ONYII ALEX, CHIKE DANIEL, ADA ULI","This amazing movie will make your day a must watch for everyone...very educative and intriguing
Starring: UCHE MONTANA, ONYII ALEX, CHIKE DANIEL, ADA ULI









#uchemontana #chikedaniels #onyiialex #nollywoodmovies #nigerianmovies #2024movies #africanmovie #uchennambunabotv #uchemubnabomovies #uchemontanamovies",UCGRC6hm8mD8WqeY0auwrCrQ,Uche Montana TV,1940000,110,2024-11-21T17:17:59Z,170.4,6840175,92292.0,11304.0,False,True,True,2026-10-06
dike_montana,Chidi Dike,Uche Montana,s-b7YJtEMX4,"WITHIN ME - CHIDI DIKE, STEFANIA BASSEY, EJIKE IBEDILO, OBY TITUS","#ruthkadiri #africanmovie #hereforyou #latestnollywoodmovies #ruthkadiri247 #chididikemovies #ruthkadirimovies #stephaniabassey #movie #ruthkadirimovies #withinme #nollywoodmovies #madeforyoutube

-~-~~-~~~-~~-~-
Please watch: ""LOVE ON ICE - HOW FAR WILL YOU GO TO PROTECT YOUR FAMILY #movie"" 
https://www.youtube.com/watch?v=RBz2F0xEXMY
-~-~~-~~~-~~-~-",UCjcFNZE51DmSrGYBqixs0Ug,RuthKadiri247,4100000,325,2023-07-28T22:29:47Z,107.8,8248519,111440.0,14166.0,True,False,True,2026-10-06
dike_montana,Chidi Dike,Uche Montana,3Gtv2PPjQMo,"A PLACE WITH YOU 2- UCHE MONTANA, CHIDI DIKE, Latest 2026 Nigerian Movie",,UCIjaDkSGKsYB7wiAdXOkm8A,NollyLegit tv,40500,418,2026-01-31T18:33:03Z,128.2,66972,319.0,2.0,True,True,True,2026-10-06
dike_montana,Chidi Dike,Uche Montana,OjtqzAE2rdk,"THE WOMAN WITHIN (Chidi Dike , Uche Montana ) : TRENDING NIGERIAN MOVIES 2026","💬 Don’t forget to LIKE 👍, COMMENT 💬, and SUBSCRIBE 🔔 for more full movies, romantic dramas, and fantasy films every week!

CLICK TO STAY HOOKED WITH MORE ENTERTAINING MOVIES:
https://www.youtube.com/watch?v=LPXJnvVeELI&list=PLVIWRn87nvwdm6oegpdJNl8eQBThInrQ9

#Latestnigerianmovies2025 #nollywoodmovie #fullnollywoodmovie #forbiddenlove #betrayalandrevenge #nollywooddrama #romanticthriller #nollycubetv #trendingnollywoodmoviestv #youtubeshorts 


OjtqzAE2rdk
In Body And Soul",UCd1kgMxbPxw1yrfBBUnDXag,NollyCube TV ,230000,724,2026-10-05T17:00:09Z,89.6,246,2.0,0.0,True,True,True,2026-10-06
dike_montana,Chidi Dike,Uche Montana,H8RVoNZSlmM,"MY BILLIONAIRE GIRLFRIEND - CHIDI DIKE, UCHE MONTANA | Nigerian Movies 2026 Latest Full Movie","In this Nigerian Nollywood movie
Starring: CHIDI DIKE, UCHE MONTANA

#nigerianmovies #nollywoodmovies #africanmovies


#nigerianmovies2026latestfullmovies #unitedstates
Watch the most interesting movies from African movie actors like Mercy Johnson, Bimbo Ademoye, Timini Egbuson, Jackie Appiah, Uche Nancy, Chinenye Ulaegbu, Regina Daniels, Sonia Uche, James Gardiner, Fred Leonard, Mike Ezuruonye, Alex Ekubo, Yul Edochie, Blossom Chukwujekwe, Onyii Alex, Julliet Ibrahim, Nadia Buari, Nana Ama Mcbrown, Lydia Forson, Yvonne Okoro, Joselyn Dumas, Yvonne Nelson
AFRICAN MOVIES, LATEST NOLLYWOOD MOVIES 2024, LATEST NIGERIAN NOLLYWOOD MOVIES, LATEST NOLLYWOOD MOVIES, LATEST NOLLYWOOD MOVIES ON YOUTUBE,  LATEST NIGERIAN MOVIES, NOLLYWOOD FILMS, FREE NIGERIAN MOVIES, 2024 LATEST NIGERIAN MOVIES, TOP NOLLYWOOD MOVIES, TRENDING NOLLYWOOD VIDEOS, TRENDING MOVIES, BEST NIGERIAN MOVIES, NOLLYWOOD TV MOVIES, TVNOLLY MOVIES, NEW NOLLYWOOD MOVIES



Please Subscribe to this channel As We Bring The Best O",UCSW1uGP-JC2Uir1kR9fFwfA,NollyTimes Tv,198000,1381,2026-07-16T10:00:37Z,99.8,51393,159.0,6.0,True,True,True,2026-10-06
dike_montana,Chidi Dike,Uche Montana,O51PqK3GO7M,"WHEN LOVE BECOMES ART - Uche Montana, Chidi Dike, Etinosa Idemudia | 2026 Latest Nigerian Movie","#nollywoodmovies #nigerianmovies #trending 





ECHOES OF LOVE",UCjS-CiMtgLxsGQxRw2WeY7w,NOLLYWOOD+,127000,311,2026-06-10T16:00:23Z,81.5,40564,236.0,14.0,True,True,True,2026-10-06
dike_montana,Chidi Dike,Uche Montana,rViuiCsETIs,"WHEN LOVE FAILS - UCHE MONTANA, CHIDI DIKE, CHIOMA NWAOHA -2023 LATEST NIGERIAN FULL MOVIE","SYLVIA EZE TV 2023 Latest Nigerian Movies Movies
WHEN LOVE FAILS - 2023 LATEST NIGERIAN FULL MOVIE 
STARRING : UCHE MONTANA, CHIDI DIKE, CHIOMA NWAOHA

Watch Best Of Nigerian Nollywood Movies
Featuring all trending actors and blockbuster movies
Bringing you the latest Nigerian movies

#nigerianmovies #nollywoodmovies #africanmovies #fullnigerianmovies

ANOTHER MAN'S POISON",UCaZ3kBNTfoM5FRzWpq-dx2Q,SYLVIA EZE TV,175000,405,2023-11-03T17:45:02Z,114.2,2820795,16174.0,1197.0,True,True,True,2026-10-06
dike_montana,Chidi Dike,Uche Montana,dCezu4aI6Os,"CRUSHING OVER YOU(CHIDI DIKE, CLINTON JOSHUA, UCHE MONTANA) Latest Nigerian Movie 2025","#blackmoviestv 

Love is a beautiful thing, it can heal broken hearts when you fall in love with the right person. Love exists so much among these two so into each other until circumstance changed everything. It's a must-watch. Relax and enjoy this piece.


#blackmoviestv #youtube  #CRUSHINGOVERYOU #uchemontanamovies #uchemontana  #uchennambunabo  #stephaniebassey   #mauricesamtv   #movies #usa #unitedstates #   #mauricesam",UCaoyvHOxmdmqa4Q99dNbmpA, BLACK MOVIES TV,830000,2131,2025-11-13T15:30:29Z,92.7,39381,230.0,12.0,True,True,True,2026-10-06
dike_montana,Chidi Dike,Uche Montana,T4pQIDeZlBk,"CAMPUS BIG BOYS  - Timini Egbuson, Bimbo Ademoye, Uche Montana, Chidi Dike Nigerian Movie","Watch the best of 2024 EXCLUSIVE NOLLYWOOD MOVIES here On  @shinenollytv4232  


#nigerianmovies#nollywoodmovies 

RENTED FIANCE",UCtXUfd3IFWh9V9tLWEy-jjQ,Shine Nolly tv,203000,488,2026-02-03T17:00:47Z,111.6,217299,786.0,15.0,True,True,True,2026-10-06
dike_montana,Chidi Dike,Uche Montana,OcHs7DTbk74,"HOTEL MANAGER  (New movie) UCHE MONTANA, CHIDI DIKE  - 2024 LATEST EXCLUSIVE MOVIES","This movie is doing number 1 on youtube
#fullnigerianmovies #nigerianmovies #nollywoodmovies 
TRUE NOLLY TV 2024 Latest Nigerian Movies 
 HOTEL MANAGER-  2024 LATEST NIGERIAN MOVIE
STARRING:   UCHE MONTANA, CHIDI DIKE
Watch Best Of Nigerian Nollywood Movies
Featuring all trending actors and blockbuster movies
Bringing you the latest Nigerian movies

final gate keeper",UCWXzNrCX4Jt-eNMXemM75jg,TRUE NOLLY,139000,567,2024-08-04T13:00:22Z,130.8,1879897,10745.0,0.0,True,True,True,2026-10-06
dike_montana,Chidi Dike,Uche Montana,wD66ZmWIH7I,"THE IMANI EFFECT - SARIAN MARTIN, CHIDI DIKE, BRIGHT MORGAN, BLESSING ONWUKWE, Latest Nigerian Movie","One woman. Two men. A family caught in the middle.

THE IMANI EFFECT is a captivating drama filled with love, deception, heartbreak, family conflict, and shocking revelations that will keep you glued till the very end. 

STARRING: SARIAN MARTIN, CHIDI DIKE, BRIGHT MORGAN, BLESSING ONWUKWE AND MANY MORE

NOW SHOWING ON: SARIAN MARTIN TV (YOUTUBE)

#TheImaniEffect #SARIANMARTIN #CHIDIDIKE #BLESSINGONWUKWE #BRIGHTMORGAN #NollywoodMovies #AfricanMovies #LoveAndDrama #TrendingMovie #MustWatchMovie",UCpho61bUzmt4gFFb--Kggkw,Sarian Martin Tv,954000,227,2026-05-31T16:00:02Z,126.2,2392309,31374.0,2592.0,True,False,True,2026-10-06
dike_montana,Chidi Dike,Uche Montana,WOqaznahn5I,"CHAOS TO CALM - UCHE MONTANA, MAURICE SAM 2025 LATEST NIGERIAN MOVIE","This amazing masterpiece is the best movie you will see on the internet today... very educative and captivating.
Starring: UCHE MONTANA, MAURICE SAM





#uchemontana #mauricesam #uchemontanamovies #mauricesammovies2025 #nigerianmovies #nollywoodmovies #africanmovie #lovestory #romanticmovie #2025movies #lovemovies",UCGRC6hm8mD8WqeY0auwrCrQ,Uche Montana TV,1940000,110,2025-01-24T17:00:38Z,108.6,11792306,126186.0,7270.0,False,True,True,2026-10-06
dike_montana,Chidi Dike,Uche Montana,vCFbmIBPUZA,BETTER HALF - ( Full Movie) UCHE MONTANA CHIDI DIKE DETOLA JONES CHRIS,"#nollywoodlatest 
 #2023latest 
   #africa 
    #trending 
       #trendingmovies  
         #trend 
           #movie 
            #reemmyjestv",UCkom0_a35yMP4dSumwOHpqw,Reemmy Jes Tv,444000,4420,2023-07-14T10:32:59Z,122.3,1794169,9703.0,701.0,True,True,True,2026-10-06
dike_montana,Chidi Dike,Uche Montana,8agkUqDvsS0,"TOXIC ROMANCE - CHIDI DIKE, UCHE MONTANA | Nigerian Movies 2026 Latest Full Movie","In this Nigerian Nollywood movie
Starring: CHIDI DIKE, UCHE MONTANA

#nigerianmovies #nollywoodmovies #africanmovies


#nigerianmovies2026latestfullmovies #unitedstates
Watch the most interesting movies from African movie actors like Mercy Johnson, Bimbo Ademoye, Timini Egbuson, Jackie Appiah, Uche Nancy, Chinenye Ulaegbu, Regina Daniels, Sonia Uche, James Gardiner, Fred Leonard, Mike Ezuruonye, Alex Ekubo, Yul Edochie, Blossom Chukwujekwe, Onyii Alex, Julliet Ibrahim, Nadia Buari, Nana Ama Mcbrown, Lydia Forson, Yvonne Okoro, Joselyn Dumas, Yvonne Nelson
AFRICAN MOVIES, LATEST NOLLYWOOD MOVIES 2024, LATEST NIGERIAN NOLLYWOOD MOVIES, LATEST NOLLYWOOD MOVIES, LATEST NOLLYWOOD MOVIES ON YOUTUBE,  LATEST NIGERIAN MOVIES, NOLLYWOOD FILMS, FREE NIGERIAN MOVIES, 2024 LATEST NIGERIAN MOVIES, TOP NOLLYWOOD MOVIES, TRENDING NOLLYWOOD VIDEOS, TRENDING MOVIES, BEST NIGERIAN MOVIES, NOLLYWOOD TV MOVIES, TVNOLLY MOVIES, NEW NOLLYWOOD MOVIES



Please Subscribe to this channel As We Bring The Best O",UCSW1uGP-JC2Uir1kR9fFwfA,NollyTimes Tv,198000,1381,2026-05-31T10:00:23Z,88.2,19332,95.0,3.0,True,True,True,2026-10-06
dike_montana,Chidi Dike,Uche Montana,hJAw45osNdY,"LIGHT HEARTS - UCHE MONTANA, CHIKE DANIELS, FIONA GARBA, CHIOMA EDAK latest 2023 nigerian movies","This amazing love story will make your day.....very educative and emotional
Starring: UCHE MONTANA, CHIKE DANIELS, FIONA GARBA, EMMA AYALOGU










#uchemontana #chikedaniels #fionagarba #emmaayalogu #uchennambunabotv #africanmovie #nigerianmovie #nollywoodmovie #2023movies",UCypAoMCRQuNL2RBwy-x4oQg,Uchenna Mbunabo Tv,3910000,254,2023-11-27T18:00:31Z,108.2,8607422,85471.0,6200.0,False,True,True,2026-10-06
dike_montana,Chidi Dike,Uche Montana,q20JnTUefao,"LOVE BEYOND SCARS |UCHE MONTANA, CHIDI DIKE| Nigerian Movies 2026 Latest Full Movies","Anna lives with her only brother, Roman—a hardworking, business-focused young man who, for personal reasons, has grown to distrust women. Despite Anna’s many attempts to encourage him to open his heart and find love, Roman remains stubborn. Frustrated, Anna decides to rebel, pretending to entertain boys around the estate, a move that unsettles her protective brother. When Roman’s efforts to reconnect with Anna fail, he turns to his best friend, Cameron, who suggests hiring a live-in female help, Carla, to serve both as a housekeeper and a confidant for Anna. But what Roman doesn’t realize is that Anna is two steps ahead, with secret plans of her own. Her scheme, however, sets off a ripple effect no one saw coming. Get ready for a heartwarming romantic journey and an unforgettable sibling bond.#nigerianmovies #africanmovies #nollywoodmovies",UC42Zw-hsoPdM-K2OUF_D4EA,Nollysteeze Tv,32200,1698,2026-02-18T11:01:22Z,122.5,263,0.0,0.0,True,True,True,2026-10-06
dike_montana,Chidi Dike,Uche Montana,zfaJEgBlRg0,"NO L0VE WITHOUT ROMANCE - (New Movie) - CHIDI DIKE, UCHE MONTANA - Latest 2026 Nigerian Movie","#fullnigerianmovies #nigerianmovies #nollywoodmovies 

TRUE NOLLY TV 2026 Latest Nigerian Movies Movies

Watch Best Of Nigerian Nollywood Movies
Featuring all trending actors and blockbuster movies
Bringing you the latest Nigerian movies
love revenge
#nigerian movies #nollywoodmovies #africanmovies #fullnigerianmovies",UCWXzNrCX4Jt-eNMXemM75jg,TRUE NOLLY,139000,567,2026-09-27T16:00:16Z,80.7,522,2.0,0.0,True,True,True,2026-10-06
dike_montana,Chidi Dike,Uche Montana,DYNkpuBjqU4,SHARING LOVE | CHIDI DIKE | UCHE MONTANA | SANDRA IFUDU | 2025 NOLLYWOOD MOVIES,"Chidi Dike, Uche Montana, Sandra Ifudu

When love connects three hearts, jealousy and secrets threaten to tear them apart. Sharing Love is a captivating Nollywood romance that explores friendship, betrayal, and the price of loving more than one person.

#SharingLove #ChidiDike #UcheMontana #SandraIfudu #Nollywood2025 #NollywoodRomance #AfricanMovies #TrendingNollywood #LoveTriangle #RomanticDrama #NollywoodMovies",UCOLT00WaMAcBWCPf-BSIJvA,EXCLUSIVE NOLLYFLIX+,75900,994,2025-11-14T16:30:10Z,88.5,3075,23.0,2.0,True,True,True,2026-10-06
dike_montana,Chidi Dike,Uche Montana,kYs4YXebAyI,"SINGLE MUM VS SINGLE DAD (CHIDI DIKE,  UCHE MONTANA ) Latest Nigerian Movie 2025","#blackmoviestv 

Love is a beautiful thing, it can heal broken hearts when you fall in love with the right person. Love exists so much among these two so into each other until circumstance changed everything. It's a must-watch. Relax and enjoy this piece.


#blackmoviestv #youtube  #SINGLEMUMVSSINGLEDAD #uchemontanamovies #uchemontana  #uchennambunabo  #stephaniebassey   #mauricesamtv   #movies #usa #unitedstates #   #mauricesam",UCaoyvHOxmdmqa4Q99dNbmpA, BLACK MOVIES TV,830000,2131,2025-11-18T15:30:25Z,95.5,75605,430.0,25.0,True,True,True,2026-10-06
dike_montana,Chidi Dike,Uche Montana,MTDblx4AVyU,"MY TOXIC BOYFRIEND (CHIOMA NWAOHA, UCHE MONTANA, CHIDI DIKE ) Latest Nigerian Movie 2026","#blackmoviestv 

Love is a beautiful thing, it can heal broken hearts when you fall in love with the right person. Love exists so much among these two so into each other until circumstance changed everything. It's a must-watch. Relax and enjoy this piece.


#blackmoviestv #youtube  #MYPREGNANTSIDECHICK #uchemontanamovies #uchemontana  #uchennambunabo  #stephaniebassey   #mauricesamtv   #movies #usa #unitedstates #   #mauricesam",UCaoyvHOxmdmqa4Q99dNbmpA, BLACK MOVIES TV,830000,2131,2026-08-03T15:30:21Z,145.3,36729,243.0,12.0,True,True,True,2026-10-06
dike_montana,Chidi Dike,Uche Montana,HiYYxRXOdlQ,LOVE UNTOLD 7&8 -WATCH CHIDI DIKE\RACHEL OKONKWO\UCHE MONTANA ON DIS NEWLY RELEASED 2023 NIG MOVIE,"2023 Latest Nigerian Movies Movies

Watch Best Of Nigerian Nollywood Movies
Featuring all trending actors and blockbuster movies
Bringing you the latest Nigerian movies

#nigerianmovies #nollywoodmovies #trendingnigerianmovies #fullnigerianmovies",UCnLcdtMmZMAAYO_NA8JZbow,Sunshine NollyTv,239000,3830,2023-09-14T14:16:56Z,44.9,2523,16.0,4.0,True,True,False,2026-10-06
dike_montana,Chidi Dike,Uche Montana,8rIdYscKB_g,"WHEN SHE LOVES(CHIDI DIKE,UCHE MONTANA,UCHECHI TREASURE OKONKWO(Adakirikiri)Latest Nigerian Mov 2025","#blackmoviestv 

Love is a beautiful thing, it can heal broken hearts when you fall in love with the right person. Love exists so much among these two so into each other until circumstance changed everything. It's a must-watch. Relax and enjoy this piece.


#blackmoviestv #youtube #chididikemovies  #IWHENSHELOVES #uchemontanamovies",UCaoyvHOxmdmqa4Q99dNbmpA, BLACK MOVIES TV,830000,2131,2025-05-21T11:00:15Z,122.5,40742,204.0,13.0,True,True,True,2026-10-06
dike_montana,Chidi Dike,Uche Montana,UDR6qbILhRE,CALL ON LOVE - WATCH CHIDI DIKE/UCHE MONTANA ON THIS NEW HOT TRENDING MOVIE 2023,"2023 Latest Nigerian Movies Movies

Watch Best Of Nigerian Nollywood Movies
Featuring all trending actors and blockbuster movies
Bringing you the latest Nigerian movies

#nigerian movies #nollywoodmovies #africanmovies #fullnigerianmovies",UCLxpGckzvF7X1pDXqa11v8w,Avionic Tv,321000,5884,2023-08-08T14:30:14Z,108.3,4927,32.0,5.0,True,True,True,2026-10-06
dike_montana,Chidi Dike,Uche Montana,H4IV1ac0t4E,"A JEWEL AND A PRINCE | CHIDI DIKE, UCHE MONTANA | 2026 NOLLYWOOD MOVIES","Royalty meets destiny in A Jewel and a Prince, a grand 2026 Nollywood movie featuring a powerful cast of great actors. A captivating tale of love, tradition, and hidden royalty where a priceless heart is the true treasure. #AJewelAndAPrince #Nollywood2026 #LatestNigerianMovie #RoyalRomance #DramaMovie #NollywoodMovies #AfricanCinema",UCOLT00WaMAcBWCPf-BSIJvA,EXCLUSIVE NOLLYFLIX+,75900,994,2026-01-25T16:00:19Z,181.2,3438,14.0,0.0,True,True,True,2026-10-06
dike_montana,Chidi Dike,Uche Montana,C9UZX41fzgU,"No Love Without You - Chioma Nwaoha, Chidi Dike, Uche Montana. 2026 #trending Nigerian #love Movie.","Watch the best of 2026 EXCLUSIVE NOLLYWOOD MOVIES #nollywoodmovies #nigerianmovies #africanmovies  #latestmovies #2026movies #fyp #love #movie #inbetween #mauricesam #entertainment #ruthkadirimovies #nollywoodlatest #nollywood #love #romance #romantic #soniauche #sarianmartin #clintonjoshua #uchemontana  #frederickleonardmovies  #uchemontanamovies 



RENTED FIANCE YOUTUBE",UCSYkMXhjTFqtUfbdYvPFQ2g,Nolly specials,17000,355,2026-10-02T17:00:06Z,98.8,58,0.0,0.0,True,True,True,2026-10-06
dike_montana,Chidi Dike,Uche Montana,11lIDrJVQI8,"I FOUND LOVE ( UCHE MONTANA, CHIDI DIKE )Latest Nigerian Movie 2026","#blackmoviestv 

Love is a beautiful thing, it can heal broken hearts when you fall in love with the right person. Love exists so much among these two so into each other until circumstance changed everything. It's a must-watch. Relax and enjoy this piece.


#blackmoviestv #youtube  #MYPREGNANTSIDECHICK #uchemontanamovies #uchemontana  #uchennambunabo  #stephaniebassey   #mauricesamtv   #movies #usa #unitedstates #   #mauricesam",UCaoyvHOxmdmqa4Q99dNbmpA, BLACK MOVIES TV,830000,2131,2026-09-06T12:30:10Z,145.6,13228,34.0,3.0,True,True,True,2026-10-06
dike_montana,Chidi Dike,Uche Montana,NHw9St8WEnM,DEADLY SEDUCTION - UCHE MONTANA | CHIDI DIKE | A NIGERIAN MOVIE  #trending,"#africanmovies #nigerianmovies2025latestfullmovies #nigerianmovies #mauricesam  #ruthkadirifilms  #chinenyennebe 









#nigerianmovies#nollywoodmovies#africanmovies#latestnollywoodmovies2025#2025movies#latestnigerianmovies#CANADA#USA#UK#JAMIACA#TRINIDA&TOBAGO#",UCj0YosBnnYfXHn2mhG4k0PQ,NOLLYWOOD HUB STUDIO,79600,1655,2025-12-19T11:45:06Z,83.0,5270,37.0,8.0,True,True,True,2026-10-06
dike_montana,Chidi Dike,Uche Montana,Y_uQuLPkGog,"THE MERGER - UCHE MONTANA, CHIDI DIKE, Nigerian Movies 2026 Latest Full Movies","This is an amazing masterpiece that will leave you wanting more. very educative and hilarious. A must watch for everyone.

In This Nigerian Movie Starring: Chidi Dike, Ogechukwu Anasor, Bright Chigozie

#nigerianmovies #africanmovies #nollywoodmovies
#nigerianmovies #africanmovies #nollywoodmovies#uchennamontana #chinenyennebe #premiumafricanmovies Tv #uchennambunabotv #uchennambunabofilms #uchennambunabo #uchemontana #uchemontanamovies #soniauche #soniauchetv #uchenancytv #chinenyennebe #themerger #mademaid #premiumbumakstv #africanpremiumfilms #premiumnollydramatv #mauricesamtv #usa #unitedstates #unitedstatesofamerica #kenya #ghana #canada #youtube #youtubetrending #inspirationalquotes #blackmoviestv #viral #movies #romanticcomedy #newrelease #viral #nigerianmovies2026africanmovies #trendingnollywood #mercyjohnsonokojietv #omoniobolitv #mauricesamtv #triangleoflove #mustwatch #babarextv #babarex #nosarex #ebubeobiotrendingmovies #nollywoodmovies #africanmovies #romancemovie #lovesto",UCWdoq_-fFKwYVZGbGpcDdDw,PREMIUM AFRICAN MOVIES TV,16200,720,2026-09-10T15:00:06Z,73.4,6943,9.0,2.0,True,True,True,2026-10-06
dike_montana,Chidi Dike,Uche Montana,2sVBSWHBdGo,"A PLACE WITH YOU - LATEST 2026 NOLLYWOOD MOVIES/UCHE MONTANA, CHIDI DIKE","A PLACE WITH YOU - LATEST 2026 NOLLYWOOD MOVIES/UCHE MONTANA, CHIDI DIKE

2026 Exclusive Nollywood Movies

Watch Best Of Nigerian Nollywood Movies
Featuring all trending actors and blockbuster movies
Bringing you the latest Nigerian movies

LAW OF ATTRACTION

#nigerianmovies #nollywoodmovies",UCIwgKi1MstiNOh3mpYDzvww,UrbanNolly TV,1240,146,2026-02-12T16:00:04Z,123.5,485,1.0,0.0,True,True,True,2026-10-06
dike_montana,Chidi Dike,Uche Montana,ZOC4gbCQQq0,"A BOY IN LOVE (Chidi Dike, Uche Montana) - Brand New 2026 Nigerian Movie",#Nollywoodtvstudio #africanmovies #mauricesam #ruthkadirifilms #chinenyennebe #lovedontcostathing #nigerianmovies2023latestfullmovies #ruthkadiri #ruthkadiri24,UCo-KiSpW1UMCnBN2o0iJLwg,NOLLYWOOD TV STUDIO,435000,2110,2026-05-13T02:00:22Z,108.7,3134,19.0,0.0,True,True,True,2026-10-06
dike_montana,Chidi Dike,Uche Montana,2UYkYCj7yQE,"LOVE MINUS LOVE - CHIDI DIKE, UCHE MONTANA, FREDRICK LEONARD, TANA ADELENA"" 2023 NG Movie",Ultimate Nollytv bring to you only blockbuster movies and free movies is all you get here whenever you visit our YouTube channel,UCxiajZwioeUx42HzdGf8muw,Ultimate NollyTV,207000,2291,2023-07-21T11:26:44Z,301.9,1345,10.0,0.0,True,True,True,2026-10-06
dike_montana,Chidi Dike,Uche Montana,DZ6GtzwppUQ,"HUSBAND FOR TWO - CHIDI DIKE, UCHE MONTANA, RUTH KADIRI Nigerian Movies 2026 Latest Full Movies","#NumberOne #latestnigerianmovies #cinemaspotlight #trending #video #Nigerianmovies 
Jerry, a retired detective, is hired to rescue Lind from a dangerous situation. However, those who hired him doubt his abilities because of his age and retirement, believing he is no longer capable of handling such a difficult mission. But Jerry is determined to prove them wrong. As the rescue mission takes an unexpected turn, will his years of experience be enough to save Lind and bring her home safely?",UCFO4Aq7CWTcVoieTWWv0fpQ,latest nigerian movies,166000,2437,2026-09-22T17:00:05Z,80.6,1854,8.0,1.0,True,True,True,2026-10-06
dike_montana,Chidi Dike,Uche Montana,szyncAvtxgE,"MON FILS VIERGE  -  UCHE MONTANA, CHIDI DIKE, JENNIFER OBODO Dernier film nigérian 2026","#filmsafricain5etoiles #nollywoodfilmsenfrançais #burkinafaso
#ifyezefrancaisetv #filmnigérianenfrançaiscomplet #nollywoodfilmsenfrançais #filmsafricain5etoiles #benin #burkinafaso #madeforyou #cameroon #canada #centralafricanrepublic",UCKGbkZ7RmsGFJB2vuLnZv5Q,IFY EZE FRANCAISE TV,7560,20,2026-09-30T16:00:08Z,155.3,1092,32.0,2.0,True,True,True,2026-10-06
dike_montana,Chidi Dike,Uche Montana,L5hU3Fs51Bk,"WHEN LOVE HURTS (Chidi Dike, Uche Montana) - Brand New 2026 Nigerian Movie",#dramahousetv #Nollywoodtvstudio #africanmovies #mauricesam #ruthkadirifilms #chinenyennebe #lovedontcostathing #nigerianmovies2023latestfullmovies #ruthkadiri #ruthkadiri24#bimboademoye #uchemontana,UCzmpAv0PPr1PInQUw6SZzmw,DRAMA HOUSE TV,137000,1347,2026-09-09T17:00:45Z,81.2,3387,12.0,3.0,True,True,True,2026-10-06
dike_montana,Chidi Dike,Uche Montana,HHJCv-k5dVA,"My Heaven - A love That Breaks Rules Chidi Dike,Precious K Charles | Nollywood movie 2025 #chididike","Two wounded hearts. One forbidden love. Can they survive the secrets that haunt them?
He’s haunted by loyalty, pride, and the weight of his father’s expectations. She’s hiding scars from a past that turned her into someone the world misunderstands. When their families are forced together, anger and mistrust ignite—but so does an undeniable attraction neither can resist.
Every stolen moment, every heated glance, becomes a gamble with their hearts. Can love truly conquer pain, betrayal, and the shadows of the past… 

or will surrendering to desire mean losing everything?
Watch this Nigerian movie/ film

Starring ; Chidi Dike , Precious K Charles, Ebisan Arayi, Juliet

Click here to Subscribe to Our channel ​⁠​⁠ @KasimmaTv ​⁠​⁠ @KasimmaTv  
​⁠  ​⁠ 

Click here to learn about​⁠​⁠ @KasimmaTv 
​⁠ 

Click here to watch more videos on​⁠​⁠ @KasimmaTv  

#trending #movie #viralvideo #love #ex
 #chididike #preciouskcharles #mauricesam #chididikemovies  #nollywoodmovies #2025movies #2025 #nollywoo",UCrhcG_zkPnSC-Z-1sz4kQOA, KASIMMA TV,133000,59,2025-11-14T16:00:27Z,101.8,1903062,15671.0,908.0,True,False,True,2026-10-06
dike_montana,Chidi Dike,Uche Montana,8Y2QzKoD8V0,"YOU OR NOTHING (UCHE MONTANA, CHIDI DIKE, STEFANIA BASSEY) - Nigerian Movies 2026 latest full movie","This masterpiece is the best you'll see online Today!
Starring: UCHE MONTANA, CHIDI DIKE, STEFANIA BASSEY...

Thanks for tuning in..
Don’t forget to LIKE, SUBSCRIBE & TURN ON 🔔 for daily uploads!
More interesting movies here: https://tinyurl.com/4jryytf9

#trendingnigerianmovies #movie #mauricesam #nigerianfilms #latestafricanmovies #2026nigerianmovies #exclusivenollywoodmoviestv #nollywoodmovies2026 #nollywoodromance #victorymichael #uchemontana #stefaniabassey #uchemontana",UC0H_BfiV1wvuZ-7quRFxSxw,Exclusive nollywood movies tv,30400,855,2026-09-11T16:00:20Z,109.9,6604,15.0,0.0,True,True,True,2026-10-06
dike_montana,Chidi Dike,Uche Montana,7FjCvtvbf8s,"LOVE MINUS LOVE(NEW HIT MOVIE) - CHIDI DIKE,UCHE MONTANA,FREDERICK LRONARD LATEST NOLLYWOOD MOVIE","Softel Tv brings you the best of entertainment on YouTube channel, FREE movies is all you get here each time you visit Softel TV channel, for new and Latest  Nigerian films, just subscribe to this channel on Youtube for your latest Nigerian  Movies",UCAi91O6bSQlE85fWPb87nnA,Softel Tv,186000,4569,2023-10-30T16:30:00Z,301.9,105,2.0,0.0,True,True,True,2026-10-06
dike_montana,Chidi Dike,Uche Montana,tGCwVPuieV8,"THE OTHER HALF (FULL MOVIE) - UCHE MONTANA, CHIDI DIKE LATEST NIGERIAN 2026 ROMANTIC MOVIE","Amicus Nollywood Movies is your best Nigerian movie plug... We upload latest Nigerian movies and of course some old beautiful movies to bring back good memories especially those that made our childhood days..... Salvage Nollytv  upload movies of your favorite actors and actresses. The Likes of Mercy Johnson, Destiny etiko, Chizzy Alichi, Fredrick Leonard, Jerry Williams, Ebele Okaro, Yul Edochie, Ngozi EzeOnu, Phil Daniels,  Pete Edochie,  Uju Okoli, Zubby Michael and many others.... We upload both Royal, family, Glamour, epic movies..... We also acknowledge observations and corrections in AMICUS NOLLYWOOD MOVIES for improvement purposes. Subscribe to Salvage Nollytv using the Link below",UCMeL5m3iwzXxsxca_tF_67A,Amicus Nollywood Movies,28200,597,2026-09-08T11:00:28Z,131.3,4938,4.0,0.0,True,True,True,2026-10-06
dike_montana,Chidi Dike,Uche Montana,8Xr-pNIgC9M,MADE OF GOLD 9&10 - WATCH CHIDI DIKE/UCHE MONTANA/JOJO/GENEVIVE ON THIS EXCLUSIVE MOVIE - 2023,"2023 Latest Nigerian Movies Movies

Watch Best Of Nigerian Nollywood Movies
Featuring all trending actors and blockbuster movies
Bringing you the latest Nigerian movies

#nigerianmovies #nollywoodmovies #trendingnigerianmovies #fullnigerianmovies",UCnLcdtMmZMAAYO_NA8JZbow,Sunshine NollyTv,239000,3830,2023-11-05T14:00:08Z,54.2,3188,15.0,0.0,True,True,False,2026-10-06
dike_montana,Chidi Dike,Uche Montana,nfJNnAZ44xU,"A PLACE WITH YOU (UCHE MONTANA, CHIDI DIKE, CLINTON JOSHUA) Latest Nigerian Movie 2026","Born on the wrong side of the blanket, Monalisa suffers daily torment, verbal abuse, and servitude at the hands of her father's cruel wife and her arrogant stepsister, Christie. Exhausted and starving, Monalisa finds a rare lifeline in Marvin, a compassionate stranger who secretly offers her hot meals, financial assistance, and a shoulder to cry on. But the fragile peace shatters when Christie discovers that the sweet benefactor helping her abused stepsister is none other than her own boyfriend! Consumed by explosive jealousy and toxic possessiveness, Christie vows to crush Monalisa completely and reclaim Marvin's absolute loyalty. Caught in a brutal war of domestic hatred and shifting affections, find out how this fiery love triangle played out!

Starring: Chidi Dike, Ijeoma Charles, Ifeoma Odukwe






#nigerianmovie #nollywoodmovies #fullmovies #latestmovies #nigerianmovieslatestfullmovies #trending",UCZiC58r7EcyhKqot5LVnwhQ,NAIJA CINEMA TV,12500,727,2026-10-01T17:00:06Z,104.2,7778,25.0,1.0,True,True,True,2026-10-06
dike_montana,Chidi Dike,Uche Montana,E_GIO3AMLnI,"WHEN YOU'RE MINE (Chidi Dike, Uche Montana) - Brand New 2026 Nigerian Movie",#Nollywoodtvstudio #africanmovies #mauricesam #ruthkadirifilms #chinenyennebe #lovedontcostathing #nigerianmovies2023latestfullmovies #ruthkadiri #ruthkadiri24,UCo-KiSpW1UMCnBN2o0iJLwg,NOLLYWOOD TV STUDIO,435000,2110,2025-12-31T23:00:30Z,92.5,8582,70.0,3.0,True,True,True,2026-10-06
dike_montana,Chidi Dike,Uche Montana,HAWRJvFFJZo,"ONE BIG MISTAKE - UCHE MONTANA, CHIDI DIKE, CLINTON JOSHUA NEW 2024 LATEST NIGERIAN MOVIES","Please click on this link  https://www.youtube.com/@Africannollyspace/videos​ to subscribe to this channel for free as we bring you the best and latest Nigerian entertainment.

- WATCH ANOTHER POWERFUL NOLLYWOOD MOVIE:
https://www.youtube.com/watch?v=nlTaC5J8cRk

Welcome to MUNA Studio, your destination for the best Nollywood movies, latest Nigerian movies, and trending African films. We bring you romantic Nollywood movies, epic stories, village dramas, and full Nigerian movies in HD featuring your favorite actors.


#NollywoodMovies
#NigerianMovies
#AfricanMovies",UCEul0JoqdZDLf6JbUW5TADw,African NollySpace,29900,488,2026-02-18T14:00:21Z,96.6,851,0.0,0.0,True,True,True,2026-10-06
dike_montana,Chidi Dike,Uche Montana,C-JJGi2KTOk,THE SECRET 7&8 - WATCH CHIDI DIKE/UCHE MONTANA/CHISOM OJUKWU ON THIS NEW EXCLUSIVE MOVIE - 2023,"2023 Latest Nigerian Movies Movies

Watch Best Of Nigerian Nollywood Movies
Featuring all trending actors and blockbuster movies
Bringing you the latest Nigerian movies

#nigerianmovies #nollywoodmovies #trendingnigerianmovies #fullnigerianmovies",UCnLcdtMmZMAAYO_NA8JZbow,Sunshine NollyTv,239000,3830,2023-08-17T14:00:09Z,33.3,469,1.0,0.0,True,True,False,2026-10-06
dike_montana,Chidi Dike,Uche Montana,qs1KUQDLymo,LOVE TRIANGLE - WATCH CHIDI DIKE/CHIZZY ALICHI/UCHE MONTANA ON THIS EXCLUSIVE MOVIE - 2023 NIG,#Nollywoodmovies#Nigerianmovies#sunshine nolly tv#Latestmovies #2023Movies #2023movies,UCnLcdtMmZMAAYO_NA8JZbow,Sunshine NollyTv,239000,3830,2023-11-10T13:13:23Z,185.4,4847,30.0,,True,True,True,2026-10-06
dike_montana,Chidi Dike,Uche Montana,BcRWEoDap9M,"A LOVE TO LAST, CHIOMA NWAOHA  , CHIDI DIKE LATEST NOLLYWOOD MOVIES 2024","A LOVE TO LAST,  CHIDI DIKE, CHIOMA NWAOHA  LATEST NOLLYWOOD MOVIES
 2024 #chiomanwaoha #chididikemovies #alovetolast #chiomanwaohamovies

when love and betrayal is the order of the day 
watch and subscribe

official movie Trailer  
https://youtu.be/b36oP3FfWtQ

movie official Trailer 
https://youtu.be/dZbP-HNlTGo

#chiomanwaoha #chididikemovies #nollywoodmovies #africanmovies #ruthkadiri247 #uchennambunabotv #uchenancytv #mauricesam #mauricesammovies2024",UCeCZZilhjHUpE3-EH50qLPQ,CHIOMA NWAOHA PREMIUM TV,412000,38,2024-06-28T15:00:11Z,114.0,7834137,69400.0,3550.0,True,False,True,2026-10-06
dike_montana,Chidi Dike,Uche Montana,XGNf5u5wynA,HEART OF A FRIEND - WATCH CHIDI DIKE/UCHE MONTANA/CHINENYE ULAEGBU ON THIS ROMANTIC LOVIE - 2023 NIG,#Nollywoodmovies#Nigerianmovies#sunshine nolly tv#Latestmovies #2023Movies #2023movies,UCnLcdtMmZMAAYO_NA8JZbow,Sunshine NollyTv,239000,3830,2023-11-05T20:40:27Z,320.0,1825,22.0,,True,True,True,2026-10-06
dike_montana,Chidi Dike,Uche Montana,cDnnn4FZ6gQ,"PAST REFLECTION - CHIDI DIKE, UCHE MONTANA, BEN TOUITOU LATEST 2026 NIGERIAN MOVIE","Amicus Nollywood Movies is your best Nigerian movie plug... We upload latest Nigerian movies and of course some old beautiful movies to bring back good memories especially those that made our childhood days..... Salvage Nollytv  upload movies of your favorite actors and actresses. The Likes of Mercy Johnson, Destiny etiko, Chizzy Alichi, Fredrick Leonard, Jerry Williams, Ebele Okaro, Yul Edochie, Ngozi EzeOnu, Phil Daniels,  Pete Edochie,  Uju Okoli, Zubby Michael and many others.... We upload both Royal, family, Glamour, epic movies..... We also acknowledge observations and corrections in AMICUS NOLLYWOOD MOVIES for improvement purposes. Subscribe to Salvage Nollytv using the Link below",UCMeL5m3iwzXxsxca_tF_67A,Amicus Nollywood Movies,28200,597,2026-09-09T17:01:01Z,156.9,2250,5.0,0.0,True,True,True,2026-10-06
dike_montana,Chidi Dike,Uche Montana,2tgA5Ps_tCQ,"THREE FOOLISH HEARTS (Uche Montana, Chidi Dike, Bright Morgan) Brand New 2026 Nigerian Movie","#NollyHeartCinema #mauricesam #bimboademoye #ruthkaridi247
#uchemontana #africanmovies #omoniobolitv #ruthkadirifilms #omecheoko


Starring: Uche Montana, Chidi Dike, Bright Morgan",UCEzNUMcTdxZl2dYEFi4Bo_w,NollyHeart Cinema,4610,322,2026-09-05T19:00:06Z,80.7,5437,16.0,0.0,True,True,True,2026-10-06
dike_montana,Chidi Dike,Uche Montana,hl3SbuaZTjk,WHEN LOVE SPEAKS 7&8 - WATCH CHIDI DIKE/UCHE MONTANA/STEFANIA/UJU OKOLI ON DIS EXCLUSIVE MOVIE -2023,"2023 Latest Nigerian Movies Movies

Watch Best Of Nigerian Nollywood Movies
Featuring all trending actors and blockbuster movies
Bringing you the latest Nigerian movies

#nigerianmovies #nollywoodmovies #trendingnigerianmovies #fullnigerianmovies",UCnLcdtMmZMAAYO_NA8JZbow,Sunshine NollyTv,239000,3830,2023-10-14T08:00:30Z,56.7,4688,22.0,4.0,True,True,False,2026-10-06
dike_montana,Chidi Dike,Uche Montana,rBGjDF2JOFk,"(NEW MOVIE) LOVE AND MONEY - Sarian Martin, Chidi dike, Uche Montana 2025 #nollywoodmovies","🎬 Welcome to NOLLYWOOD AFRICAN MOVIES – Your #1 Hub for Nollywood Movies! 🎬

Are you a fan of blockbuster Nollywood movies, thrilling dramas, and entertaining comedies? Look no further! We bring you the latest and trending Nollywood films, featuring your favorite stars like Timini Egbuson, Bimbo Ademoye, Nancy Isime, Zubby Michael, Funke Akindele, Mercy Johnson, and more

📍 Our goal is to share the beauty of African cinema with the world, especially viewers in America, Europe, and beyond! If you love Hollywood-style storytelling with an African touch, this is the perfect channel for you.

🎥 Subscribe now and turn on notifications 🔔 to never miss an upload! Let’s take Nollywood to the world! 🌟


Watch Best of Nigerian actress,Best Of Nigerian Actors, Best Of Mercy Johnson, Best Of Ini Edo, best of tonto Dikeh, in Nollywood movies, action, Romance, Drama, epic, Only on youtube Best Of Nollywood Channel, see clips, trailer's and exclusives on Nollywood Movies.

#NollywoodMovies #NigerianM",UCDsa4md6vEs0HOiX-li-kvQ,Nollywood African Movies,154000,3119,2026-01-15T18:00:58Z,195.1,1353,,1.0,True,True,True,2026-10-06
dike_montana,Chidi Dike,Uche Montana,5mU0j1p8418,THE SECRET 5&6 - WATCH CHIDI DIKE/UCHE MONTANA/CHISOM OJUKWU ON THIS NEW EXCLUSIVE MOVIE - 2023,"2023 Latest Nigerian Movies Movies

Watch Best Of Nigerian Nollywood Movies
Featuring all trending actors and blockbuster movies
Bringing you the latest Nigerian movies

#nigerianmovies #nollywoodmovies #trendingnigerianmovies #fullnigerianmovies",UCnLcdtMmZMAAYO_NA8JZbow,Sunshine NollyTv,239000,3830,2023-08-15T08:04:34Z,50.2,2799,13.0,0.0,True,True,False,2026-10-06
dike_montana,Chidi Dike,Uche Montana,rHtLMqYJ7cQ,LINE OF HEARTS 5&6 - WATCH CHIDI DIKE/ADAEZE ELUKE/UCHE MONTANA ON THIS EXCLUSIVE MOVIE - 2023 NIG,"2023 Latest Nigerian Movies Movies

Watch Best Of Nigerian Nollywood Movies
Featuring all trending actors and blockbuster movies
Bringing you the latest Nigerian movies

#nigerianmovies #nollywoodmovies #trendingnigerianmovies #fullnigerianmovies",UCnLcdtMmZMAAYO_NA8JZbow,Sunshine NollyTv,239000,3830,2023-12-24T15:00:42Z,54.1,681,3.0,0.0,True,True,False,2026-10-06
dike_montana,Chidi Dike,Uche Montana,5EqYjHjJolI,SACRED TIES(FULL MOVIE)-WATCH CHIDI DIKE\UCHE MONTANA\CHIZZY ALICHI ON DS INTERESTING 2023 NIG MOVIE,"2022 Latest Nigerian Movies Movies

Watch Best Of Nigerian Nollywood Movies
Featuring all trending actors and blockbuster movies
Bringing you the latest Nigerian movies

#nigerianmovies #nollywoodmovies #trendingnigerianmovies #fullnigerianmovies",UCnLcdtMmZMAAYO_NA8JZbow,Sunshine NollyTv,239000,3830,2023-09-09T11:00:03Z,321.5,4626,29.0,0.0,True,True,True,2026-10-06
dike_montana,Chidi Dike,Uche Montana,62gsuYd-Cws,MOON LOVERS - WATCH CHIDI DIKE/UCHE MONTANA/LUCHY DONALDS ON THIS EXCLUSIVE MOVIE - 2024 NIG,#Nollywoodmovies#Nigerianmovies#sunshine nolly tv#Latestmovies #2021Movies #2022movies,UCnLcdtMmZMAAYO_NA8JZbow,Sunshine NollyTv,239000,3830,2024-02-08T11:06:40Z,334.1,24252,99.0,,True,True,True,2026-10-06
dike_montana,Chidi Dike,Uche Montana,njxYYdj1X2k,"THE STRANGER I KISSED - (New Movie) - CHIDI DIKE, UCHE MONTANA - Latest 2026 Nigerian Movie","#fullnigerianmovies #nigerianmovies #nollywoodmovies 

TRUE NOLLY TV 2026 Latest Nigerian Movies Movies

Watch Best Of Nigerian Nollywood Movies
Featuring all trending actors and blockbuster movies
Bringing you the latest Nigerian movies
beneath her smile
#nigerian movies #nollywoodmovies #africanmovies #fullnigerianmovies",UCWXzNrCX4Jt-eNMXemM75jg,TRUE NOLLY,139000,567,2026-09-26T18:15:14Z,127.0,318,3.0,0.0,True,True,True,2026-10-06
dike_montana,Chidi Dike,Uche Montana,KqyseZ5UVtE,"GEN Z CRUSH (UCHE MONTANA, CHIDI DIKE, ANGEL UNIGWE )Latest Nigerian Movie 2026","#NumberOneAfricanMovies #AfricanSparkletv #africanmovies
#NumberOneAfricanMovies #AfricanSparkletv #africanmovies #uchemontana #mauricesam #chididike #uchennambunabotv 
In This Nigerian Movie Starring:CHIDI DIKE, ANGEL UNIGWE



English Nollywood movies, Latest Nollywood movies, New Nollywood movies 2026, Nollywood full movies, Nigerian movies, African movies, Nollywood English movies, Best Nollywood movies, Trending Nollywood movies, Nollywood films, Nollywood cinema, Watch Nollywood movies online, Download Nollywood movies, Free Nollywood movies, Nollywood movies HD, New Nigerian movies today, Latest Nigerian movies 2025 2026, Nollywood movie premiere, Nollywood movie series, Nollywood short films, Royal Nigerian movies, Village Nigerian movies, African epic movies, Traditional African movies, Nigerian village movies, African royal palace movies, Nigerian traditional movies, Epic Nollywood movies, African kingdom movies, Nigerian folklore movies, African cultural movies, Royal love s",UCYpZIpvEQ518TsIj46VXNzQ,AFRICAN SPARKLE TV,4150,304,2026-09-28T12:45:13Z,120.0,2651,9.0,0.0,True,True,True,2026-10-06
dike_montana,Chidi Dike,Uche Montana,4lUqiZWNOlw,"MY VIRGIN SON  -  UCHE MONTANA, CHIOMA NWAOHA, CHIDI DIKE LATEST 2026 FULL NIGERIAN MOVIE","Welcome to Nollywood Epic TV – your ultimate destination for the best Nollywood Epic Movies, African traditional films, royal palace dramas, village love stories, action-packed adventures, and unforgettable African legends.

Experience captivating stories filled with kings and queens, powerful warriors, ancient kingdoms, family secrets, betrayal, romance, revenge, tradition, culture, and inspiring life lessons. We bring you the latest and most entertaining Nigerian epic movies featuring top Nollywood stars and rising talents.

On Nollywood Epic TV, you'll enjoy:
• Latest Nollywood Epic Movies
• African Traditional Movies
• Village Love Stories
• Royal Palace Drama
• Action & Adventure Movies
• Historical African Stories
• Family Drama
• African Culture & Heritage
• Full-Length Nigerian Movies
• New Releases Every Week

Subscribe now and turn on notifications so you never miss the latest epic blockbuster. Share your favorite movies with family and friends, and join thousands of viewers ",UCAD4dppaXzKGBWVheb22NlQ,Nollywood Epic tv,5020,48,2026-09-18T17:00:15Z,145.2,268,9.0,0.0,True,True,True,2026-10-06
dike_montana,Chidi Dike,Uche Montana,LkzYYjTl8cg,"FOREVER YOURS (Chidi Dike, Uche Montana) - Brand New 2026 Nigerian Movie",#Nollywoodtvstudio #africanmovies #mauricesam #ruthkadirifilms #chinenyennebe #lovedontcostathing #nigerianmovies2023latestfullmovies #ruthkadiri #ruthkadiri24,UCo-KiSpW1UMCnBN2o0iJLwg,NOLLYWOOD TV STUDIO,435000,2110,2026-01-08T11:10:39Z,52.3,1820,6.0,0.0,True,True,False,2026-10-06
dike_montana,Chidi Dike,Uche Montana,2LWFgbjl8pk,"MY JEALOUS WIFE - UCHE MONTANA, MICHEAL DAPPA, CHIDI DIKE , ROXY ANTAK | Latest Nigerian Movies 2026","#nollywoodmovies #NumberOneAfricanMovies #nollyprimestartv #africanmovies #trending #latest #Nollywood #new #numberone #nigerianmovies2026latestfullmovies #emotional #trendingnollywood
In This Nigerian Movie Starring :Majid Michael, Eugenia Michael, Favour Ben
Choice is deeply in love with Tyler, but Tyler sees her as nothing more than a friend. Even though he is married, Choice keeps pressuring him to divorce his wife and marry her. She refuses to back down until she gets what she wants.",UCT_lNqDLSvwZKLP5JYL1PTg,Nolly Primestar TV,70600,428,2026-08-09T19:30:25Z,125.6,76,0.0,0.0,True,True,True,2026-10-06
dike_montana,Chidi Dike,Uche Montana,5SBgF1-eINA,HALLWAY HEARTS - UCHE MONTANA | CHIDI DIKE | A NIGERIN MOVIE #trending,"#africanmovies #nigerianmovies2025latestfullmovies #nigerianmovies #mauricesam  #ruthkadirifilms  #chinenyennebe 









#nigerianmovies#nollywoodmovies#africanmovies#latestnollywoodmovies2025#2025movies#latestnigerianmovies#CANADA#USA#UK#JAMIACA#TRINIDA&TOBAGO#",UCj0YosBnnYfXHn2mhG4k0PQ,NOLLYWOOD HUB STUDIO,79600,1655,2025-12-14T16:45:06Z,107.3,8356,42.0,2.0,True,True,True,2026-10-06
dike_montana,Chidi Dike,Uche Montana,8ueI3prO1PY,"MAD WIFE - (NEW MOVIE) - UCHE MONTANA, CHIDI DIKE, CHINENYE NNEBE - 2026 LATEST EXCLUSIVE MOVIES","#fullnigerianmovies #nigerianmovies #nollywoodmovies 

TRUE NOLLY TV 2026 Latest Nigerian Movies Movies

Watch Best Of Nigerian Nollywood Movies
Featuring all trending actors and blockbuster movies
Bringing you the latest Nigerian movies
cripple love
#nigerian movies #nollywoodmovies #africanmovies #fullnigerianmovies",UCWXzNrCX4Jt-eNMXemM75jg,TRUE NOLLY,139000,567,2026-08-26T19:15:39Z,106.5,495,1.0,0.0,True,True,True,2026-10-06
dike_montana,Chidi Dike,Uche Montana,1y-gRIvQjFA,TO LOVE AND TO CHERISH - WATCH CHIDI DIKE/UCHE MONTANA/ERONINI ON THIS EXCLUSIVE MOVIE - 2023 NIG,#Nollywoodmovies#Nigerianmovies#sunshine nolly tv#Latestmovies #2023Movies #2023movies,UCnLcdtMmZMAAYO_NA8JZbow,Sunshine NollyTv,239000,3830,2023-10-14T19:00:00Z,274.0,2337,21.0,2.0,True,True,True,2026-10-06
dike_montana,Chidi Dike,Uche Montana,kajCEUyIYIU,"LOVE AND CHANCE - Uche Montana,Chidi Dike,Pamela Okoye - Nigerian movies | Nigerian movies 2026","2026 EXCLUSIVE NOLLYWOOD ROMANCE MOVIES ON HILLARYEZE TV 

Welcome to HillaryEze TV, your home for the most captivating Nollywood romance movies, emotional dramas, thrilling love stories, and top-tier Nigerian entertainment.
Here, you enjoy FREE, exciting, and addictive Nollywood films every time you stop by!

From fresh 2025–2026 releases to timeless romantic classics, HillaryEze TV delivers the very best of Nollywood Romance, African love stories, family drama, and premium comedy—all in one place.

Watch this emotional and suspense-filled drama packed with love, betrayal, jealousy, and unexpected twists. Don't forget to like, share, and subscribe for more amazing movies!
Subscribe now and stay updated with the newest Nigerian movies featuring your favorite stars.
Watch free Nigerian romance movies anytime, anywhere—only on HillaryEze TV.

FEATURE MOVIE: SHADOW BANNED 
#nollywoodmovies #nigerianmovies #nollywoodromancemovies #africanmovies #latestmovies #2025movies #2026movies #hillar",UCRD1ULjOvab0jirgEacfzTg,HillaryEZE TV,87300,324,2026-06-26T18:00:32Z,154.6,3550,25.0,0.0,True,True,True,2026-10-06
dike_montana,Chidi Dike,Uche Montana,tkm09uvu-A8,WHEN YOU ARE MINE (FULL MOVIE) - WATCH CHIDI DIKE/UCHE MONTANA/ONYI ALEX ON THIS NEW MOVIE - 2023,"2023 Latest Nigerian Movies Movies

Watch Best Of Nigerian Nollywood Movies
Featuring all trending actors and blockbuster movies
Bringing you the latest Nigerian movies

#nigerianmovies #nollywoodmovies #trendingnigerianmovies #fullnigerianmovies",UCnLcdtMmZMAAYO_NA8JZbow,Sunshine NollyTv,239000,3830,2023-08-15T11:01:41Z,218.0,34935,206.0,,True,True,True,2026-10-06
dike_montana,Chidi Dike,Uche Montana,ClPjnkMrs0I,THE SECRET 1&2 - WATCH CHIDI DIKE/UCHE MONTANA/CHISOM OJUKWU ON THIS NEW EXCLUSIVE MOVIE - 2023,"2023 Latest Nigerian Movies Movies

Watch Best Of Nigerian Nollywood Movies
Featuring all trending actors and blockbuster movies
Bringing you the latest Nigerian movies

#nigerianmovies #nollywoodmovies #trendingnigerianmovies #fullnigerianmovies",UCnLcdtMmZMAAYO_NA8JZbow,Sunshine NollyTv,239000,3830,2023-08-09T10:02:13Z,60.1,4685,54.0,,True,True,True,2026-10-06
dike_montana,Chidi Dike,Uche Montana,RGo4AYVm3WA,LOVER'S LIE 1&2 - WATCH CHIDI DIKE/UCHE MONTANA/RACHAEL/NNEBECHI ON THIS EXCLUSIVE MOVIE - 2023 NIG,"202 Latest Nigerian Movies Movies

Watch Best Of Nigerian Nollywood Movies
Featuring all trending actors and blockbuster movies
Bringing you the latest Nigerian movies

#nigerianmovies #nollywoodmovies #trendingnigerianmovies #fullnigerianmovies",UCnLcdtMmZMAAYO_NA8JZbow,Sunshine NollyTv,239000,3830,2023-10-27T10:02:34Z,60.5,6124,35.0,2.0,True,True,True,2026-10-06
dike_montana,Chidi Dike,Uche Montana,xKvQqmc0NCQ,"THE BODYGUARD (UCHE MONTANA, CHIDI DIKE, EMEKA DARLINTON) LATEST NIGERIAN FULL MOVIE 2026","Consumed by jealousy over the life his friend shares with his wife, a man carefully plots to eliminate them both and take everything they have. But as his plan unfolds, one question remains: Will he succeed, or will his dark intentions lead to his downfall?

Starring: Emeka Darlington, Olukemi Gold, Victor Ifeanyi Aneme





#nigerianmovie #nollywoodmovies #fullmovies #latestmovies #nigerianmovieslatestfullmovies",UCZiC58r7EcyhKqot5LVnwhQ,NAIJA CINEMA TV,12500,727,2026-05-11T11:30:58Z,122.4,4079,39.0,8.0,True,True,True,2026-10-06
egbuson_ademoye,Timini Egbuson,Bimbo Ademoye,0_JzNVzFukE,"MY 30TH WEDDING.  STARRING BIMBO ADEMOYE,TIMINI EGBUSON, 2026 LATEST ROMANCE MOVIE.",,UCneM4DHHUWMVwmYktz8X46g,Bimbo Ademoye TV,1840000,118,2026-10-01T14:00:18Z,150.0,15410471,289930.0,40471.0,True,True,True,2026-10-06
egbuson_ademoye,Timini Egbuson,Bimbo Ademoye,euTTTT2bOQY,"HIS OTHER WIFE - BIMBO ADEMOYE, TIMINI EGBUSON - Nigerian Movie","In This Nigerian Movie...
Navigating personal challenges and unspoken emotions can be challenging for newly lovebirds but in the end true love always wins.














#nigerianmovies #nollywoodmovies #familytiescinema #newmovies",UCjLl-Mwc0VbgrdJiMnzi9Lg,FamilyTies Cinema,363000,1287,2026-10-05T01:15:08Z,111.7,54725,125.0,3.0,True,True,True,2026-10-06
egbuson_ademoye,Timini Egbuson,Bimbo Ademoye,UCZz-qi4ORk,"Last Straw - New Nigerian movie starring Bimbo Ademoye, Timini Egbuson, Shaffy Bello",,UCneM4DHHUWMVwmYktz8X46g,Bimbo Ademoye TV,1840000,118,2024-08-08T11:00:34Z,103.5,15428113,208374.0,17471.0,True,True,True,2026-10-06
egbuson_ademoye,Timini Egbuson,Bimbo Ademoye,InVf3C6-Gmo,"UNEXPECTED PLACES STARRING TIMINI EGBUSON, BIMBO ADEMOYE. A LOVE STORY",NOLLYWOOD LATEST FILM 2024,UCneM4DHHUWMVwmYktz8X46g,Bimbo Ademoye TV,1840000,118,2024-05-03T18:09:34Z,104.0,17252221,262918.0,27690.0,True,True,True,2026-10-06
egbuson_ademoye,Timini Egbuson,Bimbo Ademoye,AnNorGm8D_0,WHO IS THE WIFE (BIMBO ADEMOYE TIMINI EGBUSON EGO NWOSU) - Nigerian Movies 2026 Latest Full Movies,#nigerianmovies #africanmovies #nollywoodmovies,UCOH6LiD2bWGrtEtK-OocNeQ,NollyRok Studios,498000,1690,2026-10-03T14:00:24Z,112.5,29427,80.0,3.0,True,True,True,2026-10-06
egbuson_ademoye,Timini Egbuson,Bimbo Ademoye,dODmTkRFEpk,24HRS IN COTONOU -  WITH TIMINI EGBUSON AND BIMBO ADEMOYE &MESOBLOW - SUBSCRIBE TO WATCH TIMINI TV.,"Lights, camera, action! Welcome to my channel, where every video is a new story waiting to be told.

After putting this off for way too long, I’m finally stepping into the spotlight to share my passion for movies and life’s adventures with you. Here, you’ll get everything PREMIUM GUARANTEED with a sprinkle of that extra sauce that makes me unique. So grab your popcorn and join me on this exciting journey as we explore stories on screen and the moments that make life worth watching. Let’s create, discover, and enjoy together! #WatchTimini",UCm48iWsQzVbAgNBjW_XXtMA,WATCH TIMINI TV,188000,5,2025-11-13T13:05:08Z,48.8,786409,28054.0,3045.0,True,True,False,2026-10-06
egbuson_ademoye,Timini Egbuson,Bimbo Ademoye,8sh6VFJMqJA,"MILES AWAY FROM HOME. STARRING,BIMBO ADEMOYE,TIMINI EGBUSON,SANDRA OKUNZUWA.2025 ROMANTIC MOVIE",,UCneM4DHHUWMVwmYktz8X46g,Bimbo Ademoye TV,1840000,118,2025-11-21T17:00:13Z,121.9,11579033,140995.0,14945.0,True,True,True,2026-10-06
egbuson_ademoye,Timini Egbuson,Bimbo Ademoye,uU7-VrXVLmU,SNATCHED - BIMBO ADEMOYE | TIMINI EGBUSON | 2026 LATEST NIGERIAN MOVIE  #trending #Movies,"#nigerianmovies #africanmovies #latestnollywoodmovies
#latestnollywoodmovies #nigerianmovies#africanmovies#nollywoodmovieslatest

Welcome to NOLLYWOOD HUB STUDIO 🎬

NOLLYWOOD HUB STUDIO is your home for the best Nollywood and Ghanaian movies, packed with action, drama, suspense, romance, and unforgettable stories. Our goal is to bring you exciting African movies and entertaining content that will keep you watching from beginning to end.

On this channel, you will enjoy:
• Latest Nollywood movies
• Ghanaian blockbuster movies
• Action-packed and emotional stories
• Entertaining African film content

If you love African movies, then you are in the right place!

👉 Don’t forget to LIKE, COMMENT, and SUBSCRIBE to support the channel and stay updated whenever we upload new movies.

Click here to subscribe and watch more amazing content:
youtube.com/channel/UCj0YosBnnYfXHn2mhG4k0PQ/

Thank you for being part of the NOLLYWOOD HUB STUDIO family ❤️",UCj0YosBnnYfXHn2mhG4k0PQ,NOLLYWOOD HUB STUDIO,79600,1655,2026-10-04T11:45:06Z,135.1,5799,12.0,0.0,True,True,True,2026-10-06
egbuson_ademoye,Timini Egbuson,Bimbo Ademoye,J8um0OUy8gw,"HEARTS ATTACHED - Timini Egbuson, Bimbo Ademoye, Emeka Darlington 2025 Nollywood Full Movie","HEARTS ATTACHED - Timini Egbuson, Bimbo Ademoye, Emeka Darlington 2025 Nollywood Full Movie

SUBSCRIBE NOW https://www.youtube.com/channel/UC8GACXcNHqKL9VBrXag-XOg?sub_confirmation=1

Watch out for this lovely romantic movie.

NOLLY FAMILYTV PRODUCES BEST NOLLYWOOD MOVIES THAT ENTERTAINS AND EDUCATES ABOUT LIFE, MARRIAGE/RELATIONSHIP AND THE REAL AFRICAN CULTURE. 

WE GO EXTRA MILES IN MAKING SURE OUR AUDIENCE ARE SERVED THRILLING MOVIES WHILE AT THE SAME TIME TEACHING AND MAINTAINING THE VALUES OF AFRICAN CULTURE.

PLEASE DONT FORGET TO LIKE, SHARE AND COMMENT BELOW.
SUBSCRIBE TO NOLLY FAMILYTV TO ENJOY LATEST INTERESTING AND INFORMATIVE NOLLYWOOD HOME MOVIE. 

GOD BLESS YOU.

#heartsattached #timiniegbuson #bimboademoye
#nigerianmovies #nollywoodmovies #latestmovies
#2025movies #nollyfamilytv #nollywood",UC0M6BJj039bknQaHNiiOekA,NollyFamily tv,1670000,600,2025-04-02T16:06:51Z,96.5,2487849,24456.0,1573.0,True,True,True,2026-10-06
egbuson_ademoye,Timini Egbuson,Bimbo Ademoye,tXur3HqYxIM,"MY DREAM WEDDING (BIMBO ADEMOYE, TIMINI EGBUSON) Latest Nigerian Movies 2026","#ivorynollytv  




Starring: Timini Egbuson, Bimbo Ademoye, Uzor Arukwe


















#Nollywoodmovies #Nigerianmovies #trendynollywoodmovies #latestnigerianmovies #latestnigerianmovies2025 #nigerianfilms #Africanmovies #2025movies #2026movies #youtubemovies",UCVyUdmMYza4InOoo4aTyJoA,IVORY NOLLY TV,248000,971,2026-10-03T16:45:12Z,114.3,8728,10.0,0.0,True,True,True,2026-10-06
egbuson_ademoye,Timini Egbuson,Bimbo Ademoye,MpUPnCHtirQ,"WIFE VACANCY FOR DAD - Timini Egbuson, Bimbo Ademoye, Darasimi Nadi, Nancy Isime 2026 Nig Movie","Watch the best of 2024 EXCLUSIVE NOLLYWOOD MOVIES here On  @shinenollytv4232  


#nigerianmovies#nollywoodmovies 


ABSOLUTE MISMATCH",UCtXUfd3IFWh9V9tLWEy-jjQ,Shine Nolly tv,203000,488,2026-05-05T17:15:02Z,91.4,1840150,14063.0,323.0,True,True,True,2026-10-06
egbuson_ademoye,Timini Egbuson,Bimbo Ademoye,cuATJ5Mlrok,"THE HOMECOMING. LATEST ROMANTIC MOVIE. STARRING BIMBO ADEMOYE ,TIMINI EGBUSON, BISOLA AIYEOLA",,UCneM4DHHUWMVwmYktz8X46g,Bimbo Ademoye TV,1840000,118,2024-12-24T18:00:24Z,142.3,13262569,190604.0,17100.0,True,True,True,2026-10-06
egbuson_ademoye,Timini Egbuson,Bimbo Ademoye,NMRtlXcY1Pc,"BREADED LIFE - Full Movie Recap / Review - Timini Egbuson, Bimbo Ademoye, Tina Mba Nollywood Movie","An irresponsible young man in conflict with his mother wakes up one day and to his surprise, no-one he knows can recognize him, except for a local bread hawker.

Directed by : Biodun Stephen
Written by: Biodun Stephen
Cast : Timini Egbuson, Bimbo Ademoye, Lateef Adedimeji, Tina Mba, Bolanle Ninalowo.

👍 PLEASE LIKE AND SUBSCRIBE for more amazing contents. 
📺 Click to subscribe to our second channel youtube.com/@nollytrailers?sub_confirmation=1

DISCLAIMER:
Footage Credit: Netflix

To watch the full movie please visit https://www.netflix.com to find a suitable subscription package that works for you

#Breadedlife #latestnollywoodmovies2022 #Nollywoodrecap #NollyRecap #netflix  #viral #theorderofthings  #latestnollywoodmovies2023  #trending #nollywoodmovierecap #nollywoodblockbuster #nollywoodmovies #nollywoodfullmovies2022 #AMVCA2023 #nollywoodfullmovies2022 


Tags

sci-fi movies, sci-fi review, sci-fi summary, science fiction movie, science fiction, movie review, movie summary, movie ",UCnj5bVaMi5eXUlvPnf0r40A,The Film Village,61800,52,2025-01-20T09:46:36Z,25.9,134031,1088.0,51.0,True,True,False,2026-10-06
egbuson_ademoye,Timini Egbuson,Bimbo Ademoye,GFPEXGORuNY,"OUR 3OTH BIRTHDAY (BIMBO ADEMOYE, TIMINI EGBUSON, UCHE MONTANA )Latest Nigerian Movie 2026","#blackmoviestv 

Love is a beautiful thing, it can heal broken hearts when you fall in love with the right person. Love exists so much among these two so into each other until circumstance changed everything. It's a must-watch. Relax and enjoy this piece.


#blackmoviestv #youtube  #OUR3OTHBIRTHDAY #uchemontanamovies #uchemontana  #uchennambunabo  #stephaniebassey   #mauricesamtv   #movies #usa #unitedstates #   #mauricesam #MY3OTHWEDDING #bimboademoye #timiniegbuson",UCaoyvHOxmdmqa4Q99dNbmpA, BLACK MOVIES TV,830000,2131,2026-10-02T20:00:13Z,135.1,25192,50.0,2.0,True,True,True,2026-10-06
egbuson_ademoye,Timini Egbuson,Bimbo Ademoye,lGQUfz9rb-Q,"REASONS TO LOVE YOU - BIMBO ADEMOYE, TIMINI EGBUSON - Latest Nigeria Movies 2026","In This Nigeria Movie....
Itoro is desperate to save her critically ill mother when her neighbour introduces her to a wealthy but arrogant young man who promises to pay for the medical treatment in exchange for an intimate encounter. Believing it is the only way to save her mother, Itoro agrees. But soon after, her decision sets off a chain of events that changes her life forever.






#nigerianmovie #nollywoodmovie #trendyafrotv #youtube #newmovies
#africanmovies #trending #latestnigeriamovies",UCxfUcIMxb49Bkbii9LlQj1w,TrendyAfro TV,66600,353,2026-09-30T15:15:06Z,141.3,1081332,5150.0,499.0,True,True,True,2026-10-06
egbuson_ademoye,Timini Egbuson,Bimbo Ademoye,TYoNJ58wtzE,"OUR FINAL VOW | BIMBO ADEMOYE, TIMINI EGBUSON - Latest Nigerian Movie 2026","In This Nigerian Cinema Movie....













#nigerianmovies #africanmovies #nollywoodmovies #lovelenscinema #trendingmovies",UCZdNoZ94k8qfNBd_a24R8Xg,LOVE LENS CINEMA,20600,365,2026-08-14T11:15:06Z,124.5,26557,90.0,6.0,True,True,True,2026-10-06
egbuson_ademoye,Timini Egbuson,Bimbo Ademoye,Moe-sy3HlCc,Nollywood Actress Bimbo Ademoye Reveals Why She Choose to Marry Actor Timini at 35 & Abandon Her EX,"Nollywood Star Actress Bimbo Ademoye Breaks Silence about Her Relationship and Love / Marriage to Nollywood Star Actor Timini Egbuson.
For the past two years there have been rumours about their love affairs and dating by Bimbo Ademoye and Timini Egbuson Kept their relationship private before now but still share little loved up videos and clips together.
But Recently they decided to Make their relationship public as Bimbo Ademoye Speaks about everything.
Do you think Bimbo Ademoye and Timini Egbuson are a great couple combinations????
Watch as Nollywood Actress Bimbo Ademoye Reveals Why She Chooses to Marry Actor Timini at 35 & Abandon Her EX.

#bimboademoye #timiniegbuson #nollywood #relationship #nollywoodnews #nollywoodmovies
#celebrity #celebritycouple #bimboademoye #movies 

For Contact Email:
contactquickviewspot@gmail.com 

Follow us across social media:
Facebook: Quick View Spot
Instagram: Quick View Spot 
Tiktok:  Quick View Spot 
X: Quick View Spot",UCX91OsOZMYR5BjKdE5dOkqw,Quick View Spot ,200000,1352,2026-06-24T19:56:12Z,23.4,58979,544.0,97.0,True,True,False,2026-10-06
egbuson_ademoye,Timini Egbuson,Bimbo Ademoye,AhtAOrOs9Ao,Full Video!! Bimbo Ademoye and Timini Egbuson share it all on recent live! #trending #bimboademoye ,#trending #goviral ##viralvideo #viralshorts #timiniegbuson #bimboademoye #timini #mauricesamandsoniauche #mauricesam #soniauche #soniauchetv #ruthkadiri247 #ruthkadirimovies #uchenancytv #destinyetiko #peggyovire #frederickleonardandpeggyoviremovies #frederickeleonard,UCLqdXB8UacUSEh4hmIq-ELA,Meekeyz blog,43400,1375,2026-10-04T23:31:33Z,40.8,34189,,204.0,True,True,False,2026-10-06
egbuson_ademoye,Timini Egbuson,Bimbo Ademoye,Vzg7hNXk7lo,"THE MERGER - UCHE MONTANA, TIMINI EGBUSON, Latest 2026 Nigerian Movie","Two people, one complicated situation, and a relationship that was never supposed to happen.

THE MERGER is an emotional Nollywood drama about love, attraction, complicated relationships, and the unexpected connections that can turn life upside down.

STARRING: UCHE MONTANA, TIMINI EGBUSON AND MANY OTHERS.
NOW SHOWING ON UCHE MONTANA TV

#themerger #uchemontana #timiniegbuson #nollywoodmovies #africanmovies #uchemontanatv #nollywood #nigerianmovies #romancemovie #lovestory #nollywooddrama",UCGRC6hm8mD8WqeY0auwrCrQ,Uche Montana TV,1940000,110,2026-09-05T17:00:18Z,94.9,11005388,92711.0,5606.0,True,False,True,2026-10-06
egbuson_ademoye,Timini Egbuson,Bimbo Ademoye,TzVrZLeOAZ0,"THE PREGNANT VIRGIN - BIMBO ADEMOYE, TIMINI EGBUSON - Nigerian Movie","In This Nigerian Movie...
Navigating personal challenges and unspoken emotions can be challenging for newly lovebirds but in the end true love always wins.










#nigerianmovies #nollywoodmovies #familytiescinema #newmovies",UCjLl-Mwc0VbgrdJiMnzi9Lg,FamilyTies Cinema,363000,1287,2025-11-21T01:15:06Z,132.2,428650,1723.0,36.0,True,True,True,2026-10-06
egbuson_ademoye,Timini Egbuson,Bimbo Ademoye,Cl9HbP3kvHc,"THEEE MAD TOUTS (Eso Dike, Timini Egbuson, Bimbo Ademoye) - Brand New 2026 Nigerian Movie",#Nollywoodtvstudio #africanmovies #mauricesam #ruthkadirifilms #chinenyennebe #lovedontcostathing #nigerianmovies2023latestfullmovies #ruthkadiri #ruthkadiri247,UCo-KiSpW1UMCnBN2o0iJLwg,NOLLYWOOD TV STUDIO,435000,2110,2026-09-11T18:00:11Z,112.7,325726,598.0,14.0,True,True,True,2026-10-06
egbuson_ademoye,Timini Egbuson,Bimbo Ademoye,7C40zTmiUXY,"JUST TO BE LOVED (BIMBO ADEMOYE,TIMINI EGBUSON,UCHE MONTANA,CHIOMA NWOSU) Latest Nigerian Movie 2026","#blackmoviestv 

Love is a beautiful thing, it can heal broken hearts when you fall in love with the right person. Love exists so much among these two so into each other until circumstance changed everything. It's a must-watch. Relax and enjoy this piece.


#blackmoviestv #youtube  #JUSTTOBELOVED #uchemontanamovies #uchemontana #bimboademoye #timiniegbuson #BIMBOADEMOYEMOVIES  #uchennambunabo  #chiomanwosu    #mauricesamtv   #movies #usa #unitedstates #   #mauricesam #kenya #unitedkingdom",UCaoyvHOxmdmqa4Q99dNbmpA, BLACK MOVIES TV,830000,2131,2026-02-18T12:00:10Z,128.7,814417,2302.0,88.0,True,True,True,2026-10-06
egbuson_ademoye,Timini Egbuson,Bimbo Ademoye,-8XNUZguMhI,"MY FIRST KISS - Bimbo Ademoye, Timini Egbuson, Chioma Nwaoha Nigerian Movie","Watch the best of 2024 EXCLUSIVE NOLLYWOOD MOVIES here On  @shinenollytv4232  


#nigerianmovies#nollywoodmovies 

THE LAST PHOTOGRAPHER",UCtXUfd3IFWh9V9tLWEy-jjQ,Shine Nolly tv,203000,488,2025-02-24T13:15:00Z,75.4,872852,2446.0,75.0,True,True,True,2026-10-06
egbuson_ademoye,Timini Egbuson,Bimbo Ademoye,C_HuWOxXD4E,"TRAPPED IN LOVE (Bimbo Ademoye, Timini Egbuson, Uche Montana) - Brand New 2026 Nigerian Movie",#Nollywoodtvstudio #africanmovies #mauricesam #ruthkadirifilms #chinenyennebe #lovedontcostathing #nigerianmovies2023latestfullmovies #ruthkadiri #ruthkadiri247,UCo-KiSpW1UMCnBN2o0iJLwg,NOLLYWOOD TV STUDIO,435000,2110,2026-09-22T05:45:15Z,126.6,20640,50.0,2.0,True,True,True,2026-10-06
egbuson_ademoye,Timini Egbuson,Bimbo Ademoye,iIWKFnNit0o,MY 30TH WEDDING PLAN || BIMBO ADEMOYE/ TIMINI EGBUSON ||-Nigerian Movies 2026 Latest Full Movies,"#bimboademoye #timiniegbuson #africanmovies 
In this Nigerian movie, Alice is a writer, who buries herself in her work and doesnt pay attention to anything else including her fiance who she denies sex because she's a virgin and is waiting till marriage. But thing get complicated when she finds out she's pregnant.






Cast: Bimbo Ademoye, Florence Sunday, Uche Nwaefuna






























AforevonollystreamTV#nollywoodmovies#nigerianmovies#mauricesam#bimboademoye  #ruthkadiri247#mauricesammovies2026#lovestorymovie#2025latestnollywoodmovies#africanmovie #latestnollywoodmovies2026#romancemovie#lovemovie#UK#USA#CANADA#JAMAICA#omoniobolitv#",UCnTmHnZxfN1PPHezL2vKTZQ,Aforevo Nollystream Tv  ,8700,454,2026-10-03T16:45:10Z,94.9,898,4.0,0.0,True,True,True,2026-10-06
egbuson_ademoye,Timini Egbuson,Bimbo Ademoye,afhCdms5O7w,"OUR DATE FOR VALENTINE-BIMBO ADEMOYE, TIMINI EGBUSON -Latest Nigerian Movie 2025 #trending #Movies","#blackmoviestv

Love is a beautiful thing, it can heal broken hearts when you fall in love with the right person. Love exists so much among these two so into each other until circumstance changed everything. It's a must-watch. Relax and enjoy this piece.


#blackmoviestv #youtube  #bimboademoye #timiniegbuson #uchemontanamovies",UCaoyvHOxmdmqa4Q99dNbmpA, BLACK MOVIES TV,830000,2131,2025-06-07T03:54:21Z,144.6,38282,168.0,5.0,True,True,True,2026-10-06
egbuson_ademoye,Timini Egbuson,Bimbo Ademoye,XqE8DjJm7DU,FINDING A PERFECT MATCH (TIMINI EGBUSON BIMBO ADEMOYE) - nigerian movies 2026 latest full Movies,#latestnollywoodmovies #nigerianmovies#africanmovies#nollywoodmovieslatest,UCxpJFSMbadYaDA7sRMUGafg,NOLLYTOUCH STUDIOS,193000,999,2026-07-06T11:00:35Z,89.7,59643,155.0,1.0,True,True,True,2026-10-06
egbuson_ademoye,Timini Egbuson,Bimbo Ademoye,7SzZyzpsH24,"ACCIDENTAL LOVE (BIMBO ADEMOYE, TIMINI EGBUSON, UCHE MONTANA) Latest Nigerian Movie 2026","#blackmoviestv 

Love is a beautiful thing, it can heal broken hearts when you fall in love with the right person. Love exists so much among these two so into each other until circumstance changed everything. It's a must-watch. Relax and enjoy this piece.


#blackmoviestv #youtube  #ACCIDENTALLOVE #uchemontanamovies #uchemontana #bimboademoye #timiniegbuson #BIMBOADEMOYEMOVIES  #uchennambunabo  #chiomanwosu    #mauricesamtv   #movies #usa #unitedstates #   #mauricesam #kenya #unitedkingdom",UCaoyvHOxmdmqa4Q99dNbmpA, BLACK MOVIES TV,830000,2131,2026-04-14T14:15:00Z,128.2,21343,106.0,12.0,True,True,True,2026-10-06
egbuson_ademoye,Timini Egbuson,Bimbo Ademoye,0BxfvkohrRg,Our Wedding @ 30 || BIMBO ADEMOYE TIMINI EGBUSON || 2026 Nigerian Movie,"#bimboademoye #timiniegbuson 




In this Nigerian movie, Felicia’s desperate attempt to change her life leads her down a dangerous path when a staged robbery ends in tragedy. Haunted by guilt, she tries to start over, but her dark past refuses to stay buried.




Starring: BIMBO ADEMOYE TIMINI EGBUSON 














#Nigerianmovies #Aforevocinema #nigerianmovies2026latestfullmovies #nollywoodmovies #Bimboademoye #timiniegbuson #ruthkadiri #kunleremi",UCT7hqh8XRC6JPz52ex-wmvQ,AFOREVO CINEMA ,30500,1155,2026-10-06T11:00:37Z,121.2,0,0.0,0.0,True,True,True,2026-10-06
egbuson_ademoye,Timini Egbuson,Bimbo Ademoye,V5x8dQBz-OE,"MY PRIVATE CHEF - TIMINI EGBUSON, BIMBO ADEMOYE | Nigerian Movies 2026 Latest Full Movie","In this Nigerian Nollywood movie
Starring: TIMINI EGBUSON, BIMBO ADEMOYE

#nigerianmovies #nollywoodmovies #africanmovies


#nigerianmovies2026latestfullmovies #unitedstates
Watch the most interesting movies from African movie actors like Mercy Johnson, Bimbo Ademoye, Timini Egbuson, Jackie Appiah, Uche Nancy, Chinenye Ulaegbu, Regina Daniels, Sonia Uche, James Gardiner, Fred Leonard, Mike Ezuruonye, Alex Ekubo, Yul Edochie, Blossom Chukwujekwe, Onyii Alex, Julliet Ibrahim, Nadia Buari, Nana Ama Mcbrown, Lydia Forson, Yvonne Okoro, Joselyn Dumas, Yvonne Nelson
AFRICAN MOVIES, LATEST NOLLYWOOD MOVIES 2024, LATEST NIGERIAN NOLLYWOOD MOVIES, LATEST NOLLYWOOD MOVIES, LATEST NOLLYWOOD MOVIES ON YOUTUBE,  LATEST NIGERIAN MOVIES, NOLLYWOOD FILMS, FREE NIGERIAN MOVIES, 2024 LATEST NIGERIAN MOVIES, TOP NOLLYWOOD MOVIES, TRENDING NOLLYWOOD VIDEOS, TRENDING MOVIES, BEST NIGERIAN MOVIES, NOLLYWOOD TV MOVIES, TVNOLLY MOVIES, NEW NOLLYWOOD MOVIES



Please Subscribe to this channel As We Bring The B",UCSW1uGP-JC2Uir1kR9fFwfA,NollyTimes Tv,198000,1381,2026-06-16T19:00:19Z,144.3,66486,270.0,6.0,True,True,True,2026-10-06
egbuson_ademoye,Timini Egbuson,Bimbo Ademoye,PP4UTotWuWI,MEANT FOR EACH OTHER - TIMINI EGBUSON - BIMBO ADEMOYE - LATEST NIGERIAN ROMANCE MOVIE  #trending,"Alice is a writer, who buries herself in her work and doesnt pay attention to anything else including her fiance who she denies sex because she's a virgin and is waiting till marriage. But thing get complicated when she finds out she's pregnant.







#nigerianmovies #africanmovies #latestnollywoodmovies2026 #nollywoodmovies #newmovies#mauricesam #new  #film #movie #bimboademoye  #ruthkadiri247#mauricesammovies2026 #lovestorymovie #nigerianmovies #nollywoodmovies #2026movies #africanmovie #lates2026movies #romancemovie #lovemovie#UK#USA#CANADA#JAMAICA#",UCNIOKFJV-oODa31zUhlNCuA,White Gold Pictures Tv,103000,1935,2026-06-13T18:00:06Z,94.9,3157,25.0,0.0,True,True,True,2026-10-06
egbuson_ademoye,Timini Egbuson,Bimbo Ademoye,UEolpsu7oXM,Her Secret Affection || BIMBO ADEMOYE TIMINI EGBUSON || Latest Nigerian Movies 2026 Full Movies,"#bimboademoye #uzorarukwe #timiniegbuson 

In This Nigerian Movie : In a world where online fame is built on carefully crafted lies, rival influencers Nikki and Stephanie will do anything to keep their glamorous lifestyles looking perfect. From staged giveaways and fake vacations to manipulated followers and countless fake accounts, their social media success is nothing but an elaborate illusion.

Cast : Bimbo Ademoye  Uzor Arukwe Timini Egbuson







 
#AfricanHeartsTv #Nigerianmovies #Nollywoodmovies #latestnollywoodmovies  #bambam #timiniegbuson #uchemontana #ruthkadiri  #fredrickleonard",UCeoSAnqrVv6WJE1bwJC-xPA,AFRICAN HEARTS TV ,2620,370,2026-10-06T11:15:09Z,108.9,0,0.0,0.0,True,True,True,2026-10-06
egbuson_ademoye,Timini Egbuson,Bimbo Ademoye,5uOjpm5nYgo,HIS MISSING RIB - TIMINI EGBUSON - BIMBO ADEMOYE - LATEST 2026 NOLLYWOOD MOVIES #trending,"Greg is determined to protect his wealth, power, and comfortable life at any cost. Ruthless and unrelenting, he will stop at nothing to eliminate anyone who stands in his way—even if it means turning against his own family.





#nigerianmovies #africanmovies #latestnollywoodmovies2026 #nollywoodmovies #newmovies#mauricesam #new  #film #movie #bimboademoye  #ruthkadiri247#mauricesammovies2026 #lovestorymovie #nigerianmovies #nollywoodmovies #2026movies #africanmovie #lates2026movies #romancemovie #lovemovie#UK#USA#CANADA#JAMAICA#",UCNIOKFJV-oODa31zUhlNCuA,White Gold Pictures Tv,103000,1935,2026-07-11T18:00:06Z,89.2,7208,31.0,2.0,True,True,True,2026-10-06
egbuson_ademoye,Timini Egbuson,Bimbo Ademoye,QdiF1zsCa-A,"JUST TO BE LOVED-BIMBO ADEMOYE,TIMINI EGBUSON,UCHE MONTANA-Latest Nigerian Movie 2025 #trending #Mov","#blackmoviestv 

Love is a beautiful thing, it can heal broken hearts when you fall in love with the right person. Love exists so much among these two so into each other until circumstance changed everything. It's a must-watch. Relax and enjoy this piece.


#blackmoviestv #youtube  #JUSTTOBELOVED #uchemontanamovies #uchemontana #bimboademoye #timiniegbuson #BIMBOADEMOYEMOVIES  #uchennambunabo  #chiomanwosu    #mauricesamtv   #movies #usa #unitedstates #   #mauricesam #kenya #unitedkingdom",UCaoyvHOxmdmqa4Q99dNbmpA, BLACK MOVIES TV,830000,2131,2026-02-25T00:26:44Z,128.9,74578,381.0,10.0,True,True,True,2026-10-06
egbuson_ademoye,Timini Egbuson,Bimbo Ademoye,8594OErnQFA,"MARRIED TO HIS FATHER - STARRING BIMBO ADEMOYE,TIMINI EGBUSON, 2026 LATEST NIGERIA MOVIE","Welcome To Netflex  TV Plus — your home for the best Nollywood movies, Nigerian movies, and African short films packed with drama, romance, comedy, and suspense

#africandiaspora 

Steering : BIMBO ADEMOYE,TIMINI EGBUSON

🎬 2026 Latest Nigerian Movie
🎥 New Nollywood Full Movie (2026)


Watch till the end and subscribe to this channel As We Bring The Best Of Nigerian Movies To Africans Living In The UNITED STATES OF AMERICA (USA),  CANADA,GERMANY, UNITED KINGDOM (UK) JAMAICA, TRINIDAD & TOBAGO And Other Countries Of The World.

#2026africannollywoodmovies #nigerianmovies2026  #LatestNigerianMovies #nigerianfilms #nollywood #netflextvplus",UClBuehtp2k_FSvkSY4Vvo7Q,Netflex Tv plus ,9160,444,2026-10-04T23:00:06Z,108.3,151,0.0,0.0,True,True,True,2026-10-06
egbuson_ademoye,Timini Egbuson,Bimbo Ademoye,senXpzuzljo,"HUSTLE AND HEARTBREAK (TIMINI EGBUSON, BIMBO ADEMOYE,UCHE MONTANA ) Latest Nigerian Movie 2026","#blackmoviestv 

Love is a beautiful thing, it can heal broken hearts when you fall in love with the right person. Love exists so much among these two so into each other until circumstance changed everything. It's a must-watch. Relax and enjoy this piece.


#blackmoviestv #youtube  #MYPREGNANTSIDECHICK #uchemontanamovies #uchemontana  #uchennambunabo  #stephaniebassey   #mauricesamtv   #movies #usa #unitedstates #   #mauricesam",UCaoyvHOxmdmqa4Q99dNbmpA, BLACK MOVIES TV,830000,2131,2026-02-07T12:10:01Z,132.7,72646,276.0,11.0,True,True,True,2026-10-06
egbuson_ademoye,Timini Egbuson,Bimbo Ademoye,PmBNUvQg-bQ,"BROKEN SINGLE WIVES  (TIMINI EGBUSON, BIMBO ADEMOYE, UCHE MONTANA ) Latest Nigerian Movie 2026","#blackmoviestv 

Love is a beautiful thing, it can heal broken hearts when you fall in love with the right person. Love exists so much among these two so into each other until circumstance changed everything. It's a must-watch. Relax and enjoy this piece.


#blackmoviestv #youtube  #MYPREGNANTSIDECHICK #uchemontanamovies #uchemontana  #uchennambunabo  #stephaniebassey   #mauricesamtv   #movies #usa #unitedstates #   #mauricesam",UCaoyvHOxmdmqa4Q99dNbmpA, BLACK MOVIES TV,830000,2131,2026-01-13T15:30:16Z,94.9,27343,96.0,4.0,True,True,True,2026-10-06
egbuson_ademoye,Timini Egbuson,Bimbo Ademoye,Q0zCPzCrFHY,"NIGHT HUSTLERS - Bimbo Ademoye, Sandra Okunzuwa, Timini Egbuson | 2025 Nigerian Love Movie","#nigerianmovie #nollywoodmovie #trending 




HEART OF A STREET GIRL",UCjS-CiMtgLxsGQxRw2WeY7w,NOLLYWOOD+,127000,311,2025-08-05T17:00:26Z,117.0,966165,4700.0,154.0,True,True,True,2026-10-06
egbuson_ademoye,Timini Egbuson,Bimbo Ademoye,W8rlmGw-viE,"THE LESBIAN WIVES  (BIMBO ADEMOYE, TIMINI EGBUSON, UCHE MONTANA )Latest Nigerian Movie 2026","#blackmoviestv 

Love is a beautiful thing, it can heal broken hearts when you fall in love with the right person. Love exists so much among these two so into each other until circumstance changed everything. It's a must-watch. Relax and enjoy this piece.


#blackmoviestv #youtube  #MYPREGNANTSIDECHICK #uchemontanamovies #uchemontana  #uchennambunabo  #stephaniebassey   #mauricesamtv   #movies #usa #unitedstates #   #mauricesam",UCaoyvHOxmdmqa4Q99dNbmpA, BLACK MOVIES TV,830000,2131,2026-10-01T12:00:16Z,91.4,40080,121.0,0.0,True,True,True,2026-10-06
egbuson_ademoye,Timini Egbuson,Bimbo Ademoye,E2mDQoDP_5s,"Love Is Yellow - Starring Bimbo Ademoye, Timini Egbuson",,UCSKmNXvEut3OPeatD-8_UbQ,TFM Nolly TV,117,8,2026-06-08T15:11:58Z,87.5,33137,177.0,13.0,True,True,True,2026-10-06
egbuson_ademoye,Timini Egbuson,Bimbo Ademoye,Q60qZQO_uns,"INFATUATION LOVE-BIMBO ADEMOYE,TIMINI EGBUSON,UCHE MONTALatest Nigerian Movie 2025 #trending #Movies","#blackmoviestv 

Love is a beautiful thing, it can heal broken hearts when you fall in love with the right person. Love exists so much among these two so into each other until circumstance changed everything. It's a must-watch. Relax and enjoy this piece.


#blackmoviestv #youtube  #INFATUATION #uchemontanamovies #uchemontana #bimboademoye #timiniegbuson #BIMBOADEMOYEMOVIES  #uchennambunabo  #chiomanwosu    #mauricesamtv   #movies #usa #unitedstates #   #mauricesam #kenya #unitedkingdom",UCaoyvHOxmdmqa4Q99dNbmpA, BLACK MOVIES TV,830000,2131,2026-06-05T00:11:23Z,88.0,57882,398.0,11.0,True,True,True,2026-10-06
egbuson_ademoye,Timini Egbuson,Bimbo Ademoye,LJyaCcUdJmg,"INFATUATION LOVE (BIMBO ADEMOYE, TIMINI EGBUSON, UCHE MONTANA) Latest Nigerian Movie 2026","#blackmoviestv 

Love is a beautiful thing, it can heal broken hearts when you fall in love with the right person. Love exists so much among these two so into each other until circumstance changed everything. It's a must-watch. Relax and enjoy this piece.


#blackmoviestv #youtube  #INFATUATION #uchemontanamovies #uchemontana #bimboademoye #timiniegbuson #BIMBOADEMOYEMOVIES  #uchennambunabo  #chiomanwosu    #mauricesamtv   #movies #usa #unitedstates #   #mauricesam #kenya #unitedkingdom",UCaoyvHOxmdmqa4Q99dNbmpA, BLACK MOVIES TV,830000,2131,2026-06-01T15:30:27Z,77.6,83860,504.0,15.0,True,True,True,2026-10-06
egbuson_ademoye,Timini Egbuson,Bimbo Ademoye,BSWYE6dfhGY,"MY 30TH WEDDING. STARRING BIMBO ADEMOYE,TIMINI EGBUSON, 2026 LATEST ROMANCE MOVIE.","MY 30TH WEDDING. STARRING BIMBO ADEMOYE,TIMINI EGBUSON, 2026 LATEST ROMANCE MOVIE.

🎥 About Cinematic Avenue

**Cinematic Avenue** brings you compelling Nigerian and African movies filled with powerful emotions, unforgettable characters, family conflicts, love, betrayal, sacrifice, justice, and redemption.

Our movies are selected for viewers who enjoy meaningful stories with strong emotional journeys and dramatic twists that keep you watching until the very end.

### ✨ What You'll Find Here

✔ Nigerian & Nollywood full movies
✔ Emotional family and relationship dramas
✔ Stories of love, betrayal, sacrifice & redemption
✔ Powerful African storytelling
✔ New movies and unforgettable characters

🔔 **Subscribe to Cinematic Avenue** and turn on notifications so you never miss our latest full movies.


#EveryMorningYou #NigerianMovies #NollywoodMovies #FrederickLeonard #TeniolaAladese #NigerianFullMovie #RelationshipDrama #Nollywood
#NigerianEmotionalDrama
#2026latestfullmovies
#AfricanCine",UCknQa5EuLJvicqvQw2xXDlw,Cinematic Avenue,1180,19,2026-10-02T14:00:09Z,73.3,31828,25.0,5.0,True,True,True,2026-10-06
egbuson_ademoye,Timini Egbuson,Bimbo Ademoye,C6_rLMLefl0,"THE PRINCE'S BRIDE - BIMBO ADEMOYE, TIMINI EGBUSON - Nigerian Movie","In This Nigerian Movie...
Navigating personal challenges and unspoken emotions can be challenging for newly lovebirds but in the end true love always wins.













#nigerianmovies #nollywoodmovies #familytiescinema #newmovies",UCjLl-Mwc0VbgrdJiMnzi9Lg,FamilyTies Cinema,363000,1287,2026-07-30T16:15:06Z,88.7,15718,39.0,3.0,True,True,True,2026-10-06
egbuson_ademoye,Timini Egbuson,Bimbo Ademoye,2rPJEGY7wIY,"MY 30TH WEDDING. STARRING BIMBO ADEMOYE,TIMINI EGBUSON, 2026 LATEST ROMANCE MOVIE.","#nigerianmovies #africanmovies #nollywoodmovies #shorts #youtube


Nigerian Movie Starring: BIMBO ADEMOYE, TIMINI EGBUSON, CHIOMA NWAOHA",UCG6sd8HEfWzxoXxG5kkRvpA,AFRICAN LATEST MOVIES,11000,385,2026-10-05T18:00:05Z,91.4,59,0.0,0.0,True,True,True,2026-10-06
egbuson_ademoye,Timini Egbuson,Bimbo Ademoye,zIL18XUnzKU,WHEN LOVE BITES (TIMINI EGBUSON BIMBO ADEMOYE SCARLET GOME)-nigerian movies 2026 latest full  Movies,#latestnollywoodmovies #nigerianmovies#africanmovies#nollywoodmovieslatest,UCxpJFSMbadYaDA7sRMUGafg,NOLLYTOUCH STUDIOS,193000,999,2026-09-23T15:31:17Z,71.5,94254,149.0,2.0,True,True,True,2026-10-06
egbuson_ademoye,Timini Egbuson,Bimbo Ademoye,0JSE9SpMLsY,"MARRIED FOR LOVE - BIMBO ADEMOYE, TIMINI EGBUSON - Nigerian Movie","In This Nigerian Movie...
Navigating personal challenges and unspoken emotions can be challenging for newly lovebirds but in the end true love always wins.
















#nigerianmovies #nollywoodmovies #familytiescinema #newmovies",UCjLl-Mwc0VbgrdJiMnzi9Lg,FamilyTies Cinema,363000,1287,2026-04-06T11:15:06Z,104.0,227241,704.0,13.0,True,True,True,2026-10-06
egbuson_ademoye,Timini Egbuson,Bimbo Ademoye,g0visI1rh6g,"POLYGAMOUS HUSBAND (Timini Egbuson, Uche Montana, Bimbo Ademoye) - Brand New 2026 Nigerian Movie",#Nollywoodtvstudio #africanmovies #mauricesam #ruthkadirifilms #chinenyennebe #lovedontcostathing #nigerianmovies2023latestfullmovies #ruthkadiri #ruthkadiri247,UCo-KiSpW1UMCnBN2o0iJLwg,NOLLYWOOD TV STUDIO,435000,2110,2026-09-19T23:00:15Z,72.5,42818,49.0,0.0,True,True,True,2026-10-06
egbuson_ademoye,Timini Egbuson,Bimbo Ademoye,p1_4d61yp8U,RUSE MY CRAZY LOVER -TIMINI EGBUSON - BIMBO ADEMOYE -  LATEST 2026 NIGERIAN MOVIES  #trending #movie,"Latest nigeriannollywoodmovies #African movies #nollywood #nigerianmovies2026



She just wanted a place to clear her head, a place where she could forget every other thing going on in her life, her family, and all the guilt she feels for the loss of her mother.



#nigerianmovies #africanmovies #latestnollywoodmovies2026 #nollywoodmovies #newmovies#mauricesam #new  #film #movie #bimboademoye  #ruthkadiri247#mauricesammovies2026 #lovestorymovie #nigerianmovies #nollywoodmovies #2026movies #africanmovie #lates2026movies #romancemovie #lovemovie#UK#USA#CANADA#JAMAICA#",UCNIOKFJV-oODa31zUhlNCuA,White Gold Pictures Tv,103000,1935,2026-09-19T18:00:08Z,82.0,8041,9.0,0.0,True,True,True,2026-10-06
egbuson_ademoye,Timini Egbuson,Bimbo Ademoye,8lfUo-G6TBk,"SELFISH LOVE (Bimbo Ademoye, Timini Egbuson) - Brand New 2026 Nigerian Movie",#Nollywoodtvstudio #africanmovies #mauricesam #ruthkadirifilms #chinenyennebe #lovedontcostathing #nigerianmovies2023latestfullmovies #ruthkadiri #ruthkadiri24,UCo-KiSpW1UMCnBN2o0iJLwg,NOLLYWOOD TV STUDIO,435000,2110,2026-09-05T23:00:15Z,114.3,4312,4.0,1.0,True,True,True,2026-10-06
egbuson_ademoye,Timini Egbuson,Bimbo Ademoye,VsF2yqYF1GA,ALWAYS US | BIMBO ADEMOYE | TIMINI EGBUSON - NIGERIAN MOVIE,"In this trending Nollywood movie, 




Cast: Bimbo Ademoye, Timini Egbuson




#nigerianmovies #africanmovies #trendingmovies #newmovies",UCgLQy1_iCXJi7C-sbcw_ZIA,Metronolly TV,156000,1864,2026-05-20T15:30:06Z,96.5,56215,200.0,7.0,True,True,True,2026-10-06
egbuson_ademoye,Timini Egbuson,Bimbo Ademoye,S7FgQThuazs,"MY 30TH WEDDING 2. STARRING BIMBO ADEMOYE,TIMINI EGBUSON, 2026 LATEST ROMANCE MOVIE.","Welcome to Zanema TV a home of new movies, where you enjoy unending trending movies with new faces in nollywood and real life stories that touch lives. 
Please subscribe to this channel to continue to enjoy good movies. Thank you.

https://www.youtube.com/@ZANEMATV",UCZtlBznp8QOlIUPRHxXFn9g,ZANEMA TV,4350,30,2026-10-01T17:00:48Z,91.4,129,0.0,0.0,True,True,True,2026-10-06
egbuson_ademoye,Timini Egbuson,Bimbo Ademoye,4DL3AKm83gg,A Virgin At 30 || BIMBO ADEMOYE TIMINI EGBUSON || 2026 Nigerian Nollywood Movies,"#bimboademoye #timiniegbuson 

At 30, she has never known intimacy, but when love finally comes knocking, unexpected secrets and emotional struggles threaten to change everything she believes about marriage, desire, and true happiness.

Cast: Bimbo Ademoye, Timini Egbuson 


























#nigerianmovies  #latestnollywoodmovies #21stcenturynollywood #danieletim #uchemontana #bambam #nollywoodmovies #nigerianmovies2026latestfullmovies",UCDapjl4q1VkABYk1Uo01atw,21ST  CENTURY NOLLYWOOD,446000,1786,2026-10-02T14:15:29Z,87.0,26554,68.0,2.0,True,True,True,2026-10-06
egbuson_ademoye,Timini Egbuson,Bimbo Ademoye,CecMt2ua4j4,"MY 30TH WEDDING. STARRING BIMBO ADEMOYE,TIMINI EGBUSON, 2026 LATEST ROMANCE MOVIE.",#2026nigerianmovies #mauricesam #bimboademoye #newmovies #uchemontanamovies #ruthkadiri,UChSFkBzcEXd1ao3ZUmadr1Q,NOLLYWOOD MAGIC,2130,125,2026-10-03T16:00:22Z,78.8,25,0.0,0.0,True,True,True,2026-10-06
egbuson_ademoye,Timini Egbuson,Bimbo Ademoye,6YvpiGhuPMw,"LOVING YOU COST NO DIME | TIMINI EGBUSON, BIMBO ADEMOYE - Latest Nigerian Movie 2026","#timiniegbuson #timini #bimboademoye 

In This Nigerian Cinema Movie....With his university shut down due to an extended strike, Oba takes up a job to keep himself busy and support his needs. 













#nigerianmovies #africanmovies #nollywoodmovies #lovelenscinema #trendingmovies",UCZdNoZ94k8qfNBd_a24R8Xg,LOVE LENS CINEMA,20600,365,2026-09-19T15:15:06Z,119.5,54663,112.0,4.0,True,True,True,2026-10-06
egbuson_ademoye,Timini Egbuson,Bimbo Ademoye,SxoBoYwloio,"MY 30TH WEDDING. STARRING BIMBO ADEMOYE,TIMINI EGBUSON, 2026 LATEST ROMANCE MOVIE.","#ruthkadiri #ruthkadiri247 #ruthkadirimovies
#ruthkadiri #ruthkadiri247 #ruthkadirimovies #ruthkadirifilms #nollywood #nollywoodmovies #naijamovies #naijafilms #latestnollywoodmovies2026 #latestnollywoodmovies #latestnollywoodfilms2026 #timinimovies2026 #mauricesamfilms #uchemontanamovies #uchembunabo #soniauchemovies2026 #frederickleonardmovies  #drama #comedy #movies",UCsHlqV4n_qWGh8XXiLZhXsw,Sweet Nolly Tv,18100,355,2026-10-01T17:45:02Z,97.8,110,0.0,0.0,True,True,True,2026-10-06
egbuson_ademoye,Timini Egbuson,Bimbo Ademoye,JMc9I6QVPQE,"DOMESTIC HOUSE BOYS  - Timini Egbuson, Bimbo Ademoye, Christian Ochiagha Nigerian Movie","Watch the best of 2024 EXCLUSIVE NOLLYWOOD MOVIES here On  @shinenollytv4232  


#nigerianmovies#nollywoodmovies 

DELIVERY GUY",UCtXUfd3IFWh9V9tLWEy-jjQ,Shine Nolly tv,203000,488,2026-01-15T17:00:28Z,123.2,9237,55.0,2.0,True,True,True,2026-10-06
egbuson_ademoye,Timini Egbuson,Bimbo Ademoye,GFXO715Nrd8,"WAR AGAINST WIVES (BIMBO ADEMOYE, TIMINI EGBUSON, UCHE MONTANA )Latest Nigerian Movie 2026","#blackmoviestv 

Love is a beautiful thing, it can heal broken hearts when you fall in love with the right person. Love exists so much among these two so into each other until circumstance changed everything. It's a must-watch. Relax and enjoy this piece.


#blackmoviestv #youtube  #MYPREGNANTSIDECHICK #uchemontanamovies #uchemontana  #uchennambunabo  #stephaniebassey   #mauricesamtv   #movies #usa #unitedstates #   #mauricesam",UCaoyvHOxmdmqa4Q99dNbmpA, BLACK MOVIES TV,830000,2131,2026-08-20T12:00:10Z,74.8,311813,855.0,21.0,True,True,True,2026-10-06
egbuson_ademoye,Timini Egbuson,Bimbo Ademoye,6jWTfZ1hQEE,"MY 30TH WEDDING.  STARRING BIMBO ADEMOYE,TIMINI EGBUSON, 2026 LATEST ROMANCE MOVIE.CTM","WELCOME TO TRENDING STUDIO TV – YOUR HOME OF PREMIUM NOLLYWOOD ENTERTAINMENT!

At TRENDING STUDIO TV, we are dedicated to bringing you the very best of Nollywood and African cinema. Our channel is your trusted destination for captivating stories, emotional dramas, thrilling action movies, romantic love stories, family-oriented films, comedy blockbusters, and inspiring African entertainment that keeps you entertained from beginning to end.

We proudly showcase a wide variety of high-quality Nollywood movies featuring some of the biggest stars in the Nigerian movie industry. Whether you enjoy heartwarming family dramas, village tales, royal stories, epic adventures, emotional love stories, or the latest trending movies, TRENDING STUDIO TV is the perfect place for you.

Our mission is to provide viewers around the world with engaging African stories that celebrate culture, tradition, love, friendship, perseverance, and success. We are passionate about delivering quality entertainment that",UCgfCRtoUo2VJfiZ-3t5sNlQ,TRENDING STUDIO TV,13800,605,2026-10-02T08:57:35Z,188.8,56,0.0,0.0,True,True,True,2026-10-06
egbuson_ademoye,Timini Egbuson,Bimbo Ademoye,3xbq2HCFOZU,"QUEEN OF MY LIFE (TIMINI EGBUSON, BIMBO ADEMOYE, UCHE MONTANA )Latest Nigerian Movie 2026","#blackmoviestv 

Love is a beautiful thing, it can heal broken hearts when you fall in love with the right person. Love exists so much among these two so into each other until circumstance changed everything. It's a must-watch. Relax and enjoy this piece.


#blackmoviestv #youtube  #MYPREGNANTSIDECHICK #uchemontanamovies #uchemontana  #uchennambunabo  #stephaniebassey   #mauricesamtv   #movies #usa #unitedstates #   #mauricesam",UCaoyvHOxmdmqa4Q99dNbmpA, BLACK MOVIES TV,830000,2131,2026-07-18T12:00:13Z,90.8,6433,32.0,4.0,True,True,True,2026-10-06
egbuson_ademoye,Timini Egbuson,Bimbo Ademoye,QN6IQVujc5w,"OUR 30TH WEDDING - BIMBO ADEMOYE, TIMINI EGBUSON, |  2026 LATEST NIGERIAN MOVIES #trending",#NigerianMovies #NollywoodMovies #AfricanMovies #LatestNigerianMovies #NigerianMovies2026 #NigerianFullMovies,UCsckCWsYE7mVUOGCMDT4F8w,URBAN MOVIES ZONE,28,11,2026-10-02T16:00:17Z,115.6,31,5.0,0.0,True,True,True,2026-10-06
egbuson_ademoye,Timini Egbuson,Bimbo Ademoye,cp235SmYc4w,27 LETTERS TO YOU - Timini Egbuson / Ego nwosu ,"Subscribe to our YouTube channel
https://www.youtube.com/channel/UCnZ28GESUBXyZSIvzcs1RXA/featured?disable_polymer=true

More movies on our channel https://www.youtube.com/channel/UCnZ28GESUBXyZSIvzcs1RXA/featured?disable_polymer=true

ChinneyLove Eze on social media
https://www.instagram.com/chinneyloveezeprods/?igshid=1pqsad6axjql8
https://www.instagram.com/chinneyloveeze_prods/?igshid=14m1h8iqx7d7h
https://www.facebook.com/chinneyloveezeprods/

Watch 

We are  your hub for quality and premium contents.",UCnZ28GESUBXyZSIvzcs1RXA,ChinneyLoveEze Tv,829000,160,2025-08-26T18:56:58Z,94.7,8657046,66978.0,3082.0,True,False,True,2026-10-06
egbuson_ademoye,Timini Egbuson,Bimbo Ademoye,DdVXDaoACqE,"CRAZY BEST FRIENDS - (STARRING TIMINI EGBUSON, BIMBO ADEMOYE, CYNTHIA CLARKE ) - 2026 Latest Movie","She hides her illness from her sister, sacrificing her own happiness to protect her from pain. But while she quietly does everything to shield her, her sister remains concerned about the wrong person, never realizing the truth until it is too late. #nollywoodmovies #nollywood #nollywoodmovie #nollywoodnewmovie #nollywoodfilm #nollywoodlatest #nollywoodcinema #africancinema #mustwatchmovies #recommended #timiniegbuson #bimboademoye",UCo8w1uojXp22N2GiLkk7vtg,NOLLYWOOD MOVIES ,4890,706,2026-09-28T20:00:06Z,156.6,6018,8.0,0.0,True,True,True,2026-10-06
egbuson_ademoye,Timini Egbuson,Bimbo Ademoye,B5EVgSHrMto,"MY 30TH WEDDING. STARRING BIMBO ADEMOYE,TIMINI EGBUSON, 2026 LATEST ROMANCE MOVIE.","MY 30TH WEDDING. STARRING BIMBO ADEMOYE,TIMINI EGBUSON, 2026 LATEST ROMANCE MOVIE...
#fypシ #viralshorts #fypシ゚ #fypシ #newmovies",UC2eILl3MM4tW70pkCBx5x_Q,Nolly topnotch,3870,24,2026-10-02T13:00:04Z,94.7,31,1.0,0.0,True,True,True,2026-10-06
egbuson_ademoye,Timini Egbuson,Bimbo Ademoye,sH6dqFhUZxA,FINALLY MINE - BIMBO ADEMOYE - TIMINI -NIGERIAN -NIGERIAN MOVIES 2025 LATEST  FULL MOVIES #trending,"After years of near misses, heartbreaks, and fate’s cruel timing, Tami and Leo finally found their way back to each other. They had been best friends in college — inseparable — until life pulled them in opposite directions. She moved to another city to chase her dream of becoming an interior designer; he stayed behind to support his family’s business.

Years later, a twist of fate brought Leo to the very design firm where Tami now worked. The moment their eyes met again, the memories came rushing back — the laughter, the late-night talks, the unspoken love they’d both buried deep.










nollywoodmovies,nigerianmovies,africanmovie,lovemovies,emotionalmovies,2025movie,lates2025movies,mauricesamtv,ruthkadiri247,mauricesammovies2025,romancemovie,lovemovie,bimboademoyetv,UK,USA,JAMAICA,CANADA,Omoniobolitv


































#nigerianmovies #africanmovies #latestnollywoodmovies2025 #nollywoodmovies #newmovies#mauricesam #bimboademoye  #ruthkadiri247#mauricesammovies2025 #l",UCNIOKFJV-oODa31zUhlNCuA,White Gold Pictures Tv,103000,1935,2025-10-23T15:45:06Z,150.3,459525,986.0,33.0,True,True,True,2026-10-06
egbuson_ademoye,Timini Egbuson,Bimbo Ademoye,xMDCnoqe5m4,"LOVE FOREVER (TIMINI EGBUSON, BIMBO ADEMOYE,UCHE MONTANA ) Latest Nigerian Movie 2025","#blackmoviestv 

Love is a beautiful thing, it can heal broken hearts when you fall in love with the right person. Love exists so much among these two so into each other until circumstance changed everything. It's a must-watch. Relax and enjoy this piece.


#blackmoviestv #youtube  #MYPREGNANTSIDECHICK #uchemontanamovies #uchemontana  #uchennambunabo  #stephaniebassey   #mauricesamtv   #movies #usa #unitedstates #   #mauricesam",UCaoyvHOxmdmqa4Q99dNbmpA, BLACK MOVIES TV,830000,2131,2025-12-26T12:01:48Z,94.1,221760,702.0,49.0,True,True,True,2026-10-06
egbuson_ademoye,Timini Egbuson,Bimbo Ademoye,4GgS_ZEIiro,SIBE MY EVERYTHING - TIMINI EGBUSON - BIMBO ADEMOYE -  LATEST 2026 NIGERIAN MOVIES  #trending #movie,"Latest nigeriannollywoodmovies #African movies #nollywood #nigerianmovies2026






A drama exploring the turbulent relationship between a wealthy guardian and an irresponsible beneficiary. After a series of reckless actions causes chaos, the guardian forces the beneficiary to apologize to a commercial driver whose vehicle was wrongly taken. This confrontation forces a difficult journey toward accountability.







#nigerianmovies #africanmovies #latestnollywoodmovies2026 #nollywoodmovies #newmovies#mauricesam #new  #film #movie #bimboademoye  #ruthkadiri247#mauricesammovies2026 #lovestorymovie #nigerianmovies #nollywoodmovies #2026movies #africanmovie #lates2026movies #romancemovie #lovemovie#UK#USA#CANADA#JAMAICA#",UCNIOKFJV-oODa31zUhlNCuA,White Gold Pictures Tv,103000,1935,2026-08-25T18:00:06Z,115.6,321358,1004.0,52.0,True,True,True,2026-10-06
egbuson_ademoye,Timini Egbuson,Bimbo Ademoye,uLsTly6d4aE,"HIS OTHER WIFE - TIMINI EGBUSON, BIMBO ADEMOYE, Nigerian Movies 2026 Latest Full Movies","In This Nigerian Movie Starring: Micheal Dappa, Chisom Agoawuike, Victor Igwe

#nigerianmoviestars  #africanmovies #nollywoodmovies
#nigerianmovies #africanmovies #nollywoodmovies#uchennamontana #chinenyennebe #premiumafricanmovies Tv  #blackmoviestv #youtube #MYPREGNANTSIDECHICK #my30thwedding #uchemontana #uchemontanamovies #bimboademoye #bimboademoyetv #timiniegbuson #uchennambunabotv #uchennambunabomovies #usa #unitedstates #canada #stephaniebassey #mauricesamtv #movies #mauricesam #inspirationalquotes #newrelease #viral #thebossvirgin #2026latestromancemovie #nigerianmovies2026africanmovies #nigerianmovies2026latestfullmovies #babarextv #nosarex #ruthkadiri247 #ruthkadiri 

Don't miss this Nigerian Nollywood movies. Excited about a lesson that could be learned and lots of suspense. Remember to share with your loved ones and friends.",UCWdoq_-fFKwYVZGbGpcDdDw,PREMIUM AFRICAN MOVIES TV,16200,720,2026-10-06T09:15:35Z,106.8,28,0.0,0.0,True,True,True,2026-10-06
egbuson_ademoye,Timini Egbuson,Bimbo Ademoye,ybHoo2Hup0s,"MY 30TH WEDDING, FEATURING BIMBO ADEMOYE, TIMINI EGBUSON.","she thought she knew everything about the man she had spent her life with. Their journey had been filled with love, sacrifices, difficult moments, and unforgettable memories.
But on the anniversary of their 30th wedding, a shocking revelation comes to light—one that forces her to question everything she thought she knew about her marriage.
Was their love truly what it seemed? And can a marriage that has survived for three decades survive one devastating secret?
Watch this emotional and captivating drama filled with love, marriage, secrets, betrayal, and unexpected revelations.
❤️ Like, comment, and subscribe for more captivating African movie stories.
#My30thWedding #AfricanMovie #MarriageStory #LoveAndMarriage #FamilyDrama #Nollywood #AfricanStories #Drama",UCGC-cLCE-vg7AOlAS3qnzJw,Yollyhood TV,430,74,2026-10-02T08:29:11Z,102.7,36,0.0,0.0,True,True,True,2026-10-06
egbuson_ademoye,Timini Egbuson,Bimbo Ademoye,JkcFr4UVMiE,"OUR DATE FOR VALENTINE(BIMBO ADEMOYE, TIMINI EGBUSON, UCHE MONTANA)Latest Nigerian Movie 2025","#blackmoviestv

Love is a beautiful thing, it can heal broken hearts when you fall in love with the right person. Love exists so much among these two so into each other until circumstance changed everything. It's a must-watch. Relax and enjoy this piece.


#blackmoviestv #youtube  #OURDATEFORVALENTINE #bimboademoye #uchemontanamovies #timiniegbuson",UCaoyvHOxmdmqa4Q99dNbmpA, BLACK MOVIES TV,830000,2131,2025-01-29T15:30:11Z,157.6,3744100,24006.0,1097.0,True,True,True,2026-10-06
egbuson_ademoye,Timini Egbuson,Bimbo Ademoye,zZ4AzqSx--I,A LOVE IN ASCENDANCE -TIMINI EGBUSON-BIMBO ADEMOYE-NIGERIAN MOVIES 2026 LATEST FULL MOVIES #trending,"She just wanted a place to clear her head, a place where she could forget every other thing going on in her life, her family, and all the guilt she feels for the loss of her mother.








nollywoodmovies,nigerianmovies,africanmovie,lovemovies,emotionalmovies,2025movie,lates2025movies,mauricesamtv,ruthkadiri247,mauricesammovies2025,romancemovie,lovemovie,bimboademoyetv,UK,USA,JAMAICA,CANADA,Omoniobolitv


























#nigerianmovies #africanmovies #latestnollywoodmovies2025 #nollywoodmovies #newmovies#mauricesam #bimboademoye  #ruthkadiri247#mauricesammovies2025 #lovestorymovie #nigerianmovies #nollywoodmovies #2025movies #africanmovie #lates2025movies #romancemovie #lovemovie#UK#USA#CANADA#JAMAICA#",UCNIOKFJV-oODa31zUhlNCuA,White Gold Pictures Tv,103000,1935,2026-02-14T20:45:06Z,93.2,8571,56.0,5.0,True,True,True,2026-10-06
egbuson_ademoye,Timini Egbuson,Bimbo Ademoye,wddWk5RgA6Y,"YOUR EX MY MAN (BIMBO ADEMOYE, TIMINI EGBUSON, KIEKIE )Latest Nigerian Movie 2026","#blackmoviestv 

Love is a beautiful thing, it can heal broken hearts when you fall in love with the right person. Love exists so much among these two so into each other until circumstance changed everything. It's a must-watch. Relax and enjoy this piece.


#blackmoviestv #youtube  #YOUREXMYMAN #uchemontanamovies #uchemontana #bimboademoye #timiniegbuson #BIMBOADEMOYEMOVIES  #uchennambunabo  #chiomanwosu    #mauricesamtv   #movies #usa #unitedstates #   #mauricesam #kenya #unitedkingdom #bimboademoye",UCaoyvHOxmdmqa4Q99dNbmpA, BLACK MOVIES TV,830000,2131,2026-08-19T12:00:15Z,116.0,29645,112.0,8.0,True,True,True,2026-10-06
egbuson_ademoye,Timini Egbuson,Bimbo Ademoye,5PEOMIu9ddI,"HELLO POT  - TIMINI EGBUSON, UCHE MONTANA, FRANCESS NWAQBUNIKE, MORGAN NWAMBA, TONY AKPOSHERI","#ruithkadiri #ruthkadiri247 #eddiewatson #nollywood #nollywoodmovies #latestnollywoodmovies2023 #mauricesammovies #mauricesam

-~-~~-~~~-~~-~-
Please watch: ""LOVE ON ICE - HOW FAR WILL YOU GO TO PROTECT YOUR FAMILY #movie"" 
https://www.youtube.com/watch?v=RBz2F0xEXMY
-~-~~-~~~-~~-~-",UCjcFNZE51DmSrGYBqixs0Ug,RuthKadiri247,4100000,325,2024-05-10T21:19:36Z,99.8,10732344,109693.0,7651.0,True,False,True,2026-10-06
egbuson_ademoye,Timini Egbuson,Bimbo Ademoye,jke4M0TDO5M,"THE LOVE I WAITED FOR - BIMBO ADEMOYE, TIMINI EGBUSON - Nigerian Movie","In This Nigerian Movie...
A desperate wife is ready to do anything to protect her marriage





















#nigerianmovies #nollywoodmovies #familytiescinema #newmovies",UCjLl-Mwc0VbgrdJiMnzi9Lg,FamilyTies Cinema,363000,1287,2025-08-13T11:15:06Z,101.7,2017585,6375.0,228.0,True,True,True,2026-10-06
egbuson_ademoye,Timini Egbuson,Bimbo Ademoye,GwQMu4UK4lc,"MY 30TH WEDDING PART 2 - BIMBO ADEMOYE, TIMINI EGBUSON  2026 LATEST NIGERIA MOVIE","Subscribe now for the latest Nollywood movie - https://www.youtube.com/channel/UCFK3Dro7uEBlFv4KKLLAUrg?sub_confirmation=1

Stay connected and watch the best of Nigerian Movies , Latest Nollywood Movies. Watch the  best of Nollywood actors,, best of Mercy Johnson, best Of Ken Erics, best of , Destiny Etiko, Yul Edochie, Ebele Okaro, Uju Okoli, Ngozi Ezeonu, Zubby Michael, Jerry Williams in Latest Nollywood movies, action, Romance, Drama, epic, Only on NollywoodBustop Tv. YouTube best of Nollywood Channel. See Clips, trailer's, behind the scenes and exclusives Nollywood latest Movies.

#Nigerianmovies #Ghanamovies #Nollywoodmovies #trending",UCFK3Dro7uEBlFv4KKLLAUrg,NollywoodBustop Tv,5930,456,2026-10-04T15:30:00Z,133.6,33,0.0,0.0,True,True,True,2026-10-06
egbuson_ademoye,Timini Egbuson,Bimbo Ademoye,IqZeuSc_rik,"ODD OF LOVE (BIMBO ADEMOYE, TIMINI EGBUSON, UCHE MONTANA)Latest Nigerian Movie 2024","#blackmoviestv

Love is a beautiful thing, it can heal broken hearts when you fall in love with the right person. Love exists so much among these two so into each other until circumstance changed everything. It's a must-watch. Relax and enjoy this piece.


#blackmoviestv #youtube  #ODDOFLOVE #bimboademoye #uchemontanamovies #timiniegbuson",UCaoyvHOxmdmqa4Q99dNbmpA, BLACK MOVIES TV,830000,2131,2024-12-13T15:30:06Z,150.3,1152083,4878.0,211.0,True,True,True,2026-10-06
egbuson_ademoye,Timini Egbuson,Bimbo Ademoye,0jaxZ2qRXT0,"LOVE AFTER BETRAYAL - Bimbo Ademoye, Timini Egbuson 2026 latest full movie ","Love After Betrayal 💔❤️ — When trust is broken, can love survive? Watch this emotional Nollywood movie moment filled with love, betrayal, heartbreak, and unexpected choices. Will they forgive each other, or is their relationship over for good?

Watch till the end for the unexpected twist. 🎬
  
#bimboademoye #timiniegbuson #nigerianmovies #latestmovies #2026fullmovies",UCZJe5Er4d6zcMQXDTKNAYpQ,NollyCraze TV,85,5,2026-09-20T19:48:31Z,74.1,4,0.0,0.0,True,True,True,2026-10-06
egbuson_ademoye,Timini Egbuson,Bimbo Ademoye,PYdZyAmiEKM,FALLING FOR YOU - BIMBO ADEMOYE | TIMINI EGBUSON  | 2026 LATEST NIGERIAN MOVIE,"#nigerianmovies #nollywoodmovies #Nollyhubstudio #uchemontanamovies 
A Lie for Shelter — but how long before the truth finds her






#nigerianmovies#nollywoodmovies#africanmovies#latestnollywoodmovies2025#2025movies#latestnigerianmovies#CANADA#USA#UK#JAMIACA#TRINIDA&TOBAGO#",UCj0YosBnnYfXHn2mhG4k0PQ,NOLLYWOOD HUB STUDIO,79600,1655,2026-06-14T04:01:24Z,96.5,20488,96.0,4.0,True,True,True,2026-10-06
egbuson_ademoye,Timini Egbuson,Bimbo Ademoye,0O6RYtb9-Jg,"LOVE AND DESIRES |TIMINI EGBUSON, BIMBO ADEMOYE, UZOR ARUKWE",,UCho1OhWGq8vXPuBUQjiSBzA,Nolly Movies Lounge,1,39,2026-08-21T23:45:29Z,77.0,14,0.0,0.0,True,True,True,2026-10-06
egbuson_ademoye,Timini Egbuson,Bimbo Ademoye,vYP9_Ib7YZE,"MY WEDDING NIGHT STARRING BIMBO ADEMOYE,TIMINI EGBUSON, 2026 LATEST ROMANCE MOVIE","This Interesting Nollywood movie tells the story of a

#NollywoodMovies #NigerianMovies #AfricanMovies #VillageMovies #RoyalMovies #FamilyDrama #LoveStory #Nollywood #AfricanCinema #TrendingMovies
Please Click on this link -   to Subscribe to this channel As We Bring The Best Of Nigerian Movies To Africans Leaving In The UNITED STATES OF AMERICA (USA),  CANADA,GERMANY, UNITED KINGDOM(UK), JAMAICA, Trinidad & Tobago And Other Countries Of The World



























wanni and handi",UCSrXyc5AYMMA4WMHbT0vrYQ,Ant View Studio,4870,400,2026-10-05T09:48:36Z,46.5,866,2.0,0.0,True,True,False,2026-10-06
egbuson_ademoye,Timini Egbuson,Bimbo Ademoye,Z8ewJMHupoc,"TEARS BEFORE HALLELUJAH  (BIMBO ADEMOYE, TIMINI EGBUSON, MAURICE SAM)Latest Nigerian Movie 2025","#blackmoviestv 

Love is a beautiful thing, it can heal broken hearts when you fall in love with the right person. Love exists so much among these two so into each other until circumstance changed everything. It's a must-watch. Relax and enjoy this piece.


#blackmoviestv #youtube  #TEARSBEFOREHALLELUJAH #uchemontanamovies #uchemontana  #uchennambunabo  #bimboademoye #BIMBOADEMOYEANDTIMINI  #mauricesamtv   #movies #usa #unitedstates #   #mauricesam",UCaoyvHOxmdmqa4Q99dNbmpA, BLACK MOVIES TV,830000,2131,2025-11-10T15:30:31Z,150.3,35097,134.0,10.0,True,True,True,2026-10-06
egbuson_ademoye,Timini Egbuson,Bimbo Ademoye,B1hE0D0Alaw,"EMERGENCY WIFE -  Timini Egbuson, Bimbo Ademoye, Angel Unigwe 2025 Nigerian Movie","Watch the best of 2024 EXCLUSIVE NOLLYWOOD MOVIES here On  @shinenollytv4232  


#nigerianmovies#nollywoodmovies 


TEENAGE SOULMATE",UCtXUfd3IFWh9V9tLWEy-jjQ,Shine Nolly tv,203000,488,2025-12-29T17:00:17Z,84.3,7080,43.0,3.0,True,True,True,2026-10-06
egbuson_ademoye,Timini Egbuson,Bimbo Ademoye,9mZ2PQHhR3Q,"DEAR FUTURE WIFE - TIMINI EGBUSON, BIMBO ADEMOYE - Nigerian Movie Latest Full Movies","In This Nigerian Movie,
Starring: Detola Jones, Taye Arimoro, Osereme Inegbenebor


























































#nigerianmovie #latestmovies #cinema",UCcI-jVgTnd2FkW_Omdoc0rQ,MorningStar Cinema Movies,112000,929,2026-09-12T15:30:05Z,112.4,47228,110.0,1.0,True,True,True,2026-10-06
egbuson_ademoye,Timini Egbuson,Bimbo Ademoye,gAU11qZYWjs,"THE VIRGIN INLOVE (BIMBO ADEMOYE, TIMINI EGBUSON, EGO NWOSU )Latest Nigerian Movie 2026","#blackmoviestv 

Love is a beautiful thing, it can heal broken hearts when you fall in love with the right person. Love exists so much among these two so into each other until circumstance changed everything. It's a must-watch. Relax and enjoy this piece.


#blackmoviestv #youtube  #MYPREGNANTSIDECHICK #uchemontanamovies #uchemontana  #uchennambunabo  #stephaniebassey   #mauricesamtv   #movies #usa #unitedstates #   #mauricesam",UCaoyvHOxmdmqa4Q99dNbmpA, BLACK MOVIES TV,830000,2131,2026-09-04T17:30:30Z,91.2,22973,63.0,4.0,True,True,True,2026-10-06
egbuson_ademoye,Timini Egbuson,Bimbo Ademoye,HnIVXorPMxg,OUR PERFECT WEDDING - BIMBO ADEMOYE & TIMINI EGBUSON | BEST NOLLYWOOD MOVIE 2026.,"WE MAKE THE BEST VIDEOS, KINDLY SUBSCRIBE, LIKE, COMMENT AND SHARE FOR QUALITY VIDEOS.",UC9LSh7fTssJiCLOrPudv9HQ,Okubo TV ,1480,36,2026-10-05T17:02:55Z,82.2,6,,,True,True,True,2026-10-06
egbuson_ademoye,Timini Egbuson,Bimbo Ademoye,-Z-yGByMoco,SWEET IN THE MIDDLE (TIMINI EGBUSON BIMBO ADEMOYE) - nigerian movies 2026 latest full Movies,#latestnollywoodmovies #nigerianmovies#africanmovies#nollywoodmovieslatest,UCxpJFSMbadYaDA7sRMUGafg,NOLLYTOUCH STUDIOS,193000,999,2026-05-27T14:00:07Z,96.5,55389,200.0,8.0,True,True,True,2026-10-06
egbuson_ademoye,Timini Egbuson,Bimbo Ademoye,TN4B3Dg8mfs,"JUST RELEASED TODAY|UCHE MONTANA, TIMINI EGBUSON,BIMBO ADEMOYE| STRUGGLES WITH MY WIVES-African MoV","In This Video,
Cast: 

 #naijamoviegalaxy #nollywoodmovies #trending #africanmovies


Please Click on this link -   to Subscribe to this channel As We Bring The Best Of Nigerian Movies To Africans Leaving In The UNITED STATES OF AMERICA (USA),  CANADA,GERMANY, UNITED KINGDOM(UK), JAMAICA, Trinidad & Tobago And Other Countries Of The World",UCR-UTYhb9Yf55BWLR9xggnQ,Naija Movie Galaxy,2930,394,2026-09-13T18:00:09Z,56.7,28610,55.0,0.0,True,True,False,2026-10-06
egbuson_ademoye,Timini Egbuson,Bimbo Ademoye,STGthhnwaow,"LOLA'S GIFT - Timini Egbuson, Bimbo Ademoye, Ekene Umenwa 2025 Nigerian Movie","Watch the best of 2024 EXCLUSIVE NOLLYWOOD MOVIES here On  @shinenollytv4232  


#nigerianmovies#nollywoodmovies 


SMOLDERING FIRE",UCtXUfd3IFWh9V9tLWEy-jjQ,Shine Nolly tv,203000,488,2025-11-13T17:00:47Z,138.9,716802,4146.0,110.0,True,True,True,2026-10-06
egbuson_ademoye,Timini Egbuson,Bimbo Ademoye,7RWb24HWVqE,"MY 30TH WEDDING PARTY (Timini Egbuson, Bimbo Ademoye) - Brand New 2026 Nigerian Movie",#Nollywoodtvstudio #africanmovies #mauricesam #ruthkadirifilms #chinenyennebe #lovedontcostathing #nigerianmovies2023latestfullmovies #ruthkadiri #ruthkadiri247,UCo-KiSpW1UMCnBN2o0iJLwg,NOLLYWOOD TV STUDIO,435000,2110,2026-10-02T18:00:15Z,127.4,7338,15.0,0.0,True,True,True,2026-10-06
egbuson_ademoye,Timini Egbuson,Bimbo Ademoye,9dbTEzc_-yM,Perfect Chemistry - BIMBO ADEMOYE TIMINI EGBUSON - Nigerian Movies,"Love is a wonderful thing; it can mend even the most shattered hearts when you meet the right person. The bond between these two is intense, completely drawn to each other, until life suddenly changes everything.

Starring: Timini Egbuson, Bimbo Ademoye
















#nigerianmovies2025latestfullmovies #latestnollywoodmovies2025 #africanmovies #nigerianmovies #africanrokstv",UCP1ZksS1Kntsd1L2Ec-qOtA,AFRICAN ROKS TV ,100000,1064,2026-04-15T17:15:00Z,73.6,4545,30.0,4.0,True,True,True,2026-10-06
egbuson_ademoye,Timini Egbuson,Bimbo Ademoye,eo_Iuu1_hSo,"THE CHEF I LOVE--BIMBO ADEMOYE, TIMINI EGBUSON- Latest Nigerian Movie 2026 #trending #Movies","#blackmoviestv
Genuinely Loved
Love is a beautiful thing, it can heal broken hearts when you fall in love with the right person. Love exists so much among these two so into each other until circumstance changed everything. It's a must-watch. Relax and enjoy this piece.


#blackmoviestv #youtube  #",UCaoyvHOxmdmqa4Q99dNbmpA, BLACK MOVIES TV,830000,2131,2026-09-22T00:02:13Z,81.2,7418,28.0,0.0,True,True,True,2026-10-06
egbuson_ademoye,Timini Egbuson,Bimbo Ademoye,nYrynyYuKDU,DANGEROUS AFFAIR - BIMBO ADEMOYE | TIMINI EGBUSON | 2026 LATEST NIGERIAN MOVIE  #trending #Movies,"#nigerianmovies #africanmovies #latestnollywoodmovies
#latestnollywoodmovies #nigerianmovies#africanmovies#nollywoodmovieslatest

Welcome to NOLLYWOOD HUB STUDIO 🎬

NOLLYWOOD HUB STUDIO is your home for the best Nollywood and Ghanaian movies, packed with action, drama, suspense, romance, and unforgettable stories. Our goal is to bring you exciting African movies and entertaining content that will keep you watching from beginning to end.

On this channel, you will enjoy:
• Latest Nollywood movies
• Ghanaian blockbuster movies
• Action-packed and emotional stories
• Entertaining African film content

If you love African movies, then you are in the right place!

👉 Don’t forget to LIKE, COMMENT, and SUBSCRIBE to support the channel and stay updated whenever we upload new movies.

Click here to subscribe and watch more amazing content:
youtube.com/channel/UCj0YosBnnYfXHn2mhG4k0PQ/

Thank you for being part of the NOLLYWOOD HUB STUDIO family ❤️",UCj0YosBnnYfXHn2mhG4k0PQ,NOLLYWOOD HUB STUDIO,79600,1655,2026-06-23T11:45:06Z,90.5,30792,101.0,6.0,True,True,True,2026-10-06
egbuson_ademoye,Timini Egbuson,Bimbo Ademoye,_k2v675lYIU,Did you see the big announcement from Bimbo Ademoye and Timini Egbuson #bimboademoye #timiniegbuson,Did you see the big announcement from Bimbo Ademoye and Timini Egbuson #bimboademoye #timiniegbuson #new #news #video #viralvideo #viral,UCqyQ1_IfzJOv0jdZjHyC-WA,Gist with Sandy ,2020,446,2026-10-03T22:25:05Z,20.6,187,2.0,0.0,True,True,False,2026-10-06
etimeffiong_ademoye,Daniel Etim-Effiong,Bimbo Ademoye,-1py8UMak4k,"CHAOS NEXT DOOR - DANIEL ETIM EFFIONG, BIMBO ADEMOYE 2026 Latest Nollywood New Movie","CHAOS NEXT DOOR - DANIEL ETIM EFFIONG, BIMBO ADEMOYE 2026 Latest Nollywood New Movie

SUBSCRIBE NOW https://www.youtube.com/channel/UC0M6BJj039bknQaHNiiOekA/?sub_confirmation=1

Discover Pocket Broker today! Click https://pocketo.click/poww?inf=FAM2026&number=2&int=2
and apply promo code FAM2026 to receive a 100% bonus on your first deposit.

Watch out for this lovely romantic movie.

NOLLY FAMILYTV PRODUCES BEST NOLLYWOOD MOVIES THAT ENTERTAINS AND EDUCATES ABOUT LIFE, MARRIAGE/RELATIONSHIP AND THE REAL AFRICAN CULTURE. 

WE GO EXTRA MILES IN MAKING SURE OUR AUDIENCE ARE SERVED THRILLING MOVIES WHILE AT THE SAME TIME TEACHING AND MAINTAINING THE VALUES OF AFRICAN CULTURE.

PLEASE DONT FORGET TO LIKE, SHARE AND COMMENT BELOW.
SUBSCRIBE TO NOLLY FAMILYTV TO ENJOY LATEST INTERESTING AND INFORMATIVE NOLLYWOOD HOME MOVIE. 

GOD BLESS YOU.

#chaosnextdoor #danieletimeffiong #bimboademoye #newmovie
#nigerianmovies #nollywoodmovies #latestmovies #latestmovie
#2026movies #nollyfamilytv #nollyw",UC0M6BJj039bknQaHNiiOekA,NollyFamily tv,1670000,600,2026-05-08T16:00:00Z,105.7,8721911,90554.0,6973.0,True,True,True,2026-10-06
etimeffiong_ademoye,Daniel Etim-Effiong,Bimbo Ademoye,utt53Vpdsx8,"LOVE IN TRANSIT - New Nigerian Movie starring Bimbo Ademoye, Daniel Etim, Ayanime Edem",,UCVVs7iCZgDTBi7nPs4m4ksg,Uduak Isong TV,814000,145,2025-04-20T16:00:20Z,112.7,7907717,85760.0,6481.0,False,True,True,2026-10-06
etimeffiong_ademoye,Daniel Etim-Effiong,Bimbo Ademoye,h5eUMVZByYo,"STAY WITH ME - New Nigerian Movie starring Daniel Effiong, Bimbo Ademoye ",,UCVVs7iCZgDTBi7nPs4m4ksg,Uduak Isong TV,814000,145,2025-11-19T16:00:57Z,90.5,2778501,23760.0,1710.0,False,True,True,2026-10-06
etimeffiong_ademoye,Daniel Etim-Effiong,Bimbo Ademoye,m_L6yVcdaU8,A SILENT HUSBAND|| DANIEL ETIM EFFIONG BIMBO ADEMOYE||-2026 Nigerian Movies Latest Full Movies,"#danieletim #bimboademoye 



























In This Nigerian Movie When a man and a woman have an explosive, deeply unpleasant showdown in a supermarket aisle, a bystander’s video explodes across the internet. Overnight, they are the most talked-about enemies online. At the clever insistence of a friend, they decide to swallow their pride, cash in on the viral fame, and fake a relationship for the views. But as the cameras roll and the boundaries blur, their manufactured chemistry turns into something undeniably real.





































































































































































































































































































































#Nollywoodmovies #Nigerianmovies #trendynollywoodmovies #latestnigerianmovies #latestnigerianmovies2025#Nollywavecinema#nigerianfilms#African",UCFosnPFFdv6wD1w4ZNH1zZw,NOLLYWAVE CINEMA ,9180,624,2026-07-30T11:45:06Z,119.9,337925,1200.0,62.0,True,True,True,2026-10-06
etimeffiong_ademoye,Daniel Etim-Effiong,Bimbo Ademoye,qtj9_Fm3hik,HERE COMES THE BRIDE - Nigerian Movies 2025 Latest Full Movies,"Kamara, a popular celebrity, discovers at her traditional wedding day that her intended groom is a chronic cheat. Hurt, betrayed and desperate to save face and her brand, she carries on with the wedding but with another groom. Her decision spirals out of control, endangering her brand and a big account she just signed on. What gives? Reveal the truth or maintain the lie?

This Nollywood film delves into the complexities of love and relationships, making it a standout among Nigerian movies. As one of the latest additions to Nollywood movies, HERE COMES THE BRIDE is a touching African movie that beautifully blends romance and drama.

HERE COMES THE BRIDE is a new movie that showcases the profound storytelling and emotional depth characteristic of Nollywood films. If you're in the mood for romantic movies, this full movie is the perfect choice. It's part of the exciting lineup of nigerian movies 2025 latest full movies and Nigerian Movies 2024 Latest Full Movies offering a fresh perspecti",UCHtfUf-9779RPujVXixJ7Tw,Royal Arts TV,705000,744,2025-04-03T16:01:08Z,94.6,8389374,92533.0,7826.0,True,False,True,2026-10-06
etimeffiong_ademoye,Daniel Etim-Effiong,Bimbo Ademoye,modAD9y-9Tw,"BROKEN HALLELUJAH..STARRING BIMBO ADEMOYE, DANIEL ETIM EFFIONG, ESO DIKE. LATEST 2025 MOVIE",,UCneM4DHHUWMVwmYktz8X46g,Bimbo Ademoye TV,1840000,118,2025-04-18T13:01:32Z,147.9,12919373,244103.0,45975.0,True,True,True,2026-10-06
etimeffiong_ademoye,Daniel Etim-Effiong,Bimbo Ademoye,qNHF0Dyo9Tw,"FAME AND FURY. STARRING DANIEL ETIM EFFIONG, BIMBO ADEMOYE, UZOR ARUKWE.  LATEST NIGERIAN MOVIE 2024",,UCneM4DHHUWMVwmYktz8X46g,Bimbo Ademoye TV,1840000,118,2024-11-08T11:05:00Z,108.3,11152340,175323.0,19905.0,True,True,True,2026-10-06
etimeffiong_ademoye,Daniel Etim-Effiong,Bimbo Ademoye,ilb-K3vUXp8,UNUSUAL LOVE - Bimbo Ademoye and Daniel Etim find love in an unusual place in this Nollywood movie,,UCVVs7iCZgDTBi7nPs4m4ksg,Uduak Isong TV,814000,145,2024-04-03T16:00:51Z,109.0,6210553,56740.0,3738.0,False,True,True,2026-10-06
etimeffiong_ademoye,Daniel Etim-Effiong,Bimbo Ademoye,jrlFE0MPTtM,"BECOMING - New Nollywood Movie starring Bimbo Ademoye, Daniel Etim Effiong, Baaj Adebule, Obey Etok",,UCVVs7iCZgDTBi7nPs4m4ksg,Uduak Isong TV,814000,145,2026-08-27T15:59:13Z,113.8,2661609,17107.0,1206.0,True,True,True,2026-10-06
etimeffiong_ademoye,Daniel Etim-Effiong,Bimbo Ademoye,8KnVoMk9y7o,TESTED HEARTS||DANIEL ETIM EFFIONG BIMBO ADEMOYE||-2026 Nigerian Movies Latest Full Movies,"#danieletim #bimboademoye 
In This Nigerian Movie Her world collapses on the night of her partner's birthday when a horrific car accident wipes away his memory. But the real nightmare begins at the hospital bedside when a stranger walks in—claiming to be his legal wife. Devastated to learn the man she loved was living a double life, she is forced to navigate betrayal, heartbreak, and a man who no longer remembers either of them, deciding whether to fight for a ruined love or walk away forever.








































































































































































































































































































































































































































































#Nollywoodmovies #Nigerianmovies #trendynolly",UCFosnPFFdv6wD1w4ZNH1zZw,NOLLYWAVE CINEMA ,9180,624,2026-09-02T22:45:06Z,102.0,20455,46.0,4.0,True,True,True,2026-10-06
etimeffiong_ademoye,Daniel Etim-Effiong,Bimbo Ademoye,Y9XNidrxS88,FINDING US - Watch Bimbo Ademoye and Daniel Etim in this New Nigerian 2025 Movie. ,,UCVVs7iCZgDTBi7nPs4m4ksg,Uduak Isong TV,814000,145,2025-10-11T16:59:16Z,118.6,2717799,30749.0,1706.0,False,True,True,2026-10-06
etimeffiong_ademoye,Daniel Etim-Effiong,Bimbo Ademoye,WnPcQVAeiWY,SELINA - Nollywood Romantic Comedy starring Bimbo Ademoye and Daniel Etim Effiong | Part 1.,She's a local cook with big dreams. Will they come true? Selina is written and produced by Uduak Oguamanam and directed by Bunmi Akingbola.,UCVVs7iCZgDTBi7nPs4m4ksg,Uduak Isong TV,814000,145,2022-05-17T15:00:18Z,89.3,9598224,90570.0,6435.0,True,True,True,2026-10-06
etimeffiong_ademoye,Daniel Etim-Effiong,Bimbo Ademoye,MpupvN7iYNo,BEYOND HER PAST||BIMBO ADEMOYE DANIEL ETIM EFFIONG||- 2026 Nigerian Movies Latest Full Movies,"#bimboademoye #danieletim 
In This Nigerian Movie A dramatic story where a couple faces intense familial pressure to conceive within a strict deadline. Amidst desperate measures and health challenges, their relationship is pushed to the limit by interfering in-laws and village expectations.




















































































































































































































































































































































































































































































































































































































































































































#Nollywoodmovies",UCFosnPFFdv6wD1w4ZNH1zZw,NOLLYWAVE CINEMA ,9180,624,2026-09-09T22:45:06Z,114.1,57533,115.0,6.0,True,True,True,2026-10-06
etimeffiong_ademoye,Daniel Etim-Effiong,Bimbo Ademoye,WCLMQUX_2bQ,HEART FOR YOU - BIMBO ADEMOYE / DANIEL EFFIONG ETIM / - A NIGERIAN MOVIE,,UCnpqThqbGRRvJSLCPuv2Neg,Aforevo Entertainment TV,6200,75,2026-09-18T22:45:10Z,82.0,21137,,7.0,False,True,True,2026-10-06
etimeffiong_ademoye,Daniel Etim-Effiong,Bimbo Ademoye,0_JzNVzFukE,"MY 30TH WEDDING.  STARRING BIMBO ADEMOYE,TIMINI EGBUSON, 2026 LATEST ROMANCE MOVIE.",,UCneM4DHHUWMVwmYktz8X46g,Bimbo Ademoye TV,1840000,118,2026-10-01T14:00:18Z,150.0,15410471,289933.0,40471.0,False,True,True,2026-10-06
etimeffiong_ademoye,Daniel Etim-Effiong,Bimbo Ademoye,fnVBWWKa8MM,She Could Buy Any Man... Until She Fell in Love | WHEN MOREMI FALLS (Full Movie),"Bimbo Akintola and Daniel Etim Effiong star in this new romantic movie 💕

She built her life on control.

Moremi Bello is powerful, wealthy, and untouchable. After a painful betrayal in her past, she made a decision never to love, never to depend, and never to lose control again.

Men, to her, are simple: everything has a price.

Until she meets Osas.

A principled and determined man who refuses her money, her influence, and her rules. Drawn together by something deeper than either of them expected, their connection begins to challenge everything Moremi believes about love, power, and vulnerability.

But just as she begins to open her heart, the past returns to test them.

Will love survive where control once ruled?

💔 A story of power, healing, and the courage to love again.  
❤️ A reminder that real love cannot be bought.

WHEN MOREMI FALLS — Full Movie Now Showing.

#WhenMoremiFalls #FullMovie #RomanticDrama #AfricanCinema #LoveStory",UCKnp918QQ3gQIsmDXEZ0gdA,Love Story Media,209000,119,2026-04-25T17:00:50Z,91.1,3083037,34970.0,3717.0,True,False,True,2026-10-06
etimeffiong_ademoye,Daniel Etim-Effiong,Bimbo Ademoye,-FHfy-TjfYc,ROYAL SCANDAL || BIMBO ADEMOYE DANIEL ETIM EFFIONG ||-2026 Nigerian Movies Latest Full Movies,"#bimboademoye #danieletim 
In This Nigerian Movie Two flatmates navigate their contrasting views on love and relationships after a rocky first encounter between one roommate and a potential suitor. As they begin to connect, they must decide if their budding romance is worth the risk despite their different personalities.










































































































































































































































































































































































































































#Nollywoodmovies #Nigerianmovies #trendynollywoodmovies #latestnigerianmovies #latestnigerianmovies2025#Nollywavecinema#nigerianfilms#Africanmovies #2025movies #2026movies #youtubemovies#omonioboli#ruthkadiri247#mauricesamtv#sarianmariantv#fredrickleo",UCFosnPFFdv6wD1w4ZNH1zZw,NOLLYWAVE CINEMA ,9180,624,2026-08-19T19:45:06Z,74.8,294628,623.0,19.0,True,True,True,2026-10-06
etimeffiong_ademoye,Daniel Etim-Effiong,Bimbo Ademoye,bXO7rhzdxBg,"THE HELP - Full 2026 Nigerian Film - Bimbo Ademoye, Daniel Etim Effiong, Stan Nze, Pascaline Alex","THE HELP - Full 2026 Nigerian Film - Bimbo Ademoye, Daniel Etim Effiong, Stan Nze, Pascaline Alex
Nigerian movies Nollywood  latest nigerian films 

If you're looking for the best Nigerian Movies, then you've come to the right place... NOLLYWOOD MEGA TV brings you the latest Nigerian Movies. Entertain yourself with a vast range of 2025 nollywood movies, nigeran epics and Nollywood classics

Subscribe now to join our community of movie lovers, where every upload promises an unforgettable journey into the diverse and dynamic world of Nigerian cinema. Get ready to laugh, cry, and be entertained like never before!""",UCek0Bi_AeJ1WWg78WgazJWg,NOLLYWOOD MEGA TV,170000,272,2026-04-18T18:00:27Z,94.2,160356,769.0,12.0,True,True,True,2026-10-06
etimeffiong_ademoye,Daniel Etim-Effiong,Bimbo Ademoye,9DFbnVzwmyM,MY KIND OF WOMAN|| BIMBO ADEMOYE DANIEL ETIM EFFIONG||- 2026 Nigerian Movies Latest Full Movies,"#bimboademoye #danieletim 
In This Nigerian Movie  
Two sworn enemies are forced by circumstances to live together and put their differences aside. At first, their constant clashes make peace seem impossible, but as time passes, hatred slowly turns into understanding, and eventually, they fall deeply in love. Just when they believe they have found happiness, Okechukwu’s father strongly opposes their union and will stop at nothing to keep them apart. Will their love survive his father’s opposition, or will their painful past finally tear them apart?
















































































































































































































































































#Nollywoodmovies #Nigerianmovies #trendynollywoodmovies #latestnigerianmovies #latestnigerianmovies2025#Nollywavecinema#nigerianfilms#Africanmovies #2025movies #2026movies #",UCFosnPFFdv6wD1w4ZNH1zZw,NOLLYWAVE CINEMA ,9180,624,2026-08-20T19:45:06Z,115.6,146451,564.0,34.0,True,True,True,2026-10-06
etimeffiong_ademoye,Daniel Etim-Effiong,Bimbo Ademoye,VA271iYausI,"A CHEAT AND A LOVER - DANIEL ETIM EFFIONG, BIMBO ADEMOYE - Nigerian Movie","In This Nigerian Movie...
Navigating personal challenges and unspoken emotions can be challenging for newly lovebirds but in the end true love always wins.
















#nigerianmovies #nollywoodmovies #familytiescinema #newmovies",UCjLl-Mwc0VbgrdJiMnzi9Lg,FamilyTies Cinema,363000,1287,2026-09-22T01:15:07Z,96.7,11030,21.0,0.0,True,True,True,2026-10-06
etimeffiong_ademoye,Daniel Etim-Effiong,Bimbo Ademoye,Fxk-evaehas,"SELINA 2 - Nollywood romantic drama starring Bimbo Ademoye, Daniel Etim, Ehis Perfect",Selina and Reuben enjoy a lovely relationship until Reuben's sister shows up. Selina Part 3 will premiere on this channel on the 6th of October.,UCVVs7iCZgDTBi7nPs4m4ksg,Uduak Isong TV,814000,145,2022-09-29T15:00:07Z,110.1,5549021,51994.0,5447.0,False,True,True,2026-10-06
etimeffiong_ademoye,Daniel Etim-Effiong,Bimbo Ademoye,oQ43gcmeuaw,"LOVE AT ALL COST - Bimbo Ademoye, Daniel Etim Effiong, Ik Ogbonna | 2025 Latest Nigerian Full Movie","#nollywoodmovies #nigerianmovies #trending 




BENEATH HER SMILE",UCjS-CiMtgLxsGQxRw2WeY7w,NOLLYWOOD+,127000,311,2025-10-12T16:01:27Z,129.2,265223,695.0,31.0,True,True,True,2026-10-06
etimeffiong_ademoye,Daniel Etim-Effiong,Bimbo Ademoye,b_IXsqChi2s,"FOR MARRIAGE'S SAKE - BIMBO ADEMOYE, DANIEL ETIM EFFIONG - Nigerian Movie","In This Nigerian Movie...

















#nigerianmovies #nollywoodmovies #familytiescinema #newmovies",UCjLl-Mwc0VbgrdJiMnzi9Lg,FamilyTies Cinema,363000,1287,2025-11-03T11:15:06Z,82.5,174210,585.0,30.0,True,True,True,2026-10-06
etimeffiong_ademoye,Daniel Etim-Effiong,Bimbo Ademoye,Qu680shbSAw,Love Extremist || BIMBO ADEMOYE DANIEL ETIM || 2026 Nigerian Nollywood Movies,"#bimboademoye #danieletim 

He mistook her intentions for greed, not realizing her love was pure, intense, and unbreakable.

Cast: Bimbo Ademoye, Daniel Etim 




















#nigerianmovies  #latestnollywoodmovies #21stcenturynollywood #danieletim #uchemontana #bambam",UCDapjl4q1VkABYk1Uo01atw,21ST  CENTURY NOLLYWOOD,446000,1786,2026-01-30T11:15:06Z,66.0,69066,251.0,28.0,False,True,True,2026-10-06
etimeffiong_ademoye,Daniel Etim-Effiong,Bimbo Ademoye,Er1yorq4AvU,"SELINA 3 - Bimbo Ademoye, Daniel Etim continue their drama in this Nollywood Romantic Comedy","Also Starring Ehis Perfect, Ayanime Edem, Opeyemi Dada, Christian Prince. 
Written and produced by Uduak Isong.  Directed by Bunmi Akingbola.",UCVVs7iCZgDTBi7nPs4m4ksg,Uduak Isong TV,814000,145,2022-10-06T15:00:09Z,84.0,5213281,58735.0,9253.0,False,True,True,2026-10-06
etimeffiong_ademoye,Daniel Etim-Effiong,Bimbo Ademoye,-kcERcOvCXg,SELINA'S WEDDING - Watch Bimbo Ademoye and Daniel Etim celebrate love in this Nollywood drama.,"Selina's Wedding also stars Ehis Perfect, Thelma Chinwe, Emem Ufot, Opeyemi Dada, Ayanime Edem, Ivie Iveren. Written and produced by Uduak Isong, directed by Akin Tijani for Closer Pictures. Music by George Nathaniel and Slam. Nollywood Wedding",UCVVs7iCZgDTBi7nPs4m4ksg,Uduak Isong TV,814000,145,2023-10-20T16:00:00Z,100.9,6834169,71240.0,9361.0,False,True,True,2026-10-06
etimeffiong_ademoye,Daniel Etim-Effiong,Bimbo Ademoye,eVesMTI8L7c,Unmarried || BIMBO ADEMOYE  DANIEL ETIM EFFIONG || 2026 Nigerian Nollywood Movies,"#bimboademoye #danieletim 

She kept a secret to protect the man she loved, never knowing it could destroy them both. When the truth surfaced, her plan collapsed—and the love she tried to save slipped through her fingers.

Cast: Bimbo Ademoye, Daniel Etim Effiong 


























#nigerianmovies  #latestnollywoodmovies #21stcenturynollywood #danieletim #uchemontana #bambam",UCDapjl4q1VkABYk1Uo01atw,21ST  CENTURY NOLLYWOOD,446000,1786,2026-02-19T11:15:06Z,99.4,40762,148.0,11.0,True,True,True,2026-10-06
etimeffiong_ademoye,Daniel Etim-Effiong,Bimbo Ademoye,ujCZ581yGF4,MARRIED TO A DADDY'S GIRL (BIMBO ADEMOYE DANIEL ETIM) - Nigerian Movies 2026 latest full movies,"This Interesting Nollywood movie tells the story of a

#filmhouse
#AntViewStudio
#AfricanMovies
#Nigerianmovies
#LatestNigerianmovies
#Nollywoodmovies
#Movies2026
#Trendingmovies
#Trendingmovies2026
Please Click on this link -   to Subscribe to this channel As We Bring The Best Of Nigerian Movies To Africans Leaving In The UNITED STATES OF AMERICA (USA),  CANADA,GERMANY, UNITED KINGDOM(UK), JAMAICA, Trinidad & Tobago And Other Countries Of The World",UCSrXyc5AYMMA4WMHbT0vrYQ,Ant View Studio,4870,400,2026-08-21T12:00:35Z,53.6,853262,4155.0,84.0,False,True,False,2026-10-06
etimeffiong_ademoye,Daniel Etim-Effiong,Bimbo Ademoye,FMVjpUa0OLw,THE WEALTHY PRETENDER|| BIMBO ADEMOYE DANIEL ETIM EFFIONG||-2026 Nigerian Movies Latest Full Movies,"#bimboademoye #danieletim 
In This Nigerian Movie Because of Her bad behaviour and her condescending ways of treating people she believe are noting her class, she lost a relationship that would have led to something beautiful.
























































































































































































































































































































































































































































































































































































































#Nollywoodmovies #Nigerianmovies #trendynollywoodmovies #latestnigerianmovies #latestnigerianmovies2025#Nollywavecinema#nigerianfilms#Africanmovies #2025movies #2026movies #",UCFosnPFFdv6wD1w4ZNH1zZw,NOLLYWAVE CINEMA ,9180,624,2026-08-03T23:20:58Z,118.6,32344,77.0,1.0,True,True,True,2026-10-06
etimeffiong_ademoye,Daniel Etim-Effiong,Bimbo Ademoye,8CwxXzenLOI,WIFE FROM HELL (BIMBO ADEMOYE DANIEL ETIM) - Nigerian Movies 2026 latest full movies,#nigerianmovies #africanmovies #nollywoodmovies,UCOH6LiD2bWGrtEtK-OocNeQ,NollyRok Studios,498000,1690,2026-07-04T13:00:21Z,130.3,11491,46.0,1.0,False,True,True,2026-10-06
etimeffiong_ademoye,Daniel Etim-Effiong,Bimbo Ademoye,i0O0aegY2kQ,THE VISITING PRINCE|| BIMBO ADEMOYE DANIEL ETIM||-2026 Nigerian Movies Latest Full Movies,"#bimboademoye #danieletim 
In This Nigerian Movie Kim and her boyfriend make a living scamming people, often using her as bait, even if it means getting involved with other men. They bring the same scheme to their newly moved-in neighbor, but how long can they keep up this dangerous game before their actions catch up with them?







































































































































































































































































































































































































































#Nollywoodmovies #Nigerianmovies #trendynollywoodmovies #latestnigerianmovies #latestnigerianmovies2025#Nollywavecinema#nigerianfilms#Africanmovies #2025movies #2026movies #youtubemovies#omonioboli#ruthkadiri247#mauricesamtv#sarianmariantv#fredric",UCFosnPFFdv6wD1w4ZNH1zZw,NOLLYWAVE CINEMA ,9180,624,2026-09-10T19:45:06Z,90.5,9125,24.0,2.0,False,True,True,2026-10-06
etimeffiong_ademoye,Daniel Etim-Effiong,Bimbo Ademoye,GAGvec3bntQ,THE STORY BEHIND 'BROKEN HALLELUJAH' MOVIE| Bimbo Ademoye & Daniel Etim Effiong Live #2025movies,"Join Bimbo Ademoye and Daniel Etim Effiong as they share the inspiration behind their film, 'Broken Hallelujah'. Don't miss this insightful conversation!

""What drives an actor's performance? Bimbo Ademoye and Daniel Etim Effiong discuss their experiences on set and the story behind 'Broken Hallelujah'.

#NollywoodMovies #NigerianFilmIndustry #MovieDiscussion #FilmAnalysis #BehindTheScenes #ActorLife #BimboAdemoyeFans #BimboAdemoye #DanielEtimEffiong #DanielEtimEffiongFans


Nigerian actors, Film reviews, Movie analysis, Behind-the-scenes stories, Actor interviews, Nollywood news, Entertainment news, The funniest video in the world, hilarious video, movie promotion, Broken Hallelujah movie, bimbo ademoye, hilarious video,  Nollywood actors, Nollywood actress, movie promotion, nollywood gist, funny video, African actresses in nollywood, hilarious funny video. Latest naija movie, skits, new movies, 2025 movies, comedy, Nollywood, movie lovers, new release, Bimbo Ademoye, Daniel Etim Effi",UCLSKfyCJ8ELFY824Of73Oxw,Queen Sewen TV,13500,1545,2025-04-21T19:50:09Z,26.1,203687,7767.0,1696.0,True,True,False,2026-10-06
etimeffiong_ademoye,Daniel Etim-Effiong,Bimbo Ademoye,Qka_TZB74-Y,"OUR WEDDING NIGHT - BIMBO ADEMOYE, DANIEL ETIM EFFIONG - Nigerian Movie","In This Nigerian Movie...
Navigating personal challenges and unspoken emotions can be challenging for newly lovebirds but in the end true love always wins.












#nigerianmovies #nollywoodmovies #familytiescinema #newmovies",UCjLl-Mwc0VbgrdJiMnzi9Lg,FamilyTies Cinema,363000,1287,2026-05-27T01:15:06Z,89.2,104010,368.0,15.0,True,True,True,2026-10-06
etimeffiong_ademoye,Daniel Etim-Effiong,Bimbo Ademoye,jPX2NEDC7DQ,"ACCIDENTAL WIFE - BIMBO ADEMOYE, DANIEL ETIM | Nigerian Movies 2026 Latest Full Movie","In this Nigerian Nollywood movie
Starring: BIMBO ADEMOYE, DANIEL ETIM

#nigerianmovies #nollywoodmovies #africanmovies


#nigerianmovies2026latestfullmovies #unitedstates
Watch the most interesting movies from African movie actors like Mercy Johnson, Bimbo Ademoye, Timini Egbuson, Jackie Appiah, Uche Nancy, Chinenye Ulaegbu, Regina Daniels, Sonia Uche, James Gardiner, Fred Leonard, Mike Ezuruonye, Alex Ekubo, Yul Edochie, Blossom Chukwujekwe, Onyii Alex, Julliet Ibrahim, Nadia Buari, Nana Ama Mcbrown, Lydia Forson, Yvonne Okoro, Joselyn Dumas, Yvonne Nelson
AFRICAN MOVIES, LATEST NOLLYWOOD MOVIES 2024, LATEST NIGERIAN NOLLYWOOD MOVIES, LATEST NOLLYWOOD MOVIES, LATEST NOLLYWOOD MOVIES ON YOUTUBE,  LATEST NIGERIAN MOVIES, NOLLYWOOD FILMS, FREE NIGERIAN MOVIES, 2024 LATEST NIGERIAN MOVIES, TOP NOLLYWOOD MOVIES, TRENDING NOLLYWOOD VIDEOS, TRENDING MOVIES, BEST NIGERIAN MOVIES, NOLLYWOOD TV MOVIES, TVNOLLY MOVIES, NEW NOLLYWOOD MOVIES



Please Subscribe to this channel As We Bring The Best",UCSW1uGP-JC2Uir1kR9fFwfA,NollyTimes Tv,198000,1381,2026-07-21T15:00:38Z,111.2,157517,378.0,11.0,False,True,True,2026-10-06
etimeffiong_ademoye,Daniel Etim-Effiong,Bimbo Ademoye,-WQce6CknLE,Forever Begins With You - DANIEL ETIM BIMBO ADEMOYE - Nigerian Movies,"A deeply moving love story follows two people brought together by fate, discovering a powerful connection shaped by passion, trust, and a profound understanding of each other.

Starring: Daniel Etim, Bimbo Ademoye














#nigerianmovies2025latestfullmovies #latestnollywoodmovies2025 #africanmovies #nigerianmovies #africanrokstv",UCP1ZksS1Kntsd1L2Ec-qOtA,AFRICAN ROKS TV ,100000,1064,2026-04-25T11:15:01Z,150.3,18995,92.0,7.0,False,True,True,2026-10-06
etimeffiong_ademoye,Daniel Etim-Effiong,Bimbo Ademoye,geFPwpOZo_A,"FRIENDLY FOE - SONIA UCHE, DANIEL ETIM, FAE OLUMIDE, CHIOMA UMAHI latest 2026 nigerian movies","FRIENDLY FOE 🎬🎥🎬🎥

Jite’s dedication to his career comes at a cost, but nothing prepares him for the tragedy that changes his life forever. 💔

Now, he must fight to rebuild his relationship with his daughter while facing a family determined to keep them apart.

Love. Loss. Family. Secrets. Betrayal.

Who is really on Jite’s side?

Watch FRIENDLY FOE till the end to find out. 👀❤️


Starring: SONIA UCHE, FAE OLUMIDE, DANIEL ETIM, CHIOMA UMAHI,  and many more

Don’t forget to LIKE, COMMENT, SHARE & SUBSCRIBE to SONIA UCHE TV for more amazing Nigerian movies.


#FriendlyFoe #SoniaUcheTV #NigerianMovies #Nollywood #NigerianMovie #AfricanMovies #

#soniauche #danieletim #soniauchemovies2026 #friendlyfoe #nollywoodmovies #nigerianmovies2026africanmovies #africanmovies #lovemovies #latestnigerianmovies #2026movies",UCHY9J0IWIWht6GqIBiLidBA,Sonia Uche Tv,1510000,140,2026-09-09T17:00:26Z,120.3,2568592,21897.0,1527.0,False,False,True,2026-10-06
etimeffiong_ademoye,Daniel Etim-Effiong,Bimbo Ademoye,Ocil4o4jbL4,Best Friends - Best Friends With Benefits- New Nigerian Movie starring Bimbo Ademoye/Daniel Effiong,"Two friends, one man, one baby. Best Friends Movie starring Daniel Etim Effiong, Bimbo Ademoye, Nsikan Issac. Directed by Akin Tijani. Written and produced by Uduak Isong for Closer Pictures.",UCVVs7iCZgDTBi7nPs4m4ksg,Uduak Isong TV,814000,145,2020-08-26T15:00:08Z,91.2,6197573,40322.0,3609.0,True,True,True,2026-10-06
etimeffiong_ademoye,Daniel Etim-Effiong,Bimbo Ademoye,eSHm5eOjiLw,Perfectly Designed Love - DANIEL ETIM BIMBO ADEMOYE - Nigerian Movies,"In this Nigerian movie, 

Starring: Bimbo Ademoye, Daniel Etim






#nigerianmovies2026latestfullmovies #latestfullmovies #latestnollywoodmovies2026 #africanmovies #nigerianmovies #africanrokstv",UCP1ZksS1Kntsd1L2Ec-qOtA,AFRICAN ROKS TV ,100000,1064,2026-06-23T11:15:06Z,80.8,8846,41.0,2.0,False,True,True,2026-10-06
etimeffiong_ademoye,Daniel Etim-Effiong,Bimbo Ademoye,jKVmY43RqKs,Love Across Worlds - DANIEL ETIM BIMBO ADEMOYE - Nigerian Movies,"In this Nigerian movie, 

Starring: Daniel Etim, Bimbo Ademoye














#nigerianmovies2026latestfullmovies #latestfullmovies #latestnollywoodmovies2026 #africanmovies #nigerianmovies #africanrokstv",UCP1ZksS1Kntsd1L2Ec-qOtA,AFRICAN ROKS TV ,100000,1064,2026-06-26T11:15:20Z,67.2,23742,64.0,6.0,False,True,True,2026-10-06
etimeffiong_ademoye,Daniel Etim-Effiong,Bimbo Ademoye,-YFqSb_DtkI,"YEARNING HEARTS (BIMBO ADEMOYE, DANIEL ETIM) Latest Nigerian Movies 2026","#ivorynollytv  

Her wayward behaviour almost cost her the life of her mother. She had to stop and retrace her steps.

Starring: Bimbo Ademoye, Daniel Etim, Bimbo Akintola




























#Nollywoodmovies #Nigerianmovies #trendynollywoodmovies #latestnigerianmovies #latestnigerianmovies2025 #nigerianfilms #Africanmovies #2025movies #2026movies #youtubemovies",UCVyUdmMYza4InOoo4aTyJoA,IVORY NOLLY TV,248000,971,2026-07-13T16:45:21Z,113.3,73975,340.0,8.0,False,True,True,2026-10-06
etimeffiong_ademoye,Daniel Etim-Effiong,Bimbo Ademoye,BoQJgskkzN8,"EMERGENCY COUPLE - BIMBO ADEMOYE, DANIEL ETIM | Nigerian Movies 2026 Latest Full Movie","In this Nigerian Nollywood movie
Starring: BIMBO ADEMOYE, DANIEL ETIM

#nigerianmovies #nollywoodmovies #africanmovies


#nigerianmovies2026latestfullmovies #unitedstates
Watch the most interesting movies from African movie actors like Omeche Oko, Bimbo Ademoye, Timini Egbuson, Victory Michael, Uche Nancy, Chinenye Ulaegbu, Regina Daniels, Sonia Uche, James Gardiner, Frederick Leonard, Mike Ezuruonye, Alex Ekubo, Yul Edochie, Blossom Chukwujekwe, Onyii Alex, Julliet Ibrahim, Nadia Buari, Nana Ama Mcbrown, Lydia Forson, Yvonne Okoro, Joselyn Dumas, Yvonne Nelson, Uche Montana
AFRICAN MOVIES, LATEST NOLLYWOOD MOVIES 2026, LATEST NIGERIAN NOLLYWOOD MOVIES, LATEST NOLLYWOOD MOVIES, LATEST NOLLYWOOD MOVIES ON YOUTUBE,  LATEST NIGERIAN MOVIES, NOLLYWOOD FILMS, FREE NIGERIAN MOVIES, 2024 LATEST NIGERIAN MOVIES, TOP NOLLYWOOD MOVIES, TRENDING NOLLYWOOD VIDEOS, TRENDING MOVIES, BEST NIGERIAN MOVIES, NOLLYWOOD TV MOVIES, TVNOLLY MOVIES, NEW NOLLYWOOD MOVIES



Please Subscribe to this channel As",UCSW1uGP-JC2Uir1kR9fFwfA,NollyTimes Tv,198000,1381,2026-08-24T15:00:00Z,74.8,104398,220.0,11.0,False,True,True,2026-10-06
etimeffiong_ademoye,Daniel Etim-Effiong,Bimbo Ademoye,NBZ4G9TnGtk,"OFFICIALLY MARRIED - BIMBO ADEMOYE, DANIEL ETIM EFFIONG - Nigerian Movie","In This Nigerian Movie...
Navigating personal challenges and unspoken emotions can be challenging for newly lovebirds but in the end true love always wins.















#nigerianmovies #nollywoodmovies #familytiescinema #newmovies",UCjLl-Mwc0VbgrdJiMnzi9Lg,FamilyTies Cinema,363000,1287,2026-08-08T19:15:06Z,84.9,15175,68.0,1.0,True,True,True,2026-10-06
etimeffiong_ademoye,Daniel Etim-Effiong,Bimbo Ademoye,VYYMknXkyNI,Hearts That Match - DANIEL ETIM BIMBO ADEMOYE - Nigerian Movies,"Love is a beautiful thing; it can heal broken hearts when you fall for the right person. Love exists so much among these two, so into each other, until circumstances changed everything.

Starring: Daniel Etim, Bimbo Ademoye, Ray Emodi













#nigerianmovies2026latestfullmovies #latestfullmovies #latestnollywoodmovies2026  #africanmovies #nigerianmovies #africanrokstv",UCP1ZksS1Kntsd1L2Ec-qOtA,AFRICAN ROKS TV ,100000,1064,2026-06-13T17:15:14Z,121.7,21543,120.0,4.0,False,True,True,2026-10-06
etimeffiong_ademoye,Daniel Etim-Effiong,Bimbo Ademoye,BC8VqZeIpUQ,"MY SOLEMATE (Daniel Etim, Bimbo Ademoye) -  Nigerian Movie",#Nollywoodtvstudio #africanmovies #mauricesam #ruthkadirifilms #chinenyennebe #lovedontcostathing #nigerianmovies2023latestfullmovies #ruthkadiri #ruthkadiri24,UCo-KiSpW1UMCnBN2o0iJLwg,NOLLYWOOD TV STUDIO,435000,2110,2026-01-01T02:00:11Z,77.0,32755,104.0,10.0,False,True,True,2026-10-06
etimeffiong_ademoye,Daniel Etim-Effiong,Bimbo Ademoye,sazkmxPlTl4,"LOVE WORTH CHASING (DANIEL ETIM EFFIOING, BIMBO ADEMOYE, UCHE MONTANA) Latest Nigerian Movie 2026","#blackmoviestv 

Love is a beautiful thing, it can heal broken hearts when you fall in love with the right person. Love exists so much among these two so into each other until circumstance changed everything. It's a must-watch. Relax and enjoy this piece.


#blackmoviestv #youtube  #THECHEATINGWIFE #uchemontanamovies #uchemontana  #uchennambunabo  #bimboademoye #bimboademoyemovies #danieletim #youtube    #mauricesamtv   #movies #usa #unitedstates #   #mauricesam",UCaoyvHOxmdmqa4Q99dNbmpA, BLACK MOVIES TV,830000,2131,2026-05-13T15:30:37Z,71.6,16296,86.0,5.0,False,True,True,2026-10-06
etimeffiong_ademoye,Daniel Etim-Effiong,Bimbo Ademoye,7C40zTmiUXY,"JUST TO BE LOVED (BIMBO ADEMOYE,TIMINI EGBUSON,UCHE MONTANA,CHIOMA NWOSU) Latest Nigerian Movie 2026","#blackmoviestv 

Love is a beautiful thing, it can heal broken hearts when you fall in love with the right person. Love exists so much among these two so into each other until circumstance changed everything. It's a must-watch. Relax and enjoy this piece.


#blackmoviestv #youtube  #JUSTTOBELOVED #uchemontanamovies #uchemontana #bimboademoye #timiniegbuson #BIMBOADEMOYEMOVIES  #uchennambunabo  #chiomanwosu    #mauricesamtv   #movies #usa #unitedstates #   #mauricesam #kenya #unitedkingdom",UCaoyvHOxmdmqa4Q99dNbmpA, BLACK MOVIES TV,830000,2131,2026-02-18T12:00:10Z,128.7,814417,2302.0,88.0,False,True,True,2026-10-06
etimeffiong_ademoye,Daniel Etim-Effiong,Bimbo Ademoye,4DiQtu6t-wc,90 DAYS OF LOVE (BAMBAM OLAWUNMI DANIEL ETIM BIMBO ADEMOYE) -Nigerian Movies 2026 Latest Full Movies,#nigerianmovies #africanmovies #nollywoodmovies,UCOH6LiD2bWGrtEtK-OocNeQ,NollyRok Studios,498000,1690,2026-09-24T14:00:39Z,114.6,151841,356.0,10.0,False,True,True,2026-10-06
etimeffiong_ademoye,Daniel Etim-Effiong,Bimbo Ademoye,hyTwvk_Q7Pc,"ALL THINGS EQUAL - SARIAN MARTIN, DANIEL ETIM, Latest 2026 Nigerian Full Movie","ALL THINGS EQUAL is an emotional Nollywood drama about love, ambition, partnership, sacrifice, and the challenges of building a relationship between two independent people.

STARRING: SARIAN MARTIN, DANIEL ETIM AND MANY OTHERS.

NOW SHOWING ON SARIAN MARTIN TV

#allthingsequal #sarianmartin #danieletim #nollywoodmovies #africanmovies #sarianmartintv #nollywood #nigerianmovies",UCpho61bUzmt4gFFb--Kggkw,Sarian Martin Tv,954000,227,2026-09-20T17:00:13Z,95.5,3881376,28607.0,2029.0,False,False,True,2026-10-06
etimeffiong_ademoye,Daniel Etim-Effiong,Bimbo Ademoye,J6V4SuCS7yg,"A SILENT HUSBAND ( BIMBO ADEMOYE , DANIEL ETIM EFFIONG ) - Latest Nigerian Movies 2026","#fullnigerianmovies #nollywoodmovies #goldencinematic

In This Nollywood movie  is a gripping story of love, heartbreak, betrayal, and second chances. Just when Felicia thinks she finally has everything figured out, one shocking secret turns her world upside down. Now she must choose between the love she desperately wants and the truth that could change everything forever. 



Starring: BIMBO ADEMOYE , DANIEL ETIM EFFIONG











#nigerianmovies2026 #nollywoodmovies #trendingnigerianmovies #africanmovies #latestnollywoodmovies2026 #2026movies #youtubemovies #nigerianfilms #usa #canada #uk #unitedstates #unitedkingdom",UCQfZ3IBNeg5V-BUJW6Yeh5g,GOLDEN CINEMATIC,100000,369,2026-10-05T16:00:22Z,120.3,53,0.0,0.0,True,True,True,2026-10-06
etimeffiong_ademoye,Daniel Etim-Effiong,Bimbo Ademoye,ye8l5k0bzCg,The Proposal - New Nollywood movie featuring Daniel Etim Effiong,"Written and produced by Uduak Isong, directed by Opeyemi Dada. Original Music by George Nathaniel",UCVVs7iCZgDTBi7nPs4m4ksg,Uduak Isong TV,814000,145,2020-12-23T16:00:13Z,96.8,3100861,21221.0,2464.0,True,False,True,2026-10-06
etimeffiong_ademoye,Daniel Etim-Effiong,Bimbo Ademoye,6KHaxTuO8b4,My ride or Die || DANIEL ETIM BIMBO ADEMOYE || 2026 Nigerian Nollywood Movies,"#danieletim #bimboademoye 

When betrayal threatens their future, two lovers must choose between loyalty and survival, proving that true love isn’t just passion — it’s standing together when everything falls apart.

Cast: Daniel Etim, Bimbo Ademoye 





























#nigerianmovies  #latestnollywoodmovies #21stcenturynollywood #danieletim #uchemontana #bambam",UCDapjl4q1VkABYk1Uo01atw,21ST  CENTURY NOLLYWOOD,446000,1786,2026-05-25T17:15:00Z,106.7,16469,58.0,7.0,False,True,True,2026-10-06
etimeffiong_ademoye,Daniel Etim-Effiong,Bimbo Ademoye,-4EgJ8b2rmM,"SASSY AND NAUGHTY - BIMBO ADEMOYE, DANIEL ETIM EFFIONG - Nigerian Movie","In This Nigerian Movie...
Navigating personal challenges and unspoken emotions can be challenging for newly lovebirds but in the end true love always wins.














#nigerianmovies #nollywoodmovies #familytiescinema #newmovies",UCjLl-Mwc0VbgrdJiMnzi9Lg,FamilyTies Cinema,363000,1287,2026-08-23T01:15:06Z,73.9,23277,65.0,1.0,True,True,True,2026-10-06
etimeffiong_ademoye,Daniel Etim-Effiong,Bimbo Ademoye,rVVAD7kJDCI,THE EX AFFAIR (BIMBO ADEMOYE DANIEL ETIM UZOR ARUKWE) - Nigerian Movies 2026 latest full movies,"BEST OF BIMBO ADEMOYE, UZOR ARUKWE, DANIELETIM MOVIES 2026

NEXT DOOR SECRET

#nigerianmovies #africanmovies #nollywoodmovies",UCOH6LiD2bWGrtEtK-OocNeQ,NollyRok Studios,498000,1690,2026-06-24T05:53:57Z,86.8,17616,111.0,11.0,False,True,True,2026-10-06
etimeffiong_ademoye,Daniel Etim-Effiong,Bimbo Ademoye,NjswJRtzZ5I,CAN'T FIGHT THIS FEELINGS -  ETIM EFFIONG - OMECHE OKO -  LATEST 2026 NIGERIAN MOVIES  #trending,"Yet, amidst the roaring sea of people, Tunde was completely tuned out.

He sat on a low plastic stool inside his small shop, surrounded by towering bolts of colorful Ankara fabrics, lace, and brocade. Outwardly, he looked like a young man focused on his inventory. Inwardly, his mind was trapped in a loop, replaying a single conversation from the night before.

""Tunde, the family is coming from the village next month,"" his mother had announced over the phone, her voice carrying the heavy weight of expectations. ""We need to finalize things with Shade. A man of twenty-eight shouldn’t be drifting. She is a good girl, from a good home.""

Shade was a good girl. She was kind, stable, and his family adored her. Marrying her was the path of least resistance—the safe, expected choice.

The bell above the shop door chimed, cutting through his thoughts. Tunde looked up, and his heart gave a familiar, violent thud against his ribs.







nollywoodmovies,nigerianmovies,africanmovie,lovemovies,emoti",UCNIOKFJV-oODa31zUhlNCuA,White Gold Pictures Tv,103000,1935,2026-05-24T18:00:06Z,69.2,13937,53.0,1.0,True,False,True,2026-10-06
etimeffiong_ademoye,Daniel Etim-Effiong,Bimbo Ademoye,UCZz-qi4ORk,"Last Straw - New Nigerian movie starring Bimbo Ademoye, Timini Egbuson, Shaffy Bello",,UCneM4DHHUWMVwmYktz8X46g,Bimbo Ademoye TV,1840000,118,2024-08-08T11:00:34Z,103.5,15428113,208375.0,17471.0,False,True,True,2026-10-06
etimeffiong_ademoye,Daniel Etim-Effiong,Bimbo Ademoye,27lMHPNT5KI,THE BLOOM AFTER - NIGERIAN MOVIES 2026 LATEST FULL MOVIES,"THE BLOOM AFTER - (2026 LATEST MOVIE) BOLAJI OGUNMOLA, DANIEL ETIM EFFIONG, ANTHONY MONJARO

When a traditional homemaker is left by her husband after twenty years of marriage,
she reluctantly reenters the modern dating world, only to discover confidence, joy, and a
sense of self she never knew she’d lost.

#romance #danieletimeffiong #thebloomafter #movie #movie

#bolajiogunmolamovies #bolajiogunmolavlogs #bolajiogunmola 

Don't forget to LIKE, SHARE, and SUBSCRIBE.

Drone Clip Credit: Explore",UCqxprLDy_2hMQ7aQp_4NNuA,BOLAJI OGUNMOLA TV,751000,447,2026-02-06T16:00:02Z,88.9,4368140,51715.0,5446.0,True,False,True,2026-10-06
etimeffiong_ademoye,Daniel Etim-Effiong,Bimbo Ademoye,hau0dkEgR2w,Love Across Worlds - BIMBO ADEMOYE DANIEL ETIM - Nigerian Movies,"In this Nigerian Movie, 

Starring: Bimbo Ademoye, Daniel Etim














#nigerianmovies2026latestfullmovies #nigerianmovies #newmovie",UCPW_pmPjhzcZWAGBYOkt55g,NOLLYWOOD TRIBE TV,10500,21,2026-06-20T13:30:06Z,75.5,619577,2805.0,212.0,False,True,True,2026-10-06
etimeffiong_ademoye,Daniel Etim-Effiong,Bimbo Ademoye,DSpkX8fQb-A,Dating The General - DANIEL ETIM BIMBO ADEMOYE - Nigerian Movies,"She longs not just for love, but to stand beside him as the wife of a General. Their connection is intense, undeniable, and consuming, until fate and duty threaten to tear them apart. It’s a gripping story you don’t want to miss. Sit back and enjoy every moment.

Starring: Etim Daniel, Bimbo Ademoye















#nigerianmovies2025latestfullmovies #latestnollywoodmovies2025 #africanmovies #nigerianmovies #africanrokstv",UCP1ZksS1Kntsd1L2Ec-qOtA,AFRICAN ROKS TV ,100000,1064,2026-04-21T20:00:08Z,78.6,58581,230.0,8.0,False,True,True,2026-10-06
etimeffiong_ademoye,Daniel Etim-Effiong,Bimbo Ademoye,jLdp-HM5XHk,True Love Never Lies - DANIEL ETIM BIMBO ADEMOYE - Nigerian Movies,"A soul-stirring romance centers on two individuals united by destiny, uncovering a profound intimacy built on desire, faith, and a deep-rooted understanding of one another. 

Starring: Daniel Etim, Bimbo Ademoye















#nigerianmovies2025latestfullmovies #latestnollywoodmovies2025 #africanmovies #nigerianmovies #africanrokstv",UCP1ZksS1Kntsd1L2Ec-qOtA,AFRICAN ROKS TV ,100000,1064,2026-05-04T22:45:29Z,99.3,111727,720.0,27.0,False,True,True,2026-10-06
etimeffiong_ademoye,Daniel Etim-Effiong,Bimbo Ademoye,MkR5AxcUuXA,Perfect Piece Of Love - DANIEL ETIM BIMBO ADEMOYE - Nigerian Movies,"Love is a beautiful thing; it can heal broken hearts when you fall for the right person. Love exists so much among these two, so into each other, until circumstances changed everything.

Starring: Daniel Etim, Bimbo Ademoye, Bolaji Ogunmola













#nigerianmovies2026latestfullmovies #latestfullmovies #latestnollywoodmovies2026  #africanmovies #nigerianmovies #africanrokstv",UCP1ZksS1Kntsd1L2Ec-qOtA,AFRICAN ROKS TV ,100000,1064,2026-06-18T11:15:05Z,104.3,6001,37.0,3.0,False,True,True,2026-10-06
etimeffiong_ademoye,Daniel Etim-Effiong,Bimbo Ademoye,5pT1ZZ1tEW8,"FALLING FOR YOU - FULL NEW LATEST 2025 NIGERIAN MOVIE  - SANDRA OKUNZUWA, BIMBO ADEMOYE, SAGA ADEOLU","FALLING FOR YOU - FULL NEW LATEST 2025 NIGERIAN MOVIE  - SANDRA OKUNZUWA, BIMBO ADEMOYE, SAGA ADEOLU, MICHELLE OLUWAFEMI


What happens when a  lawyer crosses paths with a struggling single mother fighting to survive with her little daughter?

FALLING FOR YOU is a  heart-touching Nollywood love story, where fate brings together two unlikely souls from different worlds, emotions run deep, secrets unfold, and choices must be made. 
It also tells the struggle of a single mother and sacrifices made for her child .

FALLING FOR YOU is a must-watch Nigerian Nollywood romantic drama filled with emotions, family pressure, and unexpected chemistry.

👉 Don’t miss this masterpiece — grab your popcorn and enjoy! 🍿

Starring:
SANDRA OKUNZUWA
BIMBO ADEMOYE
SAGA ADEOLU
MICHELLE OLUWAFEMI

this unforgettable drama will keep you hooked from start to finish. Don’t miss the twists, the passion, and the heartache.

Now showing exclusively on Sandra Okunzuwa TV – Subscribe, watch, and experience the journe",UCf6hnTFeMiX6FCwLEGDIjOw,SANDRA OKUNZUWA TV,1160000,931,2025-09-07T17:00:12Z,102.6,4065935,44143.0,2248.0,False,True,True,2026-10-06
etimeffiong_ademoye,Daniel Etim-Effiong,Bimbo Ademoye,bGyplaKAX1s,Between two lovers - Uche montana/ Daniel etim effiong / sonia uche,"Premium nolly Tv is home for all premium nollywood movie. kindly subscribe to best of quality nigerian movies

https://www.youtube.com/channel/UCizniqa2kWhADt0UGPtYR4g",UCizniqa2kWhADt0UGPtYR4g,Premium Nolly Tv,30300,14,2026-04-27T16:49:38Z,103.7,1068660,5758.0,282.0,True,False,True,2026-10-06
etimeffiong_ademoye,Daniel Etim-Effiong,Bimbo Ademoye,51mALlMzqhU,FROM TIPS TO LOVE - BIMBO ADEMOYE / DANIEL ETIM EFIONG / - A NIGERIAN MOVIE,,UCnpqThqbGRRvJSLCPuv2Neg,Aforevo Entertainment TV,6200,75,2026-08-31T11:45:06Z,74.8,25701,,2.0,False,True,True,2026-10-06
etimeffiong_ademoye,Daniel Etim-Effiong,Bimbo Ademoye,cuATJ5Mlrok,"THE HOMECOMING. LATEST ROMANTIC MOVIE. STARRING BIMBO ADEMOYE ,TIMINI EGBUSON, BISOLA AIYEOLA",,UCneM4DHHUWMVwmYktz8X46g,Bimbo Ademoye TV,1840000,118,2024-12-24T18:00:24Z,142.3,13262569,190604.0,17100.0,False,True,True,2026-10-06
etimeffiong_ademoye,Daniel Etim-Effiong,Bimbo Ademoye,8sh6VFJMqJA,"MILES AWAY FROM HOME. STARRING,BIMBO ADEMOYE,TIMINI EGBUSON,SANDRA OKUNZUWA.2025 ROMANTIC MOVIE",,UCneM4DHHUWMVwmYktz8X46g,Bimbo Ademoye TV,1840000,118,2025-11-21T17:00:13Z,121.9,11579033,140995.0,14945.0,False,True,True,2026-10-06
etimeffiong_ademoye,Daniel Etim-Effiong,Bimbo Ademoye,PZqpFLN_XIw,"LOVE ON THE LINE - SARIAN MARTIN, DANIEL ETIM, Latest 2026 Nigerian Movie","LOVE ON THE LINE is an emotional romantic drama filled with passion, betrayal, and unforgettable moments.
THIS HEARTFELT STORY WILL KEEP YOU HOOKED FROM BEGINNING TO END.

STARRING: SARIAN MARTIN, DANIEL ETIM – AND MANY MORE
NOW SHOWING ON: SARIAN MARTIN TV (YOUTUBE)

#loveontheline #danieletim #sarianmartin #nollywoodmovies #nigerianmovies #romanticdrama #lovestory #trendingnollywood #youtubemovies #mustwatch",UCpho61bUzmt4gFFb--Kggkw,Sarian Martin Tv,954000,227,2026-02-28T17:00:00Z,121.5,3502064,36560.0,2434.0,False,False,True,2026-10-06
etimeffiong_ademoye,Daniel Etim-Effiong,Bimbo Ademoye,oXPS8wTGopw,A CHRISTMAS PROPOSAL - Watch Daniel Etim Effiong and Ekama Etim Inyang in this new Nigerian film,,UCVVs7iCZgDTBi7nPs4m4ksg,Uduak Isong TV,814000,145,2024-12-06T16:02:23Z,142.3,2745596,38122.0,4546.0,True,False,True,2026-10-06
etimeffiong_ademoye,Daniel Etim-Effiong,Bimbo Ademoye,aiwBXgoLxQY,"LOCAL TROUBLE VILLAGE WIFE- BIMBO ADEMOYE, CHIKE DANIELS, SHAN GEORGE 2025 Latest Nollywood Movie","LOCAL TROUBLE VILLAGE WIFE- BIMBO ADEMOYE, CHIKE DANIELS, SHAN GEORGE 2025 Latest Nollywood Movie

A movie you can't afford to miss 😂😂😂😂
.
.
please subscribe to @TOPNOLLYTV88 for more interesting movie like this.
.
.
 #bimboademoye  #chikedaniels #latestyorubamovies  #nollywoodonlinemovies  #nigerianmovies2025   #Africanmovies
#trending #movie #africanmovies #ebubenwagbo  #newmovie #movies #africanmovies #nigerianmovies2025latestfullmovies",UCHZ2BoPlSiY_-ed8qWNY1RQ,TOPNOLLY TV,221000,215,2026-03-11T18:00:00Z,99.3,1914911,8570.0,420.0,False,True,True,2026-10-06
etimeffiong_ademoye,Daniel Etim-Effiong,Bimbo Ademoye,3XN6U8u4Mqc,"THE LAST ASSISTANT - DANIEL ETIM, CHISOM AGOAWUIKE, MOSES NWOKEDI, Latest 2026 Nigerian Movie","He had everything power, status, and the perfect future until one resignation changed it all.

THE LAST ASSISTANT is a gripping emotional drama about ambition, betrayal, love, and redemption.

Jed Onwurah is a wealthy, disciplined real estate executive on the brink of becoming Managing Director of one of Nigeria’s biggest property conglomerates. With success, influence, and the perfect woman by his side, his future seems unstoppable. But when his trusted personal assistant and secretary resign publicly, exposing his toxic work culture, Jed’s polished reputation begins to crumble. As rivals close in and his dream position slips away, his world starts falling apart.

Then comes Muna a determined young woman fighting for a better life. Hired as Jed’s new assistant, Muna brings intelligence, loyalty, and compassion into his broken world. As they work together to rebuild his life and launch his own real estate empire, an unexpected bond forms.

But when power, social class, jealousy, and pa",UCHY9J0IWIWht6GqIBiLidBA,Sonia Uche Tv,1510000,140,2026-05-20T17:00:04Z,120.1,3473490,42344.0,2770.0,False,False,True,2026-10-06
etimeffiong_ademoye,Daniel Etim-Effiong,Bimbo Ademoye,WZTAgx6J9cQ,"WHO I AM - DANIEL ETIM, SARIAN MARTIN latest 2025 nigerian movies","This amazing masterpiece will make your day, and make you want to fall in love. A must watch for everyone. Very intriguing and educative.
Starring: DANIEL ETIM, SARIAN MARTIN






#danieletim #sarianmartin #sarianmartinmovies #uchennambunabomovies #latestnigerianmovies #latestnollywoodmovies2025 #africanmovies #nollywood #nigerianfilms #lovemovies #nigerianmovies #uchennambunabotv",UCypAoMCRQuNL2RBwy-x4oQg,Uchenna Mbunabo Tv,3910000,254,2025-10-13T17:00:31Z,106.7,3981812,41414.0,3369.0,False,False,True,2026-10-06
etimeffiong_ademoye,Daniel Etim-Effiong,Bimbo Ademoye,0GqQiI_xDAg,Together || BIMBO ADEMOYE DANIEL ETIM || Nigerian Movies,"#bimboademoye #danieletim 

In This Nigerian Movie ; Bimbo, desperate for love after 30, fell into Daniel’s sweet lies, blinded by her need for a man until the truth shattered her world.

Starring : Bimbo Ademoye, Daniel Etim 





















#21stcenturynollywood #nigerianmovies  #latestnollywoodmovies",UCDapjl4q1VkABYk1Uo01atw,21ST  CENTURY NOLLYWOOD,446000,1786,2025-09-02T11:00:06Z,133.2,102181,290.0,9.0,False,True,True,2026-10-06
etimeffiong_ademoye,Daniel Etim-Effiong,Bimbo Ademoye,we7pr8gDCn8,"WHERE LOVE LIVES. STARRING UZOR ARUKWE,BIMBO ADEMOYE, CHIOMA NWOSU,OSAS IGHODARO. 2025 LATEST ROMCOM",,UCneM4DHHUWMVwmYktz8X46g,Bimbo Ademoye TV,1840000,118,2025-12-24T13:01:47Z,146.3,25218323,419679.0,51998.0,False,True,True,2026-10-06
etimeffiong_ademoye,Daniel Etim-Effiong,Bimbo Ademoye,5wTsoBB4Vx8,"WHATEVER IT TAKES - MAURICE SAM, BIMBO ADEMOYE, 2025 LATEST FULL NIGERIAN MOVIE","This is the best movie you will see today, very educative and intriguing.
Starring : MAURICE SAM, BIMBO ADEMOYE





#mauricesam #bimboademoye  #mauricesammovies2025 #lovestorymovie #nigerianmovies #nollywoodmovies #2025movies #africanmovie #lates2025movies #romancemovie #lovemovie",UCThviXLHvH8VwqxQEa4vZaw,Maurice Sam TV,2830000,256,2025-04-08T17:00:10Z,101.9,5251999,54641.0,5779.0,False,True,True,2026-10-06
etimeffiong_ademoye,Daniel Etim-Effiong,Bimbo Ademoye,DNyw-jCneK8,LOVE SO REAL | DANIEL ETIM | BIMBO ADEMOYE | FULL NIGERIAN MOVIES 2025,"She longed for love deeply, having faced countless disappointments from men. Then came Donald, who fell desperately in love with her. He was profoundly devoted to his blind girlfriend, willing to do whatever it took to help restore her sight. Ultimately, he gave in to the demands of his boss, agreeing under the condition that he could be with her. Yet, love cannot be forced upon a heart that does not truly desire it.
#nigerianmovies #africanmovies #nollywoodmovies",UCfSTaFwjjvwB3io9JJApV6Q,NOLLYSHOOT TV,63200,436,2025-10-03T23:39:43Z,148.3,3270,9.0,0.0,False,True,True,2026-10-06
etimeffiong_ademoye,Daniel Etim-Effiong,Bimbo Ademoye,-8XNUZguMhI,"MY FIRST KISS - Bimbo Ademoye, Timini Egbuson, Chioma Nwaoha Nigerian Movie","Watch the best of 2024 EXCLUSIVE NOLLYWOOD MOVIES here On  @shinenollytv4232  


#nigerianmovies#nollywoodmovies 

THE LAST PHOTOGRAPHER",UCtXUfd3IFWh9V9tLWEy-jjQ,Shine Nolly tv,203000,488,2025-02-24T13:15:00Z,75.4,872852,2446.0,75.0,False,True,True,2026-10-06
etimeffiong_ademoye,Daniel Etim-Effiong,Bimbo Ademoye,kmzVF8QS8ag,MY WIFE MY ASSET (BIMBO ADEMOYE DANIEL ETIM) - Nigerian Movies 2026 latest full movies,#nigerianmovies #africanmovies #nollywoodmovies,UC6izPafX_9ydQCa7xctxcuQ,NollyReel,148000,331,2026-07-07T17:00:29Z,89.4,5061,24.0,0.0,False,True,True,2026-10-06
etimeffiong_ademoye,Daniel Etim-Effiong,Bimbo Ademoye,DbtiUaWiie4,"LOVE IN GHETTO - Etim Effiong, Sophia Alakija, Modola Osifuwa, Latest 2026 Romantic Movie #trending","In the ghetto, where survival speaks louder than hope, love begins to blossom but can it withstand the test of reality? LOVE IN GHETTO showing now @ibakatv1 YouTube

Starring: @etimeffiong , @sophiealakija , @blessingjessicaobasi , @modola_ @kingwoleojo , @ehis_perfect 

Director: @themo.fakorede
Producer: @abbeyscreation 
Executive Producer:@elrabentertainment



#ibakatv #nollywoodmovies #latestnollywoodmovies #naijamovies #ibakatvmovies #etimeffiong #sophiealakija #modola #blessingobasi #woleojo #ehis #loveinghetto #ghettolove",UCm6NRZvIcYwpj79CIa1Lj9g,IBAKATV,1420000,155,2026-03-27T17:21:49Z,117.9,2415087,23555.0,1376.0,True,False,True,2026-10-06
etimeffiong_ademoye,Daniel Etim-Effiong,Bimbo Ademoye,FFF_cIVrWvg,"FIRST LOVE - New Nigerian Movie starring Daniel Etim Effiong, Debby Felix, Iveren Antiev",,UCVVs7iCZgDTBi7nPs4m4ksg,Uduak Isong TV,814000,145,2025-05-21T14:58:06Z,107.7,2751096,31683.0,3505.0,True,False,True,2026-10-06
etimeffiong_ademoye,Daniel Etim-Effiong,Bimbo Ademoye,ntGXHhum5c8,"LOVE'S CONVICT - DANIEL ETIM EFFIONG, AUDREY HARRISON, BLESSING OBASI NZE latest 2026 nigerian movie","This amazing masterpiece will make your weekend, a must watch for every couple. Very captivating and educative. 
Starring; DANIEL ETIM EFFIONG, AUDREY HARRISON, BLESSING OBASI NZE and Many More.





#danieletim #audreyharrison #blessingobasinze #uchennambunabotv #nigerianmovie #nollywoodmovies #2026movie #africanmovies #lovemovies #latestnigerianmovies #nollywoodmovies",UCypAoMCRQuNL2RBwy-x4oQg,Uchenna Mbunabo Tv,3910000,254,2026-07-10T16:28:10Z,119.6,3478806,38006.0,2997.0,True,False,True,2026-10-06
etimeffiong_ademoye,Daniel Etim-Effiong,Bimbo Ademoye,20HDoUv9wH0,"WEB OF LOVE - BIMBO ADEMOYE, DANIEL ETIM EFFIONG - Nigerian Movie","In This Nigerian Movie...
Navigating personal challenges and unspoken emotions can be challenging for newly lovebirds but in the end true love always wins.











#nigerianmovies #nollywoodmovies #familytiescinema #newmovies",UCjLl-Mwc0VbgrdJiMnzi9Lg,FamilyTies Cinema,363000,1287,2026-01-16T19:15:06Z,89.9,8975,44.0,0.0,True,True,True,2026-10-06
etimeffiong_ademoye,Daniel Etim-Effiong,Bimbo Ademoye,xfZL0QNp0tk,THE SILENT BRIDE || BIMBO ADEMOYE DANIEL ETIM EFFIONG||-2026 Nigerian Movies Latest Full Movies,"#bimboademoye #danieletim 
In This Nigerian Movie Tovia, homeless and struggling to survive with her 6-year-old daughter, works as a cleaner in an office, secretly using it as a place to sleep at night. One day, she’s discovered by her boss, who offers her a place to stay instead of punishing her. Just when it seems like her life is finally turning around, she crosses paths with his sister—an encounter that threatens to unravel everything she’s worked so hard to rebuild.













































































































































































































































































































































































































































































#Nollywoodmovies #Nigerianmovies #trendynollywoodmovies #latest",UCFosnPFFdv6wD1w4ZNH1zZw,NOLLYWAVE CINEMA ,9180,624,2026-08-15T19:45:06Z,125.0,3866,18.0,0.0,True,True,True,2026-10-06
etimeffiong_ademoye,Daniel Etim-Effiong,Bimbo Ademoye,rtbprd_QTkA,"THE BEST MEN-Watch Daniel Etim, Deyemi Okanlawon, Debby Felix in this Nollywood romantic comedy.",The Best Men is a Nollywood  romantic comedy Written and produced by Uduak Isong and directed by Akin Tijani Balogun. Music by Slam and George Nathaniel.,UCVVs7iCZgDTBi7nPs4m4ksg,Uduak Isong TV,814000,145,2021-12-16T17:06:39Z,97.9,3374295,29417.0,2495.0,False,False,True,2026-10-06
etimeffiong_ademoye,Daniel Etim-Effiong,Bimbo Ademoye,bdWqDStUGZM,HEARTS THAT MATCH (DANIEL ETIM BIMBO ADEMOYE CYNTHIA CLARKE)-Nigerian Movies 2026 latest full movies,#nigerianmovies #africanmovies #nollywoodmovies,UCOH6LiD2bWGrtEtK-OocNeQ,NollyRok Studios,498000,1690,2026-08-12T14:00:40Z,107.6,9301,45.0,1.0,False,True,True,2026-10-06
etimeffiong_ademoye,Daniel Etim-Effiong,Bimbo Ademoye,nfOcu0dSfCs,"The Good Wife - Daniel Etim, Nancy Isime, Francess Ben, Deza The Great  | New Trending Movie 2023","Nara did her best but it wasn’t good enough for her husband, Donald. Discarded for another woman and kicked out of her marital home, Nara has to start life all over again… but can’t seem to let go of her past.

#Nollywoodmovies #Nigerianmovies #Latestmovies2023 #RoyalArtsAcademy #RoyalArtsTV
#EmemIsongTV #Bitterpill #Royalarts #PerezEgbi #frederickleonard #movies #Africanmagic #Latestnigerianmovies #2023 #2023hitmovies #2023nigerianmovies #Latestnollywood #Latestnollywoodmovies #2023hitnigerianmovies #africancinema 

Click Here To Subscribe To Our Channel 
https://www.youtube.com/channel/UCEZa-Ub-kxLLzd7Se8KyfNg?view_as=subscriber?sub_confirmation=1

Click here to know more about NollysureTV
https://www.youtube.com/channel/UCEZa-Ub-kxLLzd7Se8KyfNg/about/about

Click to watch more videos on NollysureTV
https://www.youtube.com/channel/UCEZa-Ub-kxLLzd7Se8KyfNg/videos/videos

NollysureTV is a modern online TV platform designed to cater to the growing audience all over the world. NollysureT",UCEZa-Ub-kxLLzd7Se8KyfNg,Nollysure TV,63600,63,2023-10-20T15:00:43Z,134.2,1579383,7754.0,564.0,False,False,True,2026-10-06
etimeffiong_ademoye,Daniel Etim-Effiong,Bimbo Ademoye,vf4z7PJODFo,"VILLAGE BADDIE Vs CITY BADDIE - Bimbo Ademoye, Onyi Alex, Daniel Etim-Effiong | Nigerian Love Movie","#nollywoodmovies #nigerianmovies #trending 





NATIVE BADDIE",UCjS-CiMtgLxsGQxRw2WeY7w,NOLLYWOOD+,127000,311,2026-04-17T16:01:46Z,103.4,7061,44.0,2.0,True,True,True,2026-10-06
etimeffiong_ademoye,Daniel Etim-Effiong,Bimbo Ademoye,1kQWgCm2wJY,Why Love Hurts Like This - DANIEL ETIM BIMBO ADEMOYE - Nigerian Movies,"A deeply moving love story follows two people brought together by fate, discovering a powerful connection shaped by passion, trust, and a profound understanding of each other.

Starring: Bimbo Ademoye, Daniel Etim












#nigerianmovies2026latestfullmovies #latestfullmovies #latestnollywoodmovies2026  #africanmovies #nigerianmovies #africanrokstv",UCP1ZksS1Kntsd1L2Ec-qOtA,AFRICAN ROKS TV ,100000,1064,2026-04-30T14:15:01Z,96.2,10799,39.0,1.0,False,True,True,2026-10-06
etimeffiong_ademoye,Daniel Etim-Effiong,Bimbo Ademoye,lus57PsAvzQ,WHO IS THE FATHER (BIMBO ADEMOYE DANIEL ETIM BLESSING OBASI)-Nigerian Movies 2026 latest full movies,"BEST OF BIMBO ADEMOYE DANIEL ETIM MOVIES 2026

ALL THAT SPARKLES


#nigerianmovies #africanmovies #nollywoodmovies",UCOH6LiD2bWGrtEtK-OocNeQ,NollyRok Studios,498000,1690,2026-05-14T06:52:40Z,131.4,24800,127.0,4.0,False,True,True,2026-10-06
etimeffiong_ademoye,Daniel Etim-Effiong,Bimbo Ademoye,6lD1j0ovkDc,"FAME AND FURY - DANIEL ETIM EFFIONG, BIMBO ADEMOYE, UZOR ARUKWE, LATEST NIGERIAN MOVIE 2024",,UCz2lohZJpkfOkvXVyu_6wng,Best African TV,547000,5097,2024-11-08T18:06:04Z,149.3,467659,1779.0,,True,True,True,2026-10-06
etimeffiong_ademoye,Daniel Etim-Effiong,Bimbo Ademoye,TBvR2MsNJls,"Watch Bimbo Ademoye, Nino B and Monalisa in THE PERSONAL ASSISTANT (Sexy Secretary) - Trending Film","When a mean boss learns that the chairman of a company she needs business from is attracted to her personal assistant, she has to defer to her own PA to win the account. SEXY, INTRIGUING & SUSPENSE FILLED.


MOVIE TITLE    - The Personal Assistant 
PRODUCED BY    - Emem Isong 
E.PRODUCERS - Emem Isong
STARRING  - BIMBO ADEMOYE, MONALISA CHINDA, BOLANLE NINALOWO, GBENGA TITILOYE, SHAWN FAQUA and many more! 
DIRECTED BY  -  ENEAJI CHRIS ENENG
PRODUCTION COMPANY  - ROYAL ARTS ACADEMY 
FILM RIGHTS  -  EMEM ISONG MISODI (for RoyalArtsTv on YouTube)

Click Here To Subscribe To Our Channel 
https://www.youtube.com/channel/UCHtf...

Click here to know more about RoyalArtsTV 
https://www.youtube.com/channel/UCHtf...

Click to watch more videos on RoyalArtsTV 
https://www.youtube.com/channel/UCHtf...

Music/Sound Created by George Nathaniel for RoyalArtsTV and Licensed by RoyalArtsTv.
RoyalArtsTv on Social Media: 

Emem Isong Misodi / Royal Arts TV / Royal Arts Academy on Social Media: 

Instagr",UCHtfUf-9779RPujVXixJ7Tw,Royal Arts TV,705000,744,2021-02-13T15:00:14Z,130.7,3969781,25297.0,2508.0,False,True,True,2026-10-06
etimeffiong_ademoye,Daniel Etim-Effiong,Bimbo Ademoye,O57blQSrDzk,"ONE SIGNATURE,ONE SECRET||BIMBO ADEMOYE DANIEL ETIM EFFIONG|-2026 Nigerian Movies Latest Full Movies","#bimboademoye  #danieletim 
In This Nigerian Movie Tovia, homeless and struggling to survive with her 6-year-old daughter, works as a cleaner in an office, secretly using it as a place to sleep at night. One day, she’s discovered by her boss, who offers her a place to stay instead of punishing her. Just when it seems like her life is finally turning around, she crosses paths with his sister—an encounter that threatens to unravel everything she’s worked so hard to rebuild.











































































































































































































































































































































































































































































































































",UCFosnPFFdv6wD1w4ZNH1zZw,NOLLYWAVE CINEMA ,9180,624,2026-08-13T19:45:06Z,124.5,11538,44.0,0.0,True,True,True,2026-10-06
etimeffiong_ademoye,Daniel Etim-Effiong,Bimbo Ademoye,fkhqWcjxPY4,LOVE BY CONTRACT|| BIMBO ADEMOYE DANIEL ETIM EFFIONG||-2026 Nigerian Movies Latest Full Movies,"#bimboademoye #danieletim 
In This Nigerian Movie After spending ten years with the woman he believed would become his wife, Francis finds himself questioning everything he thought he knew about love. While he has worked tirelessly to build a successful future, his longtime girlfriend remains immature, reckless, and unwilling to grow with him. Just when he is ready to walk away, fate reunites him with an old friend—a confident, ambitious woman whose kindness, strength, and unwavering support challenge everything he once believed about love. Torn between loyalty to his past and the promise of a better future, Francis must make a decision that will change the course of his life forever



















































































































































































































































































































",UCFosnPFFdv6wD1w4ZNH1zZw,NOLLYWAVE CINEMA ,9180,624,2026-08-02T22:45:24Z,143.6,26654,135.0,0.0,True,True,True,2026-10-06
etimeffiong_ademoye,Daniel Etim-Effiong,Bimbo Ademoye,ld-7QCK4cjI,"BEFORE GOODBYE - BIMBO ADEMOYE, UZEE USMAN, AMAL UMAR  latest 2026 nigerian movies","Does your heart stop loving someone just because they say they are done? This amazing romantic masterpiece will make your day. Very educative and captivating. 
Starring; BIMBO ADEMOYE, UZEE USMAN, AMAL UMAR and Many More.




#bimboademoye #uzeeusman #amalumar #uchennambunabomovies  #nigerianmovie #latestnigeriamovie #latestnollywoodmovies2026 #africanstories #africanfilms #2026movie #nollywood #lovestory #romanticmovie",UChKCY9X0CIYtnRgIOH_egFg,One And Two Films Tv,680000,46,2026-06-22T17:00:09Z,129.3,1632354,14257.0,926.0,False,True,True,2026-10-06
etimeffiong_ademoye,Daniel Etim-Effiong,Bimbo Ademoye,tiJZfPLtWMQ,Our Wedding Night - DANIEL ETIM BIMBO ADEMOYE - Nigerian Movies,"In this Nigerian movie, 

Starring: Bimbo Ademoye, Daniel Etim











#nigerianmovies2026latestfullmovies #latestfullmovies #latestnollywoodmovies2026 #africanmovies #nigerianmovies #africanrokstv",UCP1ZksS1Kntsd1L2Ec-qOtA,AFRICAN ROKS TV ,100000,1064,2026-08-05T11:15:34Z,96.3,12651,53.0,4.0,False,True,True,2026-10-06
etimeffiong_ademoye,Daniel Etim-Effiong,Bimbo Ademoye,SCkQoa5gtgc,The Best Of Bimbo Ademoye Movies | Top 10 Must Watch Bimbo Ademoye Nollywood Movies in 2025!,"In this video, we dive into the top ten movies starring the incredibly talented and versatile Nollywood actress, Bimbo Ademoye. 

From her comic brilliance to her dramatic range, Bimbo has captured the hearts of millions with her exceptional performances across various genres. Whether you’re a fan of romance, comedy, or suspense, Bimbo's films will leave you entertained and inspired!

Movies Featured and link to watch the full Movie
0:00 - Intro

1:36 Ruse 

4:14 Living with Baami

5:50 Teacher Dorcas 

7:36 Fame and Fury 

9:40 Breaded Life - Netflix

11:52 Mis PJ - Prime Video

14:00 Sugar Rush - Netflix

14:26 Unexpected Places 

17:45 Selina 

20:34 Anikulapo - Netflix

21:12 - CONCLUSION

Hit the LIKE button if you enjoyed the video, and don’t forget to SUBSCRIBE for more Nollywood movie reviews, updates, and top picks. Let us know your favorite Bimbo Ademoye movie in the comments!

BROKEN HALLELUJAH..STARRING BIMBO ADEMOYE, DANIEL ETIM EFFIONG, ESO DIKE. LATEST 2025 MOVIE

TO BE ",UCt8SLBRA0243hVli4qTwUOw,NollyAfrica TV,63300,286,2025-04-18T17:15:03Z,20.4,76521,457.0,85.0,True,True,False,2026-10-06
etimeffiong_ogunmola,Daniel Etim-Effiong,Bolaji Ogunmola,eHlU9UEyvg4,BETWEEN SILENCE AND TRUTH- LATEST NIGERIAN FULL NOLLYWOOD MOVIE,"In the wake of a devastating accident, a couple's crumbling relationship faces a profound test as the wife's amnesia wipes away their painful history, leaving the husband torn between hidden grief and a delicate secret.

#latestnollywoodmovies #romance  #love",UCqxprLDy_2hMQ7aQp_4NNuA,BOLAJI OGUNMOLA TV,751000,447,2026-09-26T17:00:01Z,106.5,2069032,19750.0,2356.0,False,False,True,2026-10-06
etimeffiong_ogunmola,Daniel Etim-Effiong,Bolaji Ogunmola,27lMHPNT5KI,THE BLOOM AFTER - NIGERIAN MOVIES 2026 LATEST FULL MOVIES,"THE BLOOM AFTER - (2026 LATEST MOVIE) BOLAJI OGUNMOLA, DANIEL ETIM EFFIONG, ANTHONY MONJARO

When a traditional homemaker is left by her husband after twenty years of marriage,
she reluctantly reenters the modern dating world, only to discover confidence, joy, and a
sense of self she never knew she’d lost.

#romance #danieletimeffiong #thebloomafter #movie #movie

#bolajiogunmolamovies #bolajiogunmolavlogs #bolajiogunmola 

Don't forget to LIKE, SHARE, and SUBSCRIBE.

Drone Clip Credit: Explore",UCqxprLDy_2hMQ7aQp_4NNuA,BOLAJI OGUNMOLA TV,751000,447,2026-02-06T16:00:02Z,88.9,4368140,51715.0,5446.0,True,True,True,2026-10-06
etimeffiong_ogunmola,Daniel Etim-Effiong,Bolaji Ogunmola,XO3_GT1BKPI,FOREVER YOURS - Nigerian movies 2026/ lastest full movies/ Lastest nollywood romantic movie,"Subscribe to our YouTube channel
https://www.youtube.com/channel/UCnZ28GESUBXyZSIvzcs1RXA/featured?disable_polymer=true

More movies on our channel https://www.youtube.com/channel/UCnZ28GESUBXyZSIvzcs1RXA/featured?disable_polymer=true

ChinneyLove Eze on social media
https://www.instagram.com/chinneyloveezeprods/?igshid=1pqsad6axjql8
https://www.instagram.com/chinneyloveeze_prods/?igshid=14m1h8iqx7d7h
https://www.facebook.com/chinneyloveezeprods/

Watch 

We are  your hub for quality and premium contents.",UCnZ28GESUBXyZSIvzcs1RXA,ChinneyLoveEze Tv,829000,160,2026-09-26T16:08:13Z,123.2,1881100,14709.0,1123.0,False,False,True,2026-10-06
etimeffiong_ogunmola,Daniel Etim-Effiong,Bolaji Ogunmola,-9uRVZaTBpo,"CHEMISTRY (Reedited for All Audiences) Daniel Etim Effiong, Bolaji Ogunmola, Eby Eno","CHEMISTRY (Reedited for All Audiences) Daniel Etim Effiong, Bolaji Ogunmola, Eby Eno 

*""Thank you for all the love on our original release of Chemistry! Due to YouTube restrictions, the previous version was limited to very few audiences. We’ve reedited the movie to make it accessible to a wider audience—without losing the heart of the story you’ve come to love. Dive into this romantic drama about love, choices, and second chances, and share it with your friends and family! ❤️ Don’t forget to like, comment, and subscribe for more updates and behind-the-scenes exclusives!""*",UCZ3pmGCRxEGnoaVQZSzqXXw,Imagine Media Studios,6680,110,2024-12-18T15:52:44Z,99.2,309317,2211.0,151.0,True,True,True,2026-10-06
etimeffiong_ogunmola,Daniel Etim-Effiong,Bolaji Ogunmola,hyTwvk_Q7Pc,"ALL THINGS EQUAL - SARIAN MARTIN, DANIEL ETIM, Latest 2026 Nigerian Full Movie","ALL THINGS EQUAL is an emotional Nollywood drama about love, ambition, partnership, sacrifice, and the challenges of building a relationship between two independent people.

STARRING: SARIAN MARTIN, DANIEL ETIM AND MANY OTHERS.

NOW SHOWING ON SARIAN MARTIN TV

#allthingsequal #sarianmartin #danieletim #nollywoodmovies #africanmovies #sarianmartintv #nollywood #nigerianmovies",UCpho61bUzmt4gFFb--Kggkw,Sarian Martin Tv,954000,227,2026-09-20T17:00:13Z,95.5,3881376,28607.0,2029.0,False,False,True,2026-10-06
etimeffiong_ogunmola,Daniel Etim-Effiong,Bolaji Ogunmola,7CQXWZ76YUQ,MARRIED FOR THE WEEKEND - Nigerian Movies 2026 Latest Full Movies,"After six months apart, Tomi and Demilade are determined to end their marriage, until an unexpected visit from Tomi’s ailing father forces them to play the perfect couple for one weekend. But beneath the carefully staged smiles, old feelings begin to resurface, threatening to turn their temporary performance into something neither of them is prepared for.

If you are looking for Nigerian Movies 2026 Latest Full Movies and Nollywood movies 2026 latest full movies, then you need to check out MARRIED FOR THE WEEKEN ! This romantic movie moves you into the world of the best Nigerian movies. You'll definitely love this full movie and latest entry in the Omoni Oboli movies on Omoni Oboli TV starring Omoni Oboli, Daniel Etim-Effiong, Akin Lewis.

#nollywoodmovies #nigerianmovies #omonioboli #omoniobolitv",UCbvdwZvZgdl-pPyomEmaEfg,Omoni Oboli TV,2080000,1206,2026-09-18T16:00:00Z,97.8,3357276,27773.0,2640.0,True,False,True,2026-10-06
etimeffiong_ogunmola,Daniel Etim-Effiong,Bolaji Ogunmola,u-FwtaMN3xg,"A PERFECT MATCH FOR ME - DANIEL ETIM EFFIONG, BOLAJI OGUNMOLA - Nigerian Movie","In This Nigerian Movie...
Navigating personal challenges and unspoken emotions can be challenging for newly lovebirds but in the end true love always wins.















#nigerianmovies #nollywoodmovies #familytiescinema #newmovies",UCjLl-Mwc0VbgrdJiMnzi9Lg,FamilyTies Cinema,363000,1287,2026-09-13T01:15:06Z,92.6,12488,32.0,2.0,True,True,True,2026-10-06
etimeffiong_ogunmola,Daniel Etim-Effiong,Bolaji Ogunmola,NAwTpJlrFNU,"CRAZED ATTRACTION - Daniel Etim Effiong, Onyii Alex 2025 Nollywood Full Movie","CRAZED ATTRACTION - Daniel Etim Effiong, Onyii Alex 2025 Nollywood Full Movie

Watch 👉 ROSE ANN https://youtu.be/sd4rb6ankO8 Showing Now

Watch out for this lovely romantic movie.

NOLLY FAMILYTV PRODUCES BEST NOLLYWOOD MOVIES THAT ENTERTAINS AND EDUCATES ABOUT LIFE, MARRIAGE/RELATIONSHIP AND THE REAL AFRICAN CULTURE. 

WE GO EXTRA MILES IN MAKING SURE OUR AUDIENCE ARE SERVED THRILLING MOVIES WHILE AT THE SAME TIME TEACHING AND MAINTAINING THE VALUES OF AFRICAN CULTURE.

PLEASE DONT FORGET TO LIKE, SHARE AND COMMENT BELOW.
SUBSCRIBE TO NOLLY FAMILYTV TO ENJOY LATEST INTERESTING AND INFORMATIVE NOLLYWOOD HOME MOVIE. 

GOD BLESS YOU.

#nigerianmovies #nollywoodmovies #latestmovies
#2025movies #nollyfamilytv #danieletimeffiong
#nollywood #crazedattraction #onyiialex",UC0M6BJj039bknQaHNiiOekA,NollyFamily tv,1670000,600,2025-03-02T15:20:07Z,100.9,3430649,26361.0,1941.0,True,False,True,2026-10-06
etimeffiong_ogunmola,Daniel Etim-Effiong,Bolaji Ogunmola,nPpy24gr12M,CHESS - Nigerian Movies 2025 Latest Full Movies,"In the bustling heart of Lagos, a sharp-tongued brand strategist navigates heartbreak, ambition, and the chaotic chessboard of modern relationships. With her wit as her weapon and vulnerability peeking through her sarcasm, she finds herself entangled in unexpected power plays both at work and in love. CHESS is a witty, emotionally layered journey of personal evolution, exploring what it means to choose your next move when life keeps shifting the rules.

If you are looking for Nigerian Movies 2025 Latest Full Movies and Nollywood movies 2025 latest full movies, then you need to check out CHESS ! This romantic movie moves you into the world of the best Nigerian movies. You'll definitely love this full movie and latest entry in the Omoni Oboli movies on Omoni Oboli TV starring Daniel Etim-Effiong and Bambam and Obehi Aburime",UCbvdwZvZgdl-pPyomEmaEfg,Omoni Oboli TV,2080000,1206,2025-08-30T17:01:05Z,101.8,7967368,84496.0,5689.0,True,False,True,2026-10-06
etimeffiong_ogunmola,Daniel Etim-Effiong,Bolaji Ogunmola,szpFBjQaIEM,"HONEYMOON AND SECRETS - ONYII ALEX, DANIEL ETIM EFFIONG ,PAMELA OKOYE #HONEYMOONANDSECRETS","#latestnollywoodmovies #nollywoodmovieslatest #latestnollywoodmovies2026 #onyiialexmovies #uchembunabotv #romantic #lovestory #omoniobolitv
#onyiialex #trending #frederickeleonard #latestnigerianmovie2026 #nollywoodmovie2026 LatestNigerianMovies #AfricanMovies #Nollywood #FullMovie #NollywoodDrama #onyiialextv #trending #comedy 

HONEYMOON AND SECRETS - ONYII ALEX, DANIEL ETIM EFFIONG ,PAMELA OKOYE, #HONEYMOONANDSECRETS",UCx67PyaVTdkNTt2n6p-WIbw,onyiialexTV,609000,110,2026-08-02T17:02:59Z,141.5,3698987,34851.0,2860.0,True,False,True,2026-10-06
etimeffiong_ogunmola,Daniel Etim-Effiong,Bolaji Ogunmola,-dAF7FdXmUA,A NIGHT WITH MR DANIELS - Nigerian Movies 2025 Latest Full Movies,"In a world where secrets can buy fortunes, A Night With Mr. Daniels follows Ibiere, a brilliant but struggling young woman forced into a compromising scheme to save her ailing mother. When Prince Tayo Daniels, heir to a prestigious dynasty, demands a night with a bride before proposing, Nneka — a scheming socialite — and her calculating mother, Adaku, plot a deception: swap in Ibiere to fulfill the prince’s demand.

What begins as a desperate night spirals into a tangled web of hidden identities, betrayal, and unexpected beautiful second chances. As Tayo unknowingly hires Ibiere at his company, an undeniable connection sparks between them — but buried secrets threaten to destroy everything. In a battle between ambition, redemption, and true love, Ibiere must confront whether she can ever truly leave her past behind… or if the truth will catch up with her when she least expects it.

If you are looking for Nigerian Movies 2025 Latest Full Movies and Nollywood movies 2025 latest full movi",UCbvdwZvZgdl-pPyomEmaEfg,Omoni Oboli TV,2080000,1206,2025-05-02T17:00:01Z,92.3,6247972,88675.0,8488.0,True,False,True,2026-10-06
etimeffiong_ogunmola,Daniel Etim-Effiong,Bolaji Ogunmola,5Pf4FL0hkcw,Love In A Lie - DANIEL ETIM BOLAJI OGUNMOLA SCARLET GOMEZ - Nigerian Movies,"In this Nigerian movie,

Starring: Daniel Etim, Bolaji Ogunmola, Scarlet Gomez










#nigerianmovies2026latestfullmovies #latestfullmovies #latestnollywoodmovies2026  #africanmovies #nigerianmovies #africanrokstv",UCP1ZksS1Kntsd1L2Ec-qOtA,AFRICAN ROKS TV ,100000,1064,2026-05-14T17:15:01Z,102.0,199559,1222.0,291.0,False,True,True,2026-10-06
etimeffiong_ogunmola,Daniel Etim-Effiong,Bolaji Ogunmola,xnK7bTaAgVE,"OUR SECOND MARRIAGE - DANIEL ETIM EFFIONG, BOLAJI OGUNMOLA - Nigerian Movie","In This Nigerian Movie...
Navigating personal challenges and unspoken emotions can be challenging for newly lovebirds but in the end true love always wins.













#nigerianmovies #nollywoodmovies #familytiescinema #newmovies",UCjLl-Mwc0VbgrdJiMnzi9Lg,FamilyTies Cinema,363000,1287,2026-08-26T19:15:06Z,79.5,46224,111.0,4.0,True,True,True,2026-10-06
etimeffiong_ogunmola,Daniel Etim-Effiong,Bolaji Ogunmola,zku9zfBJlxY,JUST ONE NIGHT - Nigerian Movies 2026 Latest Full Movies,"In JUST ONE NIGHT, one of the latest Nigerian movies 2026, Omo's husband sold her to a billionaire for one night to save his career. The billionaire fell in love with her instead.

After years trapped in a loveless, abusive marriage, Omo becomes the price Osaze pays for a promotion and a way out of debt. But what was meant to be one shameful weekend becomes the beginning of a love she never thought she deserved.

As buried secrets come to light and the consequences of one reckless decision spiral out of control, Omo must choose between the husband who betrayed her… and the man who finally saw her worth.

JUST ONE NIGHT cast: Chinonso Aruban, Daniel Etim, Simon OKo, Chris Akwarandu and Igho Tega Leonard

JUST ONE NIGHT is a new movie that showcases the profound storytelling and emotional depth characteristic of Nollywood films. If you're in the mood for romantic movies, this full movie is the perfect choice. It's part of the exciting lineup of Nollywood movies 2026 and Nigerian Movies 2",UCHtfUf-9779RPujVXixJ7Tw,Royal Arts TV,705000,744,2026-08-13T16:00:26Z,154.8,2092574,20859.0,2543.0,False,False,True,2026-10-06
etimeffiong_ogunmola,Daniel Etim-Effiong,Bolaji Ogunmola,TDP76lfpmP8,BOLAJI AND THE MANS WIFE - WORDS PIERCE HARDER THAN A STAB  #bolajiandthemanswife,#danieletim  #onyiialex. #francessnwabunike #ruthkadiri247 #ruthkadirimovies #ruthkadirifilms #nollywood #nollywoodmovies #naijamovies #naijafilms #latestnollywoodmovies #latestnollywoodmovies2025,UCjcFNZE51DmSrGYBqixs0Ug,RuthKadiri247,4100000,325,2025-06-05T16:01:06Z,129.9,4275718,65589.0,6420.0,False,False,True,2026-10-06
etimeffiong_ogunmola,Daniel Etim-Effiong,Bolaji Ogunmola,Mx3u0iW7h9Y,"BEAUTY OF US (Full Movie) - DANIEL ETIM, CHINENYE NNEBE 2026 Latest Nollywood New Movie","BEAUTY OF US (Full Movie) - DANIEL ETIM, CHINENYE NNEBE 2026 Latest Nollywood New Movie


#nollywoodmovies #nollywood #nigerianmovies #2026 #new #latest #trending",UC0M6BJj039bknQaHNiiOekA,NollyFamily tv,1670000,600,2026-08-23T14:50:28Z,127.5,1467414,13391.0,1039.0,False,False,True,2026-10-06
etimeffiong_ogunmola,Daniel Etim-Effiong,Bolaji Ogunmola,F_A7vuwCKds,A TWIST CALLED LOVE -ETIM EFFIONG -BOLAJI OGUNMOLA-NIGERIAN MOVIES 2026 LATEST FULL MOVIES #trending,"Jane's impatience and wrong advice from a wrong friend cost her everything.










nollywoodmovies,nigerianmovies,africanmovie,lovemovies,emotionalmovies,2025movie,lates2025movies,mauricesamtv,ruthkadiri247,mauricesammovies2025,romancemovie,lovemovie,bimboademoyetv,UK,USA,JAMAICA,CANADA,Omoniobolitv



























#nigerianmovies #africanmovies #latestnollywoodmovies2025 #nollywoodmovies #newmovies#mauricesam #bimboademoye  #ruthkadiri247#mauricesammovies2025 #lovestorymovie #nigerianmovies #nollywoodmovies #2025movies #africanmovie #lates2025movies #romancemovie #lovemovie#UK#USA#CANADA#JAMAICA#",UCNIOKFJV-oODa31zUhlNCuA,White Gold Pictures Tv,103000,1935,2026-02-22T16:45:06Z,79.0,65187,191.0,21.0,True,True,True,2026-10-06
etimeffiong_ogunmola,Daniel Etim-Effiong,Bolaji Ogunmola,DqtQTGKCyuo,LOVE AND OTHER PROBLEMS - Nigerian Movies 2026 Latest Full Movies,"George and Hauwa's love story takes an unexpected turn when a viral proposal reveals the relationship they've kept hidden from their employer. Faced with impossible choices, career setbacks, and personal trials, they discover that love is only the beginning of their problems.

LOVE AND OTHER PROBLEMS cast: 
Daniel Etim Effiong
Efe Irele
Somtoo Eze
Pretty Amadi

Watch this Latest Nigerian movies 2026 full movie on Blessing Obasi TV, your home for the best Nollywood movies 2026. Blessing Obasi TV brings you another unforgettable Nollywood movie featuring top Nollywood actors. If you love Nigerian movies full of emotion, drama, and powerful performances, Blessing Obasi TV is the Nollywood movie channel you need.

Watch more Nigerian movies 2026 Latest full movies here https://www.youtube.com/@Blessingobasitv

Don’t forget to SUBSCRIBE, LIKE, COMMENT, and SHARE to support Blessing Obasi TV!

#blessingobasi #nollywood

LemFi is a mobile app for users in the USA, Australia, EU, UK and Canada",UCIT1gRMia48fegizq1baniw,Blessing Obasi TV,327000,327,2026-07-12T18:00:29Z,130.7,2626358,25482.0,2805.0,True,False,True,2026-10-06
etimeffiong_ogunmola,Daniel Etim-Effiong,Bolaji Ogunmola,utt53Vpdsx8,"LOVE IN TRANSIT - New Nigerian Movie starring Bimbo Ademoye, Daniel Etim, Ayanime Edem",,UCVVs7iCZgDTBi7nPs4m4ksg,Uduak Isong TV,814000,145,2025-04-20T16:00:20Z,112.7,7907717,85760.0,6481.0,False,False,True,2026-10-06
etimeffiong_ogunmola,Daniel Etim-Effiong,Bolaji Ogunmola,V1Z748V5NyU,"A SEASON FOR LOVE - New Nigerian Movie starring Daniel Effiong, Chinonso Arubayi ",,UCVVs7iCZgDTBi7nPs4m4ksg,Uduak Isong TV,814000,145,2025-11-05T17:00:32Z,104.9,2875321,26054.0,1704.0,False,False,True,2026-10-06
etimeffiong_ogunmola,Daniel Etim-Effiong,Bolaji Ogunmola,DIzze3XC1wo,"STUCK ON YOUR LOVE - BOLAJI OGUNMOLA, DANIEL ETIM EFFIONG - Nigerian Movie","In This Nigerian Movie...
Navigating personal challenges and unspoken emotions can be challenging for newly lovebirds but in the end true love always wins.














#nigerianmovies #nollywoodmovies #familytiescinema #newmovies",UCjLl-Mwc0VbgrdJiMnzi9Lg,FamilyTies Cinema,363000,1287,2026-01-20T11:15:06Z,86.0,33559,124.0,4.0,True,True,True,2026-10-06
etimeffiong_ogunmola,Daniel Etim-Effiong,Bolaji Ogunmola,bGyplaKAX1s,Between two lovers - Uche montana/ Daniel etim effiong / sonia uche,"Premium nolly Tv is home for all premium nollywood movie. kindly subscribe to best of quality nigerian movies

https://www.youtube.com/channel/UCizniqa2kWhADt0UGPtYR4g",UCizniqa2kWhADt0UGPtYR4g,Premium Nolly Tv,30300,14,2026-04-27T16:49:38Z,103.7,1068660,5758.0,282.0,True,False,True,2026-10-06
etimeffiong_ogunmola,Daniel Etim-Effiong,Bolaji Ogunmola,oFoZPXymFvc,SHADES OF LOVE | ESO DIKE | SANDRA OKUNZUWA | DANIEL ETIM,"She risked everything for love and lost it all, now a widower is making Benita question everything. Who deserves her heart? Watch SHADES OF LOVE


CLICK HERE TO SUBSCRIBE: youtube.com/@GoldenTideTv?sub_confirmation=1

#Goldentidetv #nigerianmovie #nollywoodmovies #youtubestudio #youtubechannels #youtubesubscribers #youtubemovies  #nigerianmovies2026   #nigeria #nigerianfilm #nigerianfilms


Disclaimer
This motion picture is a work of fiction. Any resemblance to real persons, living or deceased, or real events is purely coincidental.",UCNtiT265NUW0E-gahbQKvYw,GoldenTide TV,165000,134,2026-09-11T15:00:13Z,125.3,1041357,6407.0,627.0,False,False,True,2026-10-06
etimeffiong_ogunmola,Daniel Etim-Effiong,Bolaji Ogunmola,OPKEniE3H6E,"A LITTLE TIPSY - DANIEL ETIM EFFIONG, BOLAJI OGUNMOLA - Nigerian Movie","In This Nigerian Movie...
Navigating personal challenges and unspoken emotions can be challenging for newly lovebirds but in the end true love always wins.
















#nigerianmovies #nollywoodmovies #familytiescinema #newmovies",UCjLl-Mwc0VbgrdJiMnzi9Lg,FamilyTies Cinema,363000,1287,2026-08-17T19:15:06Z,102.2,61308,173.0,4.0,True,True,True,2026-10-06
etimeffiong_ogunmola,Daniel Etim-Effiong,Bolaji Ogunmola,9bES8HtMgzw,"LOVE ON STRIKE - BOLAJI OGUNMOLA, DANIEL ETIM - Latest Nigeria Movies 2026","In This Nigeria Movie.... 
Living in a beautiful home but trapped in a toxic marriage, a young woman is pushed to her breaking point by her husband’s sudden, unexplained hostility. When her search for answers uncovers a massive, buried secret about his identity and past, the pieces of the puzzle finally fit together.




#nigerianmovie #nollywoodmovie #trendyafrotv #youtube #newmovies
#africanmovies #trending #latestnigeriamovies",UCxfUcIMxb49Bkbii9LlQj1w,TrendyAfro TV,66600,353,2026-07-25T11:30:06Z,87.5,26902,90.0,10.0,False,True,True,2026-10-06
etimeffiong_ogunmola,Daniel Etim-Effiong,Bolaji Ogunmola,jrlFE0MPTtM,"BECOMING - New Nollywood Movie starring Bimbo Ademoye, Daniel Etim Effiong, Baaj Adebule, Obey Etok",,UCVVs7iCZgDTBi7nPs4m4ksg,Uduak Isong TV,814000,145,2026-08-27T15:59:13Z,113.8,2661609,17107.0,1206.0,True,False,True,2026-10-06
etimeffiong_ogunmola,Daniel Etim-Effiong,Bolaji Ogunmola,9_HG6AKWDhA,WHEN LOVE STRIKES -ETIM EFFIONG - BOLAJI OGUNMOLA -NIGERIAN MOVIES 2026 LATEST FULL MOVIES #trending,"Shaped by a troubled upbringing, he carried deep-seated hostility into every relationship he had. After driving his girlfriend away, he turned to her sister—only to repeat the same toxic patterns. Some wounds run deeper than love can heal.









nollywoodmovies,nigerianmovies,africanmovie,lovemovies,emotionalmovies,2025movie,lates2025movies,mauricesamtv,ruthkadiri247,mauricesammovies2025,romancemovie,lovemovie,bimboademoyetv,UK,USA,JAMAICA,CANADA,Omoniobolitv



























#nigerianmovies #africanmovies #latestnollywoodmovies2025 #nollywoodmovies #newmovies#mauricesam #bimboademoye  #ruthkadiri247#mauricesammovies2025 #lovestorymovie #nigerianmovies #nollywoodmovies #2025movies #africanmovie #lates2025movies #romancemovie #lovemovie#UK#USA#CANADA#JAMAICA#",UCNIOKFJV-oODa31zUhlNCuA,White Gold Pictures Tv,103000,1935,2026-01-20T15:45:06Z,91.4,144877,439.0,73.0,True,True,True,2026-10-06
etimeffiong_ogunmola,Daniel Etim-Effiong,Bolaji Ogunmola,geFPwpOZo_A,"FRIENDLY FOE - SONIA UCHE, DANIEL ETIM, FAE OLUMIDE, CHIOMA UMAHI latest 2026 nigerian movies","FRIENDLY FOE 🎬🎥🎬🎥

Jite’s dedication to his career comes at a cost, but nothing prepares him for the tragedy that changes his life forever. 💔

Now, he must fight to rebuild his relationship with his daughter while facing a family determined to keep them apart.

Love. Loss. Family. Secrets. Betrayal.

Who is really on Jite’s side?

Watch FRIENDLY FOE till the end to find out. 👀❤️


Starring: SONIA UCHE, FAE OLUMIDE, DANIEL ETIM, CHIOMA UMAHI,  and many more

Don’t forget to LIKE, COMMENT, SHARE & SUBSCRIBE to SONIA UCHE TV for more amazing Nigerian movies.


#FriendlyFoe #SoniaUcheTV #NigerianMovies #Nollywood #NigerianMovie #AfricanMovies #

#soniauche #danieletim #soniauchemovies2026 #friendlyfoe #nollywoodmovies #nigerianmovies2026africanmovies #africanmovies #lovemovies #latestnigerianmovies #2026movies",UCHY9J0IWIWht6GqIBiLidBA,Sonia Uche Tv,1510000,140,2026-09-09T17:00:26Z,120.3,2568592,21897.0,1527.0,False,False,True,2026-10-06
etimeffiong_ogunmola,Daniel Etim-Effiong,Bolaji Ogunmola,AHa-wF6A6Ec,UNSPOKEN DESIRE | BOLAJI OGUNMOLA | DANIEL ETIM-EFFIONG - NIGERIAN MOVIE,"In this trending Nollywood movie, 




Cast: Bola Ogunmola



Love and Destiny

#nigerianmovies #africanmovies #trendingmovies #newmovies",UCgLQy1_iCXJi7C-sbcw_ZIA,Metronolly TV,156000,1864,2026-09-11T04:46:36Z,105.2,4586,9.0,0.0,True,True,True,2026-10-06
etimeffiong_ogunmola,Daniel Etim-Effiong,Bolaji Ogunmola,fnVBWWKa8MM,She Could Buy Any Man... Until She Fell in Love | WHEN MOREMI FALLS (Full Movie),"Bimbo Akintola and Daniel Etim Effiong star in this new romantic movie 💕

She built her life on control.

Moremi Bello is powerful, wealthy, and untouchable. After a painful betrayal in her past, she made a decision never to love, never to depend, and never to lose control again.

Men, to her, are simple: everything has a price.

Until she meets Osas.

A principled and determined man who refuses her money, her influence, and her rules. Drawn together by something deeper than either of them expected, their connection begins to challenge everything Moremi believes about love, power, and vulnerability.

But just as she begins to open her heart, the past returns to test them.

Will love survive where control once ruled?

💔 A story of power, healing, and the courage to love again.  
❤️ A reminder that real love cannot be bought.

WHEN MOREMI FALLS — Full Movie Now Showing.

#WhenMoremiFalls #FullMovie #RomanticDrama #AfricanCinema #LoveStory",UCKnp918QQ3gQIsmDXEZ0gdA,Love Story Media,209000,119,2026-04-25T17:00:50Z,91.1,3083037,34970.0,3717.0,True,False,True,2026-10-06
etimeffiong_ogunmola,Daniel Etim-Effiong,Bolaji Ogunmola,-1py8UMak4k,"CHAOS NEXT DOOR - DANIEL ETIM EFFIONG, BIMBO ADEMOYE 2026 Latest Nollywood New Movie","CHAOS NEXT DOOR - DANIEL ETIM EFFIONG, BIMBO ADEMOYE 2026 Latest Nollywood New Movie

SUBSCRIBE NOW https://www.youtube.com/channel/UC0M6BJj039bknQaHNiiOekA/?sub_confirmation=1

Discover Pocket Broker today! Click https://pocketo.click/poww?inf=FAM2026&number=2&int=2
and apply promo code FAM2026 to receive a 100% bonus on your first deposit.

Watch out for this lovely romantic movie.

NOLLY FAMILYTV PRODUCES BEST NOLLYWOOD MOVIES THAT ENTERTAINS AND EDUCATES ABOUT LIFE, MARRIAGE/RELATIONSHIP AND THE REAL AFRICAN CULTURE. 

WE GO EXTRA MILES IN MAKING SURE OUR AUDIENCE ARE SERVED THRILLING MOVIES WHILE AT THE SAME TIME TEACHING AND MAINTAINING THE VALUES OF AFRICAN CULTURE.

PLEASE DONT FORGET TO LIKE, SHARE AND COMMENT BELOW.
SUBSCRIBE TO NOLLY FAMILYTV TO ENJOY LATEST INTERESTING AND INFORMATIVE NOLLYWOOD HOME MOVIE. 

GOD BLESS YOU.

#chaosnextdoor #danieletimeffiong #bimboademoye #newmovie
#nigerianmovies #nollywoodmovies #latestmovies #latestmovie
#2026movies #nollyfamilytv #nollyw",UC0M6BJj039bknQaHNiiOekA,NollyFamily tv,1670000,600,2026-05-08T16:00:00Z,105.7,8721911,90554.0,6973.0,True,False,True,2026-10-06
etimeffiong_ogunmola,Daniel Etim-Effiong,Bolaji Ogunmola,rY92l-9ITx4,"KARMA SAYS - DANIEL ETIM, BAMBAM ADENIBUYAN, GILLS OKEKE latest 2025 nigerian movies","This amazing masterpiece will blow your mind and make your day. A must watch for everyone. Very educative and intriguing.
Starring: DANIEL ETIM, BAMBAM ADENIBUYAN, GILLS OKEKE






#danieletim #stellaudeze #bambam #uchennambunabomovies #latestnollywoodmovies2025 #latestnigerianmovies #africanmovies #nollywood #nigerianmovies #africanstories #lovestory",UCypAoMCRQuNL2RBwy-x4oQg,Uchenna Mbunabo Tv,3910000,254,2025-07-24T17:02:20Z,111.1,3557035,34365.0,4071.0,False,False,True,2026-10-06
etimeffiong_ogunmola,Daniel Etim-Effiong,Bolaji Ogunmola,IRb2Um3p-J8,LOVE ON IT'S KNEES - ETIM EFFIONG - BOLAJI OGUNMOLA -  LATEST 2026 NIGERIAN MOVIES  #trending,"A Story of a 32 years old man who was sexually abused as a teenager. Then he became obsessed with married women that almost ended his life. He has to seek help.









nollywoodmovies,nigerianmovies,africanmovie,lovemovies,emotionalmovies,2026movie,lates2026movies,mauricesamtv,ruthkadiri247,mauricesammovies2026,romancemovie,lovemovie,bimboademoyetv,uchennambunabotv,fredrickleonardstv,uchenancytv.uchemontanatv,sarianmartinstv,UK,USA,JAMAICA,CANADA,Omoniobolitv











#nigerianmovies #africanmovies #latestnollywoodmovies2026 #nollywoodmovies #newmovies#mauricesam #bimboademoye  #ruthkadiri247#mauricesammovies2026 #lovestorymovie #nigerianmovies #nollywoodmovies #2026movies #africanmovie #lates2026movies #romancemovie #lovemovie#UK#USA#CANADA#JAMAICA#",UCNIOKFJV-oODa31zUhlNCuA,White Gold Pictures Tv,103000,1935,2026-04-11T12:45:06Z,102.3,6265,21.0,1.0,True,True,True,2026-10-06
etimeffiong_ogunmola,Daniel Etim-Effiong,Bolaji Ogunmola,Je-fW2TUCcg,Love's Perfect Catch || DANIEL ETIM BOLAJI OGUNMOLA || 2026 Nigerian Nollywood Movies,"#bolajiogunmola #danieletim 

A successful woman meets the man of her dreams, but hidden secrets threaten their chance at true love.

Cast : Daniel Etim, Bolaji Ogunmola",UCDapjl4q1VkABYk1Uo01atw,21ST  CENTURY NOLLYWOOD,446000,1786,2026-06-16T11:00:28Z,101.2,48193,183.0,11.0,False,True,True,2026-10-06
etimeffiong_ogunmola,Daniel Etim-Effiong,Bolaji Ogunmola,MMZum1O8WzU,LONGING-  NIGERIAN MOVIES 2026 LATEST FULL MOVIES,"Please don't forget to SUBSCRIBE!!!

Eniafe, a talented young art director, believes her three-year relationship with Seyi is finally heading toward marriage. So when Seyi tells her to dress up because they are going somewhere important, she assumes a proposal is coming. Instead, he takes her to his mother’s house, where she is blindsided by the revelation that his mother has decided, after fasting and praying, that they are not meant to be together.

#bolajiogunmolamovies #bolajiogunmolavlogs #uchemontana #bolajiogunmola #2026latestnigerianmovie #romantic  #romamce #danieletimeffiong #love  #trending #IK",UCqxprLDy_2hMQ7aQp_4NNuA,BOLAJI OGUNMOLA TV,751000,447,2026-08-14T15:00:27Z,108.0,2798889,24802.0,4355.0,False,False,True,2026-10-06
etimeffiong_ogunmola,Daniel Etim-Effiong,Bolaji Ogunmola,lCgFgpXI0jk,"BECOMING MRS. JACK - BOLAJI OGUNMOLA, DANIEL ETIM EFFIONG - Nigerian Movie","In This Nigerian Movie...
Navigating personal challenges and unspoken emotions can be challenging for newly lovebirds but in the end true love always wins.












#nigerianmovies #nollywoodmovies #familytiescinema #newmovies",UCjLl-Mwc0VbgrdJiMnzi9Lg,FamilyTies Cinema,363000,1287,2026-03-24T01:15:07Z,65.4,89445,325.0,17.0,True,True,True,2026-10-06
etimeffiong_ogunmola,Daniel Etim-Effiong,Bolaji Ogunmola,kMyOtz_fzUE,"THE WIFE THEY BLAMED | DANIEL ETIM ,BOLAJI OGUNMOLA-Latest Nigerian Movie 2026","#bolajiogunmola #danieletim 

In This Nigerian Cinema Movie....Anna and her husband welcome his widowed mother into their home .













#nigerianmovies #africanmovies #nollywoodmovies #lovelenscinema #trendingmovies",UCZdNoZ94k8qfNBd_a24R8Xg,LOVE LENS CINEMA,20600,365,2026-09-30T11:15:23Z,79.3,34470,65.0,3.0,False,True,True,2026-10-06
etimeffiong_ogunmola,Daniel Etim-Effiong,Bolaji Ogunmola,ljl0QRrZ_Ms,"MY UNSTABLE WIFE - DANIEL ETIM EFFIONG, BOLAJI OGUNMOLA - Nigerian Movie","In This Nigerian Movie...
Navigating personal challenges and unspoken emotions can be challenging for newly lovebirds but in the end true love always wins.













#nigerianmovies #nollywoodmovies #familytiescinema #newmovies",UCjLl-Mwc0VbgrdJiMnzi9Lg,FamilyTies Cinema,363000,1287,2026-07-17T19:15:06Z,110.2,4350,25.0,1.0,True,True,True,2026-10-06
etimeffiong_ogunmola,Daniel Etim-Effiong,Bolaji Ogunmola,19l5PvX9_dA,Watch Daniel Etim Effiong pretend to be a Daddy in this Nigerian movie - Jay's Dad Rereleased,,UCVVs7iCZgDTBi7nPs4m4ksg,Uduak Isong TV,814000,145,2025-09-28T13:57:55Z,135.2,664424,6675.0,374.0,True,False,True,2026-10-06
etimeffiong_ogunmola,Daniel Etim-Effiong,Bolaji Ogunmola,DbtiUaWiie4,"LOVE IN GHETTO - Etim Effiong, Sophia Alakija, Modola Osifuwa, Latest 2026 Romantic Movie #trending","In the ghetto, where survival speaks louder than hope, love begins to blossom but can it withstand the test of reality? LOVE IN GHETTO showing now @ibakatv1 YouTube

Starring: @etimeffiong , @sophiealakija , @blessingjessicaobasi , @modola_ @kingwoleojo , @ehis_perfect 

Director: @themo.fakorede
Producer: @abbeyscreation 
Executive Producer:@elrabentertainment



#ibakatv #nollywoodmovies #latestnollywoodmovies #naijamovies #ibakatvmovies #etimeffiong #sophiealakija #modola #blessingobasi #woleojo #ehis #loveinghetto #ghettolove",UCm6NRZvIcYwpj79CIa1Lj9g,IBAKATV,1420000,155,2026-03-27T17:21:49Z,117.9,2415087,23555.0,1376.0,True,False,True,2026-10-06
etimeffiong_ogunmola,Daniel Etim-Effiong,Bolaji Ogunmola,H2uTcFaOwtU,"THE MAN FOR ME (DANIEL ETIM, BOLAJI OGUNMOLA) Latest Nigerian Movies 2026","#ivorynollytv  

She discovers her best friend has been impersonating her and manipulating their relationship. Hurt and betrayed, she decides to turn the tables, sparking a dangerous cycle of revenge and deception.

Starring: Bolaji Ogunmola, Daniel Etim, Sophie Alakija


















#Nollywoodmovies #Nigerianmovies #trendynollywoodmovies #latestnigerianmovies #latestnigerianmovies2025 #nigerianfilms #Africanmovies #2025movies #2026movies #youtubemovies",UCVyUdmMYza4InOoo4aTyJoA,IVORY NOLLY TV,248000,971,2026-07-08T16:45:36Z,82.0,26524,80.0,2.0,False,True,True,2026-10-06
etimeffiong_ogunmola,Daniel Etim-Effiong,Bolaji Ogunmola,XDrXmI8FqW8,FALLING AGAIN OR NOT - ETIM EFFIONG - BOLAJI OGUNMOLA -,"Two friends fall for the same man, but his heart belongs to only one of them. As jealousy takes root, trust crumbles, and their once-strong friendship begins to fall apart. Secrets, rivalry, and heartbreak collide in a dramatic battle for love. Watch how it all plays out.





























nollywoodmovies,nigerianmovies,africanmovie,lovemovies,emotionalmovies,2026movie,lates2026movies,mauricesamtv,ruthkadiri247,mauricesammovies2026,romancemovie,lovemovie,bimboademoyetv,UK,USA,JAMAICA,CANADA,Omoniobolitv







#nigerianmovies #africanmovies #latestnollywoodmovies2026 #nollywoodmovies #newmovies#mauricesam #bimboademoye  #ruthkadiri247#mauricesammovies2026 #lovestorymovie #nigerianmovies #nollywoodmovies #2026movies #africanmovie #lates2026movies #romancemovie #lovemovie#UK#USA#CANADA#JAMAICA#",UCNIOKFJV-oODa31zUhlNCuA,White Gold Pictures Tv,103000,1935,2026-03-28T16:45:06Z,70.5,23125,72.0,1.0,True,True,True,2026-10-06
etimeffiong_ogunmola,Daniel Etim-Effiong,Bolaji Ogunmola,EIQbBg-PPkY,"FOREVER IN A MINUTE - SANDRA OKUNZUWA, DANIEL ETIM, CHIDIMMA UGWU - LATEST 2026 NIGERIAN MOVIE","Can love survive when time is running out? 

FOREVER IN A MINUTE is an emotional story of love, destiny, heartbreak, and second chances that will keep you glued from beginning to end.

STARRING: SANDRA OKUNZUWA, DANIEL ETIM, CHIDIMMA UGWU, SARAH UKACHI,  AND MANY MORE

NOW SHOWING ON: SANDRA OKUNZUWA TV (YOUTUBE)

#FOREVERINAMINUTE #SANDRAOKUNZUWA #DANIELETIM #CHIDIMMAUGWU #SARAHUKACHI #NOLLYWOODMOVIES #AFRICANMOVIES #LOVESTORY #TRENDINGMOVIE #MUSTWATCHMOVIE",UCf6hnTFeMiX6FCwLEGDIjOw,SANDRA OKUNZUWA TV,1160000,931,2026-05-31T17:00:36Z,134.1,3239413,35932.0,2403.0,False,False,True,2026-10-06
etimeffiong_ogunmola,Daniel Etim-Effiong,Bolaji Ogunmola,ntGXHhum5c8,"LOVE'S CONVICT - DANIEL ETIM EFFIONG, AUDREY HARRISON, BLESSING OBASI NZE latest 2026 nigerian movie","This amazing masterpiece will make your weekend, a must watch for every couple. Very captivating and educative. 
Starring; DANIEL ETIM EFFIONG, AUDREY HARRISON, BLESSING OBASI NZE and Many More.





#danieletim #audreyharrison #blessingobasinze #uchennambunabotv #nigerianmovie #nollywoodmovies #2026movie #africanmovies #lovemovies #latestnigerianmovies #nollywoodmovies",UCypAoMCRQuNL2RBwy-x4oQg,Uchenna Mbunabo Tv,3910000,254,2026-07-10T16:28:10Z,119.6,3478806,38006.0,2997.0,True,False,True,2026-10-06
etimeffiong_ogunmola,Daniel Etim-Effiong,Bolaji Ogunmola,9CmpOCDdl8M,"ASHES OF US ; CHINENYE NNEBE, DANIEL ETIM, KAYODE OBALEDE, CHINEDU .E 2026 Latest Nollywood Movie",,UCllyxqlpQNkJpXf3PHb4aWQ,Uche Nancy Update Tv,621000,113,2026-10-01T16:00:38Z,126.6,1336718,12544.0,1004.0,False,False,True,2026-10-06
etimeffiong_ogunmola,Daniel Etim-Effiong,Bolaji Ogunmola,pG_962LtEf8,MILLIONAIRE UNTIL MORNING - Nigerian Movies 2026 Latest Full Movies,"Ndidi has never known what it feels like to be chosen. When a marriage she dreads threatens to seal her future, Harrison, a handsome millionaire offers to marry her instead, but things aren’t always as they seem.

Millionaire until morning is a powerful reminder that even when we feel forgotten, we never truly are.

If you are looking for Nigerian Movies 2026 Latest Full Movies and Nollywood movies 2026 latest full movies, then you need to check out MILLIONAIRE UNTIL MORNING ! This romantic movie moves you into the world of the best Nigerian movies. You'll definitely love this full movie and latest entry in the Omoni Oboli movies on Omoni Oboli TV starring Chris Attoh, Sophia Chisom, Chimsom Chuka, Thelma Chukwunwem.

#nollywoodmovies #nigerianmovies #omonioboli #omoniobolitv",UCbvdwZvZgdl-pPyomEmaEfg,Omoni Oboli TV,2080000,1206,2026-09-25T17:00:15Z,144.3,5080314,50198.0,4412.0,False,False,True,2026-10-06
etimeffiong_ogunmola,Daniel Etim-Effiong,Bolaji Ogunmola,U_NQspq6LOE,Daniel Etim Effiong On Curiosity Made Me Ask,Daniel Etim Effiong On Curiosity Made Me Ask | Sarcasm | Roast | Dark Humor,UCDe1cg0CZOtzmrTCVCaTKpw,Isbae U,876000,529,2025-06-28T17:00:46Z,35.0,858438,20897.0,3021.0,True,False,False,2026-10-06
etimeffiong_ogunmola,Daniel Etim-Effiong,Bolaji Ogunmola,iDst0SdiGTU,"FOREVER A BESTIE - BOLAJI OGUNMOLA, DANIEL ETIM | Nigerian Movies 2026 Latest Full Movies","In this Nigerian movie, Starring amazing Nollywood actors.
Starring; BOLAJI OGUNMOLA, DANIEL ETIM
Love is a beautiful thing, it can heal broken hearts when you fall in love with the right person. Love exists so much among these two so into each other until circumstance changed everything. It's a must-watch. Relax and enjoy this piece.
#nigerianmovies #africanmovies #nollywoodmovies
 
 
#youtube #iamyours #mauricesam #uchemontanamovies #uchennambunabomovies #trending #movies #unitedstates #unitedkingdom #movie #fredrickleonard #unitedstates #unitedkingdom #canada #netherlands #manari #familytiescinema #romancemovie 
AFRICAN MOVIES, NOLLYWOOD MOVIES, NIGERIAN MOVIES, NIGERIAN MOVIES 2025 LATEST FULL MOVIES, NIGERIAN MOVIES 2026 LATEST FULL MOVIES, NIGERIAN MOVIES 2026, NIGERIAN LATEST MOVIES 2026, NIGERIAN CHRISTIAN MOVIES, LATEST NIGERIAN MOVIES 2026, LATEST NOLLYWOOD MOVIES, 2026 NIGERIAN LATEST FULL MOVIES, NIGERIAN MOVIES 2025 LATEST FULL MOVIES
A Wish For The Stars
 
#NumberOneAfric",UCC-Tbo72nhEaokJPE1ZQNig,AfricanMovies Box,152000,1446,2026-06-18T22:51:14Z,101.2,5065,21.0,2.0,False,True,True,2026-10-06
etimeffiong_ogunmola,Daniel Etim-Effiong,Bolaji Ogunmola,36HUAKKxPws,"RENTED WIFE - BOLAJI OGUNMOLA, DANIEL ETIM EFFIONG - Nigerian Movie","In This Nigerian Movie...
Navigating personal challenges and unspoken emotions can be challenging for newly lovebirds but in the end true love always wins.















#nigerianmovies #nollywoodmovies #familytiescinema #newmovies",UCjLl-Mwc0VbgrdJiMnzi9Lg,FamilyTies Cinema,363000,1287,2026-02-14T19:15:06Z,96.0,69314,274.0,5.0,True,True,True,2026-10-06
etimeffiong_ogunmola,Daniel Etim-Effiong,Bolaji Ogunmola,1vqEjfkS1A8,"FALLING FOR YOU - BOLAJI OGUNMOLA, DANIEL ETIM EFFIONG - Nigerian Movie","In This Nigerian Movie...
Navigating personal challenges and unspoken emotions can be challenging for newly lovebirds but in the end true love always wins.















#nigerianmovies #nollywoodmovies #familytiescinema #newmovies",UCjLl-Mwc0VbgrdJiMnzi9Lg,FamilyTies Cinema,363000,1287,2026-01-05T11:15:06Z,102.2,40593,138.0,6.0,True,True,True,2026-10-06
etimeffiong_ogunmola,Daniel Etim-Effiong,Bolaji Ogunmola,71eGHuSesEw,"SECOND CHANCE - BOLAJI OGUNMOLA, DANIEL ETIM - Nigerian Movie Latest Full Movies","In This Nigerian Movie,
Starring: Bolaji Ogunmola, Eddie Watson, Uche Ogbodo


























































#nigerianmovie #latestmovies #cinema",UCcI-jVgTnd2FkW_Omdoc0rQ,MorningStar Cinema Movies,112000,929,2026-08-26T11:30:39Z,81.5,4956,16.0,0.0,False,True,True,2026-10-06
etimeffiong_ogunmola,Daniel Etim-Effiong,Bolaji Ogunmola,foduzCdW0ao,"CHASING HIS HEART (DANIEL ETIM, BOLAJI OGUNMOLA) Latest Nigerian Movies 2026","#ivorynollytv  




Starring: Daniel Etim Effiong, Bolaji Ogunmola, Emem Inwang

















#Nollywoodmovies #Nigerianmovies #trendynollywoodmovies #latestnigerianmovies #latestnigerianmovies2025 #nigerianfilms #Africanmovies #2025movies #2026movies #youtubemovies",UCVyUdmMYza4InOoo4aTyJoA,IVORY NOLLY TV,248000,971,2026-06-17T16:45:25Z,67.2,11235,39.0,1.0,True,True,True,2026-10-06
etimeffiong_ogunmola,Daniel Etim-Effiong,Bolaji Ogunmola,VRLUWCASMq8,A Kiss Will Tell || EKAMA ETIM DANIEL ETIM || 2026 Nigerian Nollywood Movies,"#ekamaetim #danieletim 

When a mysterious kiss sparks unexpected feelings, a guarded woman must confront the truth she has been hiding. But as love deepens, one kiss may reveal everything she fears to admit.

Cast: Ekama Etim, Daniel Etim 

























#nigerianmovies  #latestnollywoodmovies #21stcenturynollywood #danieletim #uchemontana #bambam #nollywoodmovies #nigerianmovies2026latestfullmovies",UCDapjl4q1VkABYk1Uo01atw,21ST  CENTURY NOLLYWOOD,446000,1786,2026-09-16T11:00:27Z,78.1,86118,213.0,9.0,False,False,True,2026-10-06
etimeffiong_ogunmola,Daniel Etim-Effiong,Bolaji Ogunmola,u3qDwesU42w,CLOSER THAN FAMILY -ETIM EFFIONG -BOLAJI OGUNMOLA -NIGERIAN MOVIES 2025 LATEST FULL MOVIES #trending,"Becky is engaged to Desmond, a widower with two daughters. She pretends to love the girls, but whenever Desmond isn’t around, she maltreats them. Will he eventually discover what she’s been doing to his children?










nollywoodmovies,nigerianmovies,africanmovie,lovemovies,emotionalmovies,2025movie,lates2025movies,mauricesamtv,ruthkadiri247,mauricesammovies2025,romancemovie,lovemovie,bimboademoyetv,UK,USA,JAMAICA,CANADA,Omoniobolitv


































#nigerianmovies #africanmovies #latestnollywoodmovies2025 #nollywoodmovies #newmovies#mauricesam #bimboademoye  #ruthkadiri247#mauricesammovies2025 #lovestorymovie #nigerianmovies #nollywoodmovies #2025movies #africanmovie #lates2025movies #romancemovie #lovemovie#UK#USA#CANADA#JAMAICA#",UCNIOKFJV-oODa31zUhlNCuA,White Gold Pictures Tv,103000,1935,2026-01-02T15:45:06Z,57.2,6593,39.0,6.0,True,True,False,2026-10-06
etimeffiong_ogunmola,Daniel Etim-Effiong,Bolaji Ogunmola,kqlHj2H65sA,BECOMING MRS NELSON (BOLAJI OGUNMOLA BAMBAM DANIEL ETIM) Nigerian Movies 2026 latest full movies,#nigerianmovies #africanmovies #nollywoodmovies,UCOH6LiD2bWGrtEtK-OocNeQ,NollyRok Studios,498000,1690,2026-07-01T19:15:28Z,91.6,48218,115.0,8.0,False,True,True,2026-10-06
etimeffiong_ogunmola,Daniel Etim-Effiong,Bolaji Ogunmola,zm3lwNSj6QA,LUXURY VOW - ETIM EFFIONG - BOLAJI OGUNMOLA -  NIGERIAN MOVIES 2026 LATEST FULL MOVIES #trending,"On the day of the wedding, as the sun dipped behind the lemon groves, Julian didn't read from a teleprompter or a leather-bound book. He stood before Elena and spoke the words Elias had helped him find.

He didn't promise her private jets or mansions. Instead, he made the ultimate Luxury Vow:

""I promise to be the one place in this world where you never have to perform, never have to be 'on,' and never have to earn your value. My love is the only thing I own that isn't for sale.""

The guests, draped in couture and dripping in jewels, went silent. They realized they were witnessing the only thing in the room that money couldn't actually buy.










nollywoodmovies,nigerianmovies,africanmovie,lovemovies,emotionalmovies,2025movie,lates2025movies,mauricesamtv,ruthkadiri247,mauricesammovies2025,romancemovie,lovemovie,bimboademoyetv,UK,USA,JAMAICA,CANADA,Omoniobolitv



























#nigerianmovies #africanmovies #latestnollywoodmovies2025 #nollywoodmovies #newmovies#mauricesam",UCNIOKFJV-oODa31zUhlNCuA,White Gold Pictures Tv,103000,1935,2026-02-14T16:45:06Z,73.1,104154,411.0,22.0,True,True,True,2026-10-06
etimeffiong_ogunmola,Daniel Etim-Effiong,Bolaji Ogunmola,bjwsrI6JXU0,"A THIN LINE OF LOVE - DANIEL ETIM, BAMBAM OLAWUNMI - Latest Nigeria Movies","In This Nigeria Movie....
She was so consumed by her love for him that she ignored every red flag he showed. Even when true love stood right in front of her, she still chose to return to the man who never made her a priority.



#nigerianmovie #nollywoodmovie #trendyafrotv #youtube #newmovies
#africanmovies #trending #latestnigeriamovies",UCxfUcIMxb49Bkbii9LlQj1w,TrendyAfro TV,66600,353,2026-09-25T19:15:07Z,121.6,42508,98.0,3.0,False,False,True,2026-10-06
etimeffiong_ogunmola,Daniel Etim-Effiong,Bolaji Ogunmola,GrxitJ4fHT8,BOWALE - Nigerian Movies 2026 Latest Full Movies,"After spending thirty years in prison for a crime he didn’t commit, an ex-convict gets an unexpected chance to rebuild his life when a successful businesswoman hires him as her driver. As an unlikely bond grows between them, buried truths from the past threaten to change both their lives forever.

BOWALE cast: BamBam Olawumi, Bobby Ekpe, Jude Chukwuka

Welcome to BIODUNSTEPHEN TV, your go-to channel for the best Nollywood movies 2026 and heartwarming romantic movies! If you love powerful storytelling, unforgettable characters, and top-quality Nigerian movies, you're in the right place.

From exciting new movies to must-watch Nigerian Movies 2026 Latest Full Movies, we bring you the best of Nigeria’s film industry. Enjoy every full movie for free and immerse yourself in the magic of Nollywood.

Subscribe https://www.youtube.com/channel/UCLgjn9SPLG7BxyuFB_uNfXQ
So you never miss a new movie! Your next favorite Nigerian movie is just a click away. Start watching now! 

Your next favorite ",UCLgjn9SPLG7BxyuFB_uNfXQ,BIODUNSTEPHEN TV,450000,890,2026-09-16T17:00:04Z,121.3,5583717,45946.0,3789.0,False,False,True,2026-10-06
etimeffiong_ogunmola,Daniel Etim-Effiong,Bolaji Ogunmola,REwSMViNPdM,What Lies Between Lies || BOLAJI OGUNMOLA DANIEL ETIM || 2026 Nigerian Nollywood Movies,"#danieletim #bolajiogunmola 

In a world woven from deceit, truth becomes the most dangerous secret. Between every lie told, and every lie believed, something darker waits… and it refuses to stay buried.

Cast: Bolaji Ogunmola, Daniel Etim 
















#nigerianmovies  #latestnollywoodmovies #21stcenturynollywood #danieletim #uchemontana #bambam",UCDapjl4q1VkABYk1Uo01atw,21ST  CENTURY NOLLYWOOD,446000,1786,2026-04-30T19:15:01Z,76.5,7812,28.0,3.0,False,True,True,2026-10-06
etimeffiong_ogunmola,Daniel Etim-Effiong,Bolaji Ogunmola,oXPS8wTGopw,A CHRISTMAS PROPOSAL - Watch Daniel Etim Effiong and Ekama Etim Inyang in this new Nigerian film,,UCVVs7iCZgDTBi7nPs4m4ksg,Uduak Isong TV,814000,145,2024-12-06T16:02:23Z,142.3,2745596,38122.0,4546.0,True,False,True,2026-10-06
etimeffiong_ogunmola,Daniel Etim-Effiong,Bolaji Ogunmola,hggkQybkQYA,"WHEN LOVE BITE(FULL MOVIE)BOLAJI OGUNMOLA,DANIEL ETIM EFFIONG,CHRISTIAN OCHIAHGA,2026 LATEST MOVIE","WHEN LOVE BITE(FULL MOVIE)BOLAJI OGUNMOLA,DANIEL ETIM EFFIONG,CHRISTIAN OCHIAHGA,2026 LATEST MOVIE

Thank you for watching. Subscribe as we welcome you to MOVIE GALLERY. CLICK ON THE LINK: https://www.youtube.com/channel/UChJfpeMGOUMPQAzErFTnboQ This is a platform to enjoy the best of Nigerian new and classic Nollywood Movies. 
#Nigerianmovies #moviegallery #Nollywoodmovies",UChJfpeMGOUMPQAzErFTnboQ,MOVIE GALLERY,208000,493,2026-02-22T13:47:45Z,109.0,1423,4.0,3.0,True,True,True,2026-10-06
etimeffiong_ogunmola,Daniel Etim-Effiong,Bolaji Ogunmola,zQalXaKIZnk,"EVERY SINGLE LOVE(UZOR ARUKWE, UCHE MONTANA, DANIEL ETIM EFFIONG )Latest Nigerian Movie 2026","#blackmoviestv 

Love is a beautiful thing, it can heal broken hearts when you fall in love with the right person. Love exists so much among these two so into each other until circumstance changed everything. It's a must-watch. Relax and enjoy this piece.


#blackmoviestv #youtube  #EVERYSINGLELOVE #uchemontanamovies #uchemontana  #uchennambunabo  #stephaniebassey   #mauricesamtv   #movies #usa #unitedstates #   #mauricesam #danieletim #uzorarukwe",UCaoyvHOxmdmqa4Q99dNbmpA, BLACK MOVIES TV,830000,2131,2026-07-20T12:00:18Z,120.5,8083,35.0,6.0,True,False,True,2026-10-06
etimeffiong_ogunmola,Daniel Etim-Effiong,Bolaji Ogunmola,jaIepy76Sig,"ARRANGER - SONIA UCHE, DANIEL ETIM, PRECIOUS AKAEZE, 2025 LATEST NIGERIAN MOVIE","SYNOPSIS

Ben is a man driven by purpose to rescue struggling youths from the streets, just as someone once did for him. One day, he encounters Nelo, a tough, street-smart tomboy whom he mistakes for a boy. Impressed by her resilience and work ethic and believing she’s in need of direction, he offers her a place to stay when he noticed she battles bet addiction and harsh realities of street life. 

Their bond deepens until Ben’s girlfriend, Trisha, unexpectedly enters the picture.

As the story unfolds, the question lingers: Will Ben’s loyalty to Trisha hold firm, or will an unexpected connection with Nelo change everything?

If you are searching for Nigerian Movies 2025 Latest Full Movies, don't miss ARRANGER. This comedy drama movie pulls you into the heart of Nollywood movies, latest movies, and everything fans love about new movie. A must-watch full movie and a powerful addition to the Sonia Uche TV collection. Starring Sonia Uche, Daniel Etim Effiong, Precious Akaeze, 042 Prince J",UCHY9J0IWIWht6GqIBiLidBA,Sonia Uche Tv,1510000,140,2025-07-09T16:01:20Z,137.7,5425999,86406.0,10393.0,True,False,True,2026-10-06
etimeffiong_ogunmola,Daniel Etim-Effiong,Bolaji Ogunmola,V2QMsoi3oks,"WHERE TRUE LOVE MEETS - DANIEL ETIM EFFIONG, CHINONSO ARUBAYI - Nigerian Movie","In This Nigerian Movie...
Navigating personal challenges and unspoken emotions can be challenging for newly lovebirds but in the end true love always wins.
















#nigerianmovies #nollywoodmovies #familytiescinema #newmovies",UCjLl-Mwc0VbgrdJiMnzi9Lg,FamilyTies Cinema,363000,1287,2026-07-05T19:15:07Z,108.5,251789,1606.0,53.0,True,False,True,2026-10-06
etimeffiong_ogunmola,Daniel Etim-Effiong,Bolaji Ogunmola,FFF_cIVrWvg,"FIRST LOVE - New Nigerian Movie starring Daniel Etim Effiong, Debby Felix, Iveren Antiev",,UCVVs7iCZgDTBi7nPs4m4ksg,Uduak Isong TV,814000,145,2025-05-21T14:58:06Z,107.7,2751096,31683.0,3505.0,True,False,True,2026-10-06
etimeffiong_ogunmola,Daniel Etim-Effiong,Bolaji Ogunmola,oUy0wUq2088,"MAKE ME YOURS - UCHE MONTANA, DANIEL ETIM EFFIONG - Nigerian Movie","In This Nigerian Movie...
Navigating personal challenges and unspoken emotions can be challenging for newly lovebirds but in the end true love always wins.















#nigerianmovies #nollywoodmovies #familytiescinema #newmovies",UCjLl-Mwc0VbgrdJiMnzi9Lg,FamilyTies Cinema,363000,1287,2026-09-04T11:15:07Z,84.1,17336,54.0,0.0,True,False,True,2026-10-06
etimeffiong_ogunmola,Daniel Etim-Effiong,Bolaji Ogunmola,kbnOuEx1SRE,"MY STUBBORN WIVES (DANIEL ETIM EFFIONG, UCHE MONTANA, ONYII ALEX)Latest Nigerian Movie 2026","#blackmoviestv 

Love is a beautiful thing, it can heal broken hearts when you fall in love with the right person. Love exists so much among these two so into each other until circumstance changed everything. It's a must-watch. Relax and enjoy this piece.


#blackmoviestv #youtube  #MYPREGNANTSIDECHICK #uchemontanamovies #uchemontana  #uchennambunabo  #stephaniebassey   #mauricesamtv   #movies #usa #unitedstates #   #mauricesam",UCaoyvHOxmdmqa4Q99dNbmpA, BLACK MOVIES TV,830000,2131,2026-08-04T15:30:36Z,119.9,14756,45.0,13.0,True,False,True,2026-10-06
etimeffiong_ogunmola,Daniel Etim-Effiong,Bolaji Ogunmola,SSsb5-BaelM,"ENOUGH REASON TO SAY YES - BIMBO ADEMOYE, DANIEL ETIM EFFIONG - Nigerian Movie","In This Nigerian Movie...
Navigating personal challenges and unspoken emotions can be challenging for newly lovebirds but in the end true love always wins.















#nigerianmovies #nollywoodmovies #familytiescinema #newmovies",UCjLl-Mwc0VbgrdJiMnzi9Lg,FamilyTies Cinema,363000,1287,2026-09-14T11:15:06Z,79.1,29880,52.0,4.0,True,False,True,2026-10-06
etimeffiong_ogunmola,Daniel Etim-Effiong,Bolaji Ogunmola,WnAOWx5MzjQ,PRIVATE EQUITY- FRANCESS NWABUNIKE DANIEL EFFIONG OBY TITUS,#ruthkadiri #ruthkadiri247 #ruthkadirimovies #ruthkadirifilms #nollywood #nollywoodmovies #naijamovies #naijafilms #latestnollywoodmovies2023 #latestnollywoodmovies #latestnollywoodmovies2025 #drama #comedy #movies,UCjcFNZE51DmSrGYBqixs0Ug,RuthKadiri247,4100000,325,2026-05-28T16:08:25Z,124.7,4326451,41443.0,3559.0,False,False,True,2026-10-06
etimeffiong_ogunmola,Daniel Etim-Effiong,Bolaji Ogunmola,modAD9y-9Tw,"BROKEN HALLELUJAH..STARRING BIMBO ADEMOYE, DANIEL ETIM EFFIONG, ESO DIKE. LATEST 2025 MOVIE",,UCneM4DHHUWMVwmYktz8X46g,Bimbo Ademoye TV,1840000,118,2025-04-18T13:01:32Z,147.9,12919373,244103.0,45975.0,True,False,True,2026-10-06
etimeffiong_ogunmola,Daniel Etim-Effiong,Bolaji Ogunmola,_2Z1tWgN1iQ,Etim Effiong and Bolaji Ogunmola in TROUBLE over KISS in movie|Nigerian Nollywood Romance Scandal,"Etim Effiong has had a long week alongside his colleague Bolaji Ogunmola over movie role where 
a lot of passionate romancing was involved 
Many are sceptical based off Daniel Etim Effiongs 
Marital status and how it would seem to his partner, Toyota Etim Effiong

Also Two face Idibia over the course of the week did baby dedication for his new born. His current partner Natasha Nee Idibia finally revealed their baby in public

This and many more gist are what we share today on this episode of What’s going On?

#nollywood
#danieletim
#etimeffiong
#bolajiogunmola 
#nollywooddrama 
#hottopics 
#nigerianentertainment 
#nigerianblogger 
#nigerianyoutuber",UCDOTi-t9i_hU2-Nqi-1DkMA,Impressions Media ,2270,66,2026-02-15T11:00:51Z,25.5,1892,9.0,6.0,True,True,False,2026-10-06
etimeffiong_ogunmola,Daniel Etim-Effiong,Bolaji Ogunmola,16RxJwKawkQ,A TRIP TO FOREVER | BOLAJI OGUNMOLA| DANIEL ETIM EFFIONG,"#nollyflextv #fullnigerianmovies #nollywoodmovies


Starring: Bolaji Ogunmola, Daniel Etim
























#nollywood #nollywoodmovies #naijamovies #naijafilms #latestnollywoodmovies2026 #latestnollywoodmovies #movies",UCPI-rXEPhyjIULZHmuBlCWw,NollyFlex TV,8,50,2026-09-06T12:00:06Z,115.7,3,0.0,0.0,True,True,True,2026-10-06
etimeffiong_ogunmola,Daniel Etim-Effiong,Bolaji Ogunmola,f6wg_VZTNDk,MEMORIES ON THE ROOFTOP - Nigerian Movies 2025 Latest Full Movies,"An ambitious Lagos event planner is tasked with organizing an intimate Christmas Eve party for the tenants of a vibrant business hub, a job that could open the door to the breakthrough she has been waiting for. Her plans are threatened when she clashes with a guarded tech entrepreneur who controls the coveted rooftop venue and wants nothing to do with Christmas.

As the countdown begins, long nights of planning turn resistance into chemistry. Beneath his hard edges lie old wounds, and beneath her confidence is a longing to be seen beyond ambition. Against the glow of Lagos lights and the emotional weight of the season, they must choose between holding on to pride or opening their hearts to love, forgiveness, and the magic Christmas still offers.

If you are looking for Nigerian Movies 2025 Latest Full Movies and Nollywood movies 2025 latest full movies, then you need to check out A BRIDE FOR THE SEASON ! This romantic movie moves you into the world of the best Nigerian movies. You'll d",UCbvdwZvZgdl-pPyomEmaEfg,Omoni Oboli TV,2080000,1206,2025-12-19T17:01:17Z,84.8,3475279,33754.0,1645.0,True,False,True,2026-10-06
etimeffiong_ogunmola,Daniel Etim-Effiong,Bolaji Ogunmola,8nwYdcIpx3k,"HEARTS ON FIRE - DANIEL ETIM, EGO NWOSU, CHIOMA NWOSU 2026 Latest Nollywood Movie",,UC0M6BJj039bknQaHNiiOekA,NollyFamily tv,1670000,600,2026-05-24T15:30:04Z,127.3,989853,10379.0,1039.0,False,False,True,2026-10-06
etimeffiong_ogunmola,Daniel Etim-Effiong,Bolaji Ogunmola,rtXP-AoTze4,"A GENTLEMAN IN LOVE (DANIEL ETIM, BOLAJI OGUNMOLA) Latest Nigerian Movies","Watch Best Of Nigerian Nollywood Movies 
#africanmovies #nigerianmovies #nollywoodmovies



















#Nollywoodmovies #Nigerianmovies #Latestmovies #trendingmovies #trendynollywoodmovies #latestnigerianmovies #latestnigerianmovies2025 #nigerianfilms #Africanmovies #2025movies #2026movies #youtubemovies",UCMQ8xDYbaFfQ8u1A9dWoYVQ,NOLLYWOOD MOVIEROOM,15500,145,2026-09-17T14:15:14Z,99.2,4369,6.0,0.0,False,True,True,2026-10-06
etimeffiong_ogunmola,Daniel Etim-Effiong,Bolaji Ogunmola,iDYW58pRoLM,"UNDESERVING - SONIA UCHE, DANIEL ETIM, CHISOM AGOAWUIKE, 2025 LATEST NIGERIAN MOVIE","This is the best movie you will see on the internet today, very captivating and intriguing. you won't want to miss it.
Starring: SONIA UCHE, DANIEL ETIM, CHISOM AGOAWUIKE




#soniauche #danieletim #chisomagoawuike #soniauchemovies2025 #soniauchetv #nollywoodmovies #nigerianmovies #2025movie #africanmovie",UCHY9J0IWIWht6GqIBiLidBA,Sonia Uche Tv,1510000,140,2025-09-10T16:01:12Z,146.7,4375666,56875.0,8231.0,False,False,True,2026-10-06
etimeffiong_ogunmola,Daniel Etim-Effiong,Bolaji Ogunmola,dapUIw8cUmg,"BOSS MAN - CHIKA IKE, DANIEL ETIM EFFIONG. NEW 2025 NOLLYWOOD MOVIE","BOSS MAN - CHIKA IKE, DANIEL ETIM EFFIONG. NEW 2025 NOLLYWOOD MOVIE

#Synopsis
Its a fight to finish in this intriguing love story like no other. When the tides begin to take an unfavourable turn, an unsolicited pregnancy is about to expose the player with all the cards. Who is the true Boss Man? Enjoy this new Chika Ike movie featuring the very talented Etim Effiong, Femi Branch, Blessing Nwukwe, Dolly Nwaduba, Somto Eze and a host of other beautiful minds in this thrilling Nollywood drama BOSS MAN. 

 #bossmanthemovie #bossmantrailer #chikaike #danieletim #bossmanmovietrailer #latestnollywoodmovie #2025nollywoodmovies #nollywoodthriller

https://www.youtube.com/@ChikaIkeNancy",UCW6esd6iIQBxBKxIC6Gw8ag,Chika Ike TV,202000,105,2025-04-23T17:00:06Z,85.2,968917,10056.0,915.0,True,False,True,2026-10-06
etimeffiong_ogunmola,Daniel Etim-Effiong,Bolaji Ogunmola,hKrY85uiF84,"NWA MUMMY - ONYII ALEX, DANIEL ETIM,BLESSING ONWUKWE #NWAMUMMY #trending ","#latestnollywoodmovies #nollywoodmovieslatest #latestnollywoodmovies2026 #onyiialexmovies #uchembunabotv #ruthkadiri247 #omoniobolitv
#onyiialex #trending #frederickeleonard #latestnigerianmovie2026 #nollywoodmovie2026 LatestNigerianMovies #AfricanMovies #Nollywood #FullMovie #NollywoodDrama #onyiialextv #trending #comedy 

NWA MUMMY - ONYII ALEX, DANIEL ETIM EFFIONG",UCx67PyaVTdkNTt2n6p-WIbw,onyiialexTV,609000,110,2026-05-23T17:02:49Z,167.9,5377164,56605.0,5757.0,True,False,True,2026-10-06
etimeffiong_ogunmola,Daniel Etim-Effiong,Bolaji Ogunmola,l89Ohd4yfu8,"CHEMISTRY - FULL NIGERIAN MOVIE DANIEL ETIM-EFFIONG, BOLAJI OGUNMOLA, EBY ENO 2024","CHEMISTRY - DANIEL ETIM-EFFIONG, BOLAJI OGUNMOLA, EBY ENO FULL MOVIE Nigerian Movie 2024 
#Ch3mistryNigerianMovie #ChemistryNigerianMovie #ChemistryTrailer
Looking for  Nigerian Movies 2024 Latest Full Movies? WATCH CHEMISTRY . A romantic movie about marriage and love.

#nollywoodmovies #nigerianmovies  “Nigerian drama,” “family drama,” “romance,”",UCZ3pmGCRxEGnoaVQZSzqXXw,Imagine Media Studios,6680,110,2024-09-26T17:00:44Z,106.8,659309,3675.0,145.0,True,True,True,2026-10-06
etimeffiong_ogunmola,Daniel Etim-Effiong,Bolaji Ogunmola,Y9XNidrxS88,FINDING US - Watch Bimbo Ademoye and Daniel Etim in this New Nigerian 2025 Movie. ,,UCVVs7iCZgDTBi7nPs4m4ksg,Uduak Isong TV,814000,145,2025-10-11T16:59:16Z,118.6,2717799,30749.0,1706.0,False,False,True,2026-10-06
etimeffiong_ogunmola,Daniel Etim-Effiong,Bolaji Ogunmola,bypHlhwzlFg,"LOVE AFTER THE DAMAGE - Bolaji Ogunmola, Daniel Etim-Effiong, Kachi Nnochiri | Latest Nigerian Movie","#trending #africanmovie #nigerianmovie #nollywoodmovie 







FLING",UCnmMuQCO6Gz4GmL5mJ08thQ,TRENDING NOLLYWOOD,4850,260,2026-09-23T17:00:26Z,85.1,34,0.0,0.0,True,True,True,2026-10-06
etimeffiong_ogunmola,Daniel Etim-Effiong,Bolaji Ogunmola,BJPm2v9L-vs,"LOVE ON HOLD - BOLAJI OGUNMOLA, DANIEL ETIM EFFIONG - Nigerian Movies","In This Nigerian Movie...
Navigating personal challenges and unspoken emotions can be challenging for newly lovebirds but in the end true love always wins.
















#nigerianmovies #nollywoodmovies #familytiescinema #newmovies",UCjLl-Mwc0VbgrdJiMnzi9Lg,FamilyTies Cinema,363000,1287,2026-02-22T19:15:06Z,71.5,8504,21.0,2.0,True,True,True,2026-10-06
etimeffiong_ogunmola,Daniel Etim-Effiong,Bolaji Ogunmola,jj-lrcSzwoA,"FOREVER BOUND  - EBUBE NWAGBO, ONYI ALEX, DANIEL ETIM latest 2025 nigerian movies","This amazing movie will make you question your love life, is it really worth it? a must watch for everyone. Very educative and emotional.
Starring: EBUBE NWAGBO, ONYI ALEX, DANIEL ETIM






#ebubenwagbo #danieletim #onyialex #uchennambunabomovies #latestnollywoodmovies2025 #latestnigerianmovies #africanmovies #nigerianmovies #nollywoodmovies #nollywood #lovemovies #emotional",UCypAoMCRQuNL2RBwy-x4oQg,Uchenna Mbunabo Tv,3910000,254,2025-07-22T17:00:13Z,118.8,2236315,25265.0,1992.0,False,False,True,2026-10-06
etimeffiong_ogunmola,Daniel Etim-Effiong,Bolaji Ogunmola,VlirTgTdLmk,BEFORE MIDNIGHT | Efe Irele & Timini Egbuson | Latest Nigerian Nollywood Full Movie 2026,"A young woman endures a difficult life under her cruel stepmother and stepsister, unaware that everything she has lost may be closer than she realizes. When a mysterious man unexpectedly enters her life, hope, love, and long-hidden truths begin to unfold.

BEFORE MIDNIGHT cast: 
EFE IRELE
TIMINI EGBUSON

Watch this Latest Nigerian movies 2026 full movie on Efe Irele TV, your home for the best Nollywood movies 2026. Efe Irele TV brings you another unforgettable Nollywood movie featuring top Nollywood actors. If you love Nigerian movies full of emotion, drama, and powerful performances, Efe Irele TV is the Nollywood movie channel you need.

Watch more Nigerian movies 2026 Latest full movies here

Watch BEFORE MIDNIGHT exclusively on the Efe Irele TV YouTube channel.

Subscribe and turn on notifications so you don’t miss the premiere!
#Nollywood #NollywoodActors #EfeIreleTV",UCQye3iJQhiDQOJrEOSlkG2w,Efe Irele Tv,20300,35,2026-09-04T17:00:37Z,99.8,4663363,36696.0,2431.0,False,False,True,2026-10-06
etimeffiong_ogunmola,Daniel Etim-Effiong,Bolaji Ogunmola,ilb-K3vUXp8,UNUSUAL LOVE - Bimbo Ademoye and Daniel Etim find love in an unusual place in this Nollywood movie,,UCVVs7iCZgDTBi7nPs4m4ksg,Uduak Isong TV,814000,145,2024-04-03T16:00:51Z,109.0,6210553,56740.0,3738.0,False,False,True,2026-10-06
etimeffiong_ogunmola,Daniel Etim-Effiong,Bolaji Ogunmola,PJi7TEcNZTY,"MY BILLIONAIRE BOSS - DANIEL ETIM, CHISOM AGOAWUIKE | Nigerian Movies 2026 Latest Full Movies","In this Nigerian movie, Starring amazing Nollywood actors.
Starring; DANIEL ETIM, CHISOM AGOAWUIKE
Love is a beautiful thing, it can heal broken hearts when you fall in love with the right person. Love exists so much among these two so into each other until circumstance changed everything. It's a must-watch. Relax and enjoy this piece.
#nigerianmovies #africanmovies #nollywoodmovies
 
 
#youtube #iamyours #mauricesam #uchemontanamovies #uchennambunabomovies #trending #movies #unitedstates #unitedkingdom #movie #fredrickleonard #unitedstates #unitedkingdom #canada #netherlands #manari #familytiescinema #romancemovie 
AFRICAN MOVIES, NOLLYWOOD MOVIES, NIGERIAN MOVIES, NIGERIAN MOVIES 2025 LATEST FULL MOVIES, NIGERIAN MOVIES 2026 LATEST FULL MOVIES, NIGERIAN MOVIES 2026, NIGERIAN LATEST MOVIES 2026, NIGERIAN CHRISTIAN MOVIES, LATEST NIGERIAN MOVIES 2026, LATEST NOLLYWOOD MOVIES, 2026 NIGERIAN LATEST FULL MOVIES, NIGERIAN MOVIES 2025 LATEST FULL MOVIES
 
 
#NumberOneAfricanMovies #Romantic",UCC-Tbo72nhEaokJPE1ZQNig,AfricanMovies Box,152000,1446,2026-09-28T15:00:33Z,116.7,140526,519.0,30.0,False,False,True,2026-10-06
etimeffiong_ogunmola,Daniel Etim-Effiong,Bolaji Ogunmola,wPkdKKmvoMs,GOD IN HER EYES - NIGERIAN MOVIES 2026 LATEST FULL MOVIES  ,"""In bustling Lagos, a free-spirited artist who believes love limits personal experience
challenges the faith of a devoted seminarian on the brink of ordination, igniting a
forbidden romance that forces them both to confront their beliefs about love,
commitment, and the divine.""


#bolajiogunmolamovies #bolajiogunmolavlogs #bolajiogunmola #timiniegbuson #romance  #latestnollywoodmovies  #trending #nollywood #ike",UCqxprLDy_2hMQ7aQp_4NNuA,BOLAJI OGUNMOLA TV,751000,447,2026-07-31T15:00:08Z,92.4,6467951,64795.0,5636.0,False,False,True,2026-10-06
etimeffiong_ogunmola,Daniel Etim-Effiong,Bolaji Ogunmola,jI2-0knJaHI,TAKE TWO - Nigerian Movies 2026 Latest Full Movies,"TAKE TWO is one of the latest Nigerian movies 2026 where, after announcing their divorce to their relieved teenage children, a constantly bickering couple is forced to continue living under the same roof, where unresolved tensions, family dynamics, and unexpected moments of vulnerability give their broken marriage an unexpected second chance.

TAKE TWO cast: Daniel Etim , Tope Olowoniyan, Fiyin Asenuga, Abiathar Ogbowu

Welcome to BIODUNSTEPHEN TV, your go-to channel for the best Nollywood movies 2026 and heartwarming romantic movies! If you love powerful storytelling, unforgettable characters, and top-quality Nigerian movies, you're in the right place.

From exciting new movies to must-watch Nigerian Movies 2026 Latest Full Movies, we bring you the best of Nigeria’s film industry. Enjoy every full movie for free and immerse yourself in the magic of Nollywood.

Subscribe https://www.youtube.com/channel/UCLgjn9SPLG7BxyuFB_uNfXQ
So you never miss a new movie! Your next favorite film is j",UCLgjn9SPLG7BxyuFB_uNfXQ,BIODUNSTEPHEN TV,450000,890,2026-03-11T17:01:10Z,81.0,2048630,22296.0,1598.0,False,False,True,2026-10-06
etimeffiong_ogunmola,Daniel Etim-Effiong,Bolaji Ogunmola,8Vc-Pb5em4E,"CUFFS AND CURVES - ONYII ALEX, DANIEL ETIM, FAITH OKEH Latest 2025 Nigerian Movie","This amazing movie is a must watch for everyone... very educative and emotional.
Starring: ONYII ALEX DANIEL ETIM, FAITH OKEH.





#onyiialex #danieletim #love  #onyiialextv #nigerianmovies #nollywoodmovies #latestnigeriamovies #2024movies #2025movies",UCx67PyaVTdkNTt2n6p-WIbw,onyiialexTV,609000,110,2025-01-05T17:00:09Z,100.3,4013967,43036.0,3236.0,False,False,True,2026-10-06
etimeffiong_ogunmola,Daniel Etim-Effiong,Bolaji Ogunmola,3L-anim0Nj8,"FAILED MARRIAGE  | LATEST NIGERIAN MOVIES 2026 FULL MOVIES | BOLAJI OGUNMOLA, ETIM EFFIONG","MOVIE TITLE: FAILED MARRIAGE



#africanmovies
#nollywoodmovies
#nigerianmovies",UCL8rsJ97HlO47PIjs79lV_w,AfroBlack Tv,3760,208,2026-09-30T04:48:14Z,40.8,656,2.0,0.0,True,True,False,2026-10-06
etimeffiong_ogunmola,Daniel Etim-Effiong,Bolaji Ogunmola,9U6TcA7EPNU,"LOVE IN HOLINESS - INI EDO,  DANIEL ETIM EFFIONG, EGO NWOSU - FULL NOLLYWOOD MOVIE 2025.","Love, faith, and destiny collide in this gripping Nollywood masterpiece! Love in Holiness takes you on an emotional journey where romance meets spirituality, and choices define the course of true love.

✨ Starring: Ini Edo, Daniel Etim Effiong, Ego Nwosu
🎬 Directed by: Akin Tijani Balogun
🎥 Produced by: Ini Edo TV

Shiloh Adenuga (Daniel Etim) is a devoted young pastor expected to take over his father’s ministry. But when he crosses paths with Karena (Ini Edo), a fiercely independent woman with a different outlook on life, their worlds clash in unexpected ways. Can love truly bridge the gap between belief and reality?

🔔 Don’t miss out! Subscribe & hit the notification bell to watch more amazing Nollywood movies: https://youtube.com/@iniedotv?si=5fDoMplnGbDjP7jK

🔥 Why You Should Watch:
✅ A fresh Nollywood story blending love, faith, and drama
✅ A-list cast with unforgettable performances
✅ Powerful lessons on love, destiny, and second chances

📢 Join the Conversation!
What do you thin",UC1Ti2Ku3o8k0gcL8ku4lyrg,Ini Edo Tv,221000,62,2025-03-10T17:00:16Z,127.4,2274187,23916.0,1722.0,True,False,True,2026-10-06
etimeffiong_ogunmola,Daniel Etim-Effiong,Bolaji Ogunmola,_iTWMVAoysw,"JUST BETWEEN US  - ( DANIEL ETIM, BOLAJI OGUNMOLA) Latest Nigerian Movies 2026","Watch Best Of Nigerian Nollywood Movies 
#africanmovies #nigerianmovies #nollywoodmovies


Step into a world of captivating Nollywood movies filled with love, family, betrayal, romance, drama, royalty, secrets, and unforgettable stories. From thrilling Nigerian movies to emotional love stories and powerful family dramas, we bring you entertaining Nollywood films worth watching.

Subscribe to NOLLYWOOD MOVIEROOM and make yourself comfortable. The movie is always on!",UCMQ8xDYbaFfQ8u1A9dWoYVQ,NOLLYWOOD MOVIEROOM,15500,145,2026-09-05T15:00:05Z,101.4,294,0.0,0.0,False,True,True,2026-10-06
etimeffiong_ogunmola,Daniel Etim-Effiong,Bolaji Ogunmola,fCqyUmBJ9YA,The Perfect Man || BOLAJI OGUNMOLA DANIEL ETIM || 2026 Nigerian Nollywood Movies,"#bolajiogunmola #danieletim 

Charming, successful, and admired by all, he seems like the perfect man—until hidden secrets threaten to destroy the love and trust he worked so hard to build.

Cast: Bolaji Ogunmola, Daniel Etim 




















#nigerianmovies  #latestnollywoodmovies #21stcenturynollywood #danieletim #uchemontana #bambam #nollywoodmovies #nigerianmovies2026latestfullmovies",UCDapjl4q1VkABYk1Uo01atw,21ST  CENTURY NOLLYWOOD,446000,1786,2026-06-27T19:15:29Z,70.0,9335,42.0,0.0,False,True,True,2026-10-06
ogbonna_ogunmola,IK Ogbonna,Bolaji Ogunmola,pMYDIBFeOlA,"STRONGER THAN LOVE- BOLAJI OGUNMOLA, IK OGBONNA, SCARLET GOMEZ, NINI MBONU ","#NispireTV #NiniMbonu Nini Mbonu latest movies, Nini Mbonu love movies, Nini Mbonu movies 2025, Nini Mbonu TV, Nini Mbonu and Maurice Sam Movies. Nini Mbonu and Eddie Watson",UCPHZeRrdllKUQ8xSE_NeguA,Nispire TV,14700,84,2026-09-26T16:00:00Z,89.5,238019,836.0,36.0,True,True,True,2026-10-06
ogbonna_ogunmola,IK Ogbonna,Bolaji Ogunmola,KhSI2G2PfSc,"LOVE IN PIECES: IK OGBONNA, BOLAJI OGUNMOLA-Nigerian Movies 2026 Latest Full Movies","In This Nigerian Movie, something happened. Find out by watching the full movie. #trending #2026 #movie #nigerianmovies #nollywoodmovies #africanfilms 

CAST: Ik Ogbonna, Chinenye Winifred, Bolaji Ogunmola

#2026movies  #nigerianmovies #nollywoodmovies #africanmovie #love #youtubevideo",UC-CsT4SidD7vqGf3lQqZ7Jw,AFRICAN PREMIUM FILMS,14500,815,2026-06-15T09:00:06Z,101.2,1119,9.0,0.0,True,True,True,2026-10-06
ogbonna_ogunmola,IK Ogbonna,Bolaji Ogunmola,PJW2LM24Gxk,"WEDDING GBEGE | IK OGBONNA, BOLAJI OGUNMOLA-Latest Nigerian Nollywood Full Movie 2026.","Watch WEDDING GBEGE, an exciting Latest Nigerian Nollywood Full Movie 2026 filled with laughter, drama, romance, family conflict, and shocking moments.

Please click the link to subscribe for the Latest Nigerian Movie:
https://www..com/channel/UCIh6VnuQdr5F2q8sF4FEO6g

Please subscribe for the hottest, latest, interesting and most exciting Latest 2026 Nollywood Movie.

#WeddingGbegbe #IKOgbonna #BolajiOgunmola #Nollywood #NollywoodMovies #NigerianMovies #LatestNollywoodMovies #NigerianMovie2026 #NollywoodMovies2026 #NollywoodFullMovie #NigerianFullMovie #AfricanMovies #NollywoodComedy #NollywoodDrama #NollywoodRomance #WeddingDrama #WeddingWahala #MarriageDrama #RelationshipDrama #FamilyDrama #NigerianComedy #NewNollywoodMovie #Nigeria #Ghana #SouthAfrica #Kenya #UnitedKingdom #UnitedStates #Canada #Ireland #unitedstatesofamerica #unitedkingdom #unitedstates #canada ‪

Cliquez pour vous abonner aux meilleurs films nigérians de Nollywood.",UCIh6VnuQdr5F2q8sF4FEO6g,MOVIES STAGE ,148000,1140,2026-09-10T20:00:43Z,106.0,245284,882.0,91.0,True,True,True,2026-10-06
ogbonna_ogunmola,IK Ogbonna,Bolaji Ogunmola,uczeJy81Su0,PREGNANT WITH HIS LIES -IK OGBONNA -BOLAJI OGUNMOLA -  LATEST 2026 NIGERIAN MOVIES  #trending #movie,"Latest nigeriannollywoodmovies #African movies #nollywood #nigerianmovies2026africanmovies 




 
Nnamdi is days away from marrying a classy woman from America when he makes a reckless decision that changes everything. He gets involved with a poor food seller, only to discover that she is pregnant. Rather than take responsibility, Nnamdi denies the pregnancy and tries to keep the affair a secret. But when the truth finally comes to light, his fiancée calls off the wedding, leaving him to face the consequences of his betrayal. With his marriage gone and the pregnant woman still in his life, will Nnamdi finally take responsibility and return to the woman he once rejected?







#nigerianmovies #africanmovies #latestnollywoodmovies2026 #nollywoodmovies #newmovies#mauricesam #new  #film #movie #bimboademoye  #ruthkadiri247#mauricesammovies2026 #lovestorymovie #nigerianmovies #nollywoodmovies #2026movies #africanmovie #lates2026movies #romancemovie #movieUK#USA#CANADA#JAMAICA#",UCNIOKFJV-oODa31zUhlNCuA,White Gold Pictures Tv,103000,1935,2026-09-06T13:00:06Z,106.4,8739,34.0,7.0,True,True,True,2026-10-06
ogbonna_ogunmola,IK Ogbonna,Bolaji Ogunmola,K-sl2_8MfG8,"JEALOUS HUSBAND -IK OGBONNA ,BOLAJI OGUNMOLA , OKAWA SHAZNAY ,Latest 2026 Nigerian Movie","He is a powerful businessman rich, respected, and feared in the world of money. She is a brilliant, beautiful, and highly educated woman from a humble background who rose through intelligence and grace. Their marriage looks perfect to the outside world, but behind closed doors, it is slowly falling apart...Haunted by his own insecurities and limited education, the husband feels threatened by his wife’s intelligence, confidence, and polished way of speaking. Unable to match her words, he matches her with suspicion. Every phone call becomes a secret, every step outside the house a reason for accusation. His poor vocabulary and local mindset only deepen the gap between them, turning love into control and admiration into jealousy.
Tired of constant surveillance, false accusations, and emotional torment, the wife begins to question how long she can endure a marriage where trust no longer exists. As family members interfere and secrets come to light, the home becomes a battlefield of pride, ",UCUuBf9eMcExCjwhzZRIfETw,Nolly Cinema Tv,11700,269,2026-02-12T20:00:11Z,101.9,171139,863.0,97.0,True,True,True,2026-10-06
ogbonna_ogunmola,IK Ogbonna,Bolaji Ogunmola,Y-JewsOXtdg,"TROPHY TRAP - IK OGBONNA, UZOR ARUKWE, BIBI SONYE, REAL JUDY | NIGERIAN MOVIE 2025","A beautiful wife. A loyal friend. A dangerous secret.

In this explosive Nollywood blockbuster, a man’s dream reunion with his childhood friend spirals into a web of betrayal, manipulation, and deceit. TROPHY TRAP is a gripping story of loyalty, ambition, and the price of love in a world where appearances deceive and trust can kill.


Starring: Ik Ogbonna, Uzor Arukwe, Bibi Sonye, Real judy

Genre: Drama | Suspense | Comedy | Betrayal

Language: English | Subtitles available



Watch as secrets unfold, alliances are tested, and the true meaning of friendship is pushed to its breaking point. Will the truth survive the trap?



Don’t forget to:

• LIKE this video

• COMMENT your favorite scene or quote

• SUBSCRIBE to Ik Ogbonna TV for more premium Nollywood content

• HIT the notification bell so you never miss an upload!


Nollywood movies 2025, Ik Ogbonna new movie, Nigerian drama film, betrayal movie, Nollywood full movie, trophy wife movie, suspense thrillers, best African movies, N",UCqePXuC7OuaB4dueOgn3QHg,Ik Ogbonna tv,274000,145,2025-05-09T16:01:01Z,168.1,3711450,47307.0,4684.0,True,False,True,2026-10-06
ogbonna_ogunmola,IK Ogbonna,Bolaji Ogunmola,QLduNXgftyo,"LOVE AND CLASS - IK OGBONNA, BOLAJI OGUNMOLA, Latest 2026 Nigerian Movie","#youtubemovies #kyle #sarianmartin #numberoneafricanmovies 
Love can appear in the most unexpected places… even where you least expect it.
LOVE AND CLASS is a gripping, romantic, and heartbreaking drama 
THIS EMOTIONAL STORY WILL KEEP YOU WATCHING AS EVERY MOMENT UNFOLDS.

STARRING: IK OGBONNA, BOLAJI OGUNMOLA – AND MANY MORE
NOW SHOWING ON: AFRICAN BIGSCREEN TV (YOUTUBE)

#kyle #johnekanem #sarianmartin #nollywoodmovies #nigerianmovies #romanticdrama #lovestory #trendingnollywood #youtubemovies #mustwatch #loveandclass #mauricesam #soniauche",UCWHLNQy1ZvLtPGcxtfDHomw,AFRICAN BIGSCREEN TV,26100,974,2026-03-22T17:00:05Z,70.5,10046,47.0,0.0,True,True,True,2026-10-06
ogbonna_ogunmola,IK Ogbonna,Bolaji Ogunmola,MkWmHKZBlac,"A BEAST IN LOVE |BOLAJI OGUNMOLA, IK OGBONNA| Nigerian Movies 2026 Latest Full Movies","Fred is forced to live with the low-class young cleaner in his office, with whom he had sex with under the influence of alcohol and impregnated, but how long will he put up with that? Will he finally love her or will the situation take care of itself?  


#nigerianmovies #africanmovies #nollywoodmovies",UC42Zw-hsoPdM-K2OUF_D4EA,Nollysteeze Tv,32200,1698,2026-01-31T17:00:37Z,97.6,374,7.0,2.0,True,True,True,2026-10-06
ogbonna_ogunmola,IK Ogbonna,Bolaji Ogunmola,o9x0Xu9GQIY,THE OLD FLAME | BIMBO ADEMOYE | IK OGBONNA | BOLAJI OGUNMOLA | LATEST NIGERIAN 2026 FULL MOVIES,"This Nigerian Movie

























#NigerianMovies #AfricanMovies #NollywoodNigerianMovies",UCk6XaKtL5fvQvc_DSVEhS-w,Nolly-Lens Pictures,104000,1266,2026-05-02T22:00:06Z,97.4,5275,32.0,15.0,True,True,True,2026-10-06
ogbonna_ogunmola,IK Ogbonna,Bolaji Ogunmola,i9xzI3A_jjE,MY HOUSEMATE- NIGERIAN MOVIES 2026 LATEST FULL MOVIE ,"When a struggling musician and a frustrated unemployed professional are unexpectedly forced to share the same apartment, their constant clashes turn into an unlikely friendship and growing attraction—but just as they begin to find hope and purpose in each other, their respective romantic partners return, forcing them to confront what they truly want and whether love can emerge from the most unlikely housemate arrangement.

#bolajiogunmolamovies #babarex #babarextv #romance #latestnollywoodmovies #romancemovie #trending #nollywood #latestmovies",UCqxprLDy_2hMQ7aQp_4NNuA,BOLAJI OGUNMOLA TV,751000,447,2026-09-12T17:00:09Z,81.7,5533658,38690.0,3381.0,False,False,True,2026-10-06
ogbonna_ogunmola,IK Ogbonna,Bolaji Ogunmola,Zrj2mkOyR5g,JEALOUS HUSBAND -   IK OGBONNA  / SHAZNAY OKAWA / 2025 NIGERIAN MOVIE,"A typical Nigerian man just wants to protect his most cherished possession, his wife. But his excessive jealousy and protectiveness almost ruined his marriage.




nollywoodmovies,nigerianmovies,africanmovie,lovemovies,emotionalmovies,2025movie,lates2025movies,mauricesamtv,ruthkadiri247,mauricesammovies2025,romancemovie,lovemovie,bimboademoyetv,UK,USA,JAMAICA,CANADA,Omoniobolitv




















#mauricesam #bimboademoye  #ruthkadiri247#mauricesammovies2025 #lovestorymovie #nigerianmovies #nollywoodmovies #2025movies #africanmovie #lates2025movies #romancemovie #lovemovie#UK#USA#CANADA#JAMAICA#",UCNIOKFJV-oODa31zUhlNCuA,White Gold Pictures Tv,103000,1935,2025-09-25T19:45:06Z,99.1,84179,765.0,62.0,True,False,True,2026-10-06
ogbonna_ogunmola,IK Ogbonna,Bolaji Ogunmola,OyFZX6_9ZqI,"BETWEEN LOVE AND HATE - BOLAJI OGUNMOLA, IK OGBONNA - Nigerian Movie","In This Nigerian Movie...
Navigating personal challenges and unspoken emotions can be challenging for newly lovebirds but in the end true love always wins.

















#nigerianmovies #nollywoodmovies #familytiescinema #newmovies",UCjLl-Mwc0VbgrdJiMnzi9Lg,FamilyTies Cinema,363000,1287,2026-09-30T01:15:09Z,79.0,5926,20.0,4.0,True,True,True,2026-10-06
ogbonna_ogunmola,IK Ogbonna,Bolaji Ogunmola,82WThIxoeeQ,ALAN POSER - Ik ogbonna/ Bolaji Ogunmola / Lastest Nollywood 2024 movies,Watch this lastest Nollywood block buster that will keep you rolling on the floor,UCnZ28GESUBXyZSIvzcs1RXA,ChinneyLoveEze Tv,829000,160,2024-08-14T15:03:35Z,98.5,1555185,20195.0,1269.0,True,True,True,2026-10-06
ogbonna_ogunmola,IK Ogbonna,Bolaji Ogunmola,xAATrJrakIs,"Love And Destiny [Bolaji Ogunmola, Ik Ogbonna] - african movies 2026 latest full movies","#africanmovies #freemovies This is a Nigerian Nollywood Movie

A captivating story of love, destiny, and family expectations. When true feelings clash with difficult choices, relationships are tested and hearts are forced to choose between love and obligation.

Starring Bolaji Ogunmola, Ik Ogbonna, Thelma Chukwunwem.

Watch till the end for romance, emotional drama, family tension, shocking revelations, and unexpected twists!

Like, comment & subscribe for more Nollywood hits.

#LoveAndDestiny #NollywoodMovies #AfricanMovies #NigerianMovies #TrendingMovies #AfricanCinema #FullMovie #MustWatch #RomanticDrama #EmotionalDrama #FamilyDrama #RelationshipDrama #BolajiOgunmolaMovies #IkOgbonnaMovies #ThelmaChukwunwemMovies
Love And Destiny [Bolaji Ogunmola, Ik Ogbonna, Thelma Chukwunwem] - african movies 2026 latest full movies",UCwIrqfix-KIF5US3UxdfpIQ,Premium Movies Tv,877,745,2026-09-12T02:00:36Z,106.0,1060,10.0,0.0,True,True,True,2026-10-06
ogbonna_ogunmola,IK Ogbonna,Bolaji Ogunmola,8kBKuhDnmkk,LOVE ON STRIKE (THE MOVIE) Mercy Johnson Okojie & Ik Ogbonna | 2026 Latest Nigerian Nollywood Movie,"Welcome to Mercyjohnsonokojie TV – the official home of Mercy Johnson Okojie, one of Nollywood’s most loved actresses.

On this channel, you will enjoy the best of Nollywood movies, emotional African stories, romantic love dramas, and powerful performances from Mercy Johnson Okojie.

We bring you:
✔️ Full Nollywood movies featuring Mercy Johnson
✔️ Latest Nigerian movies and trending Nollywood films
✔️ Emotional love stories, family drama, and real-life stories
✔️ Exclusive clips, highlights, and behind-the-scenes moments

Stay connected for the latest Nollywood entertainment and unforgettable stories.

Subscribe now and never miss a new upload!

Mercy Johnson Okojie, nollywood movies, nigerian movies, latest nollywood movies, african movies, mercy johnson films, nollywood love stories, nigerian drama movies, nollywood entertainment, african cinema.",UCeaw5Pjz9B8IHKjeilf807A,Mercyjohnsonokojie TV,784000,124,2026-08-21T16:00:17Z,113.2,2861421,24374.0,1761.0,True,False,True,2026-10-06
ogbonna_ogunmola,IK Ogbonna,Bolaji Ogunmola,vlO2Gkyvbsw,"A CRAZY DAY WITH DR OLIVIA - IK OGBONNA, INI EDO, BOLAJI OGUNMOLA, SAGA ADEOLUWA, REAL JUDY","When marriage reaches a breaking point, chaos often follows. In A Crazy Day with Dr. Olivia, two couples with wildly different struggles meet the therapist who might just save their relationships—or lose her sanity trying.

From fiery arguments and shocking revelations to tender moments of hope, this emotionally charged and occasionally hilarious drama explores the highs and lows of love, marriage, and the quest for connection.

Dr. Olivia thought she had seen it all, but this day might just push her—and her clients—to their limits. Will they find resolution, or will their relationships unravel completely?

#ikogbonna #iniedo #bolajiogunmola #nollywood #nollywoodmovies #africanmovies 

🎥 Watch now for:
✅ Heartwarming moments and intense drama.
✅ A fresh perspective on therapy and love.
✅ Humor and chaos as couples fight for their futures.
✅ A raw and honest look at the struggles of marriage.
✅ Moments of hilarity and heartbreak.

https://www.youtube.com/@ikogbonnatv


🔔 Don’t miss this",UCqePXuC7OuaB4dueOgn3QHg,Ik Ogbonna tv,274000,145,2024-12-31T15:00:06Z,139.1,1155983,14933.0,1342.0,True,True,True,2026-10-06
ogbonna_ogunmola,IK Ogbonna,Bolaji Ogunmola,kpTz1LX0MEQ,"PRINCESS OF MY HEART (MAURICE SAM, IK OGBONNA, SONIA UCHE ) Latest Nigerian Movie 2025","#blackmoviestv
Deceitful Sweetheart
Love is a beautiful thing, it can heal broken hearts when you fall in love with the right person. Love exists so much among these two so into each other until circumstance changed everything. It's a must-watch. Relax and enjoy this piece.


#blackmoviestv #youtube  #uchemontanamovies #uchemontana #clintonjoshua  #mauricesamtv #ikogbonna  #FRANCESBEN #mauricesamandsoniauche # #PRINCESSOFMYHEART #usa #unitedstates #movies",UCaoyvHOxmdmqa4Q99dNbmpA, BLACK MOVIES TV,830000,2131,2025-09-24T11:01:25Z,95.0,115168,585.0,30.0,True,False,True,2026-10-06
ogbonna_ogunmola,IK Ogbonna,Bolaji Ogunmola,HN-X5xCbNTw,"IMPERFECT MATCH2-(FULLNIGERIANMOVIE)IK OGBONNA,BOLAJIOGUNMOLA,SARIAN MARTIN,CHIOMA NWOSU,JOHN EKANEM","Imperfect Match-  IK OGBONNA, BOLAJI OGUNMOLA, SARIAN MARTIN, CHIOMA NWOSU, JOHN EKANEM

Ghost_Beatz_Rainmaker  4AZZ3NAZGAJAYLVR  
Alsever_Lake_Where_The_Heart_Is Y1JRSHFM4DOPHGKU
Brent_Wood_The_Sweetest_Thing BVFWUEFWGDSDOZWM
Cast_Of_Characters_Curious_Play HYCRGN8D0W4H9BGD
Stephen_Keech_Music_Box  F3AYAK2ORHUUP7FC
Alsever_Lake_Finding_My_Way 398CXAZO03UQNM0I
Tony_Sopiano_Hard_Legions JPUZF4LDL6PB0AEZ
Reveille_Sanctuary  TUHRJB4OQCZR7TE0
Brent_Wood_The_Sweetest_Thing OIFOMBYBMWOZCJFV
Lost_Ghosts_Words_For_A_Good_Man ERQMVPNNUB5XUEOE
Moments_Instant_Calme  0DGWRTQEPUGBCWYR
Reveille_Breathe_In_Breathe_Out 9BCRVQ4IHIRJYQZT
Lost_Ghosts_Endless_Sleep PWLSOMGVPHEOIO4D
Wayfair_Daisy_Chain  G09PSQVBCFWK0M8U
Dresden_The_Flamingo_Little_Devils XXOFA8C8XQLSHIXN
Shimmer_Pages   HVO96OSWUBQDI7LL
Desert_Dive_Humid_Blues  U09K47CAL5EWJOTD
Emorie_A_Good_One  B9WNRBPHZLBAVTAM
ltebloomr_Waiting_for_a_Sign XNRFOQ4GWGEPXPRK
Joshua_Nichols_Everyday_Stripped S41XSKQEMLDJCBOH
Emorie_Ocean   FDFOUI4KF7W8IASE",UCqxprLDy_2hMQ7aQp_4NNuA,BOLAJI OGUNMOLA TV,751000,447,2024-09-05T15:00:08Z,144.1,3252415,50847.0,12780.0,True,True,True,2026-10-06
ogbonna_ogunmola,IK Ogbonna,Bolaji Ogunmola,n4moMT4tnzk,"All That Glitters - Bimbo Ademoye, Ik Ogbonna, Bolaji Ogunmola Latest 2024 Nigerian Movie #trending","After sacrificing everything for her first love, a woman must break free from the shackles of her past when he unexpectedly returns, forcing her to confront the choices she made and the life she’s built since.

Starring; Bimbo Ademoye, Ik Ogbonna, Bolanle Ninalowo, Bolaji Ogunmola

Produced by: Taiwo Adebayo
Directed by: Great Valentine Edochie
Executive Producers: 

#ibakatv #bimboademoye, #ikogbonna, #bolanleninolowo, #bolajiogunmola, #princessnkwoch #uchennambunabotv  #ruthkadiri247 #nollywood #nollywoodmovies #latestnollywood #latestnollywoodmovies #naijamovies #naijafilms #chididikemovies #ibakatvmovies",UCm6NRZvIcYwpj79CIa1Lj9g,IBAKATV,1420000,155,2024-11-01T16:01:00Z,99.3,3153539,31061.0,2298.0,True,True,True,2026-10-06
ogbonna_ogunmola,IK Ogbonna,Bolaji Ogunmola,wC0vrs20kA8,In The Way Of Love - BOLAJI OGUNMOLA IK OGBONNA - Nigerian Movies,"A player tries to play two ladies but never knew they were best friends. When he thought his game had played well, he was shocked at what was coming.

Starring: Bolaji Ogunmola, Ik Ogbonna












#nigerianmovies2025latestfullmovies #latestnollywoodmovies2025 #africanmovies #nigerianmovies #africanrokstv",UCP1ZksS1Kntsd1L2Ec-qOtA,AFRICAN ROKS TV ,100000,1065,2026-03-25T22:01:03Z,67.7,4974,35.0,0.0,True,True,True,2026-10-06
ogbonna_ogunmola,IK Ogbonna,Bolaji Ogunmola,2RMGhCWuF-I,IMPERFECT MATCH - NIGERIAN MOVIES 2026 LATEST FULL MOVIES,"IMPERFECT MATCH- BOLAJI OGUNMOLA, IKOGBONNA…… LATEST NIGERIAN MOVIE 

Welcome to Bolaji Ogunmola's YouTube channel... Get ready to be entertained 

#bolajiogunmola #nollywoodmovies #bolajiogunmolamovies #kiekie #ikogbonna #2024 #2024movies #imperfectmatch #BOLAJIOGUNMOLATV #selfcare #love #nigerianmovies #africanmovies #searchingnigerianmovie #esports #2024 #bollywood 
#bolajiogunmolamovies #bolajiogunmolavlogs #bolajiogunmola #nigeria #chididike #esodike 

Don't forget to LIKE, SHARE, and SUBSCRIBE.

Reveille_Dandelion_instrumental_3_02.mp3
UKQCLNCHWZEZCIWL
Lost_Ghosts_Words_For_A_Good_Man_instrumental_3_48.mp3
BAPIBKSHSEFV5AHC
Stephen_Keech_Sussex_instrumental_3_13.mp3
O99OAHID6NQHXGVR
Lost_Ghosts_Endless_Sleep_instrumental_3_37.mp3
FMMLUYBARGJLZXAG
Ian_Kelosky_Jack_in_the_Box_instrumental_2_21.mp3
QDWNRGAGXGLPBN6K
Mikey_Geiger_Slow_Motion_Stripped_Version_feat_Jessie_Villa_lead_vocal_3_35.mp3
OVLFRDPJRCFQ8FJE
Adam_Saban_A_Night_In_Paris_instrumental_2_44.mp3
EV6WCXVVV8LR8EY1
Kurtis_",UCqxprLDy_2hMQ7aQp_4NNuA,BOLAJI OGUNMOLA TV,751000,447,2024-03-13T17:00:06Z,104.2,4801903,64776.0,8153.0,False,True,True,2026-10-06
ogbonna_ogunmola,IK Ogbonna,Bolaji Ogunmola,9acxXJ5s3XM,"LENS OF LOVE - Bolaji Ogunmola, Ik Ogbonna, Bibi Sonye | 2026 Latest Nigerian Romantic Full Movie","Please click the link below to Subscribe to First Pictures Tv YouTube Channel
https://youtube.com/@firstpicturestv

For more movies on our Channel 
https://www.youtube.com/@firstpicturestv/videos

First PicturesTV is your best Nigerian movie channel. We upload latest Nigerian movies and some beautiful old movies based on popular demand. Our movies feature your favorite actors and actresses like Timini Egbuson, Maurice Sam, Sonia Uche, Ruth Kadiri, Baba Rex, Eddie Watson, Frances Ben, Chioma Nwaoha, Shine Roseman, Shaznay Okawa, Sandra Okunzuwa, Pearl Wats, Ben Touitou, Mercy Johnson, Destiny etiko, Chizzy Alichi, Fredrick Leonard, Yul Edochie, Ngozi Ezeonu, Pete Edochie,  Uju Okoli, Zubby Michael and many others. We got you covered with Royal, Family, Urban, and Epic Movies. We accept observations and corrections for improvement purposes. Please do well to Like, Share, and Comment. A NIGHT WITH LUCY

#nollywoodmovies #nigerianmoviesonnetflix #nigerianmovies #nigerianmovies2024 #2025mov",UCD4YApgszvGWwnfLLMKDAlw,First PicturesTV,65500,331,2026-02-15T16:00:10Z,83.7,12073,79.0,6.0,True,True,True,2026-10-06
ogbonna_ogunmola,IK Ogbonna,Bolaji Ogunmola,1ZAs8BfeLl8,THE BEST OF US //  NEW NOLLYWOOD MOVIE 2022 .,"Movie Title : The Best of Us 

Nonso and Folake put aside their rivalry after the death of a caring neighbour

Cast: Ik Ogbonna, Blessing Jessica Obasi, Bolaji Ogunmola, Edem Roxy Antak, Nora Okonkwo

SUBSCRIBE TO THIS CHANNEL TO VIEW MORE NEWS NOLLYWOOD FILMS !!",UCJcOvUNPbycI1sLvI-hnjBg,Nollywood Arena,816,3,2022-11-03T18:09:55Z,91.9,26027,331.0,25.0,True,True,True,2026-10-06
ogbonna_ogunmola,IK Ogbonna,Bolaji Ogunmola,21teOEVvGcQ,ODOGWU IN TROUBLE | IK OGBONNA | BOLAJI OGUNMOLA | EVANNY PATRICK | LATEST NOLLYWOOD MOVIES 2026,"ODOGWU IN TROUBLE is a hilarious and entertaining Nollywood comedy-drama featuring IK OGBONNA, BOLAJI OGUNMOLA, and EVANNY PATRICK. Get ready for unexpected twists, drama, laughter, and plenty of trouble in this exciting latest Nigerian movie 2026.

#OdogwuInTrouble #ikogbonna  #bolajiogunmola  #EvannyPatrick #latestnollywoodmovies2026  #NollywoodMovies2026 #nigerianmovies2026africanmovies  #newnollywoodmovies  #africanmovies  #nollywoodcomedy  #nollywooddrama  #nigeriancomedy  #latestnigerianmovies  #AfricanMovies2026 #nollywoodmovies  #movies2026  #NewMovies2026 #comedymoviescenes  #NollywoodFilms",UC1Cfyt0M17BGcyHvDkoOicw,NOLLYWOOD TIES TV,13100,647,2026-09-02T09:15:01Z,106.0,14315,44.0,2.0,True,True,True,2026-10-06
ogbonna_ogunmola,IK Ogbonna,Bolaji Ogunmola,LjB-UFeoFMI,"KEKE LOVE - BIMBO ADEMOYE, IK OGBONNA, REAL JUDY, EMEM UFOT ( LATEST NIGERIAN MOVIE 2026) ","HE WOULD DO ANYTHING TO PROTECT THE WOMAN HE LOVES… BUT THERE’S ONE THING HE CAN’T PROTECT HER FROM — HIS PAST. 
What happens when the person you love with all your heart discovers the part of your life you prayed would remain buried forever?

KEKE LOVE is an emotional Nigerian love story about Super charger, a streetwise Keke driver whose rough past is hidden beneath the heart of a man completely devoted to the woman he loves.

With Ife, He finally found something worth living for. Their love is simple, playful and deeply genuine. He may not have everything, but he gives her everything he has—his loyalty, protection, sacrifice and heart.

But just when life begins to give them hope, danger enters their world. Old wounds reopen, powerful enemies emerge, friendships are tested and secrets He desperately wants to leave behind begin finding their way back to him.

How far can a man run from the person he used to be?

And when Ife finally comes face-to-face with the truth, will the love th",UCqePXuC7OuaB4dueOgn3QHg,Ik Ogbonna tv,274000,145,2026-08-15T15:04:18Z,140.2,2823363,26150.0,2389.0,True,False,True,2026-10-06
ogbonna_ogunmola,IK Ogbonna,Bolaji Ogunmola,mCAouZyajaQ,"PIXELS OF YOU - Ik Ogbonna, Bolaji Ogunmola Latest African Nigerian Love Movie","💔 A touching romantic drama filled with passion, regrets, and second chances 
PIXELS OF YOU - Ik Ogbonna, Bolaji Ogunmola Latest African Nigerian Love Movie
#latestnollywoodmovies #nollywoodmovies #nigerianmovies #youtubeshowcase #latestnollywoodmovies #africanmovies2024 #indoorsnigerianmovie #nigerianmovies #newmovie2024",UCHH_evniUCiHy-AATEHgqig,Nolly Showcase Tv,80700,222,2025-11-06T17:01:27Z,87.6,18477,116.0,16.0,True,True,True,2026-10-06
ogbonna_ogunmola,IK Ogbonna,Bolaji Ogunmola,XhXYwWW06rk,FOOL IN LOVE (BIMBO ADEMOYE IK OGBONNA BOLAJI OGUNMOLA) - Nigerian Movies 2026 latest full movies,#nigerianmovies #africanmovies #nollywoodmovies,UC6izPafX_9ydQCa7xctxcuQ,NollyReel,148000,331,2026-04-30T17:00:50Z,98.1,11206,47.0,3.0,True,True,True,2026-10-06
ogbonna_ogunmola,IK Ogbonna,Bolaji Ogunmola,D-tudHqBPH0,BROTHERLY LOVE - NIGERIAN MOVIES 2026 LATEST FULL MOVIES,"BROTHERLY LOVE - IK OGBONNA, UZOR ARUKWE, BOLAJI OGUNMOLA, CHIOMA NWOSU ,EMEM UFOT.

Sweet Change
Alsever LakeSweet Change
Alsever Lake Z8UVE1LQDDJX3K3L

Wide Awake And Dreaming
Wild Colors  VMCO0BZ9J5QKCQBF
Daylight
Stephen Keech   KDCIYNNWEIRJDBED

Unicorn Rainbows
Dresden, The Flamingo  ENXQOYW4VE2VZ6BX

Captives
Kurtis Parks   OTEYKFVY8LJNXB1O

Reaching For The Sky
Moments  QHCRNR6ZNSYZJPHX

Sleep With The Stars (528 Hz)  SSWOKRQGQU4D4ZI3
Shimmer

Elevator Music
Dresden, The Flamingo    NWRHCKJJICKBMTWP

Minuet Of The Celestial Court
Moments     XUM6QCJVU3OJKGNL

Sweet Change
Alsever Lake     DPQXY2BX91B49JWV

Wide Awake And Dreaming
Wild Colors      UG1IA0EJOMFVKHK4
Sleepy Time
Dresden, The Flamingo  OBV9192G7V6DWCN3


Ruth Kadiri 247
Bolaji Ogunmola Movies
Maurice Sam Movies
Doris Ifeka Movies 
Maurice Sam Tv
Bimbo Ademoye Movies
Eddie Watson Movies
Chinenye Nnebe Tv
Faith Duke Movies
Sonia Uche Movies
Bryan Okwara Movies
Adaeze Onuigbo Movies
Angel Emeka Movies
Faith Duke Movies",UCqxprLDy_2hMQ7aQp_4NNuA,BOLAJI OGUNMOLA TV,751000,447,2024-12-22T15:00:13Z,138.8,6065026,68455.0,9760.0,True,True,True,2026-10-06
ogbonna_ogunmola,IK Ogbonna,Bolaji Ogunmola,ygPgmCPv3sg,Playing For Keeps 2023 Full Nollywood Love Movie Ik Ogbonna Bolaji Ogunmola Gold Chiaku Hillary Jack,"A married couple who doubt their fidelity, undergo the process of divorce because they are both convinced they don't want each other. Both rush into new relationship and quickly realize their love never died. The soon-to-be-divorced husband and wife then both scramble to spoil each other's chances of love.
#romance #love #new  #2023 #nigerianmovie",UCdaidGOrcTbHL8s1bAuOmDg,Nolly Films 247,20300,6,2023-12-09T14:01:14Z,98.8,289640,2583.0,258.0,True,True,True,2026-10-06
ogbonna_ogunmola,IK Ogbonna,Bolaji Ogunmola,k_TylvdCYVw,Bolaji Ogunmola Fell For The Man Her Best Friend Hates The Most — MY BEST FRIEND'S EX (Full Movie),"MY BEST FRIEND'S EX - Latest 2026 Nollywood Movie. Living with her best friends EX... while keeping it a complete secret from her best friend!

In this hilarious and passionate urban Nollywood romantic comedy, a young woman’s (Bolaji Ogunmola) life gets turned upside down when her best friend’s hated ex-boyfriend (Ik Ogbonna) suddenly moves in with her. Turns out, their late fathers were best friends who jointly purchased the luxury apartment, leaving them both as co-owners! Desperate to avoid destroying her friendship, she agrees to let him stay under one rule: keep it a complete secret. But as close quarters lead to chaotic near-misses, hilarious house rules, and undeniable sparks, secrets and rivalry collide in a crazy battle for love!

Starring Ik Ogbonna and Bolaji Ogunmola in a charming, side-splitting Nollywood blockbuster about cohabitation, secrets, and unexpected romance!

🔔 DON'T FORGET TO SUBSCRIBE & TURN ON NOTIFICATIONS!
If you enjoyed this movie, hit the LIKE button, dro",UC48-kDR7GRJgUw6o9KCiXFA,AFOREVO MAX TV,23600,436,2026-08-13T11:30:03Z,59.0,70116,395.0,40.0,True,True,False,2026-10-06
ogbonna_ogunmola,IK Ogbonna,Bolaji Ogunmola,tlfT0HH6wp4,Who Wants Me More || DEYEMIOKANLAWON IK OGBONNA BOLAJI OGUNMOLA || 2026 Nigerians Nollywood Movies,"#deyemiokanlawon #ikogbonna #bolajiogunmola 

Caught between two hearts, she must discover who truly wants her more before jealousy, secrets, and unexpected emotions tear them all apart.

Cast: Deyemi Okanlawon, Ik Ogbonna, Bolaji Ogunmola 

























#nigerianmovies  #latestnollywoodmovies #21stcenturynollywood #danieletim #uchemontana #bambam #nollywoodmovies #nigerianmovies2026latestfullmovies",UCDapjl4q1VkABYk1Uo01atw,21ST  CENTURY NOLLYWOOD,446000,1786,2026-09-23T11:00:02Z,116.8,7220,12.0,3.0,True,True,True,2026-10-06
ogbonna_ogunmola,IK Ogbonna,Bolaji Ogunmola,5GIA0jq4VG8,THE GOOD MAN ⎯ Nosa Rex | Bolaji Ogunmola | Bibi Sonye | Latest Nollywood Movies #trending #nosarex,"🎬 MOVIE TITLE: THE GOOD MAN
📅 Release Year: 2026
🎭 Starring: Nosa Rex, Bolaji Ogunmola, Bibi Sonye
🎥 Produced by: Nosa Rex
📽 Genre: Drama | Suspense | Mystery | Thriller
🇳🇬 Country: Nigeria | Nollywood | United States | United Kingdom | Canada

Sometimes, the person you trust the most is the one you should fear.

THE GOOD MAN is a gripping new Nollywood movie in 2026 filled with suspense, mystery, emotional drama, secrets, betrayal, and shocking twists that will keep you guessing until the very end.

Festus believes he is doing the right thing when he takes in a troubled young woman who has nowhere else to go. To him, it is simply an act of kindness — helping someone in desperate need.

But what begins as an innocent gesture soon turns into something far more dangerous.

As the young woman's presence begins to affect Festus's relationship with Chioma, an unsettling obsession starts to emerge. Then, without warning, Chioma begins experiencing strange and unexplained symptoms.

Festus is",UC4dptB_sE0skfVAWm1_HE_A,BabarexTV,971000,555,2026-09-21T15:00:22Z,117.2,4923352,35332.0,2447.0,False,True,True,2026-10-06
ogbonna_ogunmola,IK Ogbonna,Bolaji Ogunmola,zTolzBWxriI,"DAMSEL IN DISTRESS | LATEST NIGERIAN FULL MOVIES 2026 | IK OGBONNA, BOLAJI OGUNMOLA","This masterpiece is the best you'll see online Today!
Starring: Ik Ogbonna, Bolaji Ogunmola...

Thanks for tuning in..
Don’t forget to LIKE, SUBSCRIBE & TURN ON 🔔 for daily uploads!
More interesting movies here: https://tinyurl.com/4jryytf9

#movie #victorymichael  #mauricesam #nigerianfilms #latestafricanmovies #2026nigerianmovies #trendingnigerianmovies #exclusivenollywoodmoviestv #nollywoodmovies2026 #nollywoodromance #bolajiogunmola #ikogbonna",UC0H_BfiV1wvuZ-7quRFxSxw,Exclusive nollywood movies tv,30400,855,2026-07-04T03:56:33Z,101.0,2032,20.0,0.0,True,True,True,2026-10-06
ogbonna_ogunmola,IK Ogbonna,Bolaji Ogunmola,QaJ6A9wU_AE,"Destined to Love - Ik Ogbonna, Bolaji Ogunmola - Latest 2026 Bolaji Ogunmola Nigerian Movie","Two hearts are brought together by a love neither of them expected, but destiny has a different plan. As family secrets, difficult choices, and unexpected obstacles threaten their relationship, they must decide whether their love is strong enough to overcome everything standing in their way. A captivating Nollywood romance filled with passion, sacrifice, betrayal, and unforgettable twists.


#DestinedToLove #Nollywood #NollywoodMovies #AfricanMovies #NigerianMovies #NollywoodRomance #LoveStory #RomanticDrama #LoveAndBetrayal #EmotionalMovie #FullMovie #AfricanDrama #AfriNollyTVPLUS",UCiHelwE8bszKHKQt89f1ojQ,AfriNolly TV PLUS,5990,362,2026-09-01T19:00:22Z,106.0,203,2.0,0.0,True,True,True,2026-10-06
ogbonna_ogunmola,IK Ogbonna,Bolaji Ogunmola,j0juy2TOO9c,"JEALOUS HEARTS - | BOLAJI OGUNMOLA, IK OGBONNA | - Nigerian Movies 2026 latest full movies","Two friends fall for the same man, but his heart belongs to only one of them. As jealousy takes root, trust crumbles, and their once-strong friendship begins to fall apart. Secrets, rivalry, and heartbreak collide in a dramatic battle for love. Watch how it all plays out.

#nigerianmovies #africanmovies #nollywoodmovies",UCUAiwzkRHKbDHgb7Xs7wpUA,Nollyxclusive Tv,57600,1044,2026-04-10T00:39:20Z,70.4,2085,9.0,2.0,True,True,True,2026-10-06
ogbonna_ogunmola,IK Ogbonna,Bolaji Ogunmola,RCTw3-qJM4E,"LOVING AGAIN - Nollywood Movie starring Ik Ogbonna, Debby Felix, Miwa Olorunfemi",,UCtRYnW269TsrsBjOHruftIA,Rikar TV,18400,84,2026-09-20T15:57:12Z,94.7,51438,260.0,11.0,True,False,True,2026-10-06
ogbonna_ogunmola,IK Ogbonna,Bolaji Ogunmola,2SYJwIyda3c,"SEED OF THE GHETTO - IK OGBONNA, REGINA DANIELS, BRODA SHAGGI, ISABEL IDIBIA. LATEST NIG MOVIE 2026","YOU WON’T BELIEVE WHAT HAPPENS IN THIS GHETTO… 
Power. Love. Betrayal. Survival. Welcome to a world where fear rules… until one voice dares to stand up.
SEED OF THE GHETTO is a gripping, emotional rollercoaster that exposes the harsh realities of street life, power struggles, and the fight for freedom. When a fearless young man challenges a ruthless street king, chaos erupts—and nothing stays the same.

From intense drama to laugh-out-loud moments, this is a story about courage, identity, family, and redemption. One decision… can change everything.

🎬 Inspired by a powerful story of oppression and resistance in the streets of Ayetoro, where fear is currency and survival is a daily battle 

⭐ STARRING:

Ik Ogbonna

Regina Daniels

Introducing: Isabel Idibia

Broda Shaggi

Oga Amos

Stella Shine

🎥 WHY YOU SHOULD WATCH:

Powerful Nollywood storytelling at its finest

A perfect mix of drama, comedy, and real-life street tension

Deep themes: power, family, identity, survival

Unpredictabl",UCqePXuC7OuaB4dueOgn3QHg,Ik Ogbonna tv,274000,145,2026-05-01T16:00:08Z,138.5,3519343,35175.0,2471.0,True,False,True,2026-10-06
ogbonna_ogunmola,IK Ogbonna,Bolaji Ogunmola,kierkWhtAzs,"MY TRADITIONAL HUSBAND | LATEST NIGERIAN FULL MOVIES 2026 | IK OGBONNA, BOLAJI OGUNMOLA","This masterpiece is the best you'll see online Today!
Starring: IK OGBONNA, BOLAJI OGUNMOLA...

Thanks for tuning in..
Don’t forget to LIKE, SUBSCRIBE & TURN ON 🔔 for daily uploads!
More interesting movies here: https://tinyurl.com/4jryytf9

#movie #victorymichael  #mauricesam #nigerianfilms #latestafricanmovies #2026nigerianmovies #trendingnigerianmovies #exclusivenollywoodmoviestv #nollywoodmovies2026 #nollywoodromance #ikogbonna #bolajiogunmola",UC0H_BfiV1wvuZ-7quRFxSxw,Exclusive nollywood movies tv,30400,855,2026-09-01T09:00:16Z,106.0,7414,26.0,0.0,True,True,True,2026-10-06
ogbonna_ogunmola,IK Ogbonna,Bolaji Ogunmola,BuO08T8xvJY,"LOVE AND DESTINY | IK Ogbonna, Bimbo Ademoye, Bolaji Ogunmola |  Nollywood Movie 2026 (FULL MOVIE)","LOVE AND DESTINY Full Nollywood Movie 2026 starring IK Ogbonna, Bimbo Ademoye & Bolaji Ogunmola.

When love is tested by fate, only the strongest hearts survive… 💔🔥

LOVE AND DESTINY tells a powerful story of two souls brought together by chance but torn apart by circumstances beyond their control. As secrets unfold and emotions deepen, they must choose between following their hearts or accepting their destiny.

Featuring stunning performances from IK Ogbonna, Bimbo Ademoye, and Bolaji Ogunmola, this emotional rollercoaster will keep you glued till the very end.

Will love conquer all… or will destiny have the final say?

👉 Watch till the end for an unforgettable twist!

👍 LIKE, COMMENT & SUBSCRIBE to 247 Nollywood TV for more trending Nollywood movies!
#LoveAndDestiny #NollywoodMovies #IKOgbonna #BimboAdemoye #BolajiOgunmola #LatestNollywood #NigerianMovies #AfricanMovies #FullMovie #TrendingMovies #247NollywoodTV #RomanticMovie #LoveStory #DramaMovie #mauricesammovies #ruthkadiri247",UCDXxi8YTwlh5eKXyofvjrLw,247 Nollywood Tv,46400,312,2026-04-17T16:00:20Z,117.8,35982,156.0,12.0,True,True,True,2026-10-06
ogbonna_ogunmola,IK Ogbonna,Bolaji Ogunmola,KnLRZ-T_iXg,BOLAJI OGUNMOLA And Her Billionaire Best Friend Made A Dangerous Bet to Find Love— LOVE BET,"LOVE BET - Latest 2026 Nollywood Movie. A game between friends... turned into the ultimate lesson in love!

In this heartwarming and hilarious urban Nollywood romantic comedy, best friends (Ik Ogbonna and Inegbenebor Osareme) decide to put their hopeless dating lives to the ultimate test. With Valentine's Day just around the corner, they strike a high-stakes deal: whoever finds genuine, true love first wins, while the loser must pay for a lavish, all-expenses-paid luxury trip! As both jump headfirst into chaotic dates, blind setups, and unexpected suitors, the competition heats up. But as the clock ticks down to Valentine's Day, they begin to realize that the person they were searching for was standing right next to them all along.

Starring Ik Ogbonna and Inegbenebor Osareme in a witty, charming Nollywood blockbuster about friendship, rivalry, and unexpected romance!

🔔 DON'T FORGET TO SUBSCRIBE & TURN ON NOTIFICATIONS!
If you enjoyed this movie, hit the LIKE button, drop a comment do",UC48-kDR7GRJgUw6o9KCiXFA,AFOREVO MAX TV,23600,436,2026-09-08T17:00:13Z,98.3,3915,7.0,0.0,True,True,True,2026-10-06
ogbonna_ogunmola,IK Ogbonna,Bolaji Ogunmola,vTNDQ8SKDR8,STAINED | Full Nollywood Movie | IK Ogbonna | Nigerian movies released today  | lasted naija movies ,"STAINED | Full Nollywood Movie | Nigerian Movie 

One accusation. One viral moment. One life changed forever.

STAINED is a powerful Nigerian Nollywood drama about false accusations, social media, relationships, reputation, and the devastating consequences of judging before knowing the truth.

In a world where one post can reach millions in minutes, what happens when social media becomes judge and jury? And when the truth finally comes out… can the damage ever truly be undone?

Starring IK Ogbonna, Bryan Okoye, Bryan Okoye & Osareme Inegbenegbor, STAINED is a thought-provoking African film that will have you questioning how quickly we believe, judge and condemn people online.

WATCH UNTIL THE END — the truth may not be what you expect.

After watching, tell us in the comments: Who was wrong, and what would YOU have done?

👍 LIKE the movie
💬 COMMENT your thoughts
↗️ SHARE with someone who needs to see this story
🔔 SUBSCRIBE to Neye TV for more Nollywood movies and original African stori",UCMN561u-LYJ7-WNdTGdt1ow,Neye TV,11200,15,2026-09-06T05:00:06Z,91.4,506348,2917.0,331.0,True,False,True,2026-10-06
ogbonna_ogunmola,IK Ogbonna,Bolaji Ogunmola,RgO6gsrvJrE,"THE LADIES MAN - IK OGBONNA, UCHE MONTANA, BAM BAM, BOLAJI OGUNMOLA, ONYI ALEX, 2026 NOLLYWOOD MOVIE","He has the charm, the confidence, and every woman’s attention… but can he handle the consequences? The Ladies Man stars IK Ogbonna, Uche Montana, Bam Bam, Bolaji Ogunmola, and Onyi Alex in a captivating 2026 Nollywood drama filled with romance, temptation, heartbreak, and the complicated web created by one man’s pursuit of love.

#TheLadiesMan #IKOgbonna #UcheMontana #BamBam #BolajiOgunmola #OnyiAlex #Nollywood2026 #LatestNigerianMovie #RomanticDrama #NollywoodMovies #AfricanCinema 🎬❤️🔥",UCOLT00WaMAcBWCPf-BSIJvA,EXCLUSIVE NOLLYFLIX+,75900,994,2026-06-03T18:30:39Z,87.7,62203,302.0,23.0,True,True,True,2026-10-06
ogbonna_ogunmola,IK Ogbonna,Bolaji Ogunmola,m421wE1JgwY,THINKING OF YOU | BOLAJI OGUNMOLA | IK OGBONNA | LATEST NOLLYWOOD MOVIES 2026,"THINKING OF YOU | BOLAJI OGUNMOLA | IK OGBONNA | LATEST NOLLYWOOD MOVIES 2026

When love is tested by distance, secrets, and life's unexpected twists, two hearts must decide if their bond is strong enough to survive. Thinking of You is a touching romantic drama filled with emotion, sacrifice, and unforgettable moments that will keep you glued to your screen.

#thinkingofyou  #bolajiogunmola  #ikogbonna  #NollywoodMovies2026 #latestnollywoodmovies  #africanmovies  #nigerianmoviestars  #lovestory  #romanticdrama  #trendingmovies  #MoviePremiere #nollywoodromance  #mustwatchmovies  #entertainment  #youtubemovies  #AfricanCinema #newmovie2026  #LoveAndSacrifice #emotionaldrama  #MovieLovers",UC1Cfyt0M17BGcyHvDkoOicw,NOLLYWOOD TIES TV,13100,647,2026-06-17T09:30:05Z,62.5,78,0.0,0.0,True,True,True,2026-10-06
ogbonna_ogunmola,IK Ogbonna,Bolaji Ogunmola,Zt0Lv1Q57BY,TOUT OF MY HEART (IK OGBONNA BOLAJI OGUNMOLA UCHE MONTANA)-nigerian movies 2026 latest full  Movies,#latestnollywoodmovies #nigerianmovies#africanmovies#nollywoodmovieslatest,UCxpJFSMbadYaDA7sRMUGafg,NOLLYTOUCH STUDIOS,193000,999,2026-09-04T11:40:03Z,122.2,2413,4.0,0.0,True,True,True,2026-10-06
ogbonna_ogunmola,IK Ogbonna,Bolaji Ogunmola,kDd_3W8L9D0,"FATE MADE ME YOUR ( BOLAJI OGUNMOLA , IK OGBONNA ) - Latest Nigerian Movies 2026","#fullnigerianmovies #nollywoodmovies #goldencinematic

In This Nollywood movie Just when their love begins to blossom, secrets, family pressure, and unexpected challenges threaten to tear them apart.



Starring: BOLAJI OGUNMOLA , IK OGBONNA 











#nigerianmovies2026 #nollywoodmovies #trendingnigerianmovies #africanmovies #latestnollywoodmovies2026 #2026movies #youtubemovies #nigerianfilms #usa #canada #uk #unitedkingdom #germany #australia",UCQfZ3IBNeg5V-BUJW6Yeh5g,GOLDEN CINEMATIC,100000,369,2026-09-02T16:00:16Z,92.7,303,2.0,0.0,True,True,True,2026-10-06
ogbonna_ogunmola,IK Ogbonna,Bolaji Ogunmola,es6DcwJLkKQ,"IKECHUKWU MY ODOGWU - Ik Ogbonna, Bolaji Ogunmola | Latest Nigerian Movie","Nnamdi is days away from marrying a classy woman from America when he makes a reckless decision that changes everything. He gets involved with a poor food seller, only to discover that she is pregnant. Rather than take responsibility, Nnamdi denies the pregnancy and tries to keep the affair a secret. But when the truth finally comes to light, his fiancée calls off the wedding, leaving him to face the consequences of his betrayal. With his marriage gone and the pregnant woman still in his life, will Nnamdi finally take responsibility and return to the woman he once rejected? 

#2025africannollywoodmovies  #NigerianMovies2025 #2025NigerianMoviesLatestFullMovies",UCayLEhXxctnXc-CcUi-VDzA,Aforevo NollyHitz,18200,638,2026-09-09T17:00:09Z,106.0,248,0.0,0.0,True,True,True,2026-10-06
ogbonna_ogunmola,IK Ogbonna,Bolaji Ogunmola,XnxkEH1ToRY,FRAGMENTS OF LOVE | BIMBO ADEMOYE | IK OGBONNA | BOLAJI OGUNMOLA | Nigerian 2026 Latest Full Movies,"This Nigerian Movie


‎--- ABOUT THE MOVIE ---
 
After a tragic accident, Ndu develops selective amnesia, causing him to remember his current wife only as his former secretary. As he struggles to make sense of his fragmented memories, his distorted perception sets off a chain of events that threatens to unravel their marriage and change their lives forever.






















#NigerianMovies #AfricanMovies #NollywoodNigerianMovies",UCk6XaKtL5fvQvc_DSVEhS-w,Nolly-Lens Pictures,104000,1266,2026-10-05T20:00:09Z,113.8,27,0.0,0.0,True,True,True,2026-10-06
ogbonna_ogunmola,IK Ogbonna,Bolaji Ogunmola,qTwMTXZNA2A,"FORBIDDEN LOVE | LATEST NIGERIAN MOVIES 2026 FULL MOVIES | IK OGBONNA, BOLAJI OGUNMOLA, ETIM EFFIONG","MOVIE TITLE: FORBIDDEN LOVE



#africanmovies
#nollywoodmovies
#nigerianmovies",UCsQxKa9vzl7I1O4orSTWvJA,African TopNolly TV ,44400,574,2026-09-09T00:49:28Z,69.4,1516,6.0,0.0,True,True,True,2026-10-06
ogbonna_ogunmola,IK Ogbonna,Bolaji Ogunmola,oDdRu2pRnD4,"How The Billionaire Fell In Love With The ""CURVY MAID"" That Showed Him True Love - Nigerian Movies","In this Nigerian Movie,
Starring : Bolaji Ogunmola, Ik Ogbonna, Thelma Chukwunwem",UCV63a4Bo28SGbLRQI1b1-LQ,AFRICAN BILLIONAIRES TV,53400,910,2026-08-29T07:00:33Z,87.4,5236,28.0,0.0,True,True,True,2026-10-06
ogbonna_ogunmola,IK Ogbonna,Bolaji Ogunmola,oyUt2y03x6o,Once We Loved || KIE KIE BOLAJI OGUNMOLA IK OGBONNA || 2026 Nigerian Nollywood Movies,"#kiekie #bolajiogunmola #ikogbonna 

Once deeply in love, two former lovers are forced back into each other’s lives. As old memories and hidden secrets resurface, they must decide whether their broken hearts deserve a second chance.

Cast: Kiekie, Bolaji Ogunmola, Ik Ogbonna 



























#nigerianmovies  #latestnollywoodmovies #21stcenturynollywood #danieletim #uchemontana #bambam #nollywoodmovies #nigerianmovies2026latestfullmovies",UCDapjl4q1VkABYk1Uo01atw,21ST  CENTURY NOLLYWOOD,446000,1786,2026-08-28T14:15:37Z,107.7,3355,16.0,1.0,True,True,True,2026-10-06
ogbonna_ogunmola,IK Ogbonna,Bolaji Ogunmola,U0yW5KjNKl0,"LOVE AND DECEPTION - IK OGBONNA, UCHE MONTANA,  BOLAJI OGUNMOLA",#nollywood #latestnollywoodmovie #movie #comedy #newmovie #entertainment #mauricesam #latestmauricesammovie #sandraokunzuwatv #soniauche #soniauchetv #realflowtv #latestnollywoodmovie2026 #latestmovie2026 #loveanddeception #loveanddeceptionnollywoodmovie,UCqm7vHonTfn4TM-PNpw368Q,REAL FLOW TV,46800,25,2026-07-20T16:05:33Z,101.6,91766,730.0,50.0,True,True,True,2026-10-06
ogbonna_ogunmola,IK Ogbonna,Bolaji Ogunmola,pw5dxLoQ-xo,"DEAR BABY DADDY - IK OGBONNA, BOLAJI OGUNMOLA, BLESSING ONWUKWE, Latest Nigeria Movies 2026","In This Nigeria Movie.... 
An abandoned baby was discovered at his gate, and moved by compassion, he chose to adopt the child since his wife could not conceive. But will this decision bring joy or unexpected challenges? Stay tuned to find out.




#nigerianmovie #nollywoodmovie #trendyafrotv #youtube #newmovies
#africanmovies #trending #latestnigeriamovies",UCxfUcIMxb49Bkbii9LlQj1w,TrendyAfro TV,66600,353,2026-07-20T11:30:06Z,86.6,3226,26.0,0.0,True,True,True,2026-10-06
ogbonna_ogunmola,IK Ogbonna,Bolaji Ogunmola,hmpIqtrayCM,IKENNA AND THE GHOST | Full Nigerian Comedy Movie | Nollywood 2026,"Ikenna, a streetwise taxi driver, suddenly discovers he can see a ghost that no one else can see. His life turns upside down when the mysterious spirit begs him to help uncover the truth behind her death. 

IKENNA AND THE GHOST is a supernatural Nollywood comedy filled with humour, mystery and emotional twists as a reluctant taxi driver helps a lost spirit find peace.

Starring:
IK Ogbonna
Tana Adelana 
Nkechi Blessing Sunday 
Daniel Abua 
Isoken Igbinige
#ikogbonna #tanaadelana #danielabua #nkechiblessingsunday #nollywood",UCeJQws1GtCCM-R5ZNNlMkwA,TANA ADELANA TV,54000,40,2026-03-12T17:30:06Z,109.8,903552,10302.0,1252.0,True,False,True,2026-10-06
ogbonna_ogunmola,IK Ogbonna,Bolaji Ogunmola,nrYxzEKEHfg,I Urge EveryLady Not To Miss Watching This MindBlowing Family Movie And Learn-African Movies,"In this Nigerian Movie Starring: Bolaji Ogunmola, Ik Ogbonna, Thelma Chukwunwem

#NumberOneAfricanMovies
#AfricanVillageTv
#NumberOne FilmHouse",UCc53ba3wpr9Ortxae7z0hJQ,AfricanVillage TV,1040000,2207,2026-08-30T20:05:21Z,80.8,26864,135.0,8.0,True,True,True,2026-10-06
ogbonna_ogunmola,IK Ogbonna,Bolaji Ogunmola,KvaIE9QzfMU,"LOVE, LIES & BROKEN MINDS | Emotional Nigerian Movie 2026 | BIMBO ADEMOYE, IK OGBONNA | Latest Movie","Love, Lies & Broken Minds is an emotional Nigerian movie 2026 latest Nollywood movie starring Bimbo Ademoye and IK Ogbonna. Watch Love, Lies & Broken Minds on Chinedu Benjamin TV.

LOVE, LIES & BROKEN MINDS | BIMBO ADEMOYE, IK OGBONNA, CHINONSO ARUBAYI | Latest Nigerian (Nollywood) Full Movies 2026

LOVE, LIES, & BROKEN MINDS follows Vincent, a successful cyber-security expert torn between a toxic long-term relationship and a peaceful connection with Zaron, a beautiful woman battling severe epilepsy. As love, obsession, and emotional scars collide, every choice pulls them closer to heartbreak and self-destruction.


Starring: BIMBO ADEMOYE, IK OGBONNA, CHINONSO ARUBAYI, NONSO ODOGWU, BEN EZEKIEL, TEGA LEONARD, OMOTOYOSI SHUAIBU, MATILDA ANIGHORO, TAIHO OMOMAYI, MAUREEN IMBUFE, OLA PEACE


Chinedu Benjamin TV is a premium YouTube destination for high-quality Nollywood films, cinematic African storytelling, and emotionally compelling relationship dramas.

We produce and distribute full-l",UCPbe5URc7tuQw3pfnBTAtNA,Chinedu Benjamin TV,238000,216,2026-06-04T14:01:06Z,96.4,4303571,38656.0,3381.0,True,False,True,2026-10-06
ogbonna_ogunmola,IK Ogbonna,Bolaji Ogunmola,TJRAw579-1Y,Cheating Men ( IK OGBONNA EBUBE NWAGBO ALEX EKUBO ) || 2024 Nigerian Nollywood Movies,"#ikogbonna #ebubenwagbo #alexekubo 

In This Nigerian Movie: Ik and Alex, oblivious to the danger ahead, venture into an affair with the same woman. Little did they know, she harbored a vengeful secret - carrying a contagious infection. As their escapade unfolded, the woman's plan for revenge began to unfurl.

Starring : Ebube Nwagbo, Alex Ekubo , Ik Ogbonna 




















#21stcenturynollywood #nigerianmovies  #latestnollywoodmovies",UCDapjl4q1VkABYk1Uo01atw,21ST  CENTURY NOLLYWOOD,446000,1786,2025-03-02T16:15:06Z,94.0,149998,1206.0,346.0,True,False,True,2026-10-06
ogbonna_ogunmola,IK Ogbonna,Bolaji Ogunmola,3b5TZx9uCUE,"LOVE AFTER LIES | LATEST NIGERIAN MOVIES 2026 FULL MOVIES | IK OGBONNA, SONIA UCHE","Best New Nollywood Movie you will come across today.
Starring: 

Don’t forget to LIKE, SUBSCRIBE & TURN ON 🔔 for daily uploads!

#mauricesam #romancemovies #lovestory #africanmovies #trendingnollywoodmovies #mauricesammovies2026 #africantopnollytv",UCsQxKa9vzl7I1O4orSTWvJA,African TopNolly TV ,44400,574,2026-09-04T14:00:32Z,85.5,677,4.0,0.0,True,False,True,2026-10-06
ogbonna_ogunmola,IK Ogbonna,Bolaji Ogunmola,e8yC1tkZO3Y,"IMPERFECT MATCH - BOLAJI OGUNMOLA, IK OGBONNA - Latest 2026 Nigerian Movies","Bolaji Ogunmola, Ik Ogbonna, Thelma Chukwunwem




#nigerianmovies #nollywoodmovies #africanmovies #trending",UCcF_3S-K7sLn71o_6PEJ_GQ,EPICGROUND TV,892000,2369,2026-08-31T14:00:06Z,106.0,1268,3.0,0.0,True,True,True,2026-10-06
ogbonna_ogunmola,IK Ogbonna,Bolaji Ogunmola,S7jY1LiOREw,"BADDIE SUPREME(New Movie) Ik Ogbonna, Lilian Afegbai, Obichi Marshal, Eddy Oboh,Dera Helen #trending","#nollywoodmovies #2025movies #movie 
cast
IK Ogbonna 
Lilian Afegbai
Obichi Marshal
Eddy Oboh
Dera Helen
Omolola Fanimokun
Aron Sunday
Williams James
Rachel Edward
Sunny Baba
Happiness Mathew

In a world where power plays are disguised as fashion shows and loyalty is more expensive than designer heels, Baddie Supreme reigns with unapologetic fierceness. This high-gloss, high-stakes drama follows the rise of a street-smart queenpin who flips the script on every rule in the game—style, hustle, and survival.

Fueled by ambition, revenge, and killer looks, our heroine isn't here to play nice—she's here to take the throne. But in the empire of baddies, everyone wants to be supreme... and only one can wear the crown.

Bold. Dangerous. Unforgettable.
This isn’t just a movie—it’s a whole mood.


Nigeriann movieChinyere
new release movie trailer
husband movie trailer
husband wife moral story
carolina movie trailer
loving husband and wife relationship Heartwarmings trailer
fragile heart trailer
",UCRtzbn4RuSK-GXGPr4H17IA,Movie City HQ,884000,12,2025-08-20T16:00:46Z,101.5,1352472,13103.0,974.0,True,False,True,2026-10-06
ogbonna_ogunmola,IK Ogbonna,Bolaji Ogunmola,5QdKIvWxeR0,"LOVE AT SUNRISE – IK OGBONNA, INI EDO - Nollywood Romantic Drama 2025 ","A story of two strangers who meet at a luxury resort, hate each other from day one… and somehow end up in a love story written by destiny.

From constant fights, ego clashes and dramatic outbursts… to healing, vulnerability and a love they never saw coming — this film reminds us that sometimes the right person feels wrong at the beginning.

What if your holiday turned into a love story you’ll never forget? 🎬 Watch #LoveAtSunrise now on Ik Ogbonna TV”

This is not your regular love story — it’s passion, comedy, healing, and fate, all wrapped in a beautiful vacation setting.

⸻

🌅 CAST
 • Ik Ogbonna as David
 • Ini Edo as Amara
 • Adedayo Adeoye
 • Obichi Marshall

🎬 Directed by: Benjamin Barnabas


🔖 Tags: #LoveAtSunrise #IkOgbonnaTV #NollywoodMovies #IniEdo #AfricanCinema #RomanticDrama #LoveStory #Nollywood2025 #NollywoodFullMovie #lovemovies

love at sunrise full movie
ik ogbonna movies
ini edo latest movie
nollywood 2025
romantic nollywood movie
african love story
ik ogbonna tv
nige",UCqePXuC7OuaB4dueOgn3QHg,Ik Ogbonna tv,274000,145,2025-10-30T15:00:17Z,107.1,1071733,14986.0,1743.0,True,False,True,2026-10-06
ogbonna_ogunmola,IK Ogbonna,Bolaji Ogunmola,x0Jr4u3kCw8,"SULIYAH THE HUSTLER | IK OGBONNA, BOLAJI OGUNMOLA - Lates Nigeraian Movie 2026","#bolajiogunmola #ikogbonna 

In This Nigerian Cinema Movie....Navigating personal challenges and unspoken emotions can be challenging for newly lovebirds but in the end true love always wins. 

 













#nigerianmovies #africanmovies #nollywoodmovies #lovelenscinema #trendingmovies",UCZdNoZ94k8qfNBd_a24R8Xg,LOVE LENS CINEMA,20600,365,2026-09-19T01:15:06Z,96.5,3787,10.0,0.0,True,True,True,2026-10-06
ogbonna_ogunmola,IK Ogbonna,Bolaji Ogunmola,-W5OoVV_8uU,"LOVE AND DESTINY - IK OGBONNA, BOLAJI OGUNMOLA. 2026 LATEST NIGERIAN MOVIE.","Watch the best of 2026 EXCLUSIVE NOLLYWOOD MOVIES #nollywoodmovies #nigerianmovies #africanmovies  #latestmovies #2026movies #fyp #love #movie #inbetween #mauricesam #entertainment #ruthkadirimovies #nollywoodlatest #nollywood #love #romance #romantic #soniauche #sarianmartin #clintonjoshua #uchemontana  #frederickleonardmovies  #uchemontanamovies 

BENEATH HER SMILE GU

#nollywoodmovies
#nigerianmovies",UCuFoP98_utSNsEOpAgSB3Ew,NollyPrime,115000,578,2026-04-22T12:00:00Z,120.4,2525,12.0,0.0,True,True,True,2026-10-06
ogbonna_ogunmola,IK Ogbonna,Bolaji Ogunmola,Hae6YAPU6GM,"YOURS REGARDLESS- BOLAJI OGUNMOLA, UZOR ARUKWE,  EBENEZER ENO, MICHAEL EJOOR","YOUR REGARDLESS- Bolaji Ogunmola, Uzor Arukwe , Michael ejoor, eby eno 

It is a romantic drama that follows the life of Cheluchi in  his pursuit to find the right partner and the dilemma of following his heart or respecting his mother’s wish.

Wastelander_Grit   IH3A68GP94KXAZDX
Moments_A_Kind_Word  NOARMDYRHABOUXXO
echowave_Respire  1F6ACENQ1BPLJZHF
Cody_Martin_Prism_Spark  RKU14GIUECO5EZ08
Solitude_New_Nocturne_No_1_In_Eb_Major  NIA5TUZWO61BCOUP
Cody_Martin_Love_So_Sound  JGL7SCWA88KQPBGT
Moments_Beneath_The_Stillness  RIJ2P9DVV6XUEWDD
Cody_Martin_Butterscotch  A8OTYQTFDGE5SHGS
Sons_Of_Anne_Harky_Tossed_To_The_Wind   EKKH7BNNDRCLFUEL
Moments_A_Kind_Word   KYDW0CD5CRDBEJL9
Emorie_My_Love  ENQMEWDMRZJRVPJQ
Acreage_Everything_And_Nothing_All_At_Once  DYYU22IJHQK2WDHZ
Dresden_The_Flamingo_Elevator_Music  QYP604SPRNNNUBZW
Featherland_Aurora  TJGAKUWNFX3PNGFT
Moments_In_Your_Soul  VAUC0JRIF02HXDSM
Wild_Wonder_Wilderness  YZHJNWQ84PLHDWE2
Kurtis_Parks_Finding_Four_Leaf_Clovers  FZOMENQEIXJ",UCqxprLDy_2hMQ7aQp_4NNuA,BOLAJI OGUNMOLA TV,751000,447,2025-02-28T15:00:31Z,89.6,3132177,30445.0,2266.0,False,True,True,2026-10-06
ogbonna_ogunmola,IK Ogbonna,Bolaji Ogunmola,2t8l6u6JTGo,"THE SWITCH --Onyii Alex, Adaobi Enekwe, Ik Ogbonna, Bolaji Ogunmola, Sandra Okunzuwa and others.","Two couples come to an agreement to switch partners for a month, but discover that the grass isn’t always greener.",UCHREmpXf_sSy0Xb6ii4dK4w,Emmys page🌚,218,3,2025-02-01T01:56:13Z,134.3,51953,405.0,30.0,True,True,True,2026-10-06
ogbonna_ogunmola,IK Ogbonna,Bolaji Ogunmola,18xxfmXpZis,"WHEN LOVE SAYS GOODBYE (IK Ogbonna, Bolaji Ogunmola) A Nigerian Movie","Starring: IK Ogbonna, Bolaji Ogunmola",UCEzNUMcTdxZl2dYEFi4Bo_w,NollyHeart Cinema,4610,322,2026-08-17T19:00:20Z,85.1,180,3.0,0.0,True,True,True,2026-10-06
ogbonna_ogunmola,IK Ogbonna,Bolaji Ogunmola,mHEDBVu42P0,I Beg Every Single Lady To Watch This Latest IK OGBONNA Interesting Movie Of Love—African Movie,"In This Nigerian Movie Starring : Iyke Ogbonna, Ogunmola Bolaji, Genevieve Ijeawele Henry

#familymovie 
#nollywood  
#usa 
#unitedstates 
#uk  
#billionairelovestory 
#billionairelove",UCmv1xJ4l3YF_ZuAcDgMKavA,Nollytok Tv,17900,943,2026-03-31T08:26:30Z,70.4,32,0.0,0.0,True,False,True,2026-10-06
ogbonna_ogunmola,IK Ogbonna,Bolaji Ogunmola,SGMinyNY7ao,KIME - IK OGBONNA  CHIOMA NWOHA  ( KING IN MY EYES ) LATEST NIGERIAN MOVIE 2026,"In a world that often takes the crown off, one woman chooses to put it back on. 
👑 Watch “Kime” now on Ik Ogbonna TV and experience a powerful story about love, respect, and the woman who sees the king in her man.

Starring Chioma Nwoha and Ik Ogbonna, and directed by Benjamin Barnabas, “Kime” is a heartfelt tale of how a woman’s devotion can transform her partner and herself. This is not just a story of romance, but of lifting each other up and finding strength in love.
 Be inspired by a journey where a woman’s heart crowns her man king. #Kime #LoveStory #ChiomaNwoha #IkOgbonna #BenjaminBarnabas #watchnow",UCqePXuC7OuaB4dueOgn3QHg,Ik Ogbonna tv,274000,145,2026-03-20T16:00:48Z,133.7,851960,10039.0,693.0,True,False,True,2026-10-06
ogbonna_ogunmola,IK Ogbonna,Bolaji Ogunmola,wPkdKKmvoMs,GOD IN HER EYES - NIGERIAN MOVIES 2026 LATEST FULL MOVIES  ,"""In bustling Lagos, a free-spirited artist who believes love limits personal experience
challenges the faith of a devoted seminarian on the brink of ordination, igniting a
forbidden romance that forces them both to confront their beliefs about love,
commitment, and the divine.""


#bolajiogunmolamovies #bolajiogunmolavlogs #bolajiogunmola #timiniegbuson #romance  #latestnollywoodmovies  #trending #nollywood #ike",UCqxprLDy_2hMQ7aQp_4NNuA,BOLAJI OGUNMOLA TV,751000,447,2026-07-31T15:00:08Z,92.4,6468013,64795.0,5636.0,False,False,True,2026-10-06
ogbonna_ogunmola,IK Ogbonna,Bolaji Ogunmola,mKijOYBIs_s,I Want Your Man - UCHE MONTANA IK OGBONNA DORIS IFEKA - Nigerian Movies,"A soul-stirring romance centers on two individuals united by destiny, uncovering a profound intimacy built on desire, faith, and a deep-rooted understanding of one another

Starring: Uche Montana, Ik Ogbonna













#nigerianmovies2026latestfullmovies #latestfullmovies #latestnollywoodmovies2026 #africanmovies #nigerianmovies #africanrokstv",UCP1ZksS1Kntsd1L2Ec-qOtA,AFRICAN ROKS TV ,100000,1065,2026-07-21T17:15:37Z,112.7,169374,916.0,69.0,True,False,True,2026-10-06
ogbonna_ogunmola,IK Ogbonna,Bolaji Ogunmola,-XSJNT81ZUQ,THE LOVE THEY HATED | BOLAJI OGUNMOLA | LATEST NIGERIAN MOVIE,"Nigerian Movie Starring: Chinyere Wilfred, Genny Uzoma, Bolaji Ogunmola, Ik Ogbonna





#nigerianmoviestars #nollywoodmovies #familymovies #nollypictruestv",UCTlWI-Rl38ARPSOqSc6H-Pg,NOLLY PICTURES TV,23800,925,2026-06-10T14:00:36Z,99.9,2305,13.0,0.0,True,True,True,2026-10-06
ogbonna_ogunmola,IK Ogbonna,Bolaji Ogunmola,bgnZ-SGR-Lw,VILLAGE LOVE - BIMBO ADEMOYE  - IK OGBONNA -  LATEST 2026 NIGERIAN MOVIES  #trending #movie,"Latest nigeriannollywoodmovies #African movies #nollywood #nigerianmovies2026







 
Moving into a new apartment can be stressful, but for this young couple, their sweet neighbor and former landlady is a total godsend. She brings warm meals, helps with the unpacking, and knows the building inside out. But as her unannounced pop-in visits become too frequent and her helpful advice turns into aggressive manipulation, the couple realizes her kindness isn't neighborly at all—it's an obsession. By the time they uncover the sinister intentions hiding behind her welcoming smile, they are already trapped, proving that sometimes the most dangerous predators are the ones holding a spare key.







#nigerianmovies #africanmovies #latestnollywoodmovies2026 #nollywoodmovies #newmovies#mauricesam #new  #film #movie #bimboademoye  #ruthkadiri247#mauricesammovies2026 #lovestorymovie #nigerianmovies #nollywoodmovies #2026movies #africanmovie #lates2026movies #romancemovie #lovemovie#UK#USA#CANADA#JA",UCNIOKFJV-oODa31zUhlNCuA,White Gold Pictures Tv,103000,1935,2026-08-23T16:45:06Z,85.1,971,2.0,0.0,True,False,True,2026-10-06
ogbonna_ogunmola,IK Ogbonna,Bolaji Ogunmola,iLWrTKpR1qg,This Latest Movie Romantic Movie Of IK OGBONNA&CYNTHIA CLARK Will Make U Believe In Love Again - NG,"Trending Nigerian Movies Staring; IK OGBONNA, CYNTHIA CLARK 


 Click here to subscribe and watch more movies; https://sl1nk.com/t7kceja

 
#africanmovies #nigerianmovies #chinneylovecinema #trending #latestnigerianmovies #uchemontanamovies #romanticmovies  #2026nollywoodmovies  #nollywood #latestnigerianmovies #NG #mauricesam #USA #Canada",UC375Bs5ZrY7vaCVpuQlr_3w,PREMIUM CINEMA HUB,14500,599,2026-09-30T16:00:07Z,45.2,49379,252.0,4.0,True,False,False,2026-10-06
ogbonna_ogunmola,IK Ogbonna,Bolaji Ogunmola,R3THdxj-a8w,Friends With Benefit ( Bolaji Ogunmola & Ik Ogbonna ) New Nigerian Latest 2026 Movies,"Starring : Bolaji Ogunmola, Ik Ogbonna, Thelma Chukwunwem",UCWc4noWdIPDZJngP9oFJUWQ,NOLLYTREND TV,56100,357,2026-09-05T18:00:02Z,106.0,2425,7.0,1.0,True,True,True,2026-10-06
ogbonna_ogunmola,IK Ogbonna,Bolaji Ogunmola,gsQcEVEB710,"ALAN POSER(Full Movie)Ike Ogbonne Evanny Patrick, Bolaji Ogunmola,2024 Nigerian Movie","ALAN POSER(Full Movie)Ike Ogbonne Evanny Patrick, Bolaji Ogunmola,2024 Nigerian Movie

Thank you for watching. Subscribe as we welcome you to MOVIE GALLERY. CLICK ON THE LINK: https://www.youtube.com/channel/UChJfpeMGOUMPQAzErFTnboQ This is a platform to enjoy the best of Nigerian new and classic Nollywood Movies. 
#Nigerianmovies #moviegallery #Nollywoodmovies",UChJfpeMGOUMPQAzErFTnboQ,MOVIE GALLERY,208000,493,2024-08-16T18:03:12Z,94.3,46109,187.0,17.0,False,True,True,2026-10-06
ogbonna_ogunmola,IK Ogbonna,Bolaji Ogunmola,jpZ57x12TkU,"SULIYAT MY LOVER| A Love Beyond Status(Trending Nigerian Movies)- IK OGBONNA,BOLAJI OGUNMOLA","Bella Naija Movies a home for non-stop,captivating Nollywood movies and entertainment for true movie lovers.

#Nigerianmovies2026 #LatestNollywoodmovies #Entertainment #Nigerianmovies #Nigeriandramamovies #Nollywooddrama #Romance #Comedy #subscribenow #uchemontana #nollywoodcomedy #michaeldappa #bambam #trending #trendingvideo #fullnollywoodmovies #uk #USA #Canada",UCW9HTPmlmazdt7IqiDRZMpQ,BELLANAIJA MOVIES,3100,487,2026-09-02T13:30:06Z,73.0,5571,13.0,0.0,True,True,True,2026-10-06
ogbonna_ogunmola,IK Ogbonna,Bolaji Ogunmola,efmtIrsFHVE,MY CRAZY MAID - IK OGBONNA | SARIAN MARTIN | 2026 Nigerian Movies Latest African Movies,"A wealthy bachelor hires a new maid to manage his chaotic household, expecting a quiet and obedient woman who will follow every instruction. Instead, he gets a loud, stubborn, fearless young woman whose unusual behavior turns his peaceful home upside down. From arguing with him over the smallest things to interfering in his personal affairs, she quickly becomes the biggest headache in his life.

But beneath her crazy attitude is a smart and kind-hearted woman who refuses to be intimidated by anyone. As their constant arguments slowly turn into playful moments, the bachelor begins to see her differently. What starts as irritation soon becomes an attraction neither of them is willing to admit.

Things take a dramatic turn when a jealous woman from his past returns, determined to get rid of the troublesome maid. Meanwhile, the maid's own secret threatens to expose why she accepted the job in the first place.

As secrets, jealousy, family pressure, romance, and hilarious misunderstandings ",UCeAWHB2jxBnez4SA6ulcurw,NOLLYWOOD PLUS MOVIES,21500,1153,2026-09-05T19:00:25Z,122.2,48094,174.0,5.0,True,False,True,2026-10-06
ogbonna_ogunmola,IK Ogbonna,Bolaji Ogunmola,X6pHrlX57ds,ANJOLA -NIGERIAN MOVIES 2026 LATEST FULL MOVIES,"A married couple's love is tested when a single night brings
forth a profound clash of desires—one longing for a natural
conception, the other questioning the boundaries of belief.

ANJOLA -(2026 LATEST NOLLYWOOD MOVIE) BOLAJI OGUNMOLA, FEMI JACOBS, BIMBO AKINTOLA, ELOZONAM OGBOLU



#movie #romance #bolajiogunmolatv #latestnews",UCqxprLDy_2hMQ7aQp_4NNuA,BOLAJI OGUNMOLA TV,751000,447,2026-05-10T17:07:34Z,92.0,2814630,36448.0,5443.0,False,True,True,2026-10-06
ogbonna_ogunmola,IK Ogbonna,Bolaji Ogunmola,dliybTB9UbU,LOVE LIKE A MOVIE | IK OGBONNA | BOLAJI OGUNMOLA | LATEST NIGERIAN MOVIES 2026,"Some love stories are so magical, they feel like they belong on the big screen… Love Like a Movie stars IK Ogbonna and Bolaji Ogunmola in a heartwarming 2026 Nollywood romantic drama about destiny, unforgettable chemistry, and two strangers whose lives collide in the most cinematic way.

#LoveLikeAMovie #IKOgbonna #BolajiOgunmola #Nollywood2026 #LatestNigerianMovie #RomanticDrama #LoveStory #DramaMovie #NollywoodMovies #AfricanCinema 🎬❤️✨",UCOLT00WaMAcBWCPf-BSIJvA,EXCLUSIVE NOLLYFLIX+,75900,994,2026-08-01T15:30:35Z,128.6,204,0.0,0.0,True,True,True,2026-10-06
ogbonna_ogunmola,IK Ogbonna,Bolaji Ogunmola,K2PilKf7m5s,THE MANNY (BLESSING ONWUKWE  UCHE MONTANA IK OGBONNA) - Nigerian Movies 2026 latest full movies,"BEST OF UCHE MONTANA, IK OGBONNA BLESSING ONWUKWE  MOVIES 2026

DADDY DEAREST

#nigerianmovies #africanmovies #nollywoodmovies",UCOH6LiD2bWGrtEtK-OocNeQ,NollyRok Studios,498000,1690,2026-05-13T06:18:15Z,104.3,82413,546.0,26.0,True,False,True,2026-10-06
ogbonna_ogunmola,IK Ogbonna,Bolaji Ogunmola,MMZum1O8WzU,LONGING-  NIGERIAN MOVIES 2026 LATEST FULL MOVIES,"Please don't forget to SUBSCRIBE!!!

Eniafe, a talented young art director, believes her three-year relationship with Seyi is finally heading toward marriage. So when Seyi tells her to dress up because they are going somewhere important, she assumes a proposal is coming. Instead, he takes her to his mother’s house, where she is blindsided by the revelation that his mother has decided, after fasting and praying, that they are not meant to be together.

#bolajiogunmolamovies #bolajiogunmolavlogs #uchemontana #bolajiogunmola #2026latestnigerianmovie #romantic  #romamce #danieletimeffiong #love  #trending #IK",UCqxprLDy_2hMQ7aQp_4NNuA,BOLAJI OGUNMOLA TV,751000,447,2026-08-14T15:00:27Z,108.0,2798900,24802.0,4355.0,False,False,True,2026-10-06
ogbonna_ogunmola,IK Ogbonna,Bolaji Ogunmola,M06j5NRSEPQ,LOVE AND EWA AGOYIN | BOLAJI OGUNMOLA | IK OGBONNA | 2026 NOLLYWOOD MOVIES,"When love meets the irresistible taste of Ewa Agoyin, sparks are bound to fly! ❤️🔥

Love and Ewa Agoyin stars Bolaji Ogunmola and IK Ogbonna in an entertaining 2026 Nollywood romantic drama filled with love, attraction, ambition, family pressure, hilarious moments, and unexpected twists. When two hearts from different worlds cross paths, their journey proves that love can come with both sweet moments and serious challenges.

#LoveAndEwaAgoyin #BolajiOgunmola #IKOgbonna #Nollywood2026 #LatestNigerianMovie #NollywoodMovies2026 #NigerianMovies #RomanticDrama #LoveStory #ComedyDrama #AfricanMovies 🎬❤️🔥",UCOLT00WaMAcBWCPf-BSIJvA,EXCLUSIVE NOLLYFLIX+,75900,994,2026-09-08T15:00:18Z,49.9,7014,42.0,2.0,True,True,False,2026-10-06
ogbonna_ogunmola,IK Ogbonna,Bolaji Ogunmola,hD9y5wJNCvY,MY WIFE'S CHEF | IK OGBONNA | BOLAJI OGUNMOLA | TENIOLA ALADESE | LATEST NOLLYWOOD MOVIE 2026,"If you enjoy the best Nigerian Movies, African Movies, emotional family dramas, and inspiring Nollywood stories, this movie is a must-watch.

Like | Comment |  Subscribe to NOLLYWOOD MOVIE VAULT for more Latest Nollywood Movies 2026, Full Nigerian Movies, and African Movie premieres every week.

Please click the link to subscribe for the Latest Nigerian Movie:
https://www.youtube.com/channel/UCkdRDFynUdMSl0mTfOYHJpQ",UCkdRDFynUdMSl0mTfOYHJpQ,NOLLYWOOD MOVIE VAULT,111,239,2026-04-10T20:00:25Z,124.5,58,0.0,0.0,True,True,True,2026-10-06
ogbonna_ogunmola,IK Ogbonna,Bolaji Ogunmola,qfc_oNvThhs,LE MENSONGE D’UNE VIE | BOLAJI OGUNMOLA | IK OGBONNA | DERNIERS FILMS NOLLYWOOD 2026,"🚨abonnez-vous
Cliquez Sur Le Lien Pour Accéder À Du Contenu Exclusif Et Bien Plus Encore.
https://www.youtube.com/@oneclickfrenchtv?sub_confirmation=1
````````````````````````````````````````````````````````````````````````````````````````````````````````
#oneclickfrenchtv #filmactioncompletenfrancais #filmnigerianenfrancais  #meilleurdenollywood #filmnigérianenfrançaiscomplet #filmnigerianenfrancais2025nouveauté #vidéovirale #nouveauxfilms #filmsromantiques #vidéovirale 
````````````````````````````````````````````````````````````````````````````````````````````````````````



qfc_oNvThhs
French Daddy Dearest",UC7AD3mAISm--B0ML4aNXwlg,One Click French Tv,47200,1854,2026-04-04T12:00:06Z,87.5,3408,22.0,1.0,True,True,True,2026-10-06
ogbonna_ogunmola,IK Ogbonna,Bolaji Ogunmola,27lMHPNT5KI,THE BLOOM AFTER - NIGERIAN MOVIES 2026 LATEST FULL MOVIES,"THE BLOOM AFTER - (2026 LATEST MOVIE) BOLAJI OGUNMOLA, DANIEL ETIM EFFIONG, ANTHONY MONJARO

When a traditional homemaker is left by her husband after twenty years of marriage,
she reluctantly reenters the modern dating world, only to discover confidence, joy, and a
sense of self she never knew she’d lost.

#romance #danieletimeffiong #thebloomafter #movie #movie

#bolajiogunmolamovies #bolajiogunmolavlogs #bolajiogunmola 

Don't forget to LIKE, SHARE, and SUBSCRIBE.

Drone Clip Credit: Explore",UCqxprLDy_2hMQ7aQp_4NNuA,BOLAJI OGUNMOLA TV,751000,447,2026-02-06T16:00:02Z,88.9,4368140,51715.0,5446.0,False,True,True,2026-10-06
ogbonna_ogunmola,IK Ogbonna,Bolaji Ogunmola,k_C2gpK6a8o,"BLIND TRUST | LATEST NIGERIAN MOVIES 2026 FULL MOVIES | IK OGBONNA, CHERRY AGBA, DEYEMI OKANLAWON","Thanks For Tuning In 
Don't forget to like, comment, share and subscribe!




#movies #mauricesam #nigerianfilms #latestafricanmovies #2026nigerianmovies #trendingnigerianmovies #exclusivenollywoodmoviestv #nollywoodmovies2026 #nollywoodromance",UCL8rsJ97HlO47PIjs79lV_w,AfroBlack Tv,3760,208,2026-09-25T11:00:32Z,122.1,317,4.0,0.0,True,False,True,2026-10-06
ogbonna_ogunmola,IK Ogbonna,Bolaji Ogunmola,_47R-chMXnA,"THE REJECTED - Bolaji Ogunmola | Ik Ogbonna | Thelma Chukwunwem, LATEST African Nollywood Movie 2026","IN THIS AFRICAN & NIGERIAN MOVIE STARRING:



Love And Destiny,English Nollywood movies, Latest Nollywood movies, New Nollywood movies 2026, Nollywood full movies, Nigerian movies, African movies, Nollywood English movies, Best Nollywood movies, Trending Nollywood movies, Nollywood films, Nollywood cinema, Watch Nollywood movies online, Download Nollywood movies, Free Nollywood movies, Nollywood movies HD, New Nigerian movies today, Latest Nigerian movies 2025 2026, Nollywood movie premiere, Nollywood movie series, Nollywood short films, Royal Nigerian movies, Village Nigerian movies, African epic movies, Traditional African movies, Nigerian village movies, African royal palace movies, Nigerian traditional movies, Epic Nollywood movies, African kingdom movies, Nigerian folklore movies, African cultural movies, Royal love story Nigerian movie, Village love story Nigerian movie, Palace drama Nollywood, Royal family Nigerian movie, African king and queen movie, Nigerian throne drama, Roya",UCuOloLdCzyLl6c2A0WcCYLA,African Filmhouse,8060,313,2026-09-06T11:45:30Z,90.4,45,0.0,0.0,True,True,True,2026-10-06
ogbonna_ogunmola,IK Ogbonna,Bolaji Ogunmola,XO3_GT1BKPI,FOREVER YOURS - Nigerian movies 2026/ lastest full movies/ Lastest nollywood romantic movie,"Subscribe to our YouTube channel
https://www.youtube.com/channel/UCnZ28GESUBXyZSIvzcs1RXA/featured?disable_polymer=true

More movies on our channel https://www.youtube.com/channel/UCnZ28GESUBXyZSIvzcs1RXA/featured?disable_polymer=true

ChinneyLove Eze on social media
https://www.instagram.com/chinneyloveezeprods/?igshid=1pqsad6axjql8
https://www.instagram.com/chinneyloveeze_prods/?igshid=14m1h8iqx7d7h
https://www.facebook.com/chinneyloveezeprods/

Watch 

We are  your hub for quality and premium contents.",UCnZ28GESUBXyZSIvzcs1RXA,ChinneyLoveEze Tv,829000,160,2026-09-26T16:08:13Z,123.2,1881100,14709.0,1123.0,False,False,True,2026-10-06
ogbonna_ogunmola,IK Ogbonna,Bolaji Ogunmola,QoZJOlmynbw,REHEATED PASSION | Nigerian movies 2026 Latest full movies,"She made one mistake, and it cost her everything.

After discovering she is pregnant, her husband throws her out, her loved ones turn their backs on her, and she is left to face the consequences all alone. Broken, rejected, and with nowhere else to go, she decides to seek out the father of the child she is carrying.

What she finds, however, is far beyond anything she could have imagined. Secrets are exposed, hearts are shattered, and lives are changed forever in a gripping rollercoaster of betrayal, pain, love, and unexpected twists.

Will she find the acceptance she desperately seeks, or will this journey leave her even more broken than before?

Watch this emotional masterpiece to the very end and discover how the story unfolds!

Don't forget to LIKE, SUBSCRIBE, SHARE, and COMMENT.

Starring: Bukunmi Adeaga-Ilori, Kunle Remi, Ik Ogbonna

Watch this entertaining drama to find out, and don’t forget to Like, Share, Comment, and Subscribe for more exciting Nollywood content!

Subscribe t",UCyQPkMV4uLDwDqdmU1hXcPA,KieKieTV,988000,795,2026-06-19T16:00:04Z,117.7,3763992,27950.0,3614.0,True,False,True,2026-10-06
ogbonna_ogunmola,IK Ogbonna,Bolaji Ogunmola,bLWYBSBshDY,"LOVE WASN'T PART OF THE PLAN - CHINONSO ARUBAYI , IK OGBONNA | LATEST 2026 NIGERIAN MOVIE","If you are looking for Nigerian Movies 2026 Latest Full Movies and Nollywood movies 2026 latest full movies, then you need to check out Vsta Ent Tv! 

#NigeriaMovies #LatestNollywoodMovies #VstaEntTv",UCdf9rmt7-lRzOejPVV6zkJg,VSTA Ent TV ,550000,1188,2026-07-12T13:51:34Z,138.9,139702,857.0,49.0,True,False,True,2026-10-06
ogbonna_ogunmola,IK Ogbonna,Bolaji Ogunmola,KgMZiO6g-eI,"LOVE AND DESTINY - Bolaji Ogunmola, Ik Ogbonna, Ehis Perfect Latest 2026 Romantic Movie #trending","#chiomaakpotha #uchejombo #ritadominic 

Three sisters in their 50s confront love, regret, and societal pressure as life forces them to question whether marriage defines happiness—or if freedom came at a hidden cost.

Cast : Chioma Akpotha, Uche Jumbo, Rita Dominic 








































#nigerianmovies  #latestnollywoodmovies #21stcenturynollywood #danieletim #uchemontana #bambamThis stream is created with #PRISMLiveStudio",UCy0JMA4mX5IvDdUqEnyT7Fg,Derock comedy ,1740,437,2026-05-09T00:06:43Z,24.7,621,3.0,0.0,True,True,False,2026-10-06
ogbonna_ogunmola,IK Ogbonna,Bolaji Ogunmola,orx7U1cX7Oc,"FOOLISH PEOPLE-What happens when your ex becomes your co-parent?  UZOR ARUKWE, BOLAJI OGUNMOLA","What happens when your ex becomes your co-parent? 😳 Watch FOOLISH PEOPLE — a story of grief, laughter, and second chances.






Reveille_La_Nouvelle_LuneAdam_Saban_Exploring_The_Unknown MZULMRFYWE0FGH9D
Adam_Saban_Sweet_Memories BQSMFY8TCEFY5FC5
Adrian_Walther_Wherever_You_Are_Feat_Jessie_Villa GSS9ZLZIZHOVW9WX
AEROPLANES_Serene_Waters_  FIIHWVGDYMATD6ZJ
Alsever_Lake_I_Can_See_The_Sky  XPZXCYYHL3L8R7FU
Amanda_Welch_Happy_Birthday_  DEROAKBEAUFF5TXA
Amherst_More_Than_One_Way_To_Go_Home_  FDKFPE1UKIQMBQXR
Andy_Ellison_Glacier  EOOM2SYK6RCPNY2Y
Andy_Ellison_If_I_Leave_This_Town  DUXFLBGRSNUCJ4RA
Andy_Ellison_New_Traditions WZYAFPKWMBMSLCSZ
Andy_Ellison_Refuge_  9PCAKI6HJAC0HWT4
Anthony_Catacoli_Cozy_Winter_Days_  B7TGKQPG89DRNUNU
Birds_of_Norway_Happy_Birthday_  DODQNSUIACMDICZG
Brent_Wood_Daylight_Fantasy  P63K4SJXPVDKDMCO
Caleb_Etheridge_The_Edge_  8FSYVVLXKMRWT1J3
Cody_Martin_Charlie_  IL5PYHPDQ0G4NFAN
Cody_Martin_Every_Life_Matters  BK52KNEELG2DCOYF
Desert_Dive_Companions  ESYGL4EREI",UCqxprLDy_2hMQ7aQp_4NNuA,BOLAJI OGUNMOLA TV,751000,447,2025-10-31T17:01:04Z,109.6,4814450,56427.0,3778.0,False,True,True,2026-10-06
ogbonna_ogunmola,IK Ogbonna,Bolaji Ogunmola,cGWc6x_a82U,"DATING MY FRIEND EX - Bolaji Ogunmola, Ik Ogbonna - Nigerian Movies 2026 latest full movies","This Interesting Nollywood movie tells the story of a

#filmhouse
#AntViewStudio
#AfricanMovies
#Nigerianmovies
#LatestNigerianmovies
#Nollywoodmovies
#Movies2026
#Trendingmovies
#Trendingmovies2026
Please Click on this link -   to Subscribe to this channel As We Bring The Best Of Nigerian Movies To Africans Leaving In The UNITED STATES OF AMERICA (USA),  CANADA,GERMANY, UNITED KINGDOM(UK), JAMAICA, Trinidad & Tobago And Other Countries Of The World",UCSrXyc5AYMMA4WMHbT0vrYQ,Ant View Studio,4870,400,2026-08-28T17:00:11Z,50.3,224,0.0,0.0,True,True,False,2026-10-06
ogbonna_ogunmola,IK Ogbonna,Bolaji Ogunmola,zT0x_ShCXgU,"BUKA LOVE - IK OGBONNA, BOLAJI OGUNMOLA | Latest 2026 Nigerian Movie","Watch the full Nollywood romance movie starring IK Ogbonna, and Bolaji Ogunmola.
Starring: IK OGBONNA, BOLAJI OGUNMOLA

CLICK HERE TO SUBSCRIBE https://www.youtube.com/@Premiumnollydrama 

#ikogbonna #bolajiogunmola #premiumnollydramatv #africanmovies  #trendingmovies #uchemontana #latestnigerianmovies #uchemontanamovies #familydrama #romanticmovies #2026nollywoodmovies #nollywood #mauricesam #usa #canada #ruthkadiri #bbn #bigbrothernaija #bbnaija #unitedkingdom
LOVE AND DESTINY",UCCeFnBk-XRCKrp86b4t17OA,PREMIUM NOLLY DRAMA TV,9920,447,2026-09-01T14:00:29Z,65.5,1198,5.0,0.0,True,True,True,2026-10-06
ogbonna_ogunmola,IK Ogbonna,Bolaji Ogunmola,zzLUfaAK1I4,LOVE TRIANGLE - BIMBO ADEMOYE | IK OGBONNA | BOLAJI OGUNMOLA | LATEST 2026 NIGERIAN MOVIE,"A woman’s world is thrown into confusion when her first love suddenly reappears after disappearing from her life without explanation. Just as she has begun to open her heart to a new man and embrace a fresh start, the return of the one who once ghosted her forces her into an emotional dilemma. Now she must choose between the love she never truly forgot and the man who is present and willing to build a future with her.
Bimbo Ademoye, Ik Ogbonna, Bolaji Ogunmola
MORE NOW SHOWING ON: NOLLYWOOD BEST DRAMA (YOUTUBE) #mycrazywife #nollywoodmovies #africanmovie #nollywoodmovies #nigerianmovies #romanticdrama #lovestory #trendingnollywood #youtubemovies #mustwatch #theatmhusband #mauricesam #soniauch",UCcDj_AO13XApIF23mYr4trg,NollywoodBestDrama,2660,626,2026-05-06T14:01:52Z,98.5,103,1.0,0.0,True,True,True,2026-10-06
ogbonna_ogunmola,IK Ogbonna,Bolaji Ogunmola,buj9XdzpKbs,"What If It's Love [ Chinonso Arubayi, I.K Ogbonna ] - NG","#Stay Tune On This Channel#
chinenyennebemovies nigerianmovies2022 toosweetannanmovie latesttrendingmovie
soniauchemoies rayemodimovies frederickleonardmovies latestlovemovies african full movies2022 nigeriannollywoodmovies toplovemovies bestafricanlovemovies latestmarriagemovies",UC-cWGrNRdo2qPgqfk8ycq7Q,JUST LOVE TV,782000,1262,2026-06-18T13:01:20Z,141.0,253459,2110.0,129.0,False,False,True,2026-10-06
ogbonna_ogunmola,IK Ogbonna,Bolaji Ogunmola,7DOS09gWr_Q,"MADE TO MEASURE(LATEST NOLLYWOOD MOVIE) - MICHAEL DAPPA, BOLAJI OGUNMOLA, BLESSING ONUKWE","A young lady is excited about a work promotion which she is due for. However, she gets a shocker when she discovers someone else has been given the role

MADE TO MEASURE(LATEST NOLLYWOOD MOVIE) - MICHAEL DAPPA, BOLAJI OGUNMOLA, BLESSING ONUKWE.

Grant_Borland_Recognize   WVNFNEQ2BMZ0UNLY
Kurtis_Parks_For_Norah       JHTQH0TX2PJL6W9K
Reveille_Hand_In_Hand           GMCYMXVIDYAALQWL
Alsever_Lake_Threads_Of_Gold   9VHEFXXGPTS8E9WJ
Heartland_Nights_Slowly_Comin_Around   XYNZBYRZJNKKGTPS
Moments_Reaching_For_The_Sky    AM3RPQMRBGPTXNME
LNDO_Plainfield    R4TIUYJRLSDD21YK
TAYME_Grow    C8EJIHUKWD9X9X2Z
Sleepy Stars Moments  NMRJJ4THEWCIBQCJ
Reveille_Subourbon_Living  RHUJNGHF4EMFW7GF
Matt_Wigton_Listen_To_Your_Heart  RRPOPVL0ADB7Q4D8
Wild_Wonder_The_Last_    QR7OPFWM7KWBQHTC
Chelsea_McGough_Up_Above_   QQSGZWPUNUBGERCI
Brent_Wood_The_Best_of_Us_   S4YHWTQ5B4SSWP0F
Lost_Ghosts_Words_For_A_Good_Man_  PSQNRROAWLFUDB1B
The_Realist_Shores_Of_Love_   QTERHZITGOJ0C2ED
The_Realist_Niagara_   TYVMBZS",UCqxprLDy_2hMQ7aQp_4NNuA,BOLAJI OGUNMOLA TV,751000,447,2025-06-06T15:00:24Z,115.9,2864377,35010.0,2445.0,False,True,True,2026-10-06
ogbonna_ogunmola,IK Ogbonna,Bolaji Ogunmola,BKCX2h23w50,BROKEN CHOICES (BOLAJI OGUNMOLA IK OGBONNA BIMBO ADEMOYE) - nigerian movies 2026 latest full Movies,#latestnollywoodmovies #nigerianmovies#africanmovies#nollywoodmovieslatest,UCxpJFSMbadYaDA7sRMUGafg,NOLLYTOUCH STUDIOS,193000,999,2026-09-01T17:00:38Z,107.1,814,3.0,0.0,True,True,True,2026-10-06
ogbonna_ogunmola,IK Ogbonna,Bolaji Ogunmola,aOws8mNRIZs,"CAUGHT BETWEEN HEARTS | CHIOMA NWAOHA, IK OGBONNA, OLISA JUDITH, Nollywood movies ","#caughtbetwenhearts #chiomanwaoha #ikogbonna #nollywoodmovies 

CAUGHT BETWEEN HEARTS | CHIOMA NWAOHA, IK OGBONNA, OLISA JUDITH, Nollywood movies 

is it possible for a man to fall in love with two people at the same time, Time shall tell, Caught between hearts is the movie to watch",UCeCZZilhjHUpE3-EH50qLPQ,CHIOMA NWAOHA PREMIUM TV,412000,38,2026-03-06T17:00:03Z,118.0,3553600,28174.0,3114.0,True,False,True,2026-10-06
ogbonna_ogunmola,IK Ogbonna,Bolaji Ogunmola,PyH3AJi6UVo,"THE COMMANDER'S WIFE | BIMBO ADEMOYE, SEGUN ARINZE, BOLAJI OGUNMOLA - A  Nigerian Movie.","This Nigerian Movie,


























Step into the world of captivating Nigerian Movies, our movies capture the emotions that define us.
At MAGIC THEATRE TV, we bring you the very best of Nigerian Movies, African Love Stories, and Family Dramas that reflect the soul of Africa, you’ll always find something powerful here.
Subscribe now and turn on the notification bell 🔔 so you never miss an emotional, action-packed, or heartwarming moment!



#NollywoodMovies #NigerianMovies #AfricanCinema #EpicMovies #RomanticMovies #FamilyDrama #LatestNollywood",UCzmBfQOYd-clan2qtr_VHiw,MAGIC THEATRE Tv,49600,1444,2026-05-01T19:00:06Z,74.7,400230,2123.0,137.0,False,True,True,2026-10-06
ogbonna_ogunmola,IK Ogbonna,Bolaji Ogunmola,SNKeI1V0tO0,A TRADITIONAL HUSBAND | Bolaji Ogunmola | Ik Ogbonna | 2026 Nollywood Movies,"A TRADITIONAL HUSBAND is a captivating 2026 Nollywood romantic drama about a man whose strong traditional beliefs begin to clash with modern love and marriage. When family pressure, jealousy, and hidden secrets threaten his relationship, he must choose between culture and the woman he loves. Starring Bolaji Ogunmola and IK Ogbonna.

#ATraditionalHusband #BolajiOgunmola #IKOgbonna #NollywoodMovies2026 #LatestNollywoodMovies #NigerianMovies #AfricanMovies #RomanticDrama #LoveAndCulture #MarriageDrama #FamilyPressure #TrendingNollywood #FullMovie2026 #YouTubeMovies",UCOLT00WaMAcBWCPf-BSIJvA,EXCLUSIVE NOLLYFLIX+,75900,994,2026-07-01T02:03:32Z,101.6,4335,25.0,0.0,True,True,True,2026-10-06
sam_montana,Maurice Sam,Uche Montana,WIQUH0YSZAs,"JUST BEFORE FOREVER - MAURICE SAM, UCHE MONTANA, PAMELA OKOYE, Latest 2026 Nigerian Movie","JUST BEFORE FOREVER is a romantic Nollywood drama filled with love, emotions, difficult choices, and unexpected moments that will keep you watching until the end.

STARRING: MAURICE SAM, UCHE MONTANA, PAMELA OKOYE AND MANY OTHERS.
NOW SHOWING ON MAURICE SAM TV

#justbeforeforever #mauricesam #uchemontana #pamelaokoye  #nollywoodmovies #romanticdrama #africanmovies #lovestory #trendingmovies #mauricesamtv",UCThviXLHvH8VwqxQEa4vZaw,Maurice Sam TV,2830000,256,2026-08-11T17:00:10Z,112.8,9805540,95193.0,8677.0,True,True,True,2026-10-06
sam_montana,Maurice Sam,Uche Montana,tYp-UskX0cM,"THE LONG WAY HOME - UCHE MONTANA, MAURICE SAM, NADIA BUARI, Latest 2026 Nigerian Movie","This lovely masterpiece is the best movie you will see on the internet today... very educative and captivating.
Starring: UCHE MONTANA, MAURICE SAM, NADIA BUARI and Many Others



#uchemontana #mauricesam #nadiabuari #thelongwayhome #uchemontanamovies #mauricesammovies2026 #nigerianmovies #nollywoodmovies #africanmovie #lovestory #romanticmovie #2026movies #lovemovies",UCGRC6hm8mD8WqeY0auwrCrQ,Uche Montana TV,1940000,110,2026-07-04T17:00:14Z,133.3,10290108,125951.0,13598.0,True,True,True,2026-10-06
sam_montana,Maurice Sam,Uche Montana,qD75sVmXB3U,"INSANE OBSESSION - MAURICE SAM, UCHE MONTANA LATEST FULL NIGERIAN MOVIE","This is the best movie you will see today, very educative and intriguing.
Starring : MAURICE SAM, UCHE MONTANA, TONY BASHEL





#mauricesam #uchemontana #mauricesammovies2025 #lovestorymovie #nigerianmovies #nollywoodmovies #2025movies #africanmovie #lates2025movies #romancemovie #lovemovie",UCThviXLHvH8VwqxQEa4vZaw,Maurice Sam TV,2830000,256,2025-01-14T17:00:50Z,104.2,9377374,112087.0,8387.0,True,True,True,2026-10-06
sam_montana,Maurice Sam,Uche Montana,p3iMZRhJN6w,"NINE MONTHS TILL FOREVER - UCHE MONTANA, MAURICE SAM, Latest 2025 Nigerian Movie","This lovely masterpiece is the best movie you will see on the internet today... very educative and captivating.
Starring: UCHE MONTANA, MAURICE SAM and Many Others





#uchemontana #mauricesam #ninemonthstillforever #uchemontanamovies #mauricesammovies2025 #nigerianmovies #nollywoodmovies #africanmovie #lovestory #romanticmovie #2025movies #lovemovies",UCGRC6hm8mD8WqeY0auwrCrQ,Uche Montana TV,1940000,110,2025-12-06T17:01:19Z,121.2,12606265,137883.0,9018.0,True,True,True,2026-10-06
sam_montana,Maurice Sam,Uche Montana,G8TUe2-Bx6k,"The Billionaire Nurse | Uche Montana, Sam Maurice | Full 2026 Latest New Nigerian Movie","Synopsis: This 2025 Latest Nigerian Nollywood Movie is 
Cast: 
Producer: 
Director: 

Watch the very best videos of Nigerian Nollywood movies, Nigerian actors, and other African movies 

Click Here To Subscribe To Our Channel::: http://bit.ly/2eUB88L  

FOLLOW US ON SOCIAL MEDIA:
Instagram -  https://www.instagram.com/tvnolly
Facebook::: http://on.fb.me/1lYrG3t 
Twitter::: http://bit.ly/1hxeWvU


Nollywood Movies on NollywoodTVNOLLY brings you the best of entertainment on YouTube. The Best African magic entertainment is all you get here each time you visit the Nollywood Youtube Channel, for new and Latest Nigerian films


Watch Nollywood movies on Nollywood Romance, FREE African movies, Nigerian FREE Movies on Youtube. Get thousands of latest Nollywood Movies, Nigerian movies, Ghana movies, exciting youtube movies, Nigerian movies right here on YouTube.
Just click and play!

#Nollywoodmovies #Nigerianmovies #Ghanamovies #Latestnigerianmovies









The Billionaire Nurse | Uche Montan",UCoMmHHH65XqnS-nFcGjjbIg,NollywoodTVNOLLY,913000,1273,2026-10-02T13:00:22Z,127.4,303402,1260.0,49.0,False,True,True,2026-10-06
sam_montana,Maurice Sam,Uche Montana,jAmjCYP2iMc,"LOVE WAS NOT PART OF THE DEAL- UCHE MONTANA , MAURICE SAM | LATEST 2026 NIGERIAN MOVIE","If you are looking for Nigerian Movies 2026 Latest Full Movies and Nollywood movies 2026 latest full movies, then you need to check out Vsta Ent Tv! 

#NigeriaMovies #LatestNollywoodMovies #VstaEntTv",UCdf9rmt7-lRzOejPVV6zkJg,VSTA Ent TV ,550000,1188,2026-07-10T13:30:07Z,101.3,843580,4443.0,333.0,True,True,True,2026-10-06
sam_montana,Maurice Sam,Uche Montana,UXQ09ZZqceA,"LOVE BUG - MAURICE SAM, UCHE MONTANA, EVANNY PATRICK, 2025 Latest Full Nigerian Movie","LOVE BUG is a sweet yet intense story about love, timing, and the risks that come with opening your heart.
This captivating movie is a must-watch and promises to make your day.

STARRING: MAURICE SAM, UCHE MONTANA, EVANNY PATRICK AND MANY MORE
NOW SHOWING ON: MAURICE SAM TV (YOUTUBE)

#lovebug #uchemontana #mauricesam #nollywoodmovies #nigerianmovies #africanmovies #romancemovie #loveanddrama #trendingnollywood #mauricesamtv",UCThviXLHvH8VwqxQEa4vZaw,Maurice Sam TV,2830000,256,2025-12-24T17:00:52Z,141.1,7146814,88266.0,8388.0,True,True,True,2026-10-06
sam_montana,Maurice Sam,Uche Montana,CrK4LyVDoCQ,"THIS MOVIE WAS RELEASED YESTERDAY 2026 LATEST Nigerian MOVIE - MAURICE SAM, UCHE MONTANA 2026","In This Nigerian Cinema Movie....













#nigerianmovies #africanmovies #nollywoodmovies #reelafricanhits #trendingmovies",UC88-j85e0IDhRoYBT6Pshbw,ORIGINAL NOLLY TV,4270,52,2026-09-21T14:00:23Z,86.2,268363,720.0,25.0,True,True,True,2026-10-06
sam_montana,Maurice Sam,Uche Montana,2pPv88n9wjA,"THE SWAPPED WIFE--MAURICE SAM, UCHE MONTANA,CHIOMA NWA- Latest Nigerian Movie 2026 #trending #Movies","#blackmoviestv

Love is a beautiful thing, it can heal broken hearts when you fall in love with the right person. Love exists so much among these two so into each other until circumstance changed everything. It's a must-watch. Relax and enjoy this piece.


#blackmoviestv #youtube  #",UCaoyvHOxmdmqa4Q99dNbmpA, BLACK MOVIES TV,830000,2131,2026-10-02T00:11:11Z,116.5,54339,152.0,2.0,True,True,True,2026-10-06
sam_montana,Maurice Sam,Uche Montana,Xi2VKuTJp3I,Be The First To Watch This NEW MAURICE SAM & UCHE MONTANA ROMANCE EMOTIONAL Movie That Will Melt You,"In This Nigerian Movie,
STARRING - Uche Montana, Kachi Nnochiri


























#youtube #nigerianmovies #africanmovies #nollywoodmovies #mauricesam #uchemontanamovies #uchennambunabotv #trending #unitedstates #usa",UCaOP_Jep-nINHiQEE5OPmng,CINEMA PARADISE TV,101000,1573,2026-09-14T08:00:11Z,116.9,115020,362.0,25.0,True,True,True,2026-10-06
sam_montana,Maurice Sam,Uche Montana,IZRqAk8my_I,"NURSE MY HEART - MAURICE SAM , UCHE MONTANA | LATEST 2026 NIGERIAN MOVIE","If you are looking for Nigerian Movies 2026 Latest Full Movies and Nollywood movies 2026 latest full movies, then you need to check out Vsta Ent Tv! 

#NigeriaMovies #LatestNollywoodMovies #VstaEntTv",UCdf9rmt7-lRzOejPVV6zkJg,VSTA Ent TV ,550000,1188,2026-10-05T14:55:18Z,138.0,4823,31.0,1.0,True,True,True,2026-10-06
sam_montana,Maurice Sam,Uche Montana,R89AW_TmTxo,She Is Rich And Had No Time 2 Love A Man Until She Met The New Handsome Guy Living Next Door -NG,"PRIVATE ESCOURT #Stay Tune On This Channel#
chinenyennebemovies nigerianmovies2022 toosweetannanmovie latesttrendingmovie
soniauchemoies rayemodimovies frederickleonardmovies latestlovemovies african full movies2022 nigeriannollywoodmovies toplovemovies bestafricanlovemovies latestmarriagemovies",UC-cWGrNRdo2qPgqfk8ycq7Q,JUST LOVE TV,782000,1262,2026-01-26T12:00:03Z,106.3,2403324,14242.0,493.0,False,False,True,2026-10-06
sam_montana,Maurice Sam,Uche Montana,8xoy2ZO73XU,LOVE CAME LATE - UCHE MONTANA | MAURICE SAM | 2026 LATEST NIGERIAN MOVIE  #trending #Movies,"#nigerianmovies #africanmovies #latestnollywoodmovies
#latestnollywoodmovies #nigerianmovies#africanmovies#nollywoodmovieslatest

Welcome to NOLLYWOOD HUB STUDIO 🎬

NOLLYWOOD HUB STUDIO is your home for the best Nollywood and Ghanaian movies, packed with action, drama, suspense, romance, and unforgettable stories. Our goal is to bring you exciting African movies and entertaining content that will keep you watching from beginning to end.

On this channel, you will enjoy:
• Latest Nollywood movies
• Ghanaian blockbuster movies
• Action-packed and emotional stories
• Entertaining African film content

If you love African movies, then you are in the right place!

👉 Don’t forget to LIKE, COMMENT, and SUBSCRIBE to support the channel and stay updated whenever we upload new movies.

Click here to subscribe and watch more amazing content:
youtube.com/channel/UCj0YosBnnYfXHn2mhG4k0PQ/

Thank you for being part of the NOLLYWOOD HUB STUDIO family ❤️",UCj0YosBnnYfXHn2mhG4k0PQ,NOLLYWOOD HUB STUDIO,79600,1655,2026-09-30T22:45:10Z,97.4,25096,57.0,1.0,True,True,True,2026-10-06
sam_montana,Maurice Sam,Uche Montana,v9K9o7HWtAY,SON DESIR - Maurice Sam/ Uche Montana,#benin #burkinafaso #cameroon #centralafricanrepublic #filmnigérianenfrançaiscomplet #theatrecongolais #series #frenchtv247,UCwaIqAhjRB4UeoNYr7ECruQ,Meilleur de French TV,233000,34,2024-06-23T12:25:52Z,81.7,2286995,22045.0,1414.0,True,True,True,2026-10-06
sam_montana,Maurice Sam,Uche Montana,pkAPk0eQ6c0,"THE WIFE I DIDN’T MARRY (CHIKE DANIELS, UCHE MONTANA, MAURICE SAM)Latest Nigerian Movie 2026","#blackmoviestv 

Love is a beautiful thing, it can heal broken hearts when you fall in love with the right person. Love exists so much among these two so into each other until circumstance changed everything. It's a must-watch. Relax and enjoy this piece.


#blackmoviestv #youtube  #MYPREGNANTSIDECHICK #uchemontanamovies #uchemontana  #uchennambunabo  #stephaniebassey   #mauricesamtv   #movies #usa #unitedstates #   #mauricesam",UCaoyvHOxmdmqa4Q99dNbmpA, BLACK MOVIES TV,830000,2131,2026-09-30T12:00:32Z,119.0,12904,39.0,1.0,True,True,True,2026-10-06
sam_montana,Maurice Sam,Uche Montana,ORRfjW8sTyM,"THE PRESIDENT'S DAUGHTER - Maurice Sam, Uche Montana Nigerian Movie","Watch the best of 2024 EXCLUSIVE NOLLYWOOD MOVIES here On  @shinenollytv4232  


#nigerianmovies#nollywoodmovies 

FAMILY AFFAIR",UCtXUfd3IFWh9V9tLWEy-jjQ,Shine Nolly tv,203000,488,2025-01-05T16:00:19Z,99.6,4693148,14294.0,343.0,True,True,True,2026-10-06
sam_montana,Maurice Sam,Uche Montana,cnDyDG3iqNI,"Let Me Know You | Uche Montana, Maurice Sam, Chike Daniel | Full 2026 Latest Nigerian Movie","Synopsis: This 2025 Latest Nigerian Nollywood Movie is 
Cast: 
Producer: 
Director: 

Watch the very best videos of Nigerian Nollywood movies, Nigerian actors, and other African movies 

Click Here To Subscribe To Our Channel::: http://bit.ly/2eUB88L  

FOLLOW US ON SOCIAL MEDIA:
Instagram -  https://www.instagram.com/tvnolly
Facebook::: http://on.fb.me/1lYrG3t 
Twitter::: http://bit.ly/1hxeWvU


Nollywood Movies on NollywoodTVNOLLY brings you the best of entertainment on YouTube. The Best African magic entertainment is all you get here each time you visit the Nollywood Youtube Channel, for new and Latest Nigerian films


Watch Nollywood movies on Nollywood Romance, FREE African movies, Nigerian FREE Movies on Youtube. Get thousands of latest Nollywood Movies, Nigerian movies, Ghana movies, exciting youtube movies, Nigerian movies right here on YouTube.
Just click and play!

#Nollywoodmovies #Nigerianmovies #Ghanamovies #Latestnigerianmovies









Let Me Know You | Uche Montana, Mau",UCoMmHHH65XqnS-nFcGjjbIg,NollywoodTVNOLLY,913000,1273,2026-04-18T13:00:50Z,141.6,4903628,23052.0,1289.0,True,True,True,2026-10-06
sam_montana,Maurice Sam,Uche Montana,V6TGQyslTbQ,Start Off Your Day By Watching This Just Released On Youtube MAURICE SAM & UCHE MONTANA Love Movie,"In This Nigerian Movie,
STARRING - Uche Montana, Cjay Nwoks
























#youtube #nigerianmovies #africanmovies #nollywoodmovies #mauricesam #uchemontanamovies #uchennambunabotv #trending #unitedstates #usa",UCaOP_Jep-nINHiQEE5OPmng,CINEMA PARADISE TV,101000,1573,2026-09-17T08:00:10Z,111.7,83729,253.0,6.0,True,True,True,2026-10-06
sam_montana,Maurice Sam,Uche Montana,vzTymc7p-PI,"MY BILLIONAIRE BOSS - MAURICE SAM, UCHE MONTANA Latest Nigerian Movie 2026","#nigerianmovies #nollywoodmovies #africanmovies


#nigerianmovies2026latestfullmovies #unitedstates
Watch the most interesting movies from African movie actors like Maurice Sam, Bimbo Ademoye, Timini Egbuson, Jackie Appiah, Shaznay Okawa, Chinenye Ulaegbu, Regina Daniels, Sonia Uche, James Gardiner, Fred Leonard, Mike Ezuruonye, Alex Ekubo, Yul Edochie, Blossom Chukwujekwe, Onyii Alex, Julliet Ibrahim, Nadia Buari, Nana Ama Mcbrown, Lydia Forson, Yvonne Okoro, Joselyn Dumas, Yvonne Nelson
AFRICAN MOVIES, LATEST NOLLYWOOD MOVIES 2024, LATEST NIGERIAN NOLLYWOOD MOVIES, LATEST NOLLYWOOD MOVIES, LATEST NOLLYWOOD MOVIES ON YOUTUBE,  LATEST NIGERIAN MOVIES, NOLLYWOOD FILMS, FREE NIGERIAN MOVIES, 2024 LATEST NIGERIAN MOVIES, TOP NOLLYWOOD MOVIES, TRENDING NOLLYWOOD VIDEOS, TRENDING MOVIES, BEST NIGERIAN MOVIES, NOLLYWOOD TV MOVIES, TVNOLLY MOVIES, NEW NOLLYWOOD MOVIES

MAURICE SAM, UCHE MONTANA

BERSERK

Please Subscribe to this channel As We Bring The Best Of Nigerian Movies To Africans Leav",UCSW1uGP-JC2Uir1kR9fFwfA,NollyTimes Tv,198000,1381,2026-08-21T06:54:02Z,84.0,14266,52.0,2.0,True,True,True,2026-10-06
sam_montana,Maurice Sam,Uche Montana,316yADvXS4w,"I Need  A Real Man | Uche Montana, Sam Maurice | Full 2026 Latest New Nigerian Movie","Synopsis: This 2025 Latest Nigerian Nollywood Movie is 
Cast: 
Producer: 
Director: 

Watch the very best videos of Nigerian Nollywood movies, Nigerian actors, and other African movies 

Click Here To Subscribe To Our Channel::: http://bit.ly/2eUB88L  

FOLLOW US ON SOCIAL MEDIA:
Instagram -  https://www.instagram.com/tvnolly
Facebook::: http://on.fb.me/1lYrG3t 
Twitter::: http://bit.ly/1hxeWvU


Nollywood Movies on NollywoodTVNOLLY brings you the best of entertainment on YouTube. The Best African magic entertainment is all you get here each time you visit the Nollywood Youtube Channel, for new and Latest Nigerian films


Watch Nollywood movies on Nollywood Romance, FREE African movies, Nigerian FREE Movies on Youtube. Get thousands of latest Nollywood Movies, Nigerian movies, Ghana movies, exciting youtube movies, Nigerian movies right here on YouTube.
Just click and play!

#Nollywoodmovies #Nigerianmovies #Ghanamovies #Latestnigerianmovies









I Need  A Real Man | Uche Montana, ",UCoMmHHH65XqnS-nFcGjjbIg,NollywoodTVNOLLY,913000,1273,2026-07-14T13:00:30Z,99.2,830208,4468.0,145.0,False,True,True,2026-10-06
sam_montana,Maurice Sam,Uche Montana,PLiWn_xGWrM,"LOVED AT LAST (UCHE MONTANA, MAURICE SAM) Latest Nigerian Movie 2026","#blackmoviestv 

Love is a beautiful thing, it can heal broken hearts when you fall in love with the right person. Love exists so much among these two so into each other until circumstance changed everything. It's a must-watch. Relax and enjoy this piece.


#blackmoviestv #youtube  #MYPREGNANTSIDECHICK #uchemontanamovies #uchemontana  #uchennambunabo  #stephaniebassey   #mauricesamtv   #movies #usa #unitedstates #   #mauricesam",UCaoyvHOxmdmqa4Q99dNbmpA, BLACK MOVIES TV,830000,2131,2026-09-18T20:00:09Z,79.6,271233,606.0,28.0,True,True,True,2026-10-06
sam_montana,Maurice Sam,Uche Montana,JI75RwYKaus,JEALOUS BESTIES (MAURICE SAM UCHE MONTANA CHINONSO ARUBAYI) Nigerian Movies 2026 latest full movies,#nigerianmovies #africanmovies #nollywoodmovies,UC6izPafX_9ydQCa7xctxcuQ,NollyReel,148000,331,2026-09-08T17:00:19Z,94.8,1238840,2592.0,65.0,True,True,True,2026-10-06
sam_montana,Maurice Sam,Uche Montana,eZUtkb-WVa0,"One Time Queen | Uche Montana, Maurice Sam | Full 2026 Latest New Nigerian Movie","Synopsis: This 2025 Latest Nigerian Nollywood Movie is 
Cast: 
Producer: 
Director: 

Watch the very best videos of Nigerian Nollywood movies, Nigerian actors, and other African movies 

Click Here To Subscribe To Our Channel::: http://bit.ly/2eUB88L  

FOLLOW US ON SOCIAL MEDIA:
Instagram -  https://www.instagram.com/tvnolly
Facebook::: http://on.fb.me/1lYrG3t 
Twitter::: http://bit.ly/1hxeWvU


Nollywood Movies on NollywoodTVNOLLY brings you the best of entertainment on YouTube. The Best African magic entertainment is all you get here each time you visit the Nollywood Youtube Channel, for new and Latest Nigerian films


Watch Nollywood movies on Nollywood Romance, FREE African movies, Nigerian FREE Movies on Youtube. Get thousands of latest Nollywood Movies, Nigerian movies, Ghana movies, exciting youtube movies, Nigerian movies right here on YouTube.
Just click and play!

#Nollywoodmovies #Nigerianmovies #Ghanamovies #Latestnigerianmovies









One Time Queen | Uche Montana, Maur",UCoMmHHH65XqnS-nFcGjjbIg,NollywoodTVNOLLY,913000,1273,2026-07-01T17:30:32Z,127.7,413455,2072.0,63.0,True,True,True,2026-10-06
sam_montana,Maurice Sam,Uche Montana,W5zprgaRGRw,"THE PREGNANT SIDECHICK--MAURICE SAM, UCHE MONTANA- Latest Nigerian Movie 2025 #trending #Movies","#blackmoviestv

Love is a beautiful thing, it can heal broken hearts when you fall in love with the right person. Love exists so much among these two so into each other until circumstance changed everything. It's a must-watch. Relax and enjoy this piece.


#blackmoviestv #youtube  #",UCaoyvHOxmdmqa4Q99dNbmpA, BLACK MOVIES TV,830000,2131,2026-07-17T00:47:49Z,111.6,86546,607.0,12.0,True,True,True,2026-10-06
sam_montana,Maurice Sam,Uche Montana,iMzevcgo6BY,"SWEET TASTE OF LOVE ~ UCHE MONTANA, MAURICE SAM, CHIOMA NWAOHA, 2026 Latest Trending Nigerian Movies","2026 EXCLUSIVE NOLLYWOOD MOVIES

This channel brings you the best of Nollywood Movies entertainment on YouTube channel. FREE & Exciting movies is all you get here each time you visit the Nollywood Romance YouTube Channel, for new and Latest 2023 Nigerian films. Just subscribe to this channel on YouTube and
Watch FREE Nollywood-African Love & Comedy movies on NOLLYWOOD ROMANCE TV.

A PERFECT STRANGER

 #nollywoodmovies #nigerianmovies #africanmovies  #latestmovies #2024movies #2025 #2025movies #mauricesam #soniauche #uchemontana #uchemontanamovies #chiomanwaoha #fyp #2026movies #2026",UCMfmqpgjzeZM-fcV8Y2EYAA,NOLLYWOOD ROMANCE TV,253000,740,2026-05-03T14:01:05Z,97.4,1701710,8066.0,663.0,True,True,True,2026-10-06
sam_montana,Maurice Sam,Uche Montana,O8EpOVNAaSc,LOYAL WIFE DIRTY SECRET (MAURICE SAM UCHE MONTANA CHIOMA) - Nigerian Movies 2026 latest full movies,#nigerianmovies #africanmovies #nollywoodmovies,UCOH6LiD2bWGrtEtK-OocNeQ,NollyRok Studios,498000,1690,2026-01-13T16:00:44Z,79.8,2634274,10868.0,690.0,True,True,True,2026-10-06
sam_montana,Maurice Sam,Uche Montana,xRmPNkeGk2Q,EveryLady Deserves To Watch This Latest MAURICE SAM & UCHE MONTANA BLOCKBUSTER ROMANTIC Movie,"This Nigerian Movie,
STARRING - Maurice Sam, Miwa Olorunfemi
























#nigerianmovies #africanmovies #mauricesammovies #uchemontanamovies #mauricesam #uchemontana #latestnollywoodmovies2026 #nollywoodmovies #youtube #newmovies #cinemaparadisetv #usa",UCaOP_Jep-nINHiQEE5OPmng,CINEMA PARADISE TV,101000,1573,2026-09-16T08:00:05Z,92.4,414669,930.0,36.0,True,True,True,2026-10-06
sam_montana,Maurice Sam,Uche Montana,HrSgtj-MrO0,"SHE BELONGS TO ME - UCHE MONTANA, MAURICE SAM, DEZA THE GREAT 2025 NIGERIAN MOVIES LATEST #romantic","2025 EXCLUSIVE NOLLYWOOD MOVIES

#nollywoodmovies #nigerianmovies #africanmovies  #latestmovies #2025movies #fyp #love #africanmoviechannel #nollywood #movie #inbetween #mauricesam #showcasemovies
#Nollywoodmovies #entertainment #ruthkadirimovies #mauricesam #ebube #ebubenwagbo #ghana #nollywoodlatest #nollywood #latestmovie2024 #love #romance #romantic #inbetween #bestnollywoodmovies #showcasemovies #naijafilms 
THE WEDDING PLANNER",UCuFoP98_utSNsEOpAgSB3Ew,NollyPrime,115000,578,2025-07-01T11:00:30Z,97.5,290430,982.0,71.0,True,True,True,2026-10-06
sam_montana,Maurice Sam,Uche Montana,tV4YBl5aG-w,"THE IMPOSTER FIANCÉ (MAURICE SAM, UCHE MONTANA, SARIAN MARTINS )Latest Nigerian Movie 2026","#blackmoviestv 

Love is a beautiful thing, it can heal broken hearts when you fall in love with the right person. Love exists so much among these two so into each other until circumstance changed everything. It's a must-watch. Relax and enjoy this piece.


#blackmoviestv #youtube  #THEIMPOSTERFIANCÉ #uchemontanamovies #uchemontana  #uchennambunabo  #stephaniebassey   #mauricesamtv   #movies #usa #unitedstates #   #mauricesam",UCaoyvHOxmdmqa4Q99dNbmpA, BLACK MOVIES TV,830000,2131,2026-09-24T12:00:16Z,125.7,232835,942.0,19.0,True,True,True,2026-10-06
sam_montana,Maurice Sam,Uche Montana,oU9teqE-B-s,"DATING THE WRONG TWIN (SOPHIA CHISOM, MAURICE SAM, UCHE MONTANA)Latest Nigerian Movie 2026","#blackmoviestv 

Love is a beautiful thing, it can heal broken hearts when you fall in love with the right person. Love exists so much among these two so into each other until circumstance changed everything. It's a must-watch. Relax and enjoy this piece.


#blackmoviestv #youtube  #CHAOTICLOVERS #uchemontanamovies #uchemontana  #uchennambunabo  #chiomanwaoha #SOSO  #SOPHIACHISOM #soniauche #soniauchetv   #mauricesamtv   #movies #usa #unitedstates #   #mauricesam #kenya #unitedkingdom #ruthkadiri247 #ruthkadiri",UCaoyvHOxmdmqa4Q99dNbmpA, BLACK MOVIES TV,830000,2131,2026-05-22T15:30:05Z,111.7,17392,61.0,2.0,True,True,True,2026-10-06
sam_montana,Maurice Sam,Uche Montana,3cb4HyIJl2U,"MORE THAN A CHEAT (MAURICE SAM, UCHE MONTANA, SARIAN MARTINS )Latest Nigerian Movie 2026","#blackmoviestv 

Love is a beautiful thing, it can heal broken hearts when you fall in love with the right person. Love exists so much among these two so into each other until circumstance changed everything. It's a must-watch. Relax and enjoy this piece.


#blackmoviestv #youtube  #MYPREGNANTSIDECHICK #uchemontanamovies #uchemontana  #uchennambunabo  #stephaniebassey   #mauricesamtv   #movies #usa #unitedstates #   #mauricesam",UCaoyvHOxmdmqa4Q99dNbmpA, BLACK MOVIES TV,830000,2131,2026-10-02T17:30:01Z,79.7,179711,464.0,16.0,True,True,True,2026-10-06
sam_montana,Maurice Sam,Uche Montana,Ky4ygw9zFqI,"MY CHRISTMAS BRIDES  (MAURICE SAM, UCHE MONTANA, SONIA UCHE, EBUBE NWAGBO)Latest Nigerian Movie 2025","#blackmoviestv 

Love is a beautiful thing, it can heal broken hearts when you fall in love with the right person. Love exists so much among these two so into each other until circumstance changed everything. It's a must-watch. Relax and enjoy this piece.


#blackmoviestv #youtube  #MYCHRISTMASBRIDES #uchemontanamovies #uchemontana  #uchennambunabo  #uchemontana #uchemontanamovies #mauricesamanduchemontana    #mauricesamtv   #movies #usa #unitedstates #   #mauricesam",UCaoyvHOxmdmqa4Q99dNbmpA, BLACK MOVIES TV,830000,2131,2025-12-16T12:00:47Z,78.1,11262,48.0,2.0,True,True,True,2026-10-06
sam_montana,Maurice Sam,Uche Montana,YEI4Ke9KBc0,"OUR DATE FOR CHRISTMAS (MAURICE SAM, UCHE MONTANA )Latest Nigerian Movie 2025","#blackmoviestv 

Love is a beautiful thing, it can heal broken hearts when you fall in love with the right person. Love exists so much among these two so into each other until circumstance changed everything. It's a must-watch. Relax and enjoy this piece.


#blackmoviestv #youtube  #OURDATEFORCHRISTMAS #uchemontanamovies #uchemontana  #uchennambunabo  #uchemontana #uchemontanamovies #mauricesamanduchemontana    #mauricesamtv   #movies #usa #unitedstates #   #mauricesam",UCaoyvHOxmdmqa4Q99dNbmpA, BLACK MOVIES TV,830000,2131,2025-12-09T15:30:21Z,86.9,503109,2445.0,156.0,True,True,True,2026-10-06
sam_montana,Maurice Sam,Uche Montana,-h7gJdl44dw,"THE STOLEN BRIDE (MAURICE SAM, UCHE MONTANA) Latest Nigerian Movies 2026","#ivorynollytv  




Starring: Maurice Sam, Uche Montana, Sarian Martin
















#Nollywoodmovies #Nigerianmovies #trendynollywoodmovies #latestnigerianmovies #latestnigerianmovies2025 #nigerianfilms #Africanmovies #2025movies #2026movies #youtubemovies",UCVyUdmMYza4InOoo4aTyJoA,IVORY NOLLY TV,248000,971,2026-08-31T13:45:05Z,99.1,139460,259.0,8.0,True,True,True,2026-10-06
sam_montana,Maurice Sam,Uche Montana,fdP21n8aH_0,"MY CHEATING WIFE--MAURICE SAM,UCHE MONTANA,SARIAN- Latest Nigerian Movie 2026 #trending #Movies","#blackmoviestv

Love is a beautiful thing, it can heal broken hearts when you fall in love with the right person. Love exists so much among these two so into each other until circumstance changed everything. It's a must-watch. Relax and enjoy this piece.


#blackmoviestv #youtube  #",UCaoyvHOxmdmqa4Q99dNbmpA, BLACK MOVIES TV,830000,2131,2026-09-30T00:03:50Z,120.2,48717,218.0,6.0,True,True,True,2026-10-06
sam_montana,Maurice Sam,Uche Montana,Pij4FbYxaoQ,"BESTIES AT WAR (MAURICE SAM, UCHE MONTANA, NADIA BUARI )Latest Nigerian Movie 2026","#blackmoviestv 

Love is a beautiful thing, it can heal broken hearts when you fall in love with the right person. Love exists so much among these two so into each other until circumstance changed everything. It's a must-watch. Relax and enjoy this piece.


#blackmoviestv #youtube  #MYPREGNANTSIDECHICK #uchemontanamovies #uchemontana  #uchennambunabo  #stephaniebassey   #mauricesamtv   #movies #usa #unitedstates #   #mauricesam",UCaoyvHOxmdmqa4Q99dNbmpA, BLACK MOVIES TV,830000,2131,2026-07-15T15:30:32Z,110.0,42498,184.0,3.0,True,True,True,2026-10-06
sam_montana,Maurice Sam,Uche Montana,3fGqnITUeiI,Victorias dilenma - Uche Montana/ Maurice Sam / Lastest Nollywood movie 2026,"Premium nolly Tv is home for all premium nollywood movie. kindly subscribe to best of quality nigerian movies

https://www.youtube.com/channel/UCizniqa2kWhADt0UGPtYR4g",UCizniqa2kWhADt0UGPtYR4g,Premium Nolly Tv,30300,14,2026-08-20T14:26:45Z,89.0,680519,2937.0,121.0,True,True,True,2026-10-06
sam_montana,Maurice Sam,Uche Montana,xj8OY0pImQ0,"MADLY INLOVE WITH YOU  (MAURICE SAM, UCHE MONTANA, PEARL WATT )Latest Nigerian Movie 2026","#blackmoviestv 

Love is a beautiful thing, it can heal broken hearts when you fall in love with the right person. Love exists so much among these two so into each other until circumstance changed everything. It's a must-watch. Relax and enjoy this piece.


#blackmoviestv #youtube  #MADLYINLOVEWITHYOU #uchemontanamovies #uchemontana  #uchennambunabo  #stephaniebassey   #mauricesamtv   #movies #usa #unitedstates #   #mauricesam",UCaoyvHOxmdmqa4Q99dNbmpA, BLACK MOVIES TV,830000,2131,2026-09-23T12:20:17Z,82.0,87483,240.0,19.0,True,True,True,2026-10-06
sam_montana,Maurice Sam,Uche Montana,fOBOsgQcFZU,"PLEASE BE MINE (MAURICE SAM, UCHE MONTANA) Latest Nigerian Movies 2026","#ivorynollytv  

Blood sisters fighting over the man who is destined to become one of their husbands, igniting a bitter rivalry with devastating consequences.

Starring: Maurice Sam, Uche Montana, Stefania Bassey

























#Nollywoodmovies #Nigerianmovies #trendynollywoodmovies #latestnigerianmovies #latestnigerianmovies2025 #nigerianfilms #Africanmovies #2025movies #2026movies #youtubemovies",UCVyUdmMYza4InOoo4aTyJoA,IVORY NOLLY TV,248000,971,2026-09-02T19:45:19Z,114.8,334620,1204.0,67.0,True,True,True,2026-10-06
sam_montana,Maurice Sam,Uche Montana,6OvHxQhelVw,MY CRAZY EX - MAURICE SAM - UCHE MONTANA -  LATEST 2026 NIGERIAN MOVIES  #trending,"Even after knowing he was married, she still forced her way into his life. She invited him to a party, got him drunk, and took advantage of the situation. Overwhelmed with shame and guilt, he couldn’t bring himself to confess what had happened to his wife.



nollywoodmovies,nigerianmovies,africanmovie,lovemovies,emotionalmovies,2026movie,lates2026movies,mauricesamtv,ruthkadiri247,mauricesammovies2026,romancemovie,lovemovie,bimboademoyetv,uchennambunabotv,fredrickleonardstv,uchenancytv.uchemontanatv,sarianmartinstv,UK,USA,JAMAICA,CANADA,Omoniobolitv,Chinenyennebetv





#nigerianmovies #africanmovies #latestnollywoodmovies2026 #nollywoodmovies #newmovies#mauricesam #bimboademoye  #ruthkadiri247#mauricesammovies2026 #lovestorymovie #nigerianmovies #nollywoodmovies #2026movies #africanmovie #lates2026movies #romancemovie #lovemovie#UK#USA#CANADA#JAMAICA#",UCNIOKFJV-oODa31zUhlNCuA,White Gold Pictures Tv,103000,1935,2026-05-31T04:00:06Z,109.8,80784,512.0,15.0,True,True,True,2026-10-06
sam_montana,Maurice Sam,Uche Montana,qwAAqN3riuw,"MY SCHOOL WIFE (MAURICE SAM, UCHE MONTANA, SONIA UCHE)Latest Nigerian Movie 2026","#blackmoviestv 

Love is a beautiful thing, it can heal broken hearts when you fall in love with the right person. Love exists so much among these two so into each other until circumstance changed everything. It's a must-watch. Relax and enjoy this piece.


#blackmoviestv #youtube  #MYPREGNANTSIDECHICK #uchemontanamovies #uchemontana  #uchennambunabo  #stephaniebassey   #mauricesamtv   #movies #usa #unitedstates #   #mauricesam",UCaoyvHOxmdmqa4Q99dNbmpA, BLACK MOVIES TV,830000,2131,2026-10-05T20:00:21Z,125.7,4464,33.0,0.0,True,True,True,2026-10-06
sam_montana,Maurice Sam,Uche Montana,J_ofU-CB2As,"SWEET OBSESSION (UCHE MONTANA, MAURICE SAM) Latest Nigerian Movies 2026","#ivorynollytv  




Starring: Uche Montana, Maurice Sam, Emem Ufot






















#Nollywoodmovies #Nigerianmovies #trendynollywoodmovies #latestnigerianmovies #latestnigerianmovies2025 #nigerianfilms #Africanmovies #2025movies #2026movies #youtubemovies",UCVyUdmMYza4InOoo4aTyJoA,IVORY NOLLY TV,248000,971,2026-09-21T13:45:15Z,79.4,52453,116.0,9.0,True,True,True,2026-10-06
sam_montana,Maurice Sam,Uche Montana,tkjdOhATsvs,"TOXIC DESIRES - UCHE MONTANA, MAURICE SAM, Nigerian Movies 2026 Latest Full Movies","In This Nigerian Movie Starring: Eddie Watson, Mimi Orjiekwe, Abimbola Fatukasi

#nigerianmoviestars  #africanmovies #nollywoodmovies
#nigerianmovies #africanmovies #nollywoodmovies#uchennamontana #chinenyennebe #premiumafricanmovies Tv#GLOBALCROWNTV #BLESSINGOBASITV #BIODUNSTEPPHENTV #LOSTCONNECTION #BLINDEDBYLOVE #NOLLYTIMESTV #uchemontana #uchemontanamovies #uchemontanatv #bimboademoye #uchennambunabotv #uchennambunabofilms #uchennambunabo #uchenancytv #uchenancy #SECONDCHANCES #mauricesamtv #NEVERLETGO #HIDDENROOTS #usa #unitedstates #unitedstatesofamerica #kenya #ghana #canada #youtube #inspirationalquotes #stephaniebassey #movie #trendingmovies #viral #mustwatch #newrelease #soniauche #nigerianmovies2026africanmovies #nollywoodmovies #blackmoviestv #mauricesam #latestnollywoodmovies #dezathegreat #THEBRIDESWITCH #chinenyeulaegbu #bimboademoye #chiomanwosu #prismajames #uchenancytv #MANOFMYDREAMS #fespristv #CLASSCHARACTER #SHESPERFECT #nollytimestv #mauricesam #mauricesamtv 
#son",UCWdoq_-fFKwYVZGbGpcDdDw,PREMIUM AFRICAN MOVIES TV,16200,720,2026-09-06T11:15:01Z,100.5,310727,771.0,64.0,True,True,True,2026-10-06
sam_montana,Maurice Sam,Uche Montana,mipXhPhEt0c,"A BILLION WIFE (SONIA UCHE, MAURICE SAM, UCHE MONTANA )Latest Nigerian Movie 2026","#blackmoviestv 

Love is a beautiful thing, it can heal broken hearts when you fall in love with the right person. Love exists so much among these two so into each other until circumstance changed everything. It's a must-watch. Relax and enjoy this piece.


#blackmoviestv #youtube  #MYPREGNANTSIDECHICK #uchemontanamovies #uchemontana  #uchennambunabo  #stephaniebassey   #mauricesamtv   #movies #usa #unitedstates #   #mauricesam",UCaoyvHOxmdmqa4Q99dNbmpA, BLACK MOVIES TV,830000,2131,2026-10-03T17:30:15Z,146.2,34790,132.0,5.0,True,True,True,2026-10-06
sam_montana,Maurice Sam,Uche Montana,LP8MniAsrh0,"THE SINGLE MUM--MAURICE SAM, UCHE MONTANA, RUTH KADIRI- Latest Nigerian Movie 2026 #trending #Movies","#blackmoviestv
to love and to adore
Love is a beautiful thing, it can heal broken hearts when you fall in love with the right person. Love exists so much among these two so into each other until circumstance changed everything. It's a must-watch. Relax and enjoy this piece.


#blackmoviestv #youtube  #",UCaoyvHOxmdmqa4Q99dNbmpA, BLACK MOVIES TV,830000,2131,2026-09-17T23:14:49Z,57.3,18752,81.0,2.0,True,True,False,2026-10-06
sam_montana,Maurice Sam,Uche Montana,ovHUv-mhCIM,A WIFES REVENGE - MAURICE SAM | UCHE MONTANA | 2026 LATEST NIGERIAN MOVIE  #trending #Movies,"#nigerianmovies #africanmovies #latestnollywoodmovies
#latestnollywoodmovies #nigerianmovies#africanmovies#nollywoodmovieslatest

Welcome to NOLLYWOOD HUB STUDIO 🎬

NOLLYWOOD HUB STUDIO is your home for the best Nollywood and Ghanaian movies, packed with action, drama, suspense, romance, and unforgettable stories. Our goal is to bring you exciting African movies and entertaining content that will keep you watching from beginning to end.

On this channel, you will enjoy:
• Latest Nollywood movies
• Ghanaian blockbuster movies
• Action-packed and emotional stories
• Entertaining African film content

If you love African movies, then you are in the right place!

👉 Don’t forget to LIKE, COMMENT, and SUBSCRIBE to support the channel and stay updated whenever we upload new movies.

Click here to subscribe and watch more amazing content:
youtube.com/channel/UCj0YosBnnYfXHn2mhG4k0PQ/

Thank you for being part of the NOLLYWOOD HUB STUDIO family ❤️",UCj0YosBnnYfXHn2mhG4k0PQ,NOLLYWOOD HUB STUDIO,79600,1655,2026-07-16T16:45:06Z,101.4,608810,1657.0,103.0,True,True,True,2026-10-06
sam_montana,Maurice Sam,Uche Montana,yHD6LCogPKY,"HEARTS IN FLAMES (MAURICE SAM, UCHE MONTANA) Latest Nigerian Movies 2026","#ivorynollytv  




Starring: Maurice Sam, Uche Montana, Debby Felix


















#Nollywoodmovies #Nigerianmovies #trendynollywoodmovies #latestnigerianmovies #latestnigerianmovies2025 #nigerianfilms #Africanmovies #2025movies #2026movies #youtubemovies",UCVyUdmMYza4InOoo4aTyJoA,IVORY NOLLY TV,248000,971,2026-09-07T13:45:11Z,87.5,92043,233.0,17.0,True,True,True,2026-10-06
sam_montana,Maurice Sam,Uche Montana,LqIVs_23-4c,LOVE ME SOME MORE | Trending Nollywood 2026 | Emem Isong TV,"When Patrick introduces his choice for best man, he had no idea things were about to take a crazy turn. These secrets are strong enough to destroy a beautiful love story, perhaps the best decision is to keep things the way they are but with brewing affection, lust, unanswered questions, garnished with a slice of regret… the lid is about to explode. Our most trusted people can be our greatest pain.

Starring Uche Montana, Wole Ojo & Maurice Sam

Emem Isong is an award-winning Nigerian filmmaker, screenwriter, and Chief Executive Officer (CEO) of the Royal Arts Academy, Royal Arts TV, Emem Isong TV, and Nollysure TV.

Click Here To Subscribe To Our Channel 
https://www.youtube.com/channel/UCb7A6demU2k3wHUYtcZpb-w?view_as=subscriber?sub_confirmation=1

Click here to learn more about EMEMISONGTV
https://www.youtube.com/channel/UCb7A6demU2k3wHUYtcZpb-w/about/about

Click to watch more videos on EMEMISONGTV
https://www.youtube.com/channel/UCb7A6demU2k3wHUYtcZpb-w/videos/videos

Instagram: 
h",UCb7A6demU2k3wHUYtcZpb-w,Emem Isong TV,54700,104,2026-07-30T16:00:10Z,97.1,368513,1751.0,62.0,True,True,True,2026-10-06
sam_montana,Maurice Sam,Uche Montana,-D7E7qMuznI,"MY JEALOUS EX | LATEST NIGERIAN MOVIES 2026 FULL MOVIES | MAURICE SAM, NADIA BUARI. UCHE MONTANA","Best New Nollywood Movie you will come across today.
Starring: 

Don’t forget to LIKE, SUBSCRIBE & TURN ON 🔔 for daily uploads!

#mauricesam #romancemovies #lovestory #africanmovies #trendingnollywoodmovies #mauricesammovies2026 #africantopnollytv",UCsQxKa9vzl7I1O4orSTWvJA,African TopNolly TV ,44400,574,2026-07-09T14:00:07Z,149.9,1095242,3782.0,191.0,True,True,True,2026-10-06
sam_montana,Maurice Sam,Uche Montana,d-q2GRI4m00,"LOVE MAKES A WOMAN ~ MAURICE SAM, UCHE MONTANA, FREDRICK LEONARD | 2026 Latest Full Nigerian Movie","2025 EXCLUSIVE NOLLYWOOD MOVIES

This channel brings you the best of Nollywood Movies entertainment on YouTube channel. FREE & Exciting movies is all you get here each time you visit the Nollywood Romance YouTube Channel, for new and Latest 2023 Nigerian films. Just subscribe to this channel on YouTube and
Watch FREE Nollywood-African Love & Comedy movies on NOLLYWOOD ROMANCE TV.

ROLL THE DICE
 
 #nollywoodmovies  #africanmovies   #latestmovies  #2025 #2025movies  #mauricesam  #soniauche  #uchemontana  #uchemontanamovies  #chiomanwaoha  #fyp",UCMfmqpgjzeZM-fcV8Y2EYAA,NOLLYWOOD ROMANCE TV,253000,740,2026-01-21T14:01:06Z,113.3,1144923,6173.0,1620.0,True,True,True,2026-10-06
sam_montana,Maurice Sam,Uche Montana,pWSmS983Cms,Be The First To Watch This Just Released UCHE MONTANA& MAURICE SAM Romance Movie To Leave You In Awe,"In This Nigerian Movie,
STARRING - Uche Montana, Ik Ogbonna 
























#nigerianmovies #africanmovies #mauricesammovies #uchemontanamovies #mauricesam #uchemontana  #nollywoodmovies #youtube #newmovies #cinemaparadisetv #unitedstates #usa",UCaOP_Jep-nINHiQEE5OPmng,CINEMA PARADISE TV,101000,1573,2026-08-14T08:00:31Z,92.9,74046,294.0,6.0,True,True,True,2026-10-06
sam_montana,Maurice Sam,Uche Montana,faNEK7RkJR0,"Be My Love | Uche Montana, Maurice Sam | Full 2026 Latest New Nigerian Movie","Synopsis: This 2025 Latest Nigerian Nollywood Movie is 
Cast: 
Producer: 
Director: 

Watch the very best videos of Nigerian Nollywood movies, Nigerian actors, and other African movies 

Click Here To Subscribe To Our Channel::: http://bit.ly/2eUB88L  

FOLLOW US ON SOCIAL MEDIA:
Instagram -  https://www.instagram.com/tvnolly
Facebook::: http://on.fb.me/1lYrG3t 
Twitter::: http://bit.ly/1hxeWvU


Nollywood Movies on NollywoodTVNOLLY brings you the best of entertainment on YouTube. The Best African magic entertainment is all you get here each time you visit the Nollywood Youtube Channel, for new and Latest Nigerian films


Watch Nollywood movies on Nollywood Romance, FREE African movies, Nigerian FREE Movies on Youtube. Get thousands of latest Nollywood Movies, Nigerian movies, Ghana movies, exciting youtube movies, Nigerian movies right here on YouTube.
Just click and play!

#Nollywoodmovies #Nigerianmovies #Ghanamovies #Latestnigerianmovies









Be My Love | Uche Montana, Maurice ",UCoMmHHH65XqnS-nFcGjjbIg,NollywoodTVNOLLY,913000,1273,2026-05-19T13:00:52Z,110.6,327879,1364.0,61.0,True,True,True,2026-10-06
sam_montana,Maurice Sam,Uche Montana,oIa2TXAmd0Y,"MARRIED FOR SEX(SONIA UCHE, MAURICE SAM, UCHE MONTANA- Latest Nigerian Movie 2025 #trending #Movies","#blackmoviestv 

Love is a beautiful thing, it can heal broken hearts when you fall in love with the right person. Love exists so much among these two so into each other until circumstance changed everything. It's a must-watch. Relax and enjoy this piece.


#blackmoviestv #youtube  #MYPREGNANTSIDECHICK #uchemontanamovies #uchemontana  #uchennambunabo  #stephaniebassey   #mauricesamtv   #movies #usa #unitedstates #   #mauricesam",UCaoyvHOxmdmqa4Q99dNbmpA, BLACK MOVIES TV,830000,2131,2026-07-08T03:33:27Z,105.6,12262,88.0,2.0,True,True,True,2026-10-06
sam_montana,Maurice Sam,Uche Montana,SwMhlcGXY9A,"SEDUCTIVE VIRGIN (MAURICE SAM, UCHE MONTANA, UZOR ARUKWE )Latest Nigerian Movie 2026","#blackmoviestv 

Love is a beautiful thing, it can heal broken hearts when you fall in love with the right person. Love exists so much among these two so into each other until circumstance changed everything. It's a must-watch. Relax and enjoy this piece.


#blackmoviestv #youtube  #SEDUCTIVEVIRGIN #uchemontanamovies #uchemontana  #uchennambunabo  #uzorarukwe    #mauricesamtv   #movies #usa #unitedstates #   #mauricesam",UCaoyvHOxmdmqa4Q99dNbmpA, BLACK MOVIES TV,830000,2131,2026-01-21T12:01:01Z,99.8,147668,502.0,32.0,True,True,True,2026-10-06
sam_montana,Maurice Sam,Uche Montana,XZAysOfIHYI,"THE CHEATING WIFE (MAURICE SAM, UCHE MONTANA, FAITH DUKE)Latest Nigerian Movie 2026","#blackmoviestv 

Love is a beautiful thing, it can heal broken hearts when you fall in love with the right person. Love exists so much among these two so into each other until circumstance changed everything. It's a must-watch. Relax and enjoy this piece.


#blackmoviestv #youtube  #THECHEATINGWIFE #uchemontanamovies #uchemontana  #uchennambunabo  #stephaniebassey   #mauricesamtv   #movies #usa #unitedstates #   #mauricesam",UCaoyvHOxmdmqa4Q99dNbmpA, BLACK MOVIES TV,830000,2131,2026-05-13T12:01:00Z,98.2,1079309,4025.0,324.0,True,True,True,2026-10-06
sam_montana,Maurice Sam,Uche Montana,Vzg7hNXk7lo,"THE MERGER - UCHE MONTANA, TIMINI EGBUSON, Latest 2026 Nigerian Movie","Two people, one complicated situation, and a relationship that was never supposed to happen.

THE MERGER is an emotional Nollywood drama about love, attraction, complicated relationships, and the unexpected connections that can turn life upside down.

STARRING: UCHE MONTANA, TIMINI EGBUSON AND MANY OTHERS.
NOW SHOWING ON UCHE MONTANA TV

#themerger #uchemontana #timiniegbuson #nollywoodmovies #africanmovies #uchemontanatv #nollywood #nigerianmovies #romancemovie #lovestory #nollywooddrama",UCGRC6hm8mD8WqeY0auwrCrQ,Uche Montana TV,1940000,110,2026-09-05T17:00:18Z,94.9,11005388,92711.0,5606.0,False,True,True,2026-10-06
sam_montana,Maurice Sam,Uche Montana,C6eDus13-wo,JUST BEFORE LOVE - UCHE MONTANA | MAURICE SAM | 2026 LATEST NIGERIAN MOVIE #trending #Movies,"#nigerianmovies #africanmovies #latestnollywoodmovies
#latestnollywoodmovies #nigerianmovies#africanmovies#nollywoodmovieslatest

Welcome to NOLLYWOOD HUB STUDIO 🎬

NOLLYWOOD HUB STUDIO is your home for the best Nollywood and Ghanaian movies, packed with action, drama, suspense, romance, and unforgettable stories. Our goal is to bring you exciting African movies and entertaining content that will keep you watching from beginning to end.

On this channel, you will enjoy:
• Latest Nollywood movies
• Ghanaian blockbuster movies
• Action-packed and emotional stories
• Entertaining African film content

If you love African movies, then you are in the right place!

👉 Don’t forget to LIKE, COMMENT, and SUBSCRIBE to support the channel and stay updated whenever we upload new movies.

Click here to subscribe and watch more amazing content:
youtube.com/channel/UCj0YosBnnYfXHn2mhG4k0PQ/

Thank you for being part of the NOLLYWOOD HUB STUDIO family ❤️",UCj0YosBnnYfXHn2mhG4k0PQ,NOLLYWOOD HUB STUDIO,79600,1655,2026-08-14T16:45:06Z,122.0,33747,110.0,3.0,True,True,True,2026-10-06
sam_montana,Maurice Sam,Uche Montana,5zTV4sGECrc,"MARRIED FOR SEX(SONIA UCHE, MAURICE SAM, UCHE MONTANA )Latest Nigerian Movie 2026","#blackmoviestv 

Love is a beautiful thing, it can heal broken hearts when you fall in love with the right person. Love exists so much among these two so into each other until circumstance changed everything. It's a must-watch. Relax and enjoy this piece.


#blackmoviestv #youtube  #MYPREGNANTSIDECHICK #uchemontanamovies #uchemontana  #uchennambunabo  #stephaniebassey   #mauricesamtv   #movies #usa #unitedstates #   #mauricesam",UCaoyvHOxmdmqa4Q99dNbmpA, BLACK MOVIES TV,830000,2131,2026-07-01T17:30:19Z,105.2,417738,1877.0,95.0,True,True,True,2026-10-06
sam_montana,Maurice Sam,Uche Montana,idgopZx1YSw,"LESSONS IN LOVE - MAURICE SAM, DAMILOLA ADEGBITE, Latest 2026 Nigerian Movie","A rich and popular student thinks love is just a game. 

LESSONS IN LOVE is a touching story about love, growth, forgiveness, and finding the right person when you least expect it.

STARRING: MAURICE SAM, DAMILOLA ADEGBITE AND MANY OTHERS
NOW SHOWING ON MAURICE SAM TV

#LessonsInLove #MauriceSam #DamilolaAdegbite #NollywoodMovies #AfricanMovies #LoveStory #RelationshipGoals #MovieNight #TrendingMovies #MauriceSamTV",UCThviXLHvH8VwqxQEa4vZaw,Maurice Sam TV,2830000,256,2026-06-23T17:00:03Z,157.6,7873846,87248.0,8159.0,True,False,True,2026-10-06
sam_montana,Maurice Sam,Uche Montana,1XHbNXEa_lE,MY FOREVER LOVE (MAURICE SAM UCHE MONTANA)  - nigerian movies 2026 latest full Movies,#latestnollywoodmovies #nigerianmovies#africanmovies#nollywoodmovieslatest,UCxpJFSMbadYaDA7sRMUGafg,NOLLYTOUCH STUDIOS,193000,999,2026-07-04T01:22:25Z,106.1,6938,45.0,0.0,True,True,True,2026-10-06
sam_montana,Maurice Sam,Uche Montana,apTQ_wIkd7M,"SPICY LIES (Uche Montana, Maurice Sam) - Brand New 2026 Nigerian Movie",#Nollywoodtvstudio #africanmovies #mauricesam #ruthkadirifilms #chinenyennebe #lovedontcostathing #nigerianmovies2023latestfullmovies #ruthkadiri #ruthkadiri247,UCo-KiSpW1UMCnBN2o0iJLwg,NOLLYWOOD TV STUDIO,435000,2110,2026-06-29T18:00:24Z,101.7,66862,225.0,5.0,True,True,True,2026-10-06
sam_montana,Maurice Sam,Uche Montana,UEgWHUs9hXE,"WHEN HEARTS BEAT (UCHE MONTANA, MAURICE SAM) Latest Nigerian Movies 2026","#ivorynollytv  



Starring: Uche Montana, Maurice Sam, Bryan
















#Nollywoodmovies #Nigerianmovies #trendynollywoodmovies #latestnigerianmovies #latestnigerianmovies2025 #nigerianfilms #Africanmovies #2025movies #2026movies #youtubemovies",UCVyUdmMYza4InOoo4aTyJoA,IVORY NOLLY TV,248000,971,2026-10-05T16:45:11Z,83.1,6371,25.0,1.0,True,True,True,2026-10-06
sam_montana,Maurice Sam,Uche Montana,SZHNL7jKxgA,"NEXT TO YOU - EDDIE WATSON, UCHE MONTANA, MAURICE SAM (LATEST NOLLYWOOD MOVIE 2026)",#lagosfilmstv #mauricesammovies #mauricesamtv #sarianmartintv #uchemontanatv #omoniobolitv #soniauchetv,UCUOPC2XA5NdyT-AfTKjwZzQ,LAGOS FILMS TV,35600,37,2026-08-14T15:59:40Z,101.4,271301,1261.0,56.0,True,True,True,2026-10-06
sam_montana,Maurice Sam,Uche Montana,Q_ELAtGuB8E,"RED SEDUCTION - MAURICE SAM, UCHE MONTANA, Latest Nigerian Movie 2026","Enjoy this powerful African movie filled with love, betrayal, life lessons, and emotional moments that will keep you glued to the screen from beginning to end.








#nollywoodmovies #youtube #usa
This Movie Is Trending All Over The World.",UC9tRJPypwfM63SZ5J6EWtWA,Movie Lane,599000,1797,2026-07-31T23:37:36Z,113.4,13992,98.0,3.0,True,True,True,2026-10-06
sam_montana,Maurice Sam,Uche Montana,HQtkzpPy6uA,HER FINAL SECRET - MAURICE SAM | UCHE MONTANA | 2026 LATEST NIGERIAN MOVIE #trending #Movies,"#nigerianmovies #africanmovies #latestnollywoodmovies
#latestnollywoodmovies #nigerianmovies#africanmovies#nollywoodmovieslatest

Welcome to NOLLYWOOD HUB STUDIO 🎬

NOLLYWOOD HUB STUDIO is your home for the best Nollywood and Ghanaian movies, packed with action, drama, suspense, romance, and unforgettable stories. Our goal is to bring you exciting African movies and entertaining content that will keep you watching from beginning to end.

On this channel, you will enjoy:
• Latest Nollywood movies
• Ghanaian blockbuster movies
• Action-packed and emotional stories
• Entertaining African film content

If you love African movies, then you are in the right place!

👉 Don’t forget to LIKE, COMMENT, and SUBSCRIBE to support the channel and stay updated whenever we upload new movies.

Click here to subscribe and watch more amazing content:
youtube.com/channel/UCj0YosBnnYfXHn2mhG4k0PQ/

Thank you for being part of the NOLLYWOOD HUB STUDIO family ❤️",UCj0YosBnnYfXHn2mhG4k0PQ,NOLLYWOOD HUB STUDIO,79600,1655,2026-08-03T19:45:16Z,111.7,107631,304.0,12.0,True,True,True,2026-10-06
sam_montana,Maurice Sam,Uche Montana,0TQYowDmjyE,"THE STRANGER I LOVE - (New movie) - MAURICE SAM, UCHE MONTANA - 2026 LATEST EXCLUSIVE MOVIES","#fullnigerianmovies #nigerianmovies #nollywoodmovies 

TRUE NOLLY TV 2025 Latest Nigerian Movies Movies

Watch Best Of Nigerian Nollywood Movies
Featuring all trending actors and blockbuster movies
Bringing you the latest Nigerian movies
HIS MATCH
#nigerian movies #nollywoodmovies #africanmovies #fullnigerianmovies",UCWXzNrCX4Jt-eNMXemM75jg,TRUE NOLLY,139000,567,2026-04-16T13:15:01Z,129.2,313250,1706.0,50.0,True,True,True,2026-10-06
sam_montana,Maurice Sam,Uche Montana,FBRbqCBDr0k,PERFECT PIECES OF US (MAURICE SAM UCHE MONTANA) - nigerian movies 2026 latest full Movies,#latestnollywoodmovies #nigerianmovies#africanmovies#nollywoodmovieslatest,UCxpJFSMbadYaDA7sRMUGafg,NOLLYTOUCH STUDIOS,193000,999,2026-10-05T19:00:30Z,134.3,149,2.0,0.0,True,True,True,2026-10-06
sam_montana,Maurice Sam,Uche Montana,QGYVxruQl8g,"HIGH SCHOOL LOVERS (SONIA UCHE, MAURICE SAM, UCHE MONTANA, PEARL WATS)Latest Nigerian Movie 2026","#uchemontanamovies  #mauricesamtv  #mauricesam 

 
Behind the polished image of a celebrated relationship expert lies a woman silently enduring the horrors of an abusive marriage. Despite her public wisdom, her private life is a nightmare—trapped with Oscar, a jobless and violent man who takes pleasure in her pain. When the abuse reaches a breaking point, she is left with no choice but to flee for her life. But escaping him may be only the beginning of her fight for freedom.",UC0MPf5j7BFTv7JWE6HJCIhA,AfricanMovies Studio,58700,299,2026-07-09T23:51:39Z,114.3,2653,,0.0,True,True,True,2026-10-06
sam_montana,Maurice Sam,Uche Montana,1rnPR2O-iOk,"MY SEDUCTIVE QUEEN (MAURICE SAM, UCHE MONTANA, PEARL WATTS )Latest Nigerian Movie 2026","#blackmoviestv 

Love is a beautiful thing, it can heal broken hearts when you fall in love with the right person. Love exists so much among these two so into each other until circumstance changed everything. It's a must-watch. Relax and enjoy this piece.


#blackmoviestv #youtube  #MYSEDUCTIVEQUEEN #uchemontanamovies #uchemontana  #uchennambunabo  #stephaniebassey   #mauricesamtv   #movies #usa #unitedstates #   #mauricesam",UCaoyvHOxmdmqa4Q99dNbmpA, BLACK MOVIES TV,830000,2131,2026-07-29T12:00:25Z,112.4,96139,465.0,16.0,True,True,True,2026-10-06
sam_montana,Maurice Sam,Uche Montana,AEc_i1AoDOA,"OUR LAST VALENTINE (MAURICE SAM, UCHE MONTANA, CHIOMA NWAOHA )Latest Nigerian Movie 2026","#blackmoviestv 

Love is a beautiful thing, it can heal broken hearts when you fall in love with the right person. Love exists so much among these two so into each other until circumstance changed everything. It's a must-watch. Relax and enjoy this piece.


#blackmoviestv #youtube  #OURLASTVALENTINE #uchemontanamovies #uchemontana  #uchennambunabo  #chiomanwaoha #MAURICESAMANDUCHEMONTANTA  # #mauricesamtv   #movies #usa #unitedstates #   #mauricesam #valentine #VALENTINEMOVIE",UCaoyvHOxmdmqa4Q99dNbmpA, BLACK MOVIES TV,830000,2131,2026-02-05T12:00:16Z,112.0,1208170,4256.0,283.0,True,True,True,2026-10-06
sam_montana,Maurice Sam,Uche Montana,98EJ71S7Jb8,"SPOOKY IN LOVE - MAURICE SAM, UCHE MONTANA, STEPHEN DAMIAN | Nigerian Movies 2026 Latest Full Movies","In this Nigerian movie, Starring amazing Nollywood actors.
Starring; MAURICE SAM, UCHE MONTANA, STEPHEN DAMIAN
Love is a beautiful thing, it can heal broken hearts when you fall in love with the right person. Love exists so much among these two so into each other until circumstance changed everything. It's a must-watch. Relax and enjoy this piece.
#nigerianmovies #africanmovies #nollywoodmovies
 
 
#youtube #iamyours #mauricesam #uchemontanamovies #uchennambunabomovies #trending #movies #unitedstates #unitedkingdom #movie #fredrickleonard #unitedstates #unitedkingdom #canada #netherlands #manari #familytiescinema #romancemovie 
AFRICAN MOVIES, NOLLYWOOD MOVIES, NIGERIAN MOVIES, NIGERIAN MOVIES 2025 LATEST FULL MOVIES, NIGERIAN MOVIES 2026 LATEST FULL MOVIES, NIGERIAN MOVIES 2026, NIGERIAN LATEST MOVIES 2026, NIGERIAN CHRISTIAN MOVIES, LATEST NIGERIAN MOVIES 2026, LATEST NOLLYWOOD MOVIES, 2026 NIGERIAN LATEST FULL MOVIES, NIGERIAN MOVIES 2025 LATEST FULL MOVIES
 
 
#NumberOneAfricanMovi",UCC-Tbo72nhEaokJPE1ZQNig,AfricanMovies Box,152000,1446,2026-09-25T17:00:34Z,71.8,34107,94.0,9.0,True,True,True,2026-10-06
sam_montana,Maurice Sam,Uche Montana,q5Vg0jUMl-s,"NEVER LET GO - MAURICE SAM, NADIA BUARI, Latest 2026 Nigerian Movie","NEVER LET GO is an emotional Nollywood drama about love, heartbreak, second chances, and the strength it takes to hold on when everything seems to be falling apart.

STARRING: MAURICE SAM, NADIA BUARI AND MANY OTHERS.

NOW SHOWING ON MAURICE SAM TV

#neverletgo #mauricesam #nadiabuari #nollywoodmovies #africanmovies #mauricesamtv #nollywood #nigerianmovies #romancemovie #lovestory #nollywooddrama #africancinema",UCThviXLHvH8VwqxQEa4vZaw,Maurice Sam TV,2830000,256,2026-08-25T17:00:18Z,112.0,3836222,33849.0,2917.0,True,False,True,2026-10-06
sam_montana,Maurice Sam,Uche Montana,w_PGH19pGow,"THE CAREER WOMAN-SONIA UCHE, MAURICE SAM, UCHE MONTANA- Latest Nigerian Movie 2025 #trending #Movies","#blackmoviestv

Love is a beautiful thing, it can heal broken hearts when you fall in love with the right person. Love exists so much among these two so into each other until circumstance changed everything. It's a must-watch. Relax and enjoy this piece.


#blackmoviestv #youtube  #",UCaoyvHOxmdmqa4Q99dNbmpA, BLACK MOVIES TV,830000,2131,2026-07-20T00:37:30Z,124.8,12607,88.0,1.0,True,True,True,2026-10-06
sam_montana,Maurice Sam,Uche Montana,GDZJkEba5mc,"CHAOTIC VIRGINS (UCHE MONTANA, MAURICE SAM, CHINENYE ULAEGBU)Latest Nigerian Movie 2026","#blackmoviestv 

Love is a beautiful thing, it can heal broken hearts when you fall in love with the right person. Love exists so much among these two so into each other until circumstance changed everything. It's a must-watch. Relax and enjoy this piece.


#blackmoviestv #youtube  #CHAOTICVIRGINS #uchemontanamovies #uchemontana  #uchennambunabo  #DORISIFEKA #monica  @Blackmoviestvplus  #UCHEMONTANA&MAURICESAM #MONICA   #mauricesamtv   #movies #usa #unitedstates #   #mauricesam #kenya #unitedkingdom",UCaoyvHOxmdmqa4Q99dNbmpA, BLACK MOVIES TV,830000,2131,2026-04-21T12:00:34Z,113.0,81588,318.0,18.0,True,True,True,2026-10-06
sam_montana,Maurice Sam,Uche Montana,nmyUHVqlffw,"THE YOUNG GIRL I MARRY - MAURICE SAM, UCHE MONTANA, CHIOMA NWAOHA 2026 NIGERIAN NOLLYWOOD MOVIES","""Nollywood YouTube  TV, your ultimate destination for captivating Nollywood movies and entertainment. Step into a world of drama, romance, action, and intrigue with our extensive collection of Nollywood blockbusters and classics. Immerse yourself in the rich African storytelling and experience the magic of Nollywood right from the comfort of your home.

At Felix Okeke Movies TV, we curate a diverse selection of Nollywood films to cater to all tastes and preferences. Whether you're a fan of heartwarming family dramas, adrenaline-pumping action, or hilarious comedy, we have something for everyone.

Our Nollywood movie channel brings you the latest releases and timeless gems from renowned Nigerian filmmakers and actors. From the biggest stars to emerging talents, our platform showcases the best of Nollywood's cinematic prowess.

Unlock the full potential of your entertainment with Felix Okeke Movies TV. Join our ever-growing community of movie enthusiasts and embark on a cinematic journey",UCNrMar3WNgLpBzUi2lpiwmw,NOLLYWOOD YOUTUBE TV,703000,340,2026-07-30T13:00:08Z,119.6,50810,200.0,0.0,True,True,True,2026-10-06
sam_montana,Maurice Sam,Uche Montana,r2WeInAuew4,"OUR LAST VALENTINE-MAURICE SAM,UCHE MONTANA,CHIOMA NWAOHA-Latest Nigerian Mov 2025 #trending #Movies","#blackmoviestv 

Love is a beautiful thing, it can heal broken hearts when you fall in love with the right person. Love exists so much among these two so into each other until circumstance changed everything. It's a must-watch. Relax and enjoy this piece.


#blackmoviestv #youtube  #OURLASTVALENTINE #uchemontanamovies #uchemontana  #uchennambunabo  #chiomanwaoha #MAURICESAMANDUCHEMONTANTA  # #mauricesamtv   #movies #usa #unitedstates #   #mauricesam #valentine #VALENTINEMOVIE",UCaoyvHOxmdmqa4Q99dNbmpA, BLACK MOVIES TV,830000,2131,2026-02-10T00:03:57Z,112.9,14778,129.0,3.0,True,True,True,2026-10-06
sam_montana,Maurice Sam,Uche Montana,y_BhXgK-BH8,"THE SECRET I KEPT - (New) - MAURICE SAM, UCHE MONTANA, SHAZNAY OKAWA - Latest 2026 Nigerian Movie","#fullnigerianmovies #nigerianmovies #nollywoodmovies 

TRUE NOLLY TV 2026 Latest Nigerian Movies Movies

Watch Best Of Nigerian Nollywood Movies
Featuring all trending actors and blockbuster movies
Bringing you the latest Nigerian movies

#nigerian movies #nollywoodmovies #africanmovies #fullnigerianmovies",UCWXzNrCX4Jt-eNMXemM75jg,TRUE NOLLY,139000,567,2026-10-05T18:15:28Z,111.7,228,3.0,0.0,True,True,True,2026-10-06
sam_montana,Maurice Sam,Uche Montana,Zu654Gj3nrE,"JUSTE AVANT L’ÉTERNITÉ (film nigerian en Français) MAURICE SAM, UCHE MONTANA, PAMELA OKOYE","JUSTE AVANT L’ÉTERNITÉ (film nigerian en Français) MAURICE SAM, UCHE MONTANA, PAMELA OKOYE - JUST BEFORE FOREVER

nouveauté, nouveauté, nouveauté

ruth kadiri, maurice sam, sam maurice, uche montana, maurice sam movies, french movies, lastest french movies, frenchtv247, benin, cameroun, haiti, sonia uche, Ruthkadiri247, maurice sam, film nigérian, films complets, films gratuits, films nollywood gratuits, télécharger des films, Nouveaux Films, films tendances, films Nollywood 2026, derniers films Nollywood 2026, derniers films, film nollywood 2026 gratuit, Uchenna Mbunabo Tv, Films Nollywood 2026 gratuits, frenchtv247, nollywoodfilmsenfrançais, FUYEZ, Films français gratuits, télécharger des films français, Regarder Nollywood français, meilleurdefrenchtv, series, C'est tout de l'amour,boncinee, french films, nollywood francophone, nouveau film, films africains, films nigérians, 2026 derniers films français, amoureux d'un garçon d'église, Nigerian film in French, African film in French, ",UCjJtruKGCNnbslp9dysX4AA,"JUST BEFORE FOREVER - MAURICE SAM, UCHE MONTANA",3770,2,2026-08-17T05:55:38Z,97.0,118544,938.0,46.0,True,True,True,2026-10-06
sam_montana,Maurice Sam,Uche Montana,xdG9_YRrQ94,"PRICE OF TRUE LOVE (SONIA UCHE, MAURICE SAM, UCHE MONTANA ) Latest Nigerian Movie 2025","#blackmoviestv

Love is a beautiful thing, it can heal broken hearts when you fall in love with the right person. Love exists so much among these two so into each other until circumstance changed everything. It's a must-watch. Relax and enjoy this piece.


#blackmoviestv #youtube #mauricesam   #mauricesamandsoniauche    #PRICEOFTRUELOVE #soniauche",UCaoyvHOxmdmqa4Q99dNbmpA, BLACK MOVIES TV,830000,2131,2025-06-18T11:01:39Z,123.5,1357467,8272.0,975.0,True,True,True,2026-10-06
sam_montana,Maurice Sam,Uche Montana,4WwLxBDbDc4,EveryLady Needs To Watch This Latest MAURICE SAM & UCHE MONTANA ROMANTIC Movie & Learn About Love,"Enjoy this powerful African movie filled with love, betrayal, life lessons, and emotional moments that will keep you glued to the screen from beginning to end.









#africanmovies #nollywoodmovies #NigerianMovies2026 #latestnigerianmovies2026 #nollywoodmoviearena",UCRMueTycAQy-xvuT1Weqhjw,Nollywood Movie Arena,8370,351,2026-10-02T16:00:22Z,77.0,45965,164.0,3.0,True,True,True,2026-10-06
sam_montana,Maurice Sam,Uche Montana,IAebnc72alQ,DONT FALL FOR ME - MAURICE SAM | UCHE MONTANA | 2026 LATEST NIGERIAN MOVIE #trending #Movies,"#nigerianmovies #africanmovies #latestnollywoodmovies
#latestnollywoodmovies #nigerianmovies#africanmovies#nollywoodmovieslatest

Welcome to NOLLYWOOD HUB STUDIO 🎬

NOLLYWOOD HUB STUDIO is your home for the best Nollywood and Ghanaian movies, packed with action, drama, suspense, romance, and unforgettable stories. Our goal is to bring you exciting African movies and entertaining content that will keep you watching from beginning to end.

On this channel, you will enjoy:
• Latest Nollywood movies
• Ghanaian blockbuster movies
• Action-packed and emotional stories
• Entertaining African film content

If you love African movies, then you are in the right place!

👉 Don’t forget to LIKE, COMMENT, and SUBSCRIBE to support the channel and stay updated whenever we upload new movies.

Click here to subscribe and watch more amazing content:
youtube.com/channel/UCj0YosBnnYfXHn2mhG4k0PQ/

Thank you for being part of the NOLLYWOOD HUB STUDIO family ❤️",UCj0YosBnnYfXHn2mhG4k0PQ,NOLLYWOOD HUB STUDIO,79600,1655,2026-06-24T22:45:06Z,118.3,93129,265.0,21.0,True,True,True,2026-10-06
sam_montana,Maurice Sam,Uche Montana,_bEhi1sLdqQ,"CRAZY CO WIVES - MAURICE SAM, UCHE MONTANA, SARIAN MARTINS | Nigerian Movies 2026 Latest Full Movies","In this Nigerian movie, Starring amazing Nollywood actors.
Starring; MAURICE SAM, UCHE MONTANA, SARIAN MARTINS
Love is a beautiful thing, it can heal broken hearts when you fall in love with the right person. Love exists so much among these two so into each other until circumstance changed everything. It's a must-watch. Relax and enjoy this piece.
#nigerianmovies #africanmovies #nollywoodmovies
 
 
#youtube #iamyours #mauricesam #uchemontanamovies #uchennambunabomovies #trending #movies #unitedstates #unitedkingdom #movie #fredrickleonard #unitedstates #unitedkingdom #canada #netherlands #manari #familytiescinema #romancemovie 
AFRICAN MOVIES, NOLLYWOOD MOVIES, NIGERIAN MOVIES, NIGERIAN MOVIES 2025 LATEST FULL MOVIES, NIGERIAN MOVIES 2026 LATEST FULL MOVIES, NIGERIAN MOVIES 2026, NIGERIAN LATEST MOVIES 2026, NIGERIAN CHRISTIAN MOVIES, LATEST NIGERIAN MOVIES 2026, LATEST NOLLYWOOD MOVIES, 2026 NIGERIAN LATEST FULL MOVIES, NIGERIAN MOVIES 2025 LATEST FULL MOVIES
Devoted WHISPERS 
 
#Numb",UCC-Tbo72nhEaokJPE1ZQNig,AfricanMovies Box,152000,1446,2026-05-25T22:40:58Z,98.1,11266,80.0,2.0,True,True,True,2026-10-06
sam_montana,Maurice Sam,Uche Montana,VdH1gfTw9O4,JUST BE MINE - MAURICE SAM | UCHE MONTANA  |  LATEST NIGERIAN MOVIE,"#nigerianmovies #nollywoodmovies #Nollyhubstudio
A Lie for Shelter — but how long before the truth finds her






#nigerianmovies#nollywoodmovies#africanmovies#latestnollywoodmovies2025#2025movies#latestnigerianmovies#CANADA#USA#UK#JAMIACA#TRINIDA&TOBAGO#",UCj0YosBnnYfXHn2mhG4k0PQ,NOLLYWOOD HUB STUDIO,79600,1655,2026-04-29T22:56:32Z,55.5,8167,43.0,1.0,True,True,False,2026-10-06
sam_montana,Maurice Sam,Uche Montana,fHNPIcqpVK4,"A TASTE OF TRUE LOVE (Uche Montana, Maurice Sam) - Brand New 2026 Nigerian Movie",#Nollywoodtvstudio #africanmovies #mauricesam #ruthkadirifilms #chinenyennebe #lovedontcostathing #nigerianmovies2023latestfullmovies #ruthkadiri #ruthkadiri247,UCo-KiSpW1UMCnBN2o0iJLwg,NOLLYWOOD TV STUDIO,435000,2110,2026-07-23T02:05:03Z,110.8,21569,103.0,2.0,True,True,True,2026-10-06
sam_montana,Maurice Sam,Uche Montana,UJtIdBRz0w4,"Without You [ Maurice Sam, Uche Montana] - NG","#Stay Tune On This Channel#
chinenyennebemovies nigerianmovies2022 toosweetannanmovie latesttrendingmovie
soniauchemoies rayemodimovies frederickleonardmovies latestlovemovies african full movies2022 nigeriannollywoodmovies toplovemovies bestafricanlovemovies latestmarriagemovies",UC-cWGrNRdo2qPgqfk8ycq7Q,JUST LOVE TV,782000,1262,2026-09-15T17:13:41Z,136.0,67671,285.0,4.0,True,True,True,2026-10-06
sam_montana,Maurice Sam,Uche Montana,Evs3KHiI8N0,"TIE OF LOVE--MAURICE SAM, UCHE MONTANA,SONIA UCHE- Latest Nigerian Movie 2026 #trending #Movies","#blackmoviestv

Love is a beautiful thing, it can heal broken hearts when you fall in love with the right person. Love exists so much among these two so into each other until circumstance changed everything. It's a must-watch. Relax and enjoy this piece.


#blackmoviestv #youtube  #",UCaoyvHOxmdmqa4Q99dNbmpA, BLACK MOVIES TV,830000,2131,2026-09-21T22:42:24Z,120.2,15288,113.0,0.0,True,True,True,2026-10-06
sam_montana,Maurice Sam,Uche Montana,B9W20FJGT7I,"PERFECT MATCH (MAURICE SAM, UCHE MONTANA, SARIAN MARTINS)Latest Nigerian Movie 2026","#blackmoviestv 

Love is a beautiful thing, it can heal broken hearts when you fall in love with the right person. Love exists so much among these two so into each other until circumstance changed everything. It's a must-watch. Relax and enjoy this piece.


#blackmoviestv #youtube  #MYPREGNANTSIDECHICK #uchemontanamovies #uchemontana  #uchennambunabo  #stephaniebassey   #mauricesamtv   #movies #usa #unitedstates #   #mauricesam",UCaoyvHOxmdmqa4Q99dNbmpA, BLACK MOVIES TV,830000,2131,2026-09-29T15:30:38Z,123.4,51848,175.0,2.0,True,True,True,2026-10-06
sam_montana,Maurice Sam,Uche Montana,VFB7F34MN_w,"THE BILLIONAIRE'S LOVE (MAURICE SAM, UCHE MONTANA, SARIAN MARTIN)Latest Nigerian Movie 2026","#blackmoviestv 

Love is a beautiful thing, it can heal broken hearts when you fall in love with the right person. Love exists so much among these two so into each other until circumstance changed everything. It's a must-watch. Relax and enjoy this piece.


#blackmoviestv #youtube  #THECHEATINGWIFE #uchemontanamovies #uchemontana  #uchennambunabo  #stephaniebassey   #mauricesamtv   #movies #usa #unitedstates #   #mauricesam",UCaoyvHOxmdmqa4Q99dNbmpA, BLACK MOVIES TV,830000,2131,2026-05-19T17:00:22Z,92.3,20023,84.0,4.0,True,True,True,2026-10-06
sam_montana,Maurice Sam,Uche Montana,N2rjYPW_0mw,"LA VIE DE MILLIARDAIRA:- UCHE MONTANA, MAURICE SAM, RUTH KADIRI.",#french #amourtv #mauricesam #ruthkadiri #chididike #frenchmovies #mauricesammovies,UCR5Wo_c5TyWaZ8I9oNbaiEQ,FRENCHFILMSTV,220000,40,2026-09-03T15:12:09Z,100.0,740818,3538.0,84.0,True,True,True,2026-10-06
sam_montana,Maurice Sam,Uche Montana,aEWz17C17RM,"THE BILLIONAIRE BOSS - MAURICE SAM, UCHE MONTANA | Nigerian Movies 2026 Latest Full Movie","In this Nigerian Nollywood movie
Starring: MAURICE SAM, UCHE MONTANA

#nigerianmovies #nollywoodmovies #africanmovies


#nigerianmovies2026latestfullmovies #unitedstates
Watch the most interesting movies from African movie actors like Mercy Johnson, Bimbo Ademoye, Timini Egbuson, Jackie Appiah, Uche Nancy, Chinenye Ulaegbu, Regina Daniels, Sonia Uche, James Gardiner, Fred Leonard, Mike Ezuruonye, Alex Ekubo, Yul Edochie, Blossom Chukwujekwe, Onyii Alex, Julliet Ibrahim, Nadia Buari, Nana Ama Mcbrown, Lydia Forson, Yvonne Okoro, Joselyn Dumas, Yvonne Nelson
AFRICAN MOVIES, LATEST NOLLYWOOD MOVIES 2024, LATEST NIGERIAN NOLLYWOOD MOVIES, LATEST NOLLYWOOD MOVIES, LATEST NOLLYWOOD MOVIES ON YOUTUBE,  LATEST NIGERIAN MOVIES, NOLLYWOOD FILMS, FREE NIGERIAN MOVIES, 2024 LATEST NIGERIAN MOVIES, TOP NOLLYWOOD MOVIES, TRENDING NOLLYWOOD VIDEOS, TRENDING MOVIES, BEST NIGERIAN MOVIES, NOLLYWOOD TV MOVIES, TVNOLLY MOVIES, NEW NOLLYWOOD MOVIES



Please Subscribe to this channel As We Bring The Best ",UCSW1uGP-JC2Uir1kR9fFwfA,NollyTimes Tv,198000,1381,2026-07-10T10:00:13Z,119.5,201264,682.0,14.0,True,True,True,2026-10-06
sam_montana,Maurice Sam,Uche Montana,lBU1tA6ltco,Start Off Your Day Watching This Latest MAURICE SAM & UCHE MONTANA Hopeless Romantic Movie,"In This Nigerian Movie,
STARRING - Maurice Sam, Onyii Alex
























#nigerianmovies #africanmovies #latestnollywoodmovies2025 #nollywoodmovies #mauricesam #uchemontana #uchemontanamovies #newmovies #cinemaparadisetv",UCaOP_Jep-nINHiQEE5OPmng,CINEMA PARADISE TV,101000,1573,2026-05-21T15:44:20Z,120.9,2614,12.0,0.0,True,True,True,2026-10-06
sam_montana,Maurice Sam,Uche Montana,m4izjQ1QnHg,"THE WOMANIZER (MAURICE SAM, UCHE MONTANA, SOPHIA ALAKIJA )Latest Nigerian Movie 2026","#blackmoviestv 

Love is a beautiful thing, it can heal broken hearts when you fall in love with the right person. Love exists so much among these two so into each other until circumstance changed everything. It's a must-watch. Relax and enjoy this piece.


#blackmoviestv #youtube  #THEWOMANIZER #uchemontanamovies #uchemontana  #uchennambunabo  #SOPHIAALIJA #mauricesammovies #mauricesamtv    #mauricesamtv   #movies #usa #unitedstates #   #mauricesam",UCaoyvHOxmdmqa4Q99dNbmpA, BLACK MOVIES TV,830000,2131,2026-05-26T12:00:12Z,120.8,6965,59.0,7.0,True,True,True,2026-10-06
sam_montana,Maurice Sam,Uche Montana,uY_kDHorfAk,"MY SCHOOL WIFE (MAURICE SAM, UCHE MONTANA, SONIA UCHE, CHIOMA NWAOHA)Latest Nigerian Movie 2026","#blackmoviestv 

Love is a beautiful thing, it can heal broken hearts when you fall in love with the right person. Love exists so much among these two so into each other until circumstance changed everything. It's a must-watch. Relax and enjoy this piece.


#blackmoviestv #youtube  #MYSCHOOLWIFE #uchemontanamovies #uchemontana  #uchennambunabo  #stephaniebassey   #mauricesamtv   #movies #usa #unitedstates #   #mauricesam #soniauche #soniauchetv #uchemontanamovies #kenya",UCaoyvHOxmdmqa4Q99dNbmpA, BLACK MOVIES TV,830000,2131,2026-05-14T12:01:34Z,104.0,303687,1509.0,57.0,True,True,True,2026-10-06
sam_montana,Maurice Sam,Uche Montana,olBRxa4SjcI,"Hate That I Truly Loved You [ Uche Montana , Maurice Sam] - NG","#Stay Tune On This Channel#
chinenyennebemovies nigerianmovies2022 toosweetannanmovie latesttrendingmovie
soniauchemoies rayemodimovies frederickleonardmovies latestlovemovies african full movies2022 nigeriannollywoodmovies toplovemovies bestafricanlovemovies latestmarriagemovies",UC-cWGrNRdo2qPgqfk8ycq7Q,JUST LOVE TV,782000,1262,2026-07-04T11:02:29Z,125.4,444756,2492.0,74.0,True,True,True,2026-10-06
sam_montana,Maurice Sam,Uche Montana,VyIPHRUb3Ig,"WHEN I LOVED HARD - (new movie) - MAURICE SAM, UCHE MONTANA, Latest 2026 Nigerian Movie","#fullnigerianmovies #nigerianmovies #nollywoodmovies 

TRUE NOLLY TV 2026 Latest Nigerian Movies Movies

Watch Best Of Nigerian Nollywood Movies
Featuring all trending actors and blockbuster movies
Bringing you the latest Nigerian movies

#nigerian movies #nollywoodmovies #africanmovies #fullnigerianmovies",UCWXzNrCX4Jt-eNMXemM75jg,TRUE NOLLY,139000,567,2026-08-18T18:15:38Z,137.4,576,14.0,0.0,True,True,True,2026-10-06
sam_uche,Maurice Sam,Sonia Uche,xtuhGu2nNzw,"Mr. Right| Sonia Uche, Sam Maurice | Full 2026 Latest New Nigerian Movie","Mr. Right| Sonia Uche, Sam Maurice | Full 2026 Latest New Nigerian Movie

SONIA UCHE LATEST 2026 FULL MOVIE
SAM MAURICE NEW FULL MOVIE 2026
SONIA UCHE  AND MAURICE SAM NEW MOVIE


A movie you can't afford to miss 😂😂😂😂
.
.
please subscribe to @TOPNOLLYTV88 for more interesting movie like this.
.
.AFRICAN MOVIES , LATEST NOLLYWOOD MOVIES 2025, LATEST NIGERIAN NOLLYWOOD MOVIES , LATEST NOLLYWOOD MOVIES, LATEST NOLLYWOOD MOVIES ON YOUTUBE,  LATEST NIGERIAN MOVIES, NOLLYWOOD FILMS, FREE NIGERIAN MOVIES, 2026 LATEST NIGERIAN MOVIES, TOP NOLLYWOOD MOVIES,TRENDING NOLLYWOOD VIDEOS, TRENDING MOVIES, BEST NIGERIAN MOVIES, NOLLYWOOD TV MOVIES, TVNOLLY MOVIES, NEW NOLLYWOOD MOVIES


#Nollywoodmovies #Nigerianmovies #Ghanamovies #Latestnigerianmovies
#movie #nollywoodonlinemovies  #nigerianmovies2025   #Africanmovies
#trending #movie #africanmovies #ebubenwagbo  #newmovie #movies #africanmovies #nigerianmovies2025latestfullmovies",UCHZ2BoPlSiY_-ed8qWNY1RQ,TOPNOLLY TV,221000,215,2026-10-05T18:00:00Z,83.6,43005,189.0,16.0,True,True,True,2026-10-06
sam_uche,Maurice Sam,Sonia Uche,TxImIPgyeBQ,"LOVE ON STERIODS - SONIA UCHE, MAURICE SAM, 2025 LATEST NIGERIAN MOVIE","This is the best movie you will see today...very educating and very interesting to watch!
Starring:  SONIA UCHE, MAURICE SAM







#soniauche #mauricesam #nigerianmovie #nollywoodmovies #africanmovie #soniauchetv",UCHY9J0IWIWht6GqIBiLidBA,Sonia Uche Tv,1510000,140,2025-04-16T16:00:51Z,127.4,9278904,120172.0,15856.0,True,True,True,2026-10-06
sam_uche,Maurice Sam,Sonia Uche,m-Q8F7RHIRs,"ACCIDENTAL BRIDE - MAURICE SAM, SONIA UCHE, 2025 Latest Full Nigerian Movie","This captivating movie is a must-watch and promises to make your day.

STARRING: MAURICE SAM, SONIA UCHE AND MANY MORE
NOW SHOWING ON: MAURICE SAM TV (YOUTUBE)

#accidentalbride #mauricesam #soniauche #nollywoodmovies #nigerianmovies #africanmovies #trendingnollywood #youtubemovies #msfilms",UCThviXLHvH8VwqxQEa4vZaw,Maurice Sam TV,2830000,256,2025-12-02T17:00:58Z,128.7,10437623,123289.0,13564.0,True,True,True,2026-10-06
sam_uche,Maurice Sam,Sonia Uche,WkwV0pQapwk,"LET ME LOVE YOU AGAIN | Sonia Uche, Maurice Sam | Full 2026 Latest New Nigerian Movie","LET ME LOVE YOU AGAIN | Sonia Uche, Maurice Sam | Full 2026 Latest New Nigerian Movie

A movie you can't afford to miss 😂😂😂😂
.
.
please subscribe to @TOPNOLLYTV88 for more interesting movie like this.
.
#soniauche  #nollywoodonlinemovies  #nigerianmovies2025   #Africanmovies
#trending #movie #africanmovies #ebubenwagbo  #newmovie #movies 
#Nollywoodmovies #Nigerianmovies #Ghanamovies #Latestnigerianmovies",UCHZ2BoPlSiY_-ed8qWNY1RQ,TOPNOLLY TV,221000,215,2026-07-30T18:00:21Z,109.6,1370524,7254.0,401.0,True,True,True,2026-10-06
sam_uche,Maurice Sam,Sonia Uche,CmK_5I4YDRM,"YOU ME FOREVER - MAURICE SAM, SONIA UCHE 2024 full nigerian movie","This amazing movie will make your day... a must watch for all the ladies, with lots of lessons
Starring: MARICE SAM, SONIA UCHE








#mauricesam #soniauche #mauricesammovies2024 #soniaucheandmauricesammovie2024 #nigerianmovies #nollywoodmovies #nigerianmovies2024 #africanmovie #lovestory",UCThviXLHvH8VwqxQEa4vZaw,Maurice Sam TV,2830000,256,2024-08-06T17:00:15Z,134.4,16959989,202058.0,26446.0,True,True,True,2026-10-06
sam_uche,Maurice Sam,Sonia Uche,CoKMtJzXbUI,"A MIX OF LOVE - SONIA UCHE, MAURICE SAM, ANTHONY WOODE, 2025 Latest Nigerian Movie","This is the best movie you will see today...very educating and very interesting to watch!
Starring:  SONIA UCHE, MAURICE SAM, ANTHONY WOODE and Many More!


#soniauche #mauricesam #anthonywoode #nigerianmovie #nollywoodmovies #africanmovie #soniauchetv",UCHY9J0IWIWht6GqIBiLidBA,Sonia Uche Tv,1510000,140,2025-12-18T16:00:17Z,176.6,5407335,59277.0,7465.0,True,True,True,2026-10-06
sam_uche,Maurice Sam,Sonia Uche,TGUUhtYFt-Y,"TO BE BETTER OR BITTER - MAURICE SAM, SONIA UCHE, PAMELA OKOYE latest 2025 nigerian movies","This amazing masterpiece will make your day... a must watch for every couple. You can't afford to miss it. Very educative and captivating.
Starring: MAURICE SAM, SONIA UCHE, PAMELA OKOYE






#mauricesam #soniauche #pamelaokoye #mauricesammovies2025 #soniaucheandmauricesammovie #uchennambunabomovies #latestnollywoodmovies2025 #latestnigerianmovies #nollywoodmovies #2025movies #africanmovies #africanstories",UCypAoMCRQuNL2RBwy-x4oQg,Uchenna Mbunabo Tv,3910000,254,2025-08-04T17:30:12Z,152.4,8161259,97168.0,14431.0,True,True,True,2026-10-06
sam_uche,Maurice Sam,Sonia Uche,VJ_al50fkbI,"ONCE UPON A VOW - MAURICE SAM, SONIA UCHE, NY ADDAE, CHISOM AGOAWUIKE, Latest 2024 Nigerian Movies","This movie will make your day...very educative and emotional
Starring: MAURICE SAM, SONIA UCHE, NY ADDAE, CHISOM AGOAWUIKE









#mauricesam #soniauche #nyaddea #nigerianmovies #nollywoodmovies #chisomagoawuike #africanmovie #soniauchetv",UCHY9J0IWIWht6GqIBiLidBA,Sonia Uche Tv,1510000,140,2024-09-01T16:00:22Z,109.9,10345625,139619.0,18217.0,True,True,True,2026-10-06
sam_uche,Maurice Sam,Sonia Uche,XUyE3AuOwbY,MY WIFE OR NOTHING || SONIA UCHE/MAURICE SAM ||-Nigerian Movies 2026 Latest Full Movies,"#soniauche #mauricesam 
In This Nigerian Movie, its a captivating Nollywood story about love, marriage, loyalty, and the difficult choices that come when family and outside influences begin to threaten a relationship. As emotions rise and secrets unfold, one man must decide where his true loyalty lies and whether his wife will always come first.











Cast: Stephen Odimgbe, Sonia Uche, Ijeoma Nnanna










AforevonollystreamTV#nollywoodmovies#nigerianmovies#mauricesam#bimboademoye  #ruthkadiri247#mauricesammovies2026#lovestorymovie#2025latestnollywoodmovies#africanmovie #latestnollywoodmovies2026#romancemovie#lovemovie#UK#USA#CANADA#JAMAICA#omoniobolitv#",UCnTmHnZxfN1PPHezL2vKTZQ,Aforevo Nollystream Tv  ,8700,454,2026-09-05T11:45:06Z,162.1,286478,684.0,37.0,True,True,True,2026-10-06
sam_uche,Maurice Sam,Sonia Uche,1l4W9yB3USM,Maurice Sam & Sonia Uche: The Real Delusion- Then & Now,"THE REAL DELUSION | Maurice Sam & Sonia Uche — THEN & NOW

Sometimes the truth doesn't need an announcement… the footage speaks for itself.

A recent behind-the-scenes visit to Maurice Sam's movie set has fans talking again after Sonia Uche appeared on set with Chinnenye Nnebe. What happened during those few moments — particularly while Pearl Wats was nearby — has viewers revisiting some of the assumptions they've made about Maurice and Sonia's relationship outside their movie roles.

But this isn't the first time fans have noticed something they found interesting.

We're going back roughly two years to old movie lives featuring Maurice, Sonia and Pearl, including Sonia's first appearance on Maurice's set for a movie on his channel.

The interactions, the familiarity with the crew, the attention from the cast — and the contrast viewers noticed at the time — are worth watching again.

THEN vs NOW.

Are these simply ordinary interactions between actors and colleagues?

Are fans reading t",UCuhGa3rleogBd-WB0g9HbOQ,Unsolved Mysteryz,23400,137,2026-09-28T09:04:42Z,23.9,11135,189.0,263.0,True,True,False,2026-10-06
sam_uche,Maurice Sam,Sonia Uche,toRXISB-YeE,"LOVE ME OR NOT - MAURICE SAM, SONIA UCHE, CHISOM AGOAWUIKE THELMA C,  Latest 2024 Nigerian Movies","This movie will make your day...very educative and emotional
Starring: MAURICE SAM, SONIA UCHE, CHISOM AGOAWUIKE THELMA C









#mauricesam #soniauche #nyaddea #nigerianmovies #nollywoodmovies #chisomagoawuike #africanmovie #soniauchetv",UCHY9J0IWIWht6GqIBiLidBA,Sonia Uche Tv,1510000,140,2024-11-09T16:07:50Z,120.0,10359865,115177.0,12715.0,True,True,True,2026-10-06
sam_uche,Maurice Sam,Sonia Uche,ENxJiLUDjsM,"WITNESS PROTECTION -  MAURICE SAM, SONIA UCHE, 2024 FULL NIGERIAN MOVIE","This is amazing movie will blow your mind .... very educative and emotional
A must watch for everyone.
Starring: MAURICE SAM, SONIA UCHE





#mauricesam #soniauche #mauricesammovies2024 #nigerianmovies #nollywoodmovies #africanmovie #2024movies #nigerianfilms #lovestorymovie",UCThviXLHvH8VwqxQEa4vZaw,Maurice Sam TV,2830000,256,2024-12-24T17:00:12Z,100.0,9088731,95305.0,12647.0,True,True,True,2026-10-06
sam_uche,Maurice Sam,Sonia Uche,daxLrGQcJJU,"DON'T JUDGE ME - MAURICE SAM, SONIA UCHE, Latest 2025 Nigerian Movie","This powerful movie explores love, pain, and redemption in a world quick to condemn. A perfect watch for the week, Don't Watch alone...
Starring: Maurice Sam, Sonia Uche, Kheira Hewatch, Akeem Adeiza & many more!





#mauricesam #soniauche #uchennambunabomovies #Don'tjudgememovie #mauricesammovies2025 ##nigerianmovie #latestnollywoodmovies2025 #nollywoodmovies #latestnigerianmovies #lovstory #lovemovies #nigerianfilms #africanmovies",UCypAoMCRQuNL2RBwy-x4oQg,Uchenna Mbunabo Tv,3910000,254,2025-06-30T17:00:34Z,125.9,5613904,62706.0,7731.0,True,True,True,2026-10-06
sam_uche,Maurice Sam,Sonia Uche,pTijYEP6kxs,CAUGHT IN THE ACT (2026) - MAURICE SAM/SONIA UCHE New Nigerian Nollywood Full Movies,"CAUGHT IN THE ACT (2026) - MAURICE SAM/SONIA UCHE New Nigerian Nollywood Full Movies

Welcome to Nollystar Movies. Your home for the best Nollywood stories filled with Love, Drama, Betrayal, and Unforgettable Moments.

#trendingnow #nollywoodmovies #nigerianmovies #usa #movie #film #new #latest #viral #nollystarmovies #2026 #mauricesam #soniauche 

Subscribe now and Enjoy non-stop entertainment, latest Nollywood releases, and captivating storytelling every week : https://www.youtube.com/channel/UCoXi81dY-XSuIfz0MkWaoiw 



MIDNIGHT SUNSHINE",UCoXi81dY-XSuIfz0MkWaoiw,NollyStar Movies,13300,32,2026-06-15T11:00:23Z,93.7,735648,4032.0,102.0,True,True,True,2026-10-06
sam_uche,Maurice Sam,Sonia Uche,JMkTG2-ELqA,"MY VERY DIRTY WIFE-SONIA UCHE,EDDIE WATSON,MAURICE SAM- Latest Nigerian Movie 2026 #trending #Movies","#blackmoviestv

Love is a beautiful thing, it can heal broken hearts when you fall in love with the right person. Love exists so much among these two so into each other until circumstance changed everything. It's a must-watch. Relax and enjoy this piece.


#blackmoviestv #youtube  #",UCaoyvHOxmdmqa4Q99dNbmpA, BLACK MOVIES TV,830000,2131,2026-09-03T23:46:31Z,162.2,31576,177.0,3.0,True,True,True,2026-10-06
sam_uche,Maurice Sam,Sonia Uche,ZjNc2CEIJ_Q,"LOVE & STITCHES - SONIA UCHE, MAURICE SAM, CHIKE DANIEL nigerian movies 2023 latest full movies","When you mixes business with pleasure one is bent to suffer... could this be the beginning of the end? Starring SONIA UCHE, MAURICE SAM, CHIKE DANIEL






#soniauche #africanmovie #nigerianmovie #nollywoodmovie",UCypAoMCRQuNL2RBwy-x4oQg,Uchenna Mbunabo Tv,3910000,254,2023-06-19T18:15:44Z,111.1,9381849,85196.0,8925.0,True,True,True,2026-10-06
sam_uche,Maurice Sam,Sonia Uche,6Z947pKKH3c,LOVE AFTER SUMMER (2026) - LATEST MAURICE SAM & SONIA UCHE | New Nigerian Nollywood Full Movies,"LOVE AFTER SUMMER (2026) - LATEST MAURICE SAM & SONIA UCHE | New Nigerian Nollywood Full Movies

Welcome to Nollystar Movies. Your home for the best Nollywood stories filled with Love, Drama, Betrayal, and Unforgettable Moments.

#trendingnow #nollywoodmovies #nigerianmovies #usa #movie #film #new #latest #viral #nollystarmovies #2026 #loveaftersummer

Subscribe now and Enjoy non-stop entertainment, latest Nollywood releases, and captivating storytelling every week : https://www.youtube.com/channel/UCoXi81dY-XSuIfz0MkWaoiw 



ALL ABOUT LOVE",UCoXi81dY-XSuIfz0MkWaoiw,NollyStar Movies,13300,32,2026-08-29T17:00:07Z,68.0,231285,1236.0,45.0,True,True,True,2026-10-06
sam_uche,Maurice Sam,Sonia Uche,K95MTJJ6bjI,FINALLY MINE|| SONIA UCHE/MAURICE SAM ||-Nigerian Movies 2026 Latest Full Movies,"#soniauche ##mauricesam 
In This Nigerian movie, He has loved her for years, and when fate finally gives him a chance to be with her, he refuses to let her go. But with challenges standing in their way, he must fight to prove that his love is strong enough to overcome it all.








Cast: Esther Audu Ene, Kenneth Nwadike, Jenny Uzoma




















































AforevonollystreamTV#nollywoodmovies#nigerianmovies#mauricesam#bimboademoye  #ruthkadiri247#mauricesammovies2026#lovestorymovie#2025latestnollywoodmovies#africanmovie #latestnollywoodmovies2026#romancemovie#lovemovie#UK#USA#CANADA#JAMAICA#omoniobolitv#",UCnTmHnZxfN1PPHezL2vKTZQ,Aforevo Nollystream Tv  ,8700,454,2026-09-26T16:45:06Z,81.5,88626,224.0,10.0,True,True,True,2026-10-06
sam_uche,Maurice Sam,Sonia Uche,P2P11k3FgZI,"Mr. Righteous | Sonia Uche, Sam Maurice | Full 2026 Latest New Nigerian Movie","Synopsis: This 2025 Latest Nigerian Nollywood Movie is 
Cast: 
Producer: 
Director: 

Watch the very best videos of Nigerian Nollywood movies, Nigerian actors, and other African movies 

Click Here To Subscribe To Our Channel::: http://bit.ly/2eUB88L  

FOLLOW US ON SOCIAL MEDIA:
Instagram -  https://www.instagram.com/tvnolly
Facebook::: http://on.fb.me/1lYrG3t 
Twitter::: http://bit.ly/1hxeWvU


Nollywood Movies on NollywoodTVNOLLY brings you the best of entertainment on YouTube. The Best African magic entertainment is all you get here each time you visit the Nollywood Youtube Channel, for new and Latest Nigerian films


Watch Nollywood movies on Nollywood Romance, FREE African movies, Nigerian FREE Movies on Youtube. Get thousands of latest Nollywood Movies, Nigerian movies, Ghana movies, exciting youtube movies, Nigerian movies right here on YouTube.
Just click and play!

#Nollywoodmovies #Nigerianmovies #Ghanamovies #Latestnigerianmovies









Mr. Righteous | Sonia Uche, Sam Mau",UCoMmHHH65XqnS-nFcGjjbIg,NollywoodTVNOLLY,913000,1273,2026-09-23T13:00:28Z,120.4,320810,772.0,25.0,False,True,True,2026-10-06
sam_uche,Maurice Sam,Sonia Uche,xp8qRAvMMz0,"The Blessed Wife | Sonia Uche, Sam Maurice | Full 2026 Latest New Nigerian Movie","Synopsis: This 2025 Latest Nigerian Nollywood Movie is 
Cast: 
Producer: 
Director: 

Watch the very best videos of Nigerian Nollywood movies, Nigerian actors, and other African movies 

Click Here To Subscribe To Our Channel::: http://bit.ly/2eUB88L  

FOLLOW US ON SOCIAL MEDIA:
Instagram -  https://www.instagram.com/tvnolly
Facebook::: http://on.fb.me/1lYrG3t 
Twitter::: http://bit.ly/1hxeWvU


Nollywood Movies on NollywoodTVNOLLY brings you the best of entertainment on YouTube. The Best African magic entertainment is all you get here each time you visit the Nollywood Youtube Channel, for new and Latest Nigerian films


Watch Nollywood movies on Nollywood Romance, FREE African movies, Nigerian FREE Movies on Youtube. Get thousands of latest Nollywood Movies, Nigerian movies, Ghana movies, exciting youtube movies, Nigerian movies right here on YouTube.
Just click and play!

#Nollywoodmovies #Nigerianmovies #Ghanamovies #Latestnigerianmovies









The Blessed Wife | Sonia Uche, Sam ",UCoMmHHH65XqnS-nFcGjjbIg,NollywoodTVNOLLY,913000,1273,2026-08-30T13:38:08Z,140.0,364468,1294.0,88.0,False,True,True,2026-10-06
sam_uche,Maurice Sam,Sonia Uche,9PWMTug2J9k,"Let Me Love You Perfect | Sonia Uche, Maurice Sam | Full 2026 Latest New Nigerian Movie","Synopsis: This 2025 Latest Nigerian Nollywood Movie is 
Cast: 
Producer: 
Director: 

Watch the very best videos of Nigerian Nollywood movies, Nigerian actors, and other African movies 

Click Here To Subscribe To Our Channel::: http://bit.ly/2eUB88L  

FOLLOW US ON SOCIAL MEDIA:
Instagram -  https://www.instagram.com/tvnolly
Facebook::: http://on.fb.me/1lYrG3t 
Twitter::: http://bit.ly/1hxeWvU


Nollywood Movies on NollywoodTVNOLLY brings you the best of entertainment on YouTube. The Best African magic entertainment is all you get here each time you visit the Nollywood Youtube Channel, for new and Latest Nigerian films


Watch Nollywood movies on Nollywood Romance, FREE African movies, Nigerian FREE Movies on Youtube. Get thousands of latest Nollywood Movies, Nigerian movies, Ghana movies, exciting youtube movies, Nigerian movies right here on YouTube.
Just click and play!

#Nollywoodmovies #Nigerianmovies #Ghanamovies #Latestnigerianmovies









Let Me Love You Perfect | Sonia Uch",UCoMmHHH65XqnS-nFcGjjbIg,NollywoodTVNOLLY,913000,1273,2026-07-29T13:00:26Z,105.6,785649,4153.0,198.0,True,True,True,2026-10-06
sam_uche,Maurice Sam,Sonia Uche,eeT-E4D8894,MIDNIGHT SUNSHINE New Movie Maurice Sam Sonia Uche Juliet Njemanze 2023 Nigerian Nollyw,,UCsSdh7a9oieFq7a7d276qeg,Al Mitaki,180,19,2023-11-27T06:56:53Z,92.7,26313,252.0,22.0,True,True,True,2026-10-06
sam_uche,Maurice Sam,Sonia Uche,QdX0ifOdf84,"MY BIG SISTER (Full Movie) Maurice Sam, Sonia Uche, Ebube Obio, Ebele 2023 Nigerian Nollywood Movie","MY BIG SISTER (Full Movie) Maurice Sam, Sonia Uche, Ebube Obio, Ebele 2023 Nigerian Nollywood Movie

SUBSCRIBE NOW https://www.youtube.com/channel/UCzKrLr1ZD1uds-7c7vaSjVA?sub_confirmation=1

Get ready to be entertained...

SUBSCRIBE NOW https://www.youtube.com/channel/UCzKrLr1ZD1uds-7c7vaSjVA?sub_confirmation=1

Welcome to Uche Nancy YouTube Channel. 
Stream and Enjoy Best of Nollywood Movies with your favourite artists here on Uche Nancy TV YouTube channel. 
SUBSCRIBE NOW to stay updated on all latest Nollywood movies.

Kindly LIKE & FOLLOW OUR NEW FACEBOOK PAGE https://web.facebook.com/100085620411212
FOLLOW ON TikTok https://www.tiktok.com/@uchenancytv
JOIN US ON TELEGRAM https://t.me/uchenancymovies
JOIN OUR DISCUSSION ROOM  https://t.me/joinchat/SYuKxuGFceBhMGE0

Click here 👇🏿 to SUBSCRIBE NOW 
https://www.youtube.com/channel/UCzKrLr1ZD1uds-7c7vaSjVA?sub_confirmation=1

DO NOT FORGET TO HIT THE NOTIFICATION 🔔 BELL ICON to STAY NOTIFIED ON ALL OUR NEW MOVIES.

#Nigerianmovies​​ ​​",UCzKrLr1ZD1uds-7c7vaSjVA,Uche Nancy tv,2360000,1683,2023-04-05T18:00:09Z,181.1,5126560,44052.0,6113.0,True,True,True,2026-10-06
sam_uche,Maurice Sam,Sonia Uche,qroqSqn4Qp4,"LOVE BEYOND EDUCATION (Full Movie) - MAURICE SAM, SONIA UCHE 2026 Trending Nollywood Full Movie","LOVE BEYOND EDUCATION (Full Movie) - MAURICE SAM, SONIA UCHE 2026 Trending Nollywood Full Movie

🎬 Welcome to @nollywoodseries247 your home for Premium Nollywood drama, Emotional Love Stories, Family Conflicts, Betrayal, Romance, Suspense, and Real-life Inspired Stories!
Here, we bring you the Best of Nigerian movies, Epic dramas, and Trending Series that keep you glued from start to finish. Our stories explore love, heartbreak, marriage, friendship, greed, power, and redemption — all with unforgettable lessons and top Nollywood stars. 

#nollywoodmovies #nigerianmovies #africanmovies #trending #latest #nollywooddrama #2026 #mauricesam #soniauche #chinenyennebe 

💥 Subscribe and turn on the notification 🔔 so you don’t miss the next blockbuster Nollywood story!
https://www.youtube.com/channel/UCJ10RzMEPNfXL7CueGKwMIw 



BEST CHRISTMAS",UCJ10RzMEPNfXL7CueGKwMIw,NOLLYWOOD SERIES TV,93300,243,2026-01-04T17:01:33Z,163.9,3029048,17407.0,807.0,True,True,True,2026-10-06
sam_uche,Maurice Sam,Sonia Uche,UZDh07FO_VE,"EPE AFTER DARK - MAURICE SAM, PEARL WATS, BIBI SONYE, Latest 2026 Nigerian Movie","A group of friends set out for what should have been a simple trip, but everything changes when darkness falls.

EPE AFTER DARK is a thrilling Nollywood drama filled with suspense, fear, friendship, unexpected danger, and a night none of them will ever forget.

STARRING: MAURICE SAM, PEARL WATS, BIBI SONYE, ATEWE RAPHEL, DJIZZY AND MANY OTHERS.
NOW SHOWING ON MAURICE SAM TV

#epeafterdark #mauricesam #pearlwats #bibisonye #nollywoodmovies #africanmovies #mauricesamtv #nollywood #nigerianmovies",UCThviXLHvH8VwqxQEa4vZaw,Maurice Sam TV,2830000,256,2026-09-30T17:00:34Z,158.2,3631156,47259.0,6943.0,True,False,True,2026-10-06
sam_uche,Maurice Sam,Sonia Uche,W8i0bQZidl8,"SECRET OF LOVE - MAURICE SAM, SONIA UCHE, CHIOMA NWAOHA 2026 NIGERIAN NOLLYWOOD MOVIES","STARRING: MAURICE SAM, SONIA UCHE, CHIOMA NWAOHA

#mauricesam #soniauche #chiomanwaoha #latestnigerianmovies202clintonjoshua #angelunigwe  #latestnollywoodmovies2026 #nigerianmovies #nollywoodmovies
#africanmovies #movie 
#naijafilms #youtubefilms #latestyoutubemovies2026
LOVE OR FAME",UCZaE9npcuVCSNFEC7Fttaxg,TEMPLE STUDIO TV,25200,24,2026-09-15T14:00:02Z,115.0,111455,457.0,0.0,True,True,True,2026-10-06
sam_uche,Maurice Sam,Sonia Uche,bykRr396Sv0,"Trying Love Again | Sonia Uche, Sam Maurice | Full 2026 Latest New Nigerian Movie","Synopsis: This 2025 Latest Nigerian Nollywood Movie is 
Cast: 
Producer: 
Director: 

Watch the very best videos of Nigerian Nollywood movies, Nigerian actors, and other African movies 

Click Here To Subscribe To Our Channel::: http://bit.ly/2eUB88L  

FOLLOW US ON SOCIAL MEDIA:
Instagram -  https://www.instagram.com/tvnolly
Facebook::: http://on.fb.me/1lYrG3t 
Twitter::: http://bit.ly/1hxeWvU


Nollywood Movies on NollywoodTVNOLLY brings you the best of entertainment on YouTube. The Best African magic entertainment is all you get here each time you visit the Nollywood Youtube Channel, for new and Latest Nigerian films


Watch Nollywood movies on Nollywood Romance, FREE African movies, Nigerian FREE Movies on Youtube. Get thousands of latest Nollywood Movies, Nigerian movies, Ghana movies, exciting youtube movies, Nigerian movies right here on YouTube.
Just click and play!

#Nollywoodmovies #Nigerianmovies #Ghanamovies #Latestnigerianmovies









Trying Love Again | Sonia Uche, Sam",UCoMmHHH65XqnS-nFcGjjbIg,NollywoodTVNOLLY,913000,1273,2026-08-09T14:15:17Z,104.7,103520,677.0,36.0,False,True,True,2026-10-06
sam_uche,Maurice Sam,Sonia Uche,negcmBrWxm0,"A TURN OF EVENTS - MAURICE SAM, SARIAN MARTIN, Latest 2026 Nigerian Full Movie","A TURN OF EVENTS is an emotional Nollywood drama about love, trust, difficult choices, unexpected changes, and how quickly life can take a completely different direction.

STARRING: MAURICE SAM, SARIAN MARTIN AND MANY OTHERS.

NOW SHOWING ON MAURICE SAM TV

#aturnofevents #mauricesam #sarianmartin #nollywoodmovies #africanmovies #mauricesamtv #nollywood #nigerianmovies",UCThviXLHvH8VwqxQEa4vZaw,Maurice Sam TV,2830000,256,2026-09-22T17:00:20Z,166.6,5467668,52719.0,6757.0,True,False,True,2026-10-06
sam_uche,Maurice Sam,Sonia Uche,lfXTjV7rnLw,"MIND WORK - Maurice Sam, Sonia Uche, Chioma Nwosu Latest 2025 Nollywood Full Movie","MIND WORK - Maurice Sam, Sonia Uche, Chioma Nwosu Latest 2025 Nollywood Full Movie

Watch 👉 ROSE ANN https://youtu.be/sd4rb6ankO8 Showing Now

Get ready to be entertained...

Welcome to Uche Nancy YouTube Channel. 
Stream and Enjoy Best of Nollywood Movies with your favourite artists here on Uche Nancy TV YouTube channel. 
SUBSCRIBE NOW to stay updated on all latest Nollywood movies.

Kindly LIKE & FOLLOW OUR NEW FACEBOOK PAGE https://web.facebook.com/100085620411212

Click here 👇🏿 to SUBSCRIBE NOW 
https://www.youtube.com/channel/UCzKrLr1ZD1uds-7c7vaSjVA?sub_confirmation=1

DO NOT FORGET TO HIT THE NOTIFICATION 🔔 BELL ICON to STAY NOTIFIED ON ALL OUR NEW MOVIES.

#Nigerianmovies​​ ​​#Nollywoodmovies #Latestmovies​​ 
#2025movies #mindwork #mauricesam #soniauche
#uchenancytv #chiomanwosu #romanticmovie",UCzKrLr1ZD1uds-7c7vaSjVA,Uche Nancy tv,2360000,1683,2025-02-23T17:30:31Z,75.0,2748663,33493.0,3599.0,True,True,True,2026-10-06
sam_uche,Maurice Sam,Sonia Uche,hei0DockzA8,"ROYAL MESS - Maurice Sam, Sonia Uche 2026 Latest Nigerian Nollywood Movie","2026 latest nigerian movies

Watch Best Of Nigerian Nollywood Movies
Featuring all trending actors and blockbuster movies
Bringing you the latest Nigerian movies

HONEST MISTAKE lgftv

#nigerianmovies #nollywoodmovies #africanmovies #fullnigerianmovies",UC8PRpA2SqheLnKRaUCILusA,LARRYGEE FILMS TV,474000,110,2026-07-03T13:00:19Z,93.2,184735,1173.0,27.0,True,True,True,2026-10-06
sam_uche,Maurice Sam,Sonia Uche,wCoJW3oM3yk,"WOUNDED - Maurice Sam, Sonia Uche, Ebube Obio 2023 Nigerian Nollywood Emotional Movie","WOUNDED - Maurice Sam, Sonia Uche, Ebube Obio 2023 Nigerian Nollywood Emotional Movie

SUBSCRIBE NOW https://www.youtube.com/channel/UCPjpDLbIVgco6Vv6_G5N2sg?sub_confirmation=1


Welcome to BASE FLIX YouTube Channel.
We Bring You the Best of Nigerian Nollywood Movies. Please Sit Back, Relax and Be Entertained.

SUBSCRIBE NOW https://www.youtube.com/channel/UCPjpDLbIVgco6Vv6_G5N2sg?sub_confirmation=1

DO NOT FORGET TO HIT THE NOTIFICATION 🔔 BELL ICON to STAY UPDATE on ALL NEW MOVIES

#nigerianmovies​​ ​​#nollywoodmovies #latestmovies​​ 
#2023movies #nollywood #baseflix #mauricesam 
#ebubeobio #soniauche #wounded
#sammauricemovies
@baseflixtv",UCPjpDLbIVgco6Vv6_G5N2sg,BASEFLIX TV,109000,19,2023-06-15T17:00:07Z,124.5,2057767,14373.0,1201.0,True,True,True,2026-10-06
sam_uche,Maurice Sam,Sonia Uche,BFbfOqHRstE,LOST IN LOVE  Maurice Sam Sonia Uche 2023 Nigerian Nollywood Romantic Movie 720p,,UCsSdh7a9oieFq7a7d276qeg,Al Mitaki,180,19,2023-11-27T06:54:22Z,113.7,6018,44.0,3.0,True,True,True,2026-10-06
sam_uche,Maurice Sam,Sonia Uche,VMttaIks5-g,"THE GIRL WHO CHOSE SOMEONE ELSE- SONIA UCHE , MAURICE SAM | LATEST 2026 NIGERIAN MOVIES","If you are looking for Nigerian Movies 2026 Latest Full Movies and Nollywood movies 2026 latest full movies, then you need to check out Vsta Ent Tv! 

#NigeriaMovies #LatestNollywoodMovies #VstaEntTv",UCdf9rmt7-lRzOejPVV6zkJg,VSTA Ent TV ,550000,1188,2026-07-31T14:33:59Z,110.3,120675,458.0,13.0,True,True,True,2026-10-06
sam_uche,Maurice Sam,Sonia Uche,iP5iC4u_ziI,MARRY MY HUSBAND (MAURICE SAM SONIA UCHE CHINENYE NNEBE) - Nigerian Movies 2026 latest full movies,#nigerianmovies #africanmovies #nollywoodmovies,UC6izPafX_9ydQCa7xctxcuQ,NollyReel,148000,331,2026-09-11T19:00:32Z,140.2,5348,11.0,0.0,True,True,True,2026-10-06
sam_uche,Maurice Sam,Sonia Uche,VRgfArGxVxg,"BEHIND THE ACT (New Movie) Maurice Sam, Sonia Uche, Chinenye Nnebe 2024 Nollywood Movie","BEHIND THE ACT (New Movie) Maurice Sam, Sonia Uche, Chinenye Nnebe 2024 Nollywood Movie

SUBSCRIBE NOW https://www.youtube.com/channel/UC_rPSPSxIifKvhFzLM51oOw?sub_confirmation=1

Get ready to be entertained...

SUBSCRIBE NOW https://www.youtube.com/channel/UC_rPSPSxIifKvhFzLM51oOw?sub_confirmation=1

Welcome to Uche Nancy YouTube Channel. 
Stream and Enjoy Best of Nollywood Movies with your favourite artists here on Uche Nancy TV YouTube channel. 
SUBSCRIBE NOW to stay updated on all latest Nollywood movies.

Kindly LIKE & FOLLOW OUR NEW FACEBOOK PAGE https://web.facebook.com/100085620411212
FOLLOW ON TikTok https://www.tiktok.com/@uchenancytv

Click here 👇🏿 to SUBSCRIBE NOW 
https://www.youtube.com/channel/UCzKrLr1ZD1uds-7c7vaSjVA?sub_confirmation=1

DO NOT FORGET TO HIT THE NOTIFICATION 🔔 BELL ICON to STAY NOTIFIED ON ALL OUR NEW MOVIES.

#Nigerianmovies​​ ​​#Nollywoodmovies #Latestmovies​​ 
#2024movies #behindtheact #soniauche #mauricesam
#uchenancytv #chinenyennebe #romanticmovie",UCzKrLr1ZD1uds-7c7vaSjVA,Uche Nancy tv,2360000,1683,2024-11-10T14:03:36Z,110.7,5112996,71057.0,9083.0,True,True,True,2026-10-06
sam_uche,Maurice Sam,Sonia Uche,D-mALGzlCIE,"TWO GIRLS - MAURICE SAM, SONIA UCHE, PEARL WATS 2024 FULL NIGERIAN MOVIE","Maurice and Sonia will make your heart melt in this emotional rollercoaster....very intriguing.
Starring: MAURICE SAM, SONIA UCHE, PEARL WATS







#mauricesam #soniaucheandmauricesammovie2024 #soniauche #pearlwats #nigerianmovies #mauricesammovies2024 #nollywood #romanticcomedy",UCThviXLHvH8VwqxQEa4vZaw,Maurice Sam TV,2830000,256,2024-07-09T17:00:07Z,94.1,8116321,87511.0,9162.0,True,True,True,2026-10-06
sam_uche,Maurice Sam,Sonia Uche,YBv4lzmDEqU,"BEFORE I DO - MAURICE SAM, SONIA UCHE | Nigerian Movies 2026 Latest Full Movies","In this Nigerian movie, Starring amazing Nollywood actors.
Starring; MAURICE SAM, SONIA UCHE
Love is a beautiful thing, it can heal broken hearts when you fall in love with the right person. Love exists so much among these two so into each other until circumstance changed everything. It's a must-watch. Relax and enjoy this piece.
#nigerianmovies #mauricesam #soniauche
 
 
#beforeido #mauricesamtv #uchemontanamovies #uchennambunabomovies #trending #movies #unitedstates #unitedkingdom #movie #fredrickleonard #unitedstates #unitedkingdom #canada #netherlands #manari #familytiescinema #romancemovie 
BEFORE I DO, AFRICAN MOVIES, NOLLYWOOD MOVIES, NIGERIAN MOVIES, NIGERIAN MOVIES 2025 LATEST FULL MOVIES, NIGERIAN MOVIES 2026 LATEST FULL MOVIES, NIGERIAN MOVIES 2026, NIGERIAN LATEST MOVIES 2026, NIGERIAN CHRISTIAN MOVIES, LATEST NOLLYWOOD MOVIES, 2026 NIGERIAN LATEST FULL MOVIES, NIGERIAN MOVIES 2025 LATEST FULL MOVIES
 
 
#NumberOneAfricanMovies #RomanticMovies #NumberOne
#NumberOneNigerianM",UCC-Tbo72nhEaokJPE1ZQNig,AfricanMovies Box,152000,1446,2026-04-28T12:30:48Z,87.8,715248,2625.0,161.0,True,True,True,2026-10-06
sam_uche,Maurice Sam,Sonia Uche,DIFfh93Iefs,"LOVE OR MONEY (New Movie) Maurice Sam, Chinenye Nnebe, Sonia Uche 2024 Nollywood Movie","LOVE OR MONEY (New Movie) Maurice Sam, Chinenye Nnebe, Sonia Uche 2024 Nollywood Movie

SUBSCRIBE NOW https://www.youtube.com/channel/UCzKrLr1ZD1uds-7c7vaSjVA?sub_confirmation=1

Get ready to be entertained...

SUBSCRIBE NOW https://www.youtube.com/channel/UCzKrLr1ZD1uds-7c7vaSjVA?sub_confirmation=1

Welcome to Uche Nancy YouTube Channel. 
Stream and Enjoy Best of Nollywood Movies with your favourite artists here on Uche Nancy TV YouTube channel. 
SUBSCRIBE NOW to stay updated on all latest Nollywood movies.

Kindly LIKE & FOLLOW OUR NEW FACEBOOK PAGE https://web.facebook.com/100085620411212
FOLLOW ON TikTok https://www.tiktok.com/@uchenancytv

Click here 👇🏿 to SUBSCRIBE NOW 
https://www.youtube.com/channel/UCzKrLr1ZD1uds-7c7vaSjVA?sub_confirmation=1

DO NOT FORGET TO HIT THE NOTIFICATION 🔔 BELL ICON to STAY NOTIFIED ON ALL OUR NEW MOVIES.

#Nigerianmovies​​ ​​#Nollywoodmovies #Latestmovies​​ 
#2024movies #loveormoney #mauricesam #soniauche
#uchenancytv #chinenyennebe #victorymichael",UCzKrLr1ZD1uds-7c7vaSjVA,Uche Nancy tv,2360000,1683,2024-05-19T13:00:09Z,98.1,7495228,100404.0,10522.0,True,True,True,2026-10-06
sam_uche,Maurice Sam,Sonia Uche,rFaQGlOw90E,"Love Unspoken [ Sonia Uche, Maurice Sam ] - NG","#Stay Tune On This Channel#
chinenyennebemovies nigerianmovies2022 toosweetannanmovie latesttrendingmovie
soniauchemoies rayemodimovies frederickleonardmovies latestlovemovies african full movies2022 nigeriannollywoodmovies toplovemovies bestafricanlovemovies latestmarriagemovies",UC-cWGrNRdo2qPgqfk8ycq7Q,JUST LOVE TV,782000,1262,2026-07-29T13:13:24Z,104.0,55339,383.0,22.0,True,True,True,2026-10-06
sam_uche,Maurice Sam,Sonia Uche,aYTYh7yRuhU,"THE LEGAL BRIDE - MAURICE SAM, SONIA UCHE - Nigerian Movie","In This Nigerian Movie...
Navigating personal challenges and unspoken emotions can be challenging for newly lovebirds but in the end true love always wins.














#nigerianmovies #nollywoodmovies #familytiescinema #newmovies",UCjLl-Mwc0VbgrdJiMnzi9Lg,FamilyTies Cinema,363000,1287,2026-02-10T01:15:06Z,77.2,78647,305.0,21.0,True,True,True,2026-10-06
sam_uche,Maurice Sam,Sonia Uche,cg6VAvoVf8k,"Mr and Mrs Sam - Maurice Sam, Sonia Uche, Pearl Watt (Latest Nollywood Movie 2025)",#nollywood #latestnollywoodmovie #movie #comedy #newmovie #entertainment #mauricesam #latestmauricesammovie #sandraokunzuwa #sandraokunzuwatv #soniauche #soniauchetv,UCqm7vHonTfn4TM-PNpw368Q,REAL FLOW TV,46800,25,2025-11-02T18:30:08Z,89.9,2384413,13361.0,889.0,True,True,True,2026-10-06
sam_uche,Maurice Sam,Sonia Uche,J_etMyLxKwk,"MY MISSING RIB - Maurice Sam, Sonia Uche - A 2025 Latest Movie","Watch Best Of Nigerian Nollywood Movies
Featuring all trending actors and blockbuster movies
Bringing you the latest Nigerian movies

#comedy #trending #love #newmovie 
90 DAYS COUPLE g u.mp4",UC9muv0eHLANau300QNaOoqQ,5 Star Romance TV,82100,472,2025-01-06T16:00:24Z,121.2,172991,,32.0,True,True,True,2026-10-06
sam_uche,Maurice Sam,Sonia Uche,hZZEaDlOFB0,DEAR WIFE - SONIA UCHE | MAURICE SAM | 2026 LATEST NIGERIAN MOVIE,"#nigerianmovies #africanmovies #latestnollywoodmovies
#latestnollywoodmovies #nigerianmovies#africanmovies#nollywoodmovieslatest

Welcome to NOLLYWOOD HUB STUDIO 🎬

NOLLYWOOD HUB STUDIO is your home for the best Nollywood and Ghanaian movies, packed with action, drama, suspense, romance, and unforgettable stories. Our goal is to bring you exciting African movies and entertaining content that will keep you watching from beginning to end.

On this channel, you will enjoy:
• Latest Nollywood movies
• Ghanaian blockbuster movies
• Action-packed and emotional stories
• Entertaining African film content

If you love African movies, then you are in the right place!

👉 Don’t forget to LIKE, COMMENT, and SUBSCRIBE to support the channel and stay updated whenever we upload new movies.

Click here to subscribe and watch more amazing content:
youtube.com/channel/UCj0YosBnnYfXHn2mhG4k0PQ/

Thank you for being part of the NOLLYWOOD HUB STUDIO family ❤️",UCj0YosBnnYfXHn2mhG4k0PQ,NOLLYWOOD HUB STUDIO,79600,1655,2026-05-06T19:45:06Z,88.5,59677,248.0,8.0,True,True,True,2026-10-06
sam_uche,Maurice Sam,Sonia Uche,lcZAxKuDQeY,Maurice Sam & Sonia Uche: The Moments New Fans Never Saw,"What happens when you look back at the moments that helped create the Maurice Sam & Sonia Uche fandom? ❤️

After our Official Request for another SUMS movie, we noticed something interesting happening across different fan groups—and it sent us looking back.

The “Mr. & Mrs.” references surrounding Maurice and Sonia didn't start yesterday. From Mr. Arrogant & Mrs. Stubborn, to Mr. & Mrs. Barry, and now the intriguing “Mr. Maurice & Mrs. Maurice” greeting in a recent crew member's post accompanied by “Magic Coming Soon”…

We're taking a look at the moments, the names, and the history behind them.

But that's only part of this story.

For longtime fans, the magic wasn't only in the movies. There were Maurice Sam Sonia Uche livestreams, behind-the-scenes moments, challenges, spontaneous interactions and memories that many fans experienced in real time.

And unfortunately, much of that content is no longer easily found.

So today, we're opening the archives and revisiting some of those mome",UCuhGa3rleogBd-WB0g9HbOQ,Unsolved Mysteryz,23400,137,2026-08-23T04:30:26Z,23.6,11261,254.0,100.0,True,True,False,2026-10-06
sam_uche,Maurice Sam,Sonia Uche,oU1ptm4DvSs,"THE OTHER MAID (Full Movie) - MAURICE SAM, SONIA UCHE, CHINENYE 2025 Trending Nollywood Full Movie","THE OTHER MAID (Full Movie) - MAURICE SAM, SONIA UCHE, CHINENYE 2025 Trending Nollywood Full Movie

🎬 Welcome to @nollywoodseries247 your home for Premium Nollywood drama, Emotional Love Stories, Family Conflicts, Betrayal, Romance, Suspense, and Real-life Inspired Stories!
Here, we bring you the Best of Nigerian movies, Epic dramas, and Trending Series that keep you glued from start to finish. Our stories explore love, heartbreak, marriage, friendship, greed, power, and redemption — all with unforgettable lessons and top Nollywood stars. 

#nollywoodmovies #nigerianmovies #africanmovies #trending #latest #nollywooddrama 

💥 Subscribe and turn on the notification 🔔 so you don’t miss the next blockbuster Nollywood story!
https://www.youtube.com/channel/UCJ10RzMEPNfXL7CueGKwMIw



WIND OF GRACE",UCJ10RzMEPNfXL7CueGKwMIw,NOLLYWOOD SERIES TV,93300,243,2025-11-23T17:01:20Z,193.4,290203,1583.0,122.0,True,True,True,2026-10-06
sam_uche,Maurice Sam,Sonia Uche,lE_F_lK67tA,"WE MEET AGAIN - MAURICE SAM, SONIA UCHE 2025 LATEST FULL NIGERIAN MOVIE","WE MEET AGAIN - MAURICE SAM, SOPHIE ALAKIJA, 2025 LATEST FULL NIGERIAN MOVIE

2025 Exclusive Nollywood Movies

Watch Best Of Nigerian Nollywood Movies
Featuring all trending actors and blockbuster movies
Bringing you the latest Nigerian movies

#nigerianmovies #nollywoodmovies",UCdbSy10Ru3up-4lVZz_tCcA,Nollywood Love TV,55000,369,2025-08-18T15:19:31Z,92.2,58310,343.0,16.0,True,True,True,2026-10-06
sam_uche,Maurice Sam,Sonia Uche,6mkvbdu5brw,"BEFORE I DO - MAURICE SAM, SONIA UCHE | Nigerian Movies 2026 Latest Full Movies","In this Nigerian movie, Starring amazing Nollywood actors.
Starring; MAURICE SAM, SONIA UCHE
Love is a beautiful thing, it can heal broken hearts when you fall in love with the right person. Love exists so much among these two so into each other until circumstance changed everything. It's a must-watch. Relax and enjoy this piece.
#nigerianmovies #mauricesam #soniauche
 
 
#youtube #iamyours #mauricesam #uchemontanamovies #uchennambunabomovies #trending #movies #unitedstates #unitedkingdom #movie #fredrickleonard #unitedstates #unitedkingdom #canada #netherlands #manari #familytiescinema #romancemovie 
BEFORE I DO, AFRICAN MOVIES, NOLLYWOOD MOVIES, NIGERIAN MOVIES, NIGERIAN MOVIES 2025 LATEST FULL MOVIES, NIGERIAN MOVIES 2026 LATEST FULL MOVIES, NIGERIAN MOVIES 2026, NIGERIAN LATEST MOVIES 2026, NIGERIAN CHRISTIAN MOVIES, LATEST NIGERIAN MOVIES 2026, LATEST NOLLYWOOD MOVIES, 2026 NIGERIAN LATEST FULL MOVIES, NIGERIAN MOVIES 2025 LATEST FULL MOVIES
 
 
#NumberOneAfricanMovies #RomanticMo",UCC-Tbo72nhEaokJPE1ZQNig,AfricanMovies Box,152000,1446,2026-05-01T04:33:52Z,90.5,10405,54.0,6.0,True,True,True,2026-10-06
sam_uche,Maurice Sam,Sonia Uche,SZaJGtjYSY0,"MY VILLAGE DIRTY WIFE - MAURICE SAM, SONIA UCHE - Latest Nigerian New Movies 2026","He was rich, powerful, and respected… but his biggest secret was the wife he was ashamed of. 💔

Married to a simple village girl, he never imagined she would become the reason his life would change forever. Mocked, rejected, and humiliated, she struggled to fit into a world that never accepted her.

But when the truth is finally revealed… everything changes. 😱

Will love win over pride? Or will regret come too late?
#MyDirtyWife #NollywoodMovies #AfricanLoveStory #VillageGirl #EmotionalDrama #TrendingMovies #mauricesam #soniauche #love #trending #nigerianmovie #romantic 
FRANKS WIFE",UCpdIIs02QRK9CMWnAQVLErw,NOLLWOOD FLIX TV,72000,207,2026-04-03T14:00:18Z,111.5,201655,1376.0,149.0,True,True,True,2026-10-06
sam_uche,Maurice Sam,Sonia Uche,H5kQwwv_mDk,"Hunting For Love - [ Maurice Sam , Sonia Uche ] -NG","#Stay Tune On This Channel#
chinenyennebemovies nigerianmovies2022 toosweetannanmovie latesttrendingmovie
soniauchemoies rayemodimovies frederickleonardmovies latestlovemovies african full movies2022 nigeriannollywoodmovies toplovemovies bestafricanlovemovies latestmarriagemovies",UC-cWGrNRdo2qPgqfk8ycq7Q,JUST LOVE TV,782000,1262,2026-05-10T15:05:39Z,121.7,139714,911.0,48.0,True,True,True,2026-10-06
sam_uche,Maurice Sam,Sonia Uche,Hyjc7DPWknI,"LOVE FOUND HER - MAURICE SAM, SONIA UCHE - Latest Nigerian New Movies 2026","Welcome to one of the most emotional and romantic Nollywood movies you will ever watch! ❤️🔥

A billionaire’s son meets a humble village girl selling fruits in the marketplace. What started as a simple act of kindness quickly turned into a powerful love story that challenges wealth, family expectations, and social status.
#NollywoodMovies #AfricanMovies #LoveStory #RomanticMovie #LatestNollywood #NigerianMovies #2026Movies #DramaMovie #viralmovie 


BROKEN RAINBOW",UCpdIIs02QRK9CMWnAQVLErw,NOLLWOOD FLIX TV,72000,207,2026-03-17T14:01:50Z,111.4,756765,4382.0,288.0,True,True,True,2026-10-06
sam_uche,Maurice Sam,Sonia Uche,yVyRUHsBDpg,"MY MAID AND I - MAURICE SAM, SONIA UCHE- A 2025 Nollywood New Movie","Watch the best of 2024 EXCLUSIVE NOLLYWOOD MOVIES here On   @nollyhd-23  


#nigerianmovies  #nollywoodmovies  #mauricesam #chiomanwaoha #lovestory #love 

MY BOSS & I",UCIwhAgHKLWVBdZwpcSbi83g,Nolly HD,95300,560,2024-09-13T11:01:08Z,139.4,281116,1422.0,63.0,True,True,True,2026-10-06
sam_uche,Maurice Sam,Sonia Uche,t5rqFb83JUk,"YOU ARE MINE  -  [ STARRING MAURICE SAM, SONIA UCHE ]  -  2026 Latest Nigerian Movie { Full Movie }","She had waited years for the moment she would see him again, but when it finally came, insecurity over her scarred face held her back. Desperate, she begged her friend to go in her place, intending it to be only temporary. But what started as a simple favor took a dark turn when her friend began to sabotage everything, turning the situation into something far more complicated. #nollywoodlatest #nollywoodcinema #nollywoodfilm #nollywood #nollywoodmovies #africancinema #nigeriansinusa #nigeriansindiaspora #nigeriansintexas #nigeriansinuk #fyp #mustwatchmovies #movierecommendation #africanmoviechannel #africanmovie  #mauricesam #mauricesamtv #mauricesammovies2026 #mauricesamandsoniauchemovies #mauricesamandsoniauche",UCo8w1uojXp22N2GiLkk7vtg,NOLLYWOOD MOVIES ,4890,706,2026-08-23T17:00:06Z,119.5,47806,225.0,16.0,True,True,True,2026-10-06
sam_uche,Maurice Sam,Sonia Uche,J83bokykgT4,"BEFORE THE WEDDING - MAURICE SAM, SONIA UCHE - Nigerian Movie","In This Nigerian Movie...
Navigating personal challenges and unspoken emotions can be challenging for newly lovebirds but in the end true love always wins.














#nigerianmovies #nollywoodmovies #familytiescinema #newmovies",UCjLl-Mwc0VbgrdJiMnzi9Lg,FamilyTies Cinema,363000,1287,2026-02-05T19:15:06Z,97.3,142323,584.0,20.0,True,True,True,2026-10-06
sam_uche,Maurice Sam,Sonia Uche,wiTmkb1rp9U,UNTIL SILENCE BROKE ||MAURICE SAM / SONIA UCHE ||-Nigerian Movies 2026 Latest Full Movies,"#mauricesam #soniauche #johnekanem 
In this Nigerian movie, Saying ""I do"" was supposed to be a fresh start, but from the moment she walked down the aisle, her soul still belonged to another man. For years, her loving husband showered her with endless patience, devotion, and kindness, hoping his love would eventually win her over. Instead, she met his gentleness with cold indifference, emotional games, and outright cruelty. But even the most patient heart has its limits. One fateful day, the quiet, forgiving husband finally breaks—and the consequences will rewrite both of their lives forever.







Cast: Maurice Sam, Juliet Njamanze, John Ekanem




















AforevonollystreamTV#nollywoodmovies#nigerianmovies#mauricesam#bimboademoye  #ruthkadiri247#mauricesammovies2026#lovestorymovie#2025latestnollywoodmovies#africanmovie #latestnollywoodmovies2026#romancemovie#lovemovie#UK#USA#CANADA#JAMAICA#omoniobolitv#",UCnTmHnZxfN1PPHezL2vKTZQ,Aforevo Nollystream Tv  ,8700,454,2026-08-15T16:45:06Z,102.7,95877,437.0,13.0,True,True,True,2026-10-06
sam_uche,Maurice Sam,Sonia Uche,Zi_F6-jApmA,"SONIA THE DIRTY MAID(SONIA UCHE, UCHE MONTANA, MAURICE SAM )Latest Nigerian Movie 2026","#blackmoviestv 

Love is a beautiful thing, it can heal broken hearts when you fall in love with the right person. Love exists so much among these two so into each other until circumstance changed everything. It's a must-watch. Relax and enjoy this piece.


#blackmoviestv #youtube  #SONIATHEDIRTYMAID #uchemontanamovies #uchemontana  #uchennambunabo  #chiomanwaoha #SOSO  #soniauche #soniauchetv   #mauricesamtv   #movies #usa #unitedstates #   #mauricesam #kenya #unitedkingdom",UCaoyvHOxmdmqa4Q99dNbmpA, BLACK MOVIES TV,830000,2131,2026-02-25T15:30:33Z,86.8,162925,612.0,38.0,True,True,True,2026-10-06
sam_uche,Maurice Sam,Sonia Uche,Jq6ZPBdfzi8,LOVE & SECURITY (Full Movie) - MAURICE SAM/SONIA UCHE/TOOSWEET 2026 Trending Nollywood Full Movie,"LOVE & SECURITY (Full Movie) - MAURICE SAM/SONIA UCHE/TOOSWEET 2026 Trending Nollywood Full Movie

🎬 Welcome to @nollywoodseries247 your home for Premium Nollywood drama, Emotional Love Stories, Family Conflicts, Betrayal, Romance, Suspense, and Real-life Inspired Stories!
Here, we bring you the Best of Nigerian movies, Epic dramas, and Trending Series that keep you glued from start to finish. Our stories explore love, heartbreak, marriage, friendship, greed, power, and redemption — all with unforgettable lessons and top Nollywood stars. 

#nollywoodmovies #nigerianmovies #africanmovies #trending #latest #nollywooddrama #mauricesam #soniauche #love #usa #2026 

💥 Subscribe and turn on the notification 🔔 so you don’t miss the next blockbuster Nollywood story!
https://www.youtube.com/channel/UCJ10RzMEPNfXL7CueGKwMIw 




MY GATEWOMAN",UCJ10RzMEPNfXL7CueGKwMIw,NOLLYWOOD SERIES TV,93300,243,2026-03-16T17:00:27Z,138.4,79631,507.0,44.0,True,True,True,2026-10-06
sam_uche,Maurice Sam,Sonia Uche,7esWmf_QJHs,Crossed Lines (Sonia Uche Maurice Sam) - Nigerian Movies | Latest Nigerian Movie 2024,#nigerianmovies #africanmovies #nollywoodmovies #nollywoodmovies,UCOH6LiD2bWGrtEtK-OocNeQ,NollyRok Studios,498000,1690,2024-10-15T19:15:06Z,154.5,426258,2829.0,182.0,True,True,True,2026-10-06
sam_uche,Maurice Sam,Sonia Uche,JiZ3l4Lb8Xg,"GUARDED - SONIA UCHE, JOHN EKANEM, CHISOM AGOAWUIKE 2026 LATEST NIGERIAN MOVIE","GUARDED a story of heartbreak, resilience, independence, and the unexpected vulnerability that comes with learning to let someone in.

After years of disappointments, Hilda decides she doesn’t need anyone. Four years later, she has built the successful, independent life she always wanted. But when love, motherhood, and an unexpected connection with Ckay enter the picture, Hilda is forced to confront the one thing she has fought hardest to protect her heart.

A captivating story filled with love, emotional struggles, independence, friendship, and second chances. ❤️🎬

Starring: Sonia uche, john ekanem,
chisom agoawuike and others.

#guarded #NollywoodMovies #NigerianMovies #LatestNollywoodMovies #Nollywood2026 #AfricanMovies #FamilyDrama #EmotionalMovies #RomanticDrama #NigerianFilms #FullNollywoodMovie #soniauchetv",UCHY9J0IWIWht6GqIBiLidBA,Sonia Uche Tv,1510000,140,2026-08-12T17:00:11Z,105.8,2652282,32331.0,2560.0,False,True,True,2026-10-06
sam_uche,Maurice Sam,Sonia Uche,YY7jCFZL0s0,"Maurice Sam & Sonia Uche: Lies, Marriage & Family Pt 3/The Biggest Secret Yet?","Lies, Marriage & Family– Part 3: The Biggest Secret Yet?
For years, followers have questioned the relationship. Then came the marriage theory. Now, the conversation takes an even deeper turn.
In this episode, we revisit a timeline spanning 2022–2025, examining public appearances, movie scenes, behind-the-scenes moments, family interactions, recurring patterns, and observations that have fueled ongoing discussion about a growing family.

Could these be coincidences, or do they form a pattern that deserves a closer look?

Watch the evidence, follow the timeline, and decide for yourself.
Like, Comment & Subscribe for more mystery investigations from Unsolved Mysteryz.

This video features original commentary, fan-based theories, and uniquely edited visuals.  All content has been transformed and enhanced for analysis, education, and entertainment, in line with YouTube's fair use and monetization guidelines.
#mauricesam #soniauche #jnrpope  #nollywoodmovies #unsolvedmysteryz",UCuhGa3rleogBd-WB0g9HbOQ,Unsolved Mysteryz,23400,137,2026-06-28T10:30:28Z,22.3,19229,256.0,216.0,True,True,False,2026-10-06
sam_uche,Maurice Sam,Sonia Uche,JI75RwYKaus,JEALOUS BESTIES (MAURICE SAM UCHE MONTANA CHINONSO ARUBAYI) Nigerian Movies 2026 latest full movies,#nigerianmovies #africanmovies #nollywoodmovies,UC6izPafX_9ydQCa7xctxcuQ,NollyReel,148000,331,2026-09-08T17:00:19Z,94.8,1238840,2592.0,65.0,True,False,True,2026-10-06
sam_uche,Maurice Sam,Sonia Uche,srxfscCFSE8,"TRUE LOVE - (New) - MAURICE SAM, SONIA UCHE - 2026 LATEST EXCLUSIVE MOVIES","#soniauche  #mauricesam  #latestnigerianmovies
This amazing masterpiece will keep you glued to your screen... very educative and captivating
A must watch for all the singles.
Starring: maurice sam, sonia uche




the lying truth
#soniauche  #mauricesam  #latestnigerianmovies#nigerianmovies2026latestfullmovies #latestnigerianmovies #africanmovies #nigerianfilms #2026movies #romanticmovie #lovemovies",UCWXzNrCX4Jt-eNMXemM75jg,TRUE NOLLY,139000,567,2026-06-16T18:15:20Z,91.8,57607,315.0,11.0,True,True,True,2026-10-06
sam_uche,Maurice Sam,Sonia Uche,3hNeGjK9UR8,"Powered by you | Sonia uche, Maurice Sam | Full 2026 Latest New Nigerian Movie","Synopsis: This 2025 Latest Nigerian Nollywood Movie is 
Cast: 
Producer: 
Director: 

Watch the very best videos of Nigerian Nollywood movies, Nigerian actors, and other African movies 

Click Here To Subscribe To Our Channel::: http://bit.ly/2eUB88L  

FOLLOW US ON SOCIAL MEDIA:
Instagram -  https://www.instagram.com/tvnolly
Facebook::: http://on.fb.me/1lYrG3t 
Twitter::: http://bit.ly/1hxeWvU


Nollywood Movies on NollywoodTVNOLLY brings you the best of entertainment on YouTube. The Best African magic entertainment is all you get here each time you visit the Nollywood Youtube Channel, for new and Latest Nigerian films


Watch Nollywood movies on Nollywood Romance, FREE African movies, Nigerian FREE Movies on Youtube. Get thousands of latest Nollywood Movies, Nigerian movies, Ghana movies, exciting youtube movies, Nigerian movies right here on YouTube.
Just click and play!

#Nollywoodmovies #Nigerianmovies #Ghanamovies #Latestnigerianmovies









Powered by you | Sonia uche, Mauric",UCoMmHHH65XqnS-nFcGjjbIg,NollywoodTVNOLLY,913000,1273,2026-04-15T13:00:26Z,117.6,2582633,14789.0,783.0,True,True,True,2026-10-06
sam_uche,Maurice Sam,Sonia Uche,V4cgszfcu2g,PREGNANT FOR YOU (Full Movie) - MAURICE SAM/SONIA UCHE/CHRISTIAN 2026 Trending Nollywood Full Movie,"PREGNANT FOR YOU (Full Movie) - MAURICE SAM/SONIA UCHE/CHRISTIAN 2026 Trending Nollywood Full Movie

🎬 Welcome to @nollywoodseries247 your home for Premium Nollywood drama, Emotional Love Stories, Family Conflicts, Betrayal, Romance, Suspense, and Real-life Inspired Stories!
Here, we bring you the Best of Nigerian movies, Epic dramas, and Trending Series that keep you glued from start to finish. Our stories explore love, heartbreak, marriage, friendship, greed, power, and redemption — all with unforgettable lessons and top Nollywood stars. 

#nollywoodmovies #nigerianmovies #africanmovies #trending #latest #nollywooddrama #usa #2026 #movie #love 

💥 Subscribe and turn on the notification 🔔 so you don’t miss the next blockbuster Nollywood story!
https://www.youtube.com/channel/UCJ10RzMEPNfXL7CueGKwMIw 



BLEEDING HEART",UCJ10RzMEPNfXL7CueGKwMIw,NOLLYWOOD SERIES TV,93300,243,2026-05-10T17:00:39Z,133.7,390894,2098.0,97.0,True,True,True,2026-10-06
sam_uche,Maurice Sam,Sonia Uche,m244nqjSD1k,CRAZY ABOUT YOU || MAURICE SAM/ SONIA UCHE ||-Nigerian Movies 2026 Latest Full Movies,"#mauricesammovies #soniauche 
In this Nigerian movie, It was beyound love. They were obsessed with each other and would do anything to be with each other.







Cast: Dave Ogbeni, Benita Onyiuke Ugochukwu, Ngozi Evuka













AforevonollystreamTV#nollywoodmovies#nigerianmovies#mauricesam#bimboademoye  #ruthkadiri247#mauricesammovies2026#lovestorymovie#2025latestnollywoodmovies#africanmovie #latestnollywoodmovies2026#romancemovie#lovemovie#UK#USA#CANADA#JAMAICA#omoniobolitv#",UCnTmHnZxfN1PPHezL2vKTZQ,Aforevo Nollystream Tv  ,8700,454,2026-10-03T11:45:11Z,78.0,1903,10.0,3.0,True,True,True,2026-10-06
sam_uche,Maurice Sam,Sonia Uche,gHxZx18Y9zY,"LOVE BY FORCE (Full Movie) - MAURICE SAM, SONIA UCHE, EBUBE OBIO 2026 Trending Nollywood Full Movie","LOVE BY FORCE (Full Movie) - MAURICE SAM, SONIA UCHE, EBUBE OBIO 2026 Trending Nollywood Full Movie

🎬 Welcome to @nollywoodseries247 your home for Premium Nollywood drama, Emotional Love Stories, Family Conflicts, Betrayal, Romance, Suspense, and Real-life Inspired Stories!
Here, we bring you the Best of Nigerian movies, Epic dramas, and Trending Series that keep you glued from start to finish. Our stories explore love, heartbreak, marriage, friendship, greed, power, and redemption — all with unforgettable lessons and top Nollywood stars. 

#nollywoodmovies #nigerianmovies #africanmovies #trending #latest #nollywooddrama #mauricesam #soniauche #ebubeobio 

💥 Subscribe and turn on the notification 🔔 so you don’t miss the next blockbuster Nollywood story!
https://www.youtube.com/channel/UCJ10RzMEPNfXL7CueGKwMIw 



UNEXPECTED LOVE",UCJ10RzMEPNfXL7CueGKwMIw,NOLLYWOOD SERIES TV,93300,243,2026-01-12T17:30:12Z,154.3,218999,1093.0,55.0,True,True,True,2026-10-06
sam_uche,Maurice Sam,Sonia Uche,Drsix8o9bMs,"PREGNANT VIRGIN (Sonia Uche, Maurice Sam) - Brand New 2026 Nigerian Movie",#Nollywoodtvstudio #africanmovies #mauricesam #ruthkadirifilms #chinenyennebe #lovedontcostathing #nigerianmovies2023latestfullmovies #ruthkadiri #ruthkadiri24,UCo-KiSpW1UMCnBN2o0iJLwg,NOLLYWOOD TV STUDIO,435000,2110,2026-09-26T00:22:46Z,94.6,15091,43.0,1.0,True,True,True,2026-10-06
sam_uche,Maurice Sam,Sonia Uche,0w2hTluQTbs,"MAURICE SAM AND SONIA UCHE MOVIE: AFTER I MET HIM, 2026 New Nigerian Movie","MAURICE SAM AND SONIA UCHE MOVIE: AFTER I MET HIM, 2026 New Nigerian Movie

#frederickleonard #sarianmartin #trending #mauricesam
2024 Exclusive Movies For You On Youtube/Nollywood Nigerian Blckbuster Movies You Can't Afford To Miss

#latest #nigerianmovies #new #subscribe #fyp #nollywoodmovies
#trending #viral #2024 #soniauche
#forever #nollywood #chididike #sonia uche new love movies  #sandraokuzunwa #mauricesam #chinenye nnebe #clinton joshua new movies #2024 #uchemontana #okawa shaznay #Uchenna Mbunabo Tv #Maurice Sam Fan #NollyFamily tv #showdecktv #sophiealakija #pearlwats #sarianmartin #dreamsalfa #angelunigwe #boybeforeme
#valentinesday #couple #frederickleonardmovies #nollywoodmovies #nollywood #sarianmartin #latestmovies
#okija Amaka TV Nollywood Movies brings you the best of entertainment on YouTube channel, FREE movies is all you get here each time you visit the Nollywood Romance YouTube Channel, for new and Latest 2024 Nigerian films, just subscribe to this channel on YouT",UCaHVWAZfPNajGSyqcRPvPFQ,Okija Amaka TV,202000,4639,2026-04-26T13:00:05Z,196.8,23542,97.0,14.0,True,True,True,2026-10-06
sam_uche,Maurice Sam,Sonia Uche,_h4dDPcDhUU,"LOVING ME WAS EASY - SONIA UCHE , MAURICE SAM  | LATEST 2026 NIGERIAN MOVIE","If you are looking for Nigerian Movies 2026 Latest Full Movies and Nollywood movies 2026 latest full movies, then you need to check out Vsta Ent Tv! 

#NigeriaMovies #LatestNollywoodMovies #VstaEntTv",UCdf9rmt7-lRzOejPVV6zkJg,VSTA Ent TV ,550000,1188,2026-06-16T11:00:43Z,117.5,14513,96.0,6.0,True,True,True,2026-10-06
sam_uche,Maurice Sam,Sonia Uche,Ri97-7l4cbE,"TRUE LOVE IS SWEET - (NEW MOVIE) -MAURICE SAM, UCHE MONTANA, SONIA UCHE-2025 LATEST EXCLUSIVE MOVIES","#fullnigerianmovies #nigerianmovies #nollywoodmovies 
TRUE NOLLY TV 2024 Latest Nigerian Movies Movies

Watch Best Of Nigerian Nollywood Movies
Featuring all trending actors and blockbuster movies
Bringing you the latest Nigerian movies

#nigerian movies #nollywoodmovies #africanmovies #fullnigerianmovies",UCWXzNrCX4Jt-eNMXemM75jg,TRUE NOLLY,139000,567,2025-07-30T18:15:02Z,102.1,210407,797.0,44.0,True,True,True,2026-10-06
sam_uche,Maurice Sam,Sonia Uche,ggrQ01DE2SE,SWORN ENEMIES 1 (FULL MOVIE) MAURICE SAM / SONIA UCHE 2026 LATEST NIGERIAN NOLLYWOOD MOVIE,"Welcome to Prime Movies TV, your #1 source for the best Nollywood, Yoruba, and Ghanaian movies — streaming 24/7 with no dull moment!

From romantic dramas to thrilling action, epic historical stories, rib-cracking comedy, and powerful traditional tales, we bring you blockbuster films starring your favorite Nollywood legends:
🎭 Mercy Johnson, Destiny Etiko, Yul Edochie, Tonto Dikeh, Zubby Michael, and many more!

🎥 What We Offer:

✅ Full HD Nollywood & Yoruba movies
✅ Classic and trending titles updated daily
✅ Subtitles for global audience
✅ Exclusive premieres & behind-the-scenes content
✅ Family-friendly & faith-based content included
✅ Powerful village stories, love tales, and royal sagas

Whether you're in Nigeria, Ghana, the UK, USA, or anywhere in the world, Prime Movies TV keeps you connected to African storytelling at its finest.#new #Movie #movies #2025 #nigerianmovies #nollywoodmovies #2025movies #africanmoviechannel #latest2025movies #romancemovie #lovemovie #Lizzygold  #nol",UCVnDr57M2LkUhldaUIiPC5g,PRIME MOVIES Tv,14600,760,2026-07-30T18:00:24Z,72.6,953,3.0,0.0,True,True,True,2026-10-06
sam_uche,Maurice Sam,Sonia Uche,IjGXyjyDYZ4,"Barbecue Girlfriend - Maurice Sam, Sonia Uche, Frances Ben (Latest Nollywood Movie 2025)","#newnollywoodfilms #ruthkadirifilm #latestnollywoodfilms
#ruthkadiri247 #mauricesam #soniauche #francesban #barbecuegirlfriend",UCTgcnd-rbUJ2UinSdwT6FWA,NewNollywood247,250000,98,2025-08-26T16:00:30Z,108.8,264367,2050.0,108.0,True,True,True,2026-10-06
sam_uche,Maurice Sam,Sonia Uche,kflqPYP2Wcc,MAURICE SAM AND SONIA UCHE MOVIE - THE LANDLADY NEXT DOOR. COMPLETE 2026 NOLLYWOOD ROMANCE MOVIE.,"Discover the captivating world of Nollywood – where raw emotion meets epic storytelling. NOLLYROMANCE FILMS is your premium destination for the best of Nigerian cinema, featuring Africa's most compelling actors and unforgettable narratives.

Dive into a universe crafted by icons like Mercy Johnson, Yul Edochie, Destiny Etiko, Ken Erics, Chizzy Alichi, and Onny Michael. Experience the full spectrum of human emotion, delivered with the unique flair of Nollywood.

What You'll Find:
✨ ACTION-PACKED THRILLERS: High-stakes drama and intense sequences.
❤️ UNFORGETTABLE ROMANCE: Love stories that break boundaries and hearts.
😂 BRILLIANT COMEDIES: Wit, humor, and relatable characters.
👑 ROYAL & EPIC SAGAS: Rich historical narratives and grand productions.
🎭 GRIPPING DRAMAS: Complex characters and compelling plots.

We bring you exclusive clips, extended trailers, and full-length movies that explore universal themes through a vibrant African lens. From Lagos to Los Angeles, join a global communi",UCqeJEN6xSLbTkpX33Z3iuQg,NOLLY ROMANCE FILMS,21400,765,2026-09-17T20:00:13Z,189.0,3585,7.0,0.0,True,True,True,2026-10-06
sam_uche,Maurice Sam,Sonia Uche,eyr9XwNtwR0,"THE BEAUTY AND THE BEHOLDER - SONIA UCHE, MAURICE SAM - Nigerian Movie","In This Nigerian Movie...

















#nigerianmovies #nollywoodmovies #familytiescinema #newmovies",UCjLl-Mwc0VbgrdJiMnzi9Lg,FamilyTies Cinema,363000,1287,2025-09-28T11:15:06Z,84.9,128256,564.0,32.0,True,True,True,2026-10-06
sam_uche,Maurice Sam,Sonia Uche,VKGAiKP3rGc,"MY ROYAL WIFE - SONIA UCHE, MAURICE SAM - Nigerian Movie","In This Nigerian Movie...
Navigating personal challenges and unspoken emotions can be challenging for newly lovebirds but in the end true love always wins.















#nigerianmovies #nollywoodmovies #familytiescinema #newmovies",UCjLl-Mwc0VbgrdJiMnzi9Lg,FamilyTies Cinema,363000,1287,2026-04-22T19:15:06Z,145.4,240404,1393.0,54.0,True,True,True,2026-10-06
sam_uche,Maurice Sam,Sonia Uche,AepRJ0Q_GQw,"BROKEN EMOTIONS - {  STARRING MAURICE SAM, SONIA UCHE }  -  New Nigerian Movie 2026","Leo happened to be in the right place at the right time when he rescued a young woman from drowning. What began as a life-saving act soon blossomed into a beautiful and inspiring love story. As their bond grew stronger, their relationship became the envy of those around them, proving that sometimes true love appears when it is least expected. #nollywoodmovies #nollywood #nollywoodnewmovie #nollywoodcinema #nollywoodlatest #mauricesam #mauricesamandsoniauche #mauricesammovies2026 #mauricesammovies #nigeriansindiaspora #usa",UCo8w1uojXp22N2GiLkk7vtg,NOLLYWOOD MOVIES ,4890,706,2026-08-08T14:00:06Z,106.4,77810,394.0,36.0,True,True,True,2026-10-06
sam_uche,Maurice Sam,Sonia Uche,V4R_jn0HaH0,"LOCAL LOVE - SONIA UCHE,MAURICE SAM NIGERIAN MOVIES 2026 LATEST FULL MOVIES","Welcome to NOLLY HOME MOVIES TV, your go-to destination for top Nollywood movies, trending Nigerian films, and exclusive Naija entertainment! We bring latest Nollywood movies, 2026 new Nigerian full movies and must-watch African cinema.",UCQLlkKkaQCdzkEEk5mg07oA,Nolly Home Movies TV,3440,33,2026-10-05T16:00:01Z,92.4,125,0.0,0.0,True,True,True,2026-10-06
sam_uche,Maurice Sam,Sonia Uche,EY1YvjEypSc,"MY SIDECHICK VS MY SIDECHICK--MAURICE SAM, SONIA UCHE- Latest Nigerian Movie 2025 #trending #Movies","#blackmoviestv

Love is a beautiful thing, it can heal broken hearts when you fall in love with the right person. Love exists so much among these two so into each other until circumstance changed everything. It's a must-watch. Relax and enjoy this piece.


#blackmoviestv #youtube  #",UCaoyvHOxmdmqa4Q99dNbmpA, BLACK MOVIES TV,830000,2131,2026-07-29T03:36:18Z,99.3,23401,169.0,0.0,True,True,True,2026-10-06
sam_uche,Maurice Sam,Sonia Uche,MgB5vSMrpKE,"MR LECTURER MY LOVE (Full Movie) - MAURICE SAM, SONIA UCHE 2026 Trending Nollywood Full Movie","MR LECTURER MY LOVE (Full Movie) - MAURICE SAM, SONIA UCHE 2026 Trending Nollywood Full Movie

🎬 Welcome to @nollywoodseries247 your home for Premium Nollywood drama, Emotional Love Stories, Family Conflicts, Betrayal, Romance, Suspense, and Real-life Inspired Stories!
Here, we bring you the Best of Nigerian movies, Epic dramas, and Trending Series that keep you glued from start to finish. Our stories explore love, heartbreak, marriage, friendship, greed, power, and redemption — all with unforgettable lessons and top Nollywood stars. 

#nollywoodmovies #nigerianmovies #africanmovies #trending #latest #nollywooddrama #usa #2026 #mauricesam #soniauche 

💥 Subscribe and turn on the notification 🔔 so you don’t miss the next blockbuster Nollywood story!
https://www.youtube.com/channel/UCJ10RzMEPNfXL7CueGKwMIw",UCJ10RzMEPNfXL7CueGKwMIw,NOLLYWOOD SERIES TV,93300,243,2026-04-25T17:00:32Z,110.1,88970,608.0,27.0,True,True,True,2026-10-06
sam_uche,Maurice Sam,Sonia Uche,YS5CVLI9yeE,"THE CHEATING WIFE (MAURICE SAM, SONIA UCHE, UCHE MONTANA)Latest Nigerian Movie 2026","#uchemontanamovies #mauricesamtv #mauricesam

He loved deeply, giving everything to the woman he married, until her endless demands left him broken and stripped of all he had. She walked away without looking back, moving on to another man. But from the ruins, he slowly rebuilt his life and found his footing again.

#youtube  #THECHEATINGWIFE #uchemontanamovies #uchemontana   #mauricesamtv   #movies #usa #unitedstates #   #mauricesam",UC7oV8yfAvx1xXvuxgwtOrZw,GLOBAL NOLLYWOOD TV,741000,3158,2026-05-16T13:07:37Z,124.5,34290,241.0,15.0,True,True,True,2026-10-06
sam_uche,Maurice Sam,Sonia Uche,oIa2TXAmd0Y,"MARRIED FOR SEX(SONIA UCHE, MAURICE SAM, UCHE MONTANA- Latest Nigerian Movie 2025 #trending #Movies","#blackmoviestv 

Love is a beautiful thing, it can heal broken hearts when you fall in love with the right person. Love exists so much among these two so into each other until circumstance changed everything. It's a must-watch. Relax and enjoy this piece.


#blackmoviestv #youtube  #MYPREGNANTSIDECHICK #uchemontanamovies #uchemontana  #uchennambunabo  #stephaniebassey   #mauricesamtv   #movies #usa #unitedstates #   #mauricesam",UCaoyvHOxmdmqa4Q99dNbmpA, BLACK MOVIES TV,830000,2131,2026-07-08T03:33:27Z,105.6,12262,88.0,2.0,True,True,True,2026-10-06
sam_uche,Maurice Sam,Sonia Uche,KfkpFnSDuQU,"IMPERFECTION (Season 3) Maurice Sam, Sonia Uche 2023 Trending Nigerian Nollywood Romantic Movie",,UC9aZoyjIiEGg_vFReSxOcMw,New Nolly wood Tv,186,10,2023-01-29T21:45:03Z,51.0,1758,22.0,3.0,True,True,False,2026-10-06
sam_uche,Maurice Sam,Sonia Uche,M0IXF5zHfOE,"LOVE BEYOND BETRAYAL - MAURICE SAM, SONIA UCHE, NADIA BUARI, ZUBBY MICHEAL 2026 NIGERIAN MOVIES","""Nollywood YouTube  TV, your ultimate destination for captivating Nollywood movies and entertainment. Step into a world of drama, romance, action, and intrigue with our extensive collection of Nollywood blockbusters and classics. Immerse yourself in the rich African storytelling and experience the magic of Nollywood right from the comfort of your home.

At Felix Okeke Movies TV, we curate a diverse selection of Nollywood films to cater to all tastes and preferences. Whether you're a fan of heartwarming family dramas, adrenaline-pumping action, or hilarious comedy, we have something for everyone.

Our Nollywood movie channel brings you the latest releases and timeless gems from renowned Nigerian filmmakers and actors. From the biggest stars to emerging talents, our platform showcases the best of Nollywood's cinematic prowess.

Unlock the full potential of your entertainment with Felix Okeke Movies TV. Join our ever-growing community of movie enthusiasts and embark on a cinematic journey",UCNrMar3WNgLpBzUi2lpiwmw,NOLLYWOOD YOUTUBE TV,703000,340,2026-09-11T16:00:11Z,132.0,129565,523.0,0.0,True,True,True,2026-10-06
sam_uche,Maurice Sam,Sonia Uche,HoN1TeyPsMc,DESTINED TO BE (COMPLETE SEASON) MAURICE SAM /SONIA UCHE 2026 TRENDING NIGERIAN NOLLYWOOD FULL MOVIE,"Welcome to Prime Movies TV, your #1 source for the best Nollywood, Yoruba, and Ghanaian movies — streaming 24/7 with no dull moment!

From romantic dramas to thrilling action, epic historical stories, rib-cracking comedy, and powerful traditional tales, we bring you blockbuster films starring your favorite Nollywood legends:
🎭 Mercy Johnson, Destiny Etiko, Yul Edochie, Tonto Dikeh, Zubby Michael, and many more!

🎥 What We Offer:

✅ Full HD Nollywood & Yoruba movies
✅ Classic and trending titles updated daily
✅ Subtitles for global audience
✅ Exclusive premieres & behind-the-scenes content
✅ Family-friendly & faith-based content included
✅ Powerful village stories, love tales, and royal sagas

Whether you're in Nigeria, Ghana, the UK, USA, or anywhere in the world, Prime Movies TV keeps you connected to African storytelling at its finest.#new #Movie #movies #2025 #nigerianmovies #nollywoodmovies #2025movies #africanmoviechannel #latest2025movies #romancemovie #lovemovie #Lizzygold  #nol",UCVnDr57M2LkUhldaUIiPC5g,PRIME MOVIES Tv,14600,760,2026-04-30T13:00:33Z,221.1,4033,12.0,0.0,True,True,True,2026-10-06
sam_uche,Maurice Sam,Sonia Uche,1gfbXfGH6Ns,LOYALTY OF A POOR MAN (Full Movie) - SONIA UCHE/EBUBE/MAURICE SAM 2026 Trending Nollywood Full Movie,"LOYALTY OF A POOR MAN (Full Movie) - SONIA UCHE/EBUBE/MAURICE SAM 2026 Trending Nollywood Full Movie

🎬 Welcome to @newfullmovies your home for Premium Nollywood drama, Emotional Love Stories, Family Conflicts, Betrayal, Romance, Suspense, and Real-life Inspired Stories!
Here, we bring you the Best of Nigerian movies, Epic dramas, and Trending Series that keep you glued from start to finish. Our stories explore love, heartbreak, marriage, friendship, greed, power, and redemption — all with unforgettable lessons and top Nollywood stars. 

#nollywoodmovies #nigerianmovies #africanmovies #trending #latest #nollywooddrama #usa #2026 #soniauche #ebubeobio 

💥 Subscribe and turn on the notification 🔔 so you don’t miss the next blockbuster Nollywood story!
https://www.youtube.com/channel/UCJ10RzMEPNfXL7CueGKwMIw 



RIHANNA",UCJ10RzMEPNfXL7CueGKwMIw,NOLLYWOOD SERIES TV,93300,243,2026-05-03T17:00:01Z,79.7,1139413,6478.0,194.0,True,True,True,2026-10-06
sam_uche,Maurice Sam,Sonia Uche,I8RIpWjEUhk,"AFTER MY FIRST KISS (MAURICE SAM, SONIA UCHE, ONYII ALEX)Latest Nigerian Movie 2026","#blackmoviestv 

Love is a beautiful thing, it can heal broken hearts when you fall in love with the right person. Love exists so much among these two so into each other until circumstance changed everything. It's a must-watch. Relax and enjoy this piece.


#blackmoviestv #youtube  #AFTERMYFIRST KISS #uchemontanamovies #uchemontana  #uchennambunabo  #soniauchetv #soniauche #   #mauricesamtv   #movies #usa #unitedstates #   #mauricesam",UCaoyvHOxmdmqa4Q99dNbmpA, BLACK MOVIES TV,830000,2131,2026-06-02T12:00:23Z,119.8,14698,75.0,1.0,True,True,True,2026-10-06
sam_uche,Maurice Sam,Sonia Uche,5zTV4sGECrc,"MARRIED FOR SEX(SONIA UCHE, MAURICE SAM, UCHE MONTANA )Latest Nigerian Movie 2026","#blackmoviestv 

Love is a beautiful thing, it can heal broken hearts when you fall in love with the right person. Love exists so much among these two so into each other until circumstance changed everything. It's a must-watch. Relax and enjoy this piece.


#blackmoviestv #youtube  #MYPREGNANTSIDECHICK #uchemontanamovies #uchemontana  #uchennambunabo  #stephaniebassey   #mauricesamtv   #movies #usa #unitedstates #   #mauricesam",UCaoyvHOxmdmqa4Q99dNbmpA, BLACK MOVIES TV,830000,2131,2026-07-01T17:30:19Z,105.2,417738,1877.0,95.0,True,True,True,2026-10-06
sam_uche,Maurice Sam,Sonia Uche,HSN-17pt3MU,BETTER TOMORROW (Full Movie) Sonia Uche/Chinenye Nnebe/Maurice Sam/Faith 2022 Latest Nollywood Movie,"BETTER TOMORROW (Full Movie) Sonia Uche/Chinenye Nnebe/Maurice Sam/Faith 2022 Latest Nollywood Movie

SUBSCRIBE NOW https://www.youtube.com/channel/UCzKrLr1ZD1uds-7c7vaSjVA?sub_confirmation=1

Get ready to be entertained...

SUBSCRIBE NOW https://www.youtube.com/channel/UCzKrLr1ZD1uds-7c7vaSjVA?sub_confirmation=1

Welcome to Uche Nancy YouTube Channel. 
Stream and Enjoy Best of Nollywood Movies with your favorite artists here on Uche Nancy TV YouTube channel. 
SUBSCRIBE NOW to stay updated on all latest Nollywood movies.

LIKE US ON FACEBOOK https://facebook.com/uchenancyofficial/
FOLLOW ON TikTok https://www.tiktok.com/@uchenancytv
JOIN US ON TELEGRAM https://t.me/uchenancymovies
JOIN OUR DISCUSSION ROOM  https://t.me/joinchat/SYuKxuGFceBhMGE0

Click here 👇🏿 to SUBSCRIBE NOW 
https://www.youtube.com/channel/UCzKrLr1ZD1uds-7c7vaSjVA?sub_confirmation=1

DO NOT FORGET TO HIT THE NOTIFICATION 🔔 BELL ICON to STAY NOTIFIED ON ALL OUR NEW MOVIES.

#Nigerianmovies​​ ​​ #Nollywoodmovies #Lates",UCzKrLr1ZD1uds-7c7vaSjVA,Uche Nancy tv,2360000,1683,2022-10-13T19:11:25Z,232.0,777334,4902.0,368.0,True,True,True,2026-10-06
sam_uche,Maurice Sam,Sonia Uche,u6WSxyqlllo,THE PROPOSAL  (FULL MOVIE) MAURICE SAM / SONIA UCHE 2026 TRENDING NIGERIAN NOLLYWOOD MOVIE,"Welcome to Prime Movies TV, your #1 source for the best Nollywood, Yoruba, and Ghanaian movies — streaming 24/7 with no dull moment!

From romantic dramas to thrilling action, epic historical stories, rib-cracking comedy, and powerful traditional tales, we bring you blockbuster films starring your favorite Nollywood legends:
🎭 Mercy Johnson, Destiny Etiko, Yul Edochie, Tonto Dikeh, Zubby Michael, and many more!

🎥 What We Offer:

✅ Full HD Nollywood & Yoruba movies
✅ Classic and trending titles updated daily
✅ Subtitles for global audience
✅ Exclusive premieres & behind-the-scenes content
✅ Family-friendly & faith-based content included
✅ Powerful village stories, love tales, and royal sagas

Whether you're in Nigeria, Ghana, the UK, USA, or anywhere in the world, Prime Movies TV keeps you connected to African storytelling at its finest.#new #Movie #movies #2025 #nigerianmovies #nollywoodmovies #2025movies #africanmoviechannel #latest2025movies #romancemovie #lovemovie #Lizzygold  #nol",UCVnDr57M2LkUhldaUIiPC5g,PRIME MOVIES Tv,14600,760,2026-06-01T17:00:09Z,176.8,17769,60.0,4.0,True,True,True,2026-10-06
sam_uche,Maurice Sam,Sonia Uche,_YZjfdOGEVU,"HEART'S BETRAYAL - NEW TRENDING NIGERIAN NOLLYWOOD MOVIE 2024 - MAURICE SAM, SONIA UCHE LATEST HIT","Watch Best Of Nigerian Nollywood Movies ,Watch Best of Nigerian actress,Best Of Nigerian Actors, Best Of Mercy Johnson, Best Of Ini Edo, best of tonto Dikeh, in Nollywood movies, action, Romance, Drama, epic, Only on youtube Best Of Nollywood Channel, see clips, trailer's and exclusives on Nollywood Movies. This Youtube channel brings you the best on Nigerian movies free, Hot, watch movies online here on this channel 
Click Here To Subscribe To Our Channel::: https://www.youtube.com/channel/UCZmcE97PQqra4sQhvxUvBTA",UC8alNj18DBAR74arUVMBqPA,Nollywood Feature Films Tv,81700,1748,2024-10-08T16:00:41Z,122.7,65044,350.0,13.0,True,True,True,2026-10-06
sam_uche,Maurice Sam,Sonia Uche,d442jsvlNnk,"AMAKA & THE BILLIONAIRE (Full Movie) - SONIA UCHE, MAURICE SAM 2026 Trending Nollywood Full Movie","AMAKA & THE BILLIONAIRE (Full Movie) - SONIA UCHE, MAURICE SAM 2026 Trending Nollywood Full Movie

🎬 Welcome to @nollywoodseries247 your home for Premium Nollywood drama, Emotional Love Stories, Family Conflicts, Betrayal, Romance, Suspense, and Real-life Inspired Stories!
Here, we bring you the Best of Nigerian movies, Epic dramas, and Trending Series that keep you glued from start to finish. Our stories explore love, heartbreak, marriage, friendship, greed, power, and redemption — all with unforgettable lessons and top Nollywood stars. 

#nollywoodmovies #nigerianmovies #africanmovies #trending #latest #nollywooddrama #usa #2026 #movie #soniauche #mauricesam 

💥 Subscribe and turn on the notification 🔔 so you don’t miss the next blockbuster Nollywood story!
https://www.youtube.com/channel/UCJ10RzMEPNfXL7CueGKwMIw 



MY FIGHTERS",UCJ10RzMEPNfXL7CueGKwMIw,NOLLYWOOD SERIES TV,93300,243,2026-05-11T17:30:00Z,117.2,151155,827.0,16.0,True,True,True,2026-10-06
umenwa_odimgbe,Ekene Umenwa,Stephen Odimgbe,LN3oBNV6SeI,THE INTRUDER  - EKENE UMENWA STEPHEN ODIMGBE  - Latest Nigerian Movie,"THE INTRUDER  - EKENE UMENWA STEPHEN ODIMGBE  - Latest Nigerian Movie

WELCOME TO STARKINGS TV PRODUCTIONS

BRILLIANT Latest Nollywood movies from the most exciting actors directly to your screen. We only serve New 2026 Nigerian Movies here. So be rest assured all the Nollywood movies you watch here will be New and Top notch.

We will be serving you Nollywood dramas, Nollywood Comedies, Nollywood Action and so much more. If you love epic nigerian films we have that in spades.
We bring you the latest Nigerian movies. Our extensive library of highly anticipated Nollywood cinema cannot go wrong.

So First Subscribe to the Channel and hit the notification bell so you never miss an upload.

https://www.youtube.com/c/StarKingsTv?sub_confirmation=1

Do you need more information about our Schedules or Upcoming Movies? 
Follow and Dm https://instagram.com/kenneyofnollywood
@kenneyofnollywood on Instagram. 

When you Subscribe to Starkings Tv, You get access to Free Movies, Full Nollywood movies",UC8PyaK7-6VJ8xfk6BOB7bFQ,StarKingsTv,1040000,810,2026-10-04T17:47:22Z,75.3,111226,1029.0,56.0,True,True,True,2026-10-06
umenwa_odimgbe,Ekene Umenwa,Stephen Odimgbe,SN9RQb33m0A,"PHILOMENA - EKENE UMENWA, STEPHEN ODIMGBE (FLASHBOY), Latest 2026 Nigerian Movies","PHILOMENA is an entertaining Nollywood drama about love, misunderstandings, unexpected connections, and finding happiness in the most unlikely person.

STARRING: EKENE UMENWA, STEPHEN ODIMGBE (FLASHBOY) AND MANY OTHERS.

NOW SHOWING ON MY EL-ROI TV

#philomena #ekeneumenwa #stephenodimgbe #flashboy #nollywoodmovies #africanmovies #myelroitv #nollywood #nigerianmovies",UCoZDXUo8kHGOygRR8xBMreg, My El-Roi TV,102000,21,2026-09-16T18:41:15Z,107.6,730817,4748.0,558.0,True,True,True,2026-10-06
umenwa_odimgbe,Ekene Umenwa,Stephen Odimgbe,KauEK0hpBmU,"PLUS and MINUS - EKENE UMENWA, STEPHEN ODIMGBE, KIZMARY OKOLO, JANE OBI | 2025 latest Nigerian movie","The couple , Paulinus and Agnes tried different devices to make money which always landed them in trouble. Watch what their greed for money landed them in.",UCvPHJ8lJy7kZ_aJYZMuii2Q,Nolly MovieRoom,324000,77,2025-12-03T18:45:54Z,102.8,1337275,11479.0,1070.0,True,True,True,2026-10-06
umenwa_odimgbe,Ekene Umenwa,Stephen Odimgbe,N5uG2Gjm3Zc,"LOCAL TROUBLE VILLAGE QUEEN - Ekene Umenwa, Stephen Odimgbe, nigerian movies 2026 latest full movies","#trendingnigerianmovies #africanmovies #nollywoodmovies 
LOCAL TROUBLE VILLAGE QUEEN - Ekene Umenwa, Stephen Odimgbe, nigerian movies 2026 latest full movies

Watch the best Nollywood movies, best Nigerian movies and African movies on NOLLYMATE STARS TV.

We welcome all Nollywood lovers to join our community and expect the very best of Nigerian movies, Nollywood movies, African movies, comedy movies, epic movies, romantic movies, family movies, action movies, thriller movies, and series.

👉Don't forget to SUBSCRIBE: https://www.youtube.com/channel/UC2eVEg3g8j-9XIAV6XRfLLg and like & comment on your favourite scene.
#africanfilms #film #movie",UC2eVEg3g8j-9XIAV6XRfLLg,NOLLYMATE STARS TV,26100,1101,2026-09-27T18:30:23Z,256.8,79635,357.0,51.0,True,True,True,2026-10-06
umenwa_odimgbe,Ekene Umenwa,Stephen Odimgbe,9hvzY-Bv0PQ,"MARRIED TO MY MAID -EKENE UMENWA, STEPHEN ODIMGBE (New Nigerian Movie) 2026 Latest Nollywood #movie","when Oga Decides To Leave Madam And Follow House Gilr The Drama Begins To Unfold.
Welcome to Amazon Nolly Prime Tv

WE GO EXTRA MILES IN MAKING SURE OUR AUDIENCE ARE SERVED THRILLING MOVIES WHILE AT THE SAME TIME TEACHING AND MAINTAINING THE VALUES OF AFRICAN CULTURE.

PLEASE DO SUBSCRIBE NOW to STAY UPDATED.",UCNp9Yx9dVIbISpklhMappyw,Amazon Nolly Prime Tv,16300,124,2026-01-24T15:59:21Z,175.6,25120,145.0,16.0,True,True,True,2026-10-06
umenwa_odimgbe,Ekene Umenwa,Stephen Odimgbe,3Cd6kDHb2LY,"ONE DAY PRINCIPAL  - EKENE UMENWA,STEPHEN ODIMGBE,RUBY OJIKOR,SOMTO UMENWA,JUDE OGBODO,New Movie","Here is a synopsis of the movie ""One Day Principal"":

The movie follows the story of a young girl who marries her school teacher, but their relationship takes a complicated turn. The husband is possessive and controlling, forbidding her from interacting with other boys at school and insisting she keeps their marriage a secret outside of their home. Despite these challenges, the girl excels academically and wins a prestigious assignment, earning her the chance to become the school's principal for a day. However, her husband's jealousy and insecurities surface, causing tension in their relationship. The movie explores themes of gender dynamics, power struggles, and self-empowerment as the girl navigates her new role and asserts her independence.


*Movie Title:* One Day Principal

*Directed by:* Nellyann Chisom

*Produced by:* Ekene Umenwa

*Cast:*

- Ekene Umenwa
- Stephen Odimgbe
- Ruby Ojiakor
- Someto Umenwa
- Jude Ogbodo

*Production Company:* Ekene Umenwa Production

*Release Year:",UCNL6JutHsTjziKjmVtWnB1A,EKENE UMENWA TV,939000,295,2024-06-04T15:58:57Z,143.8,4256918,48335.0,4349.0,True,True,True,2026-10-06
umenwa_odimgbe,Ekene Umenwa,Stephen Odimgbe,h-Sqj0Q7HY0,"Somadina The Fish Seller - Ekene Umenwa, Stephen Odimgbe |Nigerian Movies 2026 Latest Full Movie","WATCH THE BEST OF NOLLYWOOD SUPERSTARS ON THIS CHANNEL STARRING REGINAL DANIELS, FREDRICK LEONARD, YUL EDOCHIE, QUEENETH HILBERT, UJU OKOLI AND DONT FORGET TO LIKE, COMMENT AND SHARE. Powered by RealNollyTV #nollywoodfilm #Nigerianfilm #Ghanamovies
License Exclusively To: RealNolly Tv

Powered By: Nollywood MovieHouse Tv",UCQ15H5enfDKAL4xNLAQ_-Zw,NOLLYWOOD MOVIEHOUSE TV,139000,2246,2026-09-18T09:13:02Z,215.2,42653,203.0,18.0,True,True,True,2026-10-06
umenwa_odimgbe,Ekene Umenwa,Stephen Odimgbe,V3sa7J3mxXA,"Somadina The Fish Seller - Ekene Umenwa, Stephen Odimgbe |Nigerian Movies 2026 Latest Full Movie","WATCH THE BEST OF NOLLYWOOD SUPERSTARS ON THIS CHANNEL STARRING REGINAL DANIELS, FREDRICK LEONARD, YUL EDOCHIE, QUEENETH HILBERT, UJU OKOLI AND DONT FORGET TO LIKE, COMMENT AND SHARE. Powered by RealNollyTV #nollywoodfilm #Nigerianfilm #Ghanamovies
License Exclusively To: RealNolly Tv

Powered By: Nollywood MovieHouse Tv",UCQ15H5enfDKAL4xNLAQ_-Zw,NOLLYWOOD MOVIEHOUSE TV,139000,2246,2026-09-20T09:15:17Z,258.6,13803,67.0,8.0,True,True,True,2026-10-06
umenwa_odimgbe,Ekene Umenwa,Stephen Odimgbe,SLr04dWTNCg,"INCOMING QUEEN - EKENE UMENWA, STEPHEN ODIMGBE, XIOLLA JOHN, Latest Nigerian Nollywood Movie","#ekeneumenwa #entertainment #shortfilm #incomingqueen #presstoratv 

Get ready for the new movie ""Incoming Queen"" featuring Stephen Odimbge, Ekene Umenwa, and Xiolla John. This family-friendly comedy is a must-watch with elements of royal infidelity and unfaithful marriage drama. Don't miss out on this exciting new release.

INCOMING QUEEN - EKENE UMENWA, STEPHEN ODIMGBE, XIOLLA JOHN, Latest Nigerian Nollywood Movie

#royal #drama #Nollywood #Nigeria #flashboy #family",UC81p874-5oGGRJWCSKApQrA,PRESSTORA TV,26400,15,2026-01-16T15:00:53Z,108.0,773074,7602.0,491.0,True,True,True,2026-10-06
umenwa_odimgbe,Ekene Umenwa,Stephen Odimgbe,JyVHiVO1xKA,"PROMISE ME LOVE(New Movie)~EKENE UMENWA, STEPHEN ODIMGBE, JOHN BADAIKI 2026 Nigerian movie","PROMISE ME LOVE(New Movie)~EKENE UMENWA, STEPHEN ODIMGBE, JOHN BADAIKI 2026 Nigerian movie

🔔𝐃𝐨𝐧'𝐭 𝐟𝐨𝐫𝐠𝐞𝐭 𝐭𝐨 𝐬𝐮𝐛𝐬𝐜𝐫𝐢𝐛𝐞 𝐭𝐨 𝐨𝐮𝐫 𝐜𝐡𝐚𝐧𝐧𝐞𝐥 𝐟𝐨𝐫 𝐦𝐨𝐫𝐞 𝐮𝐩𝐝𝐚𝐭𝐞𝐬.
https://www.youtube.com/channel/UC0xz56kbzXxH_pZTzrqpVtw

🔗 Stay Connected With Us.

Facebook: https://www.facebook.com/SUNYRICHYNOLLYTV
Instagram: https://www.instagram.com/realsunyrichyofficial/

=============================

🎬Suggested videos for you:
▶️ https://www.youtube.com/watch?v=t6TQPr8FMJA
▶️ https://www.youtube.com/watch?v=tjR367YKqfo
▶️ https://www.youtube.com/watch?v=oFWf4Dy2ktU 
▶️https://www.youtube.com/watch?v=nbn2ehdeRtM
▶️ https://www.youtube.com/watch?v=hKcijt1lUkY 
▶️ https://www.youtube.com/watch?v=VTxFMILh2LY
▶️ https://www.youtube.com/watch?v=mSAOFlIxtKw
▶️ https://www.youtube.com/watch?v=2uMOrFPopAE
▶️ https://www.youtube.com/watch?v=W0y-OyKA0rk
▶️ https://www.youtube.com/watch?v=2SSHdTtPQ3E
▶️ https://www.youtube.com/watch?v=HyF8Oq63-qE
=================================
Sunyrichy NollyTv channel on Youtube is ",UC0xz56kbzXxH_pZTzrqpVtw,SUNYRICHY NOLLYTV,1000000,2389,2026-05-25T16:00:53Z,91.8,561037,5218.0,392.0,True,True,True,2026-10-06
umenwa_odimgbe,Ekene Umenwa,Stephen Odimgbe,TkFlZiPG3sM,"MY DESTINY HELPER - (New Full Movie) EKENE UMENWA, STEPHEN ODIMGBE 2025 LATEST NIGERIAN MOVIE","Visit us and watch the best of Nigerian Movies , Latest Nollywood Movies. Watch the  best of Nollywood actors, best of Nigerian actors, best of Mercy Johnson, best Of Ken Erics, best of , Destiny Etiko, Yul Edochie, Ebele Okaro, Uju Okoli, Ngozi Ezeonu, Zubby Michael, Jerry Williams in Latest Nollywood movies, action, Romance, Drama, epic, Only on S NOLLYWOODTV YouTube best of Nollywood Channel. See Clips, trailer's, behind the scenes and exclusives Nollywood latest Movies.

#Nigerianmovie #Ghanamovie #Nollywoodmovie",UCNGywvNx5_wolN0-z9orVKQ,SNollywoodTV,453000,805,2026-01-17T12:35:55Z,238.7,54393,233.0,13.0,True,True,True,2026-10-06
umenwa_odimgbe,Ekene Umenwa,Stephen Odimgbe,3IIs3taG_b4,"Somadina The Fish Seller - Ekene Umenwa, Stephen Odimgbe |Nigerian Movies 2026 Latest Full Movie","WATCH THE BEST OF NOLLYWOOD SUPERSTARS ON THIS CHANNEL STARRING REGINAL DANIELS, FREDRICK LEONARD, YUL EDOCHIE, QUEENETH HILBERT, UJU OKOLI AND DONT FORGET TO LIKE, COMMENT AND SHARE. Powered by RealNollyTV #nollywoodfilm #Nigerianfilm #Ghanamovies
License Exclusively To: RealNolly Tv

Powered By: Nollywood MovieHouse Tv",UCQ15H5enfDKAL4xNLAQ_-Zw,NOLLYWOOD MOVIEHOUSE TV,139000,2246,2026-09-13T09:30:02Z,107.7,132204,507.0,42.0,True,True,True,2026-10-06
umenwa_odimgbe,Ekene Umenwa,Stephen Odimgbe,yeW7qcaW8rw,"NNENNA  - EKENE UMENWA, STEPHEN ODIMGBE  - Latest Nigerian Movie","NNENNA  - EKENE UMENWA, STEPHEN ODIMGBE  - Latest Nigerian Movie

WELCOME TO STARKINGS TV PRODUCTIONS

BRILLIANT Latest Nollywood movies from the most exciting actors directly to your screen. We only serve New 2026 Nigerian Movies here. So be rest assured all the Nollywood movies you watch here will be New and Top notch.

We will be serving you Nollywood dramas, Nollywood Comedies, Nollywood Action and so much more. If you love epic nigerian films we have that in spades.
We bring you the latest Nigerian movies. Our extensive library of highly anticipated Nollywood cinema cannot go wrong.

So First Subscribe to the Channel and hit the notification bell so you never miss an upload.

https://www.youtube.com/c/StarKingsTv?sub_confirmation=1

Do you need more information about our Schedules or Upcoming Movies? 
Follow and Dm https://instagram.com/kenneyofnollywood
@kenneyofnollywood on Instagram. 

When you Subscribe to Starkings Tv, You get access to Free Movies, Full Nollywood movies on Y",UC8PyaK7-6VJ8xfk6BOB7bFQ,StarKingsTv,1040000,810,2026-08-11T17:11:26Z,134.4,406457,3972.0,262.0,True,True,True,2026-10-06
umenwa_odimgbe,Ekene Umenwa,Stephen Odimgbe,S2aQFhfS9iw,"HOUSEHELP ON FIRE - EKENE UMENWA, STEPHEN ODIMGBE 2026 Latest Nigerian Nollywood Movie","HOUSEHELP ON FIRE - EKENE UMENWA, STEPHEN ODIMGBE 2026 Latest Nigerian Nollywood Movie",UCkiyDaN4Az-5IO3QXdzZ0aw,Nollymate movies tv,35500,90,2026-02-10T09:23:38Z,217.4,58995,288.0,14.0,True,True,True,2026-10-06
umenwa_odimgbe,Ekene Umenwa,Stephen Odimgbe,csqw89n4dNA,"MAID IN LOVE - EKENE UMENWA, STEPHEN ODIMGBE, Latest Nigerian Nollywood Movies 2026.","#movies #nollywoodmovies #nollywood #nigerianmovies #movie 
Welcome to Amazon Nolly Prime Tv

WE GO EXTRA MILES IN MAKING SURE OUR AUDIENCE ARE SERVED THRILLING MOVIES WHILE AT THE SAME TIME TEACHING AND MAINTAINING THE VALUES OF AFRICAN CULTURE.

PLEASE DO SUBSCRIBE NOW to STAY UPDATED.",UCNp9Yx9dVIbISpklhMappyw,Amazon Nolly Prime Tv,16300,124,2026-06-28T16:00:22Z,175.7,26827,201.0,10.0,True,True,True,2026-10-06
umenwa_odimgbe,Ekene Umenwa,Stephen Odimgbe,25W2J8r8Uv8,"NOT MY QUEEN - EKENE UMENWA, STEPHEN ODIMGBE, ONYINYE OKAFOR, Latest Nigerian Nollywood movie","#entertainment #shortfilm #incomingqueen #presstoratv 

Get ready for the masterpiece ""NOT MY QUEEN"" featuring Stephen Odimbge, Ekene Umenwa, and Onyinye Okafor. This family-friendly action is a must-watch with elements of royal infidelity and unfaithful marriage drama. Don't miss out on this exciting new release.

NOT MY QUEEN - EKENE UMENWA, STEPHEN ODIMGBE, ONYINYE OKAFOR, Latest Nigerian Nollywood movie

#ekeneumenwa #flashboy #royal #drama #Nollywood #Nigeria",UC81p874-5oGGRJWCSKApQrA,PRESSTORA TV,26400,15,2026-07-03T15:00:20Z,123.0,300578,2846.0,273.0,True,True,True,2026-10-06
umenwa_odimgbe,Ekene Umenwa,Stephen Odimgbe,FShoWX2zsME,"PROMISE ME LOVE(New Movie)~EKENE UMENWA, STEPHEN ODIMGBE, JOHN BADAIKI 2026 Nigerian movie","PROMISE ME LOVE(New Movie)~EKENE UMENWA, STEPHEN ODIMGBE, JOHN BADAIKI 2026 Nigerian movie

🔔𝐃𝐨𝐧'𝐭 𝐟𝐨𝐫𝐠𝐞𝐭 𝐭𝐨 𝐬𝐮𝐛𝐬𝐜𝐫𝐢𝐛𝐞 𝐭𝐨 𝐨𝐮𝐫 𝐜𝐡𝐚𝐧𝐧𝐞𝐥 𝐟𝐨𝐫 𝐦𝐨𝐫𝐞 𝐮𝐩𝐝𝐚𝐭𝐞𝐬.
https://www.youtube.com/channel/UC0xz56kbzXxH_pZTzrqpVtw

🔗 Stay Connected With Us.

Facebook: https://www.facebook.com/SUNYRICHYNOLLYTV
Instagram: https://www.instagram.com/realsunyrichyofficial/

=============================

🎬Suggested videos for you:
▶️ https://www.youtube.com/watch?v=t6TQPr8FMJA
▶️ https://www.youtube.com/watch?v=tjR367YKqfo
▶️ https://www.youtube.com/watch?v=oFWf4Dy2ktU 
▶️https://www.youtube.com/watch?v=nbn2ehdeRtM
▶️ https://www.youtube.com/watch?v=hKcijt1lUkY 
▶️ https://www.youtube.com/watch?v=VTxFMILh2LY
▶️ https://www.youtube.com/watch?v=mSAOFlIxtKw
▶️ https://www.youtube.com/watch?v=2uMOrFPopAE
▶️ https://www.youtube.com/watch?v=W0y-OyKA0rk
▶️ https://www.youtube.com/watch?v=2SSHdTtPQ3E
▶️ https://www.youtube.com/watch?v=HyF8Oq63-qE
=================================
Sunyrichy NollyTv channel on Youtube is ",UC0xz56kbzXxH_pZTzrqpVtw,SUNYRICHY NOLLYTV,1000000,2389,2026-05-30T18:55:59Z,172.4,162542,1389.0,86.0,True,True,True,2026-10-06
umenwa_odimgbe,Ekene Umenwa,Stephen Odimgbe,zjATlBqy9RU,"DANGEROUS LOVE (COMPLETE SEASON)  EKENE UMENWA, STEPHEN ODIMGBE 2023 Latest Nollywood Movie #new","A love so pure yet so dangerous. Celestine (STEPHEN ODIMGBE) Life changes in a twinkle of an eye & he seems to have forgotten his one beautiful treasure behind in poverty.
Starring: EKENE UMENWA, STEPHEN ODIMGBE, MARIAM UDE, and many more.
SCREENPLAY: ANDRONICUS TITUS EMEKA
EXECUTIVE PRODUCER:  SUNDAY OMOROGBE
ASSOCIATE PRODUCER: JONAS IZEUGBU
EDITOR:  IKEM CHIJIOKE
DIRECTOR:  ANDRONICUS TITUS EMEKA
COMPANY: SUNYRICHY TEK LTD
YEAR:  2023                                      
Click to subscribe: https://www.youtube.com/channel/UC0xz56kbzXxH_pZTzrqpVtw
Welcome to the home of African movies. Watch the best Nigerian Movies, the Latest Nollywood Movies. Watch the best of Nollywood actors, the best of Nigerian actors, the best of Mercy Johnson, the Best Of Ken Erics, the best of, Destiny Etiko, Yul Edochie, Ebele Okaro, Uju Okoli, Ngozi Ezeonu, Zubby Michael, Jerry Williams in Latest Nollywood movies, action, Romance, Drama, epic, Only on SUNYRICHY NOLLYTV YouTube best of Nollywood Channel. ",UC0xz56kbzXxH_pZTzrqpVtw,SUNYRICHY NOLLYTV,1000000,2389,2023-11-01T17:45:01Z,283.2,573749,4625.0,287.0,True,True,True,2026-10-06
umenwa_odimgbe,Ekene Umenwa,Stephen Odimgbe,8ukvTIZnbGw,"FAST FAST MARRIAGE (New Movie Alert) EKENE UMENWA, STEPHEN ODIMGBE 2026 LATEST NIGERIAN MOVIE","Visit us and watch the best of Nigerian Movies , Latest Nollywood Movies. Watch the  best of Nollywood actors, best of Nigerian actors, best of LIZZY GOLD, YUL EDOCHIE, EKENE UMENWA, EBUBE OBIO, NOSA REX, MALEEK MILTON, UJU OKOLI and many more action, Romance, Drama, epic movies Only on SUNYFLIX Nollywood Channel. See Clips, trailer's, behind the scenes and exclusives Nollywood latest Movies.

#Nigerianmovie #Ghanamovie #Nollywoodmovie",UCj87Z0k0PPU0d63DJ6EyihA,SUNYFLIX,46900,276,2026-04-24T12:18:19Z,296.1,319336,2003.0,77.0,True,True,True,2026-10-06
umenwa_odimgbe,Ekene Umenwa,Stephen Odimgbe,8SicH0cUZpU,"MONICA and the CORPER SAGA - EKENE UMENWA , STEPHEN ODIMGBE | 2026 LATEST  NOLLYWOOD MOVIE","Welcome To Netflex  TV Plus — your home for the best Nollywood movies, Nigerian movies, and African short films packed with drama, romance, comedy, and suspense

#africandiaspora 

Steering : EKENE UMENWA , STEPHEN ODIMGBE 

🎬 2026 Latest Nigerian Movie
🎥 New Nollywood Full Movie (2026)


Watch till the end and subscribe to this channel As We Bring The Best Of Nigerian Movies To Africans Living In The UNITED STATES OF AMERICA (USA),  CANADA,GERMANY, UNITED KINGDOM (UK) JAMAICA, TRINIDAD & TOBAGO And Other Countries Of The World.

#2026africannollywoodmovies #nigerianmovies2026  #LatestNigerianMovies #nigerianfilms #nollywood #netflextvplus",UClBuehtp2k_FSvkSY4Vvo7Q,Netflex Tv plus ,9160,444,2026-10-05T12:00:11Z,146.9,55,0.0,0.0,True,True,True,2026-10-06
umenwa_odimgbe,Ekene Umenwa,Stephen Odimgbe,dgRuLAzlx9Q,"SOMADINA THE FISH SELLER - Stephen Odimgbe, Ekene Umenwa | Nigerian movies 2026 latest full movies","#trendingnigerianmovies #africanmovies #nollywoodmovies 
SOMADINA THE FISH SELLER - Stephen Odimgbe, Ekene Umenwa | Nigerian movies 2026 latest full movies

Watch the best Nollywood movies, best Nigerian movies and African movies on NOLLYMATE STARS TV.

We welcome all Nollywood lovers to join our community and expect the very best of Nigerian movies, Nollywood movies, African movies, comedy movies, epic movies, romantic movies, family movies, action movies, thriller movies, and series.

👉Don't forget to SUBSCRIBE: https://www.youtube.com/channel/UC2eVEg3g8j-9XIAV6XRfLLg and like & comment on your favourite scene.
#africanfilms #film #movie",UC2eVEg3g8j-9XIAV6XRfLLg,NOLLYMATE STARS TV,26100,1101,2026-09-16T09:15:21Z,162.1,137739,429.0,54.0,True,True,True,2026-10-06
umenwa_odimgbe,Ekene Umenwa,Stephen Odimgbe,UCTY0yybR8k,THEY ARE LIKE CAT AND DOG BUT ENDED FALLING IN LOVE(Ekene Umenwa & Stephen 2023 Nollywood Movie),"THEY ARE LIKE CAT AND DOG BUT ENDED FALLING IN LOVE(Ekene Umenwa & Stephen Odimgbe 2023 Nollywood Movie)

#ruthkadirimovies #newnollywoodmovie #nollywood
#Nollywoodmovies #eddiewatson #nollywood #ruthkadirimovies #movie #newnollywoodmovie",UCOGZjY0sRi-Uv6-OgBbbFVg,FirstNolly247,8150,7,2023-03-06T13:26:35Z,143.6,18410,126.0,21.0,True,True,True,2026-10-06
umenwa_odimgbe,Ekene Umenwa,Stephen Odimgbe,z4ASj8eFyAM,"THE MAID'S AFFECTION - EKENE UMENWA, STEPHEN ODIMGBE | 2025 Latest Nigerian Movies","THE MAID'S AFFECTION - EKENE UMENWA, STEPHEN ODIMGBE | 2025 Latest Nigerian Movies

2025 EXCLUSIVE NOLLYWOOD MOVIES

Watch Best Of Nigerian Nollywood Movies
Featuring all trending actors and blockbuster movies
Bringing you the latest Nigerian movies

SMOLDERING FIRE

 #nollywoodmovies #latestnigerianmovies #2025latestnigernmovies",UCUnqBPqdf_yfRU8ty3XqTgw,Nollyworld tv,65900,276,2025-11-15T15:01:54Z,143.6,4261,30.0,1.0,True,True,True,2026-10-06
umenwa_odimgbe,Ekene Umenwa,Stephen Odimgbe,w2ah4vQSTsc,ONOME THE HUSTLER Part 1&2 - Ekene Umenwa / Stephen Odimgbe - 2026 Latest Nigerian Nollywood Movie,"🎬 Welcome to Royal Nolly Films TV – your ultimate destination for the latest and greatest Nollywood movies! From romance, drama, comedy, to thrilling action, we bring you full-length Nigerian films in high-quality HD.

ONOME THE CITY HUSTLER 1&2 - Ekene Umenwa / Stephen Odimgbe - 2026 Latest Nigerian Nollywood Movie
#RoyalNollyFilmsTv #Nollywood #Movies

🌍 Watch and enjoy Nollywood movies anytime, anywhere – whether you love Yoruba, Igbo, Hausa, or English-language films. Stay updated with new releases, timeless classics, and blockbuster hits straight from Nigeria’s top actors and directors.

✅ Don’t forget to Subscribe and hit the bell icon to never miss a new movie!
💬 Comment your favorite films and share with friends to support Royal Nolly Films TV.

#RoyalNolly #RoyalNollyTV #RoyalFilmsTV #RoyalStories #Royal #RoyalMovie #RoyalFilms #RoyalCinema #RoyalEntertainment #Nollywood #NigerianMovies #NollywoodMovies #AfricanCinema #NaijaMovies #MustWatch #MovieTime #FilmLovers #CinemaVibes",UCRBkCl40ne8bh8fpmC2P-vg,ROYAL NOLLY FILMS TV,45300,804,2026-06-26T14:00:29Z,85.0,47032,352.0,25.0,True,True,True,2026-10-06
umenwa_odimgbe,Ekene Umenwa,Stephen Odimgbe,NJ3Bk9hgl00,This ekene umenwa and Stephen odimgbe movie will make your day-2026,"2026 Latest Nigerian Movies Movies

Watch Best Of Nigerian Nollywood Movies
Featuring all trending actors and blockbuster movies
Bringing you the latest Nigerian movies

#nigerianmovies #nollywoodmovies #trendingnigerianmovies #fullnigerianmovies",UC2p42oYmSQyqAGfXcE62eYQ,Demeks Tv,244000,3347,2026-08-17T13:00:23Z,312.0,6233,37.0,4.0,True,True,True,2026-10-06
umenwa_odimgbe,Ekene Umenwa,Stephen Odimgbe,KLOn46-4k5s,MY INDECISION FULL MOVIE | BEST OF EKENE UMENWA 2022 NIGERIAN MOVIE,"MY KID INNOCENT SISTER IS PREGNANT FOR A HANDSOME BILLIONAIRE ENGINEER

Visit us and watch the best of Nigerian Movies , Latest Nollywood Movies. Watch the  best of Nollywood actors, best of Nigerian actors, best of Mercy Johnson, best Of Ken Erics, best of , Destiny Etiko, Yul Edochie, Ebele Okaro, Uju Okoli, Ngozi Ezeonu, Zubby Michael, Jerry Williams in Latest Nollywood movies, action, Romance, Drama, epic, Only on S NOLLYWOODTV YouTube best of Nollywood Channel. See Clips, trailer's, behind the scenes and exclusives Nollywood latest Movies.

#Nigerianmovie #Ghanamovie #Nollywoodmovie",UCNGywvNx5_wolN0-z9orVKQ,SNollywoodTV,453000,805,2022-04-27T17:11:17Z,300.8,2958903,22108.0,1686.0,True,False,True,2026-10-06
umenwa_odimgbe,Ekene Umenwa,Stephen Odimgbe,tyDH2U0aOvc,"INCOMING QUEEN (New Full Movie) EKENE UMENWA, STEPHEN ODIMGBE 2026 Latest Nigerian Nollywood Movie","Visit us and watch the best of Nigerian Movies , Latest Nollywood Movies. Watch the  best of Nollywood actors, best of Nigerian actors, best of Mercy Johnson, best Of Ken Erics, best of , Destiny Etiko, Yul Edochie, Ebele Okaro, Uju Okoli, Ngozi Ezeonu, Zubby Michael, Jerry Williams in Latest Nollywood movies, action, Romance, Drama, epic, Only on S NOLLYWOODTV YouTube best of Nollywood Channel. See Clips, trailer's, behind the scenes and exclusives Nollywood latest Movies.

#Nigerianmovie #Ghanamovie #Nollywoodmovie",UCNGywvNx5_wolN0-z9orVKQ,SNollywoodTV,453000,805,2026-01-14T12:09:45Z,354.2,42556,212.0,11.0,True,True,True,2026-10-06
umenwa_odimgbe,Ekene Umenwa,Stephen Odimgbe,TsHeqqLiXwI,"HUSTLERS, HUSTLERS - Ekene Umenwa & Stephen Odimgbe | 2026 Latest Nigerian Funny Movie","🎬 Welcome to Royal Nolly Films TV – your ultimate destination for the latest and greatest Nollywood movies! From romance, drama, comedy, to thrilling action, we bring you full-length Nigerian films in high-quality HD.

HUSTLERS, HUSTLERS - Ekene Umenwa & Stephen Odimgbe | 2026 Latest Nigerian Funny Movie
#RoyalNollyFilmsTv #Nollywood #Movies

🌍 Watch and enjoy Nollywood movies anytime, anywhere – whether you love Yoruba, Igbo, Hausa, or English-language films. Stay updated with new releases, timeless classics, and blockbuster hits straight from Nigeria’s top actors and directors.

✅ Don’t forget to Subscribe and hit the bell icon to never miss a new movie!
💬 Comment your favorite films and share with friends to support Royal Nolly Films TV.

#RoyalNolly #RoyalNollyTV #RoyalFilmsTV #RoyalStories #Royal #RoyalMovie #RoyalFilms #RoyalCinema #RoyalEntertainment #Nollywood #NigerianMovies #NollywoodMovies #AfricanCinema #NaijaMovies #MustWatch #MovieTime #FilmLovers #CinemaVibes #MovieNight",UCRBkCl40ne8bh8fpmC2P-vg,ROYAL NOLLY FILMS TV,45300,804,2026-09-18T18:00:23Z,248.9,20478,109.0,4.0,True,True,True,2026-10-06
umenwa_odimgbe,Ekene Umenwa,Stephen Odimgbe,2IB1KfMRuyw,Housemaid & Gateman - Ekene Umenwa / Stephen Odimgbe - 2026 Latest Nigerian Movie,"Bringing the best drama to your door step. Watch Best of Nigerian actress Best in Nollywood movies, Romance, Drama and epic watch online here on this channel.
@naijadrama  #nigerianmovies #nollywoodmovies #ghanamovies #naijadrama #romancemovie 

Housemaid & Gateman - Ekene Umenwa / Stephen Odimgbe - 2026 Latest Nigerian Movie

New nigerian movies,latest nigerian movies,nollywood movies,nigerian movies,top nollywood movies,exciting nollywood movies,nigerian films,nollywood films,latest nollywood movies,2025 latest nigerian nollywood movie,nigerian films 2025,ebube obio,nigerian movies 2025,nollywood movies 2025, nollywood movies 2025 latest full movies,ebube obio movies 2025, 2025 movies,usa,love,travel,new nigerian movies 2025,america,desho denard tv,bellevue tv,congo france tvWatch Best Of Nigerian Nollywood Movies ,Watch Best of Nigerian actress,Best Of Nigerian Actors, Best Of Mercy Johnson, Best Of Ini Edo, best of tonto Dikeh, in Nollywood movies, action, Romance, Drama, epic, Onl",UCLeS0S2kMA1ZhhS_XQjTayw,Naija Drama,522000,6378,2026-04-06T11:00:02Z,250.7,222096,1262.0,70.0,True,True,True,2026-10-06
umenwa_odimgbe,Ekene Umenwa,Stephen Odimgbe,dsnw_Ecu8cM,Onome The Hustler 1&2- EKENE UMENWA & STEPHEN ODIMGBE 2026 Nig Movie,"Crown Nolly Films Tv Brings the best and authentic nollywood blockbuster movies to your doorstep. 
 Kindly Subscribe !",UCDPoFNOtDYmFDHCSTAlzQ1Q,CROWN NOLLY FILMS Tv,52000,746,2026-06-26T14:00:33Z,85.0,12499,78.0,2.0,True,True,True,2026-10-06
umenwa_odimgbe,Ekene Umenwa,Stephen Odimgbe,tIA38dIA1p4,"CHOOSE YOUR KING - EKENE UMENWA, STEPHEN ODIMGBE, MALEEK MALTON 2025 Latest Nollywood Movie","Welcome To Our Channel Home Of nollywoodmovies #2025nigeriamovies #fullmovies #movies #nigerianmovies #africanmovies #onlocked #mikeezuruonye #swiftangeltv #spiritual #fighters #newmovies #newmovies2021 #2021 #2023 #2024 #2025 

Subscribe to our channel for free movies, more PECUNIA NOLLYWOOD TV, and more exciting #Nollywood movies. #officialteaser #spiritualfighters.

#Nollywood #Movies brings you the best of #entertainment on #YouTube channel, #FREE movies is all you get here each time
 you visit the Nollywood Romance #YouTube Channel, for #new and Latest #2025 #Nigerian films, just #subscribe to this 
channel on Youtube Watch #Nollywood #movies on Nollywood Romance, FREE African movies, Nigerian FREE Movies on Youtube.
 #Nollywoodmovies #Nigerianmovies #Ghanamovies #Latestmovies #2018 Movies #2021movies #2020movies #mikeezuruonye #nollywoddpridetv #newmovies

Click Here To Subscribe To Our Channel

2021  Latest Nigerian Nollywood Movie | New Movies",UCw3NAOxVKbJu4pjfacEHpiw,PECUNIA NOLLYWOOD TV,12600,464,2025-12-26T13:01:51Z,217.7,2573,9.0,5.0,True,True,True,2026-10-06
umenwa_odimgbe,Ekene Umenwa,Stephen Odimgbe,ZwScMcbuMz4,"Somadina The Fish Seller - Ekene Umenwa, Stephen Odimgbe |Nigerian Movies 2026 Latest Full Movie","WATCH THE BEST OF NOLLYWOOD SUPERSTARS ON THIS CHANNEL STARRING REGINAL DANIELS, FREDRICK LEONARD, YUL EDOCHIE, QUEENETH HILBERT, UJU OKOLI AND DONT FORGET TO LIKE, COMMENT AND SHARE. Powered by RealNollyTV #nollywoodfilm #Nigerianfilm #Ghanamovies
License Exclusively To: RealNolly Tv

Powered By: Nollywood MovieHouse Tv",UCQ15H5enfDKAL4xNLAQ_-Zw,NOLLYWOOD MOVIEHOUSE TV,139000,2246,2026-09-16T09:30:30Z,61.4,119521,337.0,8.0,True,True,True,2026-10-06
umenwa_odimgbe,Ekene Umenwa,Stephen Odimgbe,kUElY4MyZNY,"start your day with this interesting ekene umenwa,stephen odimgbe movie-2026","2026 Latest Nigerian Movies Movies

Watch Best Of Nigerian Nollywood Movies
Featuring all trending actors and blockbuster movies
Bringing you the latest Nigerian movies

#nigerianmovies #nollywoodmovies #trendingnigerianmovies #fullnigerianmovies",UC2p42oYmSQyqAGfXcE62eYQ,Demeks Tv,244000,3347,2026-09-17T13:00:39Z,81.4,9819,44.0,2.0,True,True,True,2026-10-06
umenwa_odimgbe,Ekene Umenwa,Stephen Odimgbe,bMA7XePEac0,"ONOME THE STREET HUSTLER (COMPLETE MOVIE) - EKENE UMENWA,STEPHEN ODIMGBE LATEST NOLLYWOOD MOVIE","Welcome to Superb Nolly TV, your ultimate destination for authentic African movies, drama, and entertainment.
Here, culture meets creativity — where love, betrayal, tradition, laughter, and destiny come alive on screen.

From heart-touching village tales to thrilling urban dramas, Superb Nolly TV celebrates the rich heritage, talent, and storytelling power of Africa’s film industry. Every scene is crafted to inspire, entertain, and connect you to the heartbeat of the motherland.

✨ Watch. Feel. Experience Africa.
Only on Superb Nolly TV — where every story speaks African.",UCsFQ09HWdqOUcRmHHcPkcng,SUPERB NOLLY TV,27000,903,2026-07-14T16:00:36Z,248.9,4180,18.0,0.0,True,True,True,2026-10-06
umenwa_odimgbe,Ekene Umenwa,Stephen Odimgbe,mWqPmRh8ITs,HARD GIRL WAHALA-EKENE UMENWA|STEPHEN ODIMGBE 2026 ACTION PACKED COMEDY NIG MOV#2026movies,"Click here to subscribe now to Social Tv now: https://www.youtube.com/@socialtv9/videos

#NigerianFilms #TrendingNollywood #AfricanCinema #NaijaMovies #LatestNollywood #NollywoodLovers #WatchNollywood #NollywoodVibes#Nollywoodmovies#Nigerianmovies#social tv#Latestmovies #2026Movies #2026movies#reels  #youtubevideo #youtubers
 

Click Here to subscribe to Social Tv https://www.youtube.com/@socialtv9/videos

Click Here to Susbscribe To Social Tv: https://www.youtube.com/@socialtv9/videos

Nollywood Movies brings you the best of entertainment on YouTube channel, FREE movies is all you get here each time you visit the Nollywood Romance Youtube Channel, for new and Latest 2026 Nigerian films, just subscribe to this channel on Youtube

Watch Nollywood movies on Nollywood Romance, FREE African movies, Nigerian FREE Movies on Youtube. Our passion for Movie making is to produce thousands of free Nollywood Movies, Nigerian movies, Ghana movies, Watch exciting youtube movies on Nollywood channels",UCTj34ib_pOJZkxHGJFomz5g,Social Tv,168000,3780,2026-04-03T13:01:20Z,250.7,5254,12.0,0.0,True,True,True,2026-10-06
umenwa_odimgbe,Ekene Umenwa,Stephen Odimgbe,07KuBtpRyjY,Princess Onome In Love (Season 1&2) Stephen Odimgbe And Ekene Umenwa Latest Nigerian Movie 2026,"Welcome to AFRICAN MAGIC TV, your #1 source for the best Nollywood, Yoruba, and Ghanaian movies — streaming 24/7 with no dull moment!

From romantic dramas to thrilling action, epic historical stories, rib-cracking comedy, and powerful traditional tales, we bring you blockbuster films starring your favorite Nollywood legends:
🎭 Mercy Johnson, Destiny Etiko, Yul Edochie, Tonto Dikeh, Zubby Michael, and many more!

🎥 What We Offer:

✅ Full HD Nollywood & Yoruba movies
✅ Classic and trending titles updated daily
✅ Subtitles for global audience
✅ Exclusive premieres & behind-the-scenes content
✅ Family-friendly & faith-based content included
✅ Powerful village stories, love tales, and royal sagas

Whether you're in Nigeria, Ghana, the UK, USA, or anywhere in the world, AFRICAN MAGIC TV keeps you connected to African storytelling at its finest.#new #Movie #movies #2025 #nigerianmovies #nollywoodmovies #2025movies #africanmoviechannel #latest2025movies #romancemovie #lovemovie #Lizzygold  #n",UCOXVwDVDnNYEIUsVIK_bt1Q,AFRICAN MAGIC TV,123000,2680,2026-06-26T14:24:30Z,85.0,3223,15.0,0.0,True,True,True,2026-10-06
umenwa_odimgbe,Ekene Umenwa,Stephen Odimgbe,L2XsxmtSDHk,MY HUSBAND'S SIDE CHICK- EKENE UMENWA/STEPHEN ODIMGBE NEW EXCLUSIVE NOLLYWOOD NIGERIAN MOVIE 2024,"2024 Latest Nigerian Movies Movies

Watch Best Of Nigerian Nollywood Movies
Featuring all trending actors and blockbuster movies
Bringing you the latest Nigerian movies

#nigerianmovies #nollywoodmovies #trendingnigerianmovies #fullnigerianmoviesghana,latest nigerian movies,exciting nollywood movies,nollywood youtube channel,top nollywood channel,nollywood newest,free nigerian movies 2023,2023 latest nigerian movie,african movies,nigerian movies,nollywood movies,top nollywood movies,nollywood full movies,new nigerian movie,ekene umenwa latest movies,ekene umenwa tv,ekene umenwa,clinton joshua latest movies,chike dike latest movies,the beauty of love,mercy johnson,maleek milton,sisters wives",UC2p42oYmSQyqAGfXcE62eYQ,Demeks Tv,244000,3347,2024-03-07T19:53:30Z,198.6,7130,83.0,14.0,True,True,True,2026-10-06
umenwa_odimgbe,Ekene Umenwa,Stephen Odimgbe,4edBDq1Ir98,"Pathway of Mercy 2 (2025) – Ekene Umenwa, Stephen Odimgbe, Ebele Okaro | Latest Nollywood Movie","In Pathway of Mercy (2025), Somaga (Ekene Umenwa Ogbodo) is a naïve yet beautiful village girl who works tirelessly with her friends to survive, dreaming of a better life and admiring the big cars that pass through her world. Loved by many but envied by others, she draws strength from her strong-willed mother (Ebele Okaro), who also struggles daily to keep their family afloat.

When Prince  (Stephen Odimgbe), a devout and humble heir to the throne, enters their lives, Somaga discovers a love she never imagined. But his royal destiny comes with obstacles his powerful mother (Ola Daniels) has already chosen a pretending wealthy bride (Prisma James) for him. Torn between true love and royal duty, the prince must make a decision that could change the fate of both families.

A moving Nollywood drama of love, faith, betrayal, and hope, Pathway of Mercy captures the clash between wealth and humility, tradition and freedom, jealousy and forgiveness. Will mercy prevail on the pathway of love? 
",UCNL6JutHsTjziKjmVtWnB1A,EKENE UMENWA TV,939000,295,2025-09-18T08:00:07Z,105.4,1234406,21353.0,3971.0,True,True,True,2026-10-06
umenwa_odimgbe,Ekene Umenwa,Stephen Odimgbe,wYFN3lATd6Y,2026(NEW)EKENE UMENWA ON PRINCE NNANNA & D PALACE MAIDEN FEATURING STEPHEN ODIMGBE LATEST HIT MOVIE,"2026(NEW)EKENE UMENWA ON PRINCE NNANNA & D PALACE MAIDEN FEATURING STEPHEN ODIMGBE LATEST HIT MOVIE
#NollywoodMovies #StephenOdimgbe #NigerianMovies #LatestNollywoodMovies #RoyalDrama #AfricanMovies #SoftelTv #PrinceNnanna
Welcome to a world of royal secrets, intense jealousy, and forbidden love! When the humble and beautiful Amara arrives at the royal palace as a new maid, Prince Nnanna's world is turned upside down. Refusing an arranged marriage and turning away his former lover, the Crown Prince finds himself irresistibly drawn to Amara.

But inside the palace walls, ambition and rivalry run deep. Faced with bitter rivals, dangerous schemes, and fierce competition among the maidens, can true love survive the cutthroat politics of the kingdom?",UCAi91O6bSQlE85fWPb87nnA,Softel Tv,186000,4569,2026-09-22T14:00:18Z,81.4,1648,10.0,0.0,True,True,True,2026-10-06
umenwa_odimgbe,Ekene Umenwa,Stephen Odimgbe,UVN2u3sknOA,ODOGWU IN A BOTTLE | STEPHEN ODIMGBE | EKENE UMENWA | CHINYERE WILFRED |2026 NOLLYWOOD NIGERIA MOVIE,"****

What happens when Odogwu finds himself in an unusual situation that turns his world upside down? Secrets, unexpected encounters, and surprising twists make this Nigerian movie an intriguing watch. As events unfold, relationships are tested, and the consequences of unexpected decisions begin to emerge.

Watch **Odogwu in a Bottle**, featuring **Stephen Odimgbe, Ekene Umenwa, and Chinyere Wilfred**, for an entertaining Nollywood experience filled with drama, suspense, humor, and unexpected moments.

🎬 **Title:** Odogwu in a Bottle
⭐ **Starring:** Stephen Odimgbe, Ekene Umenwa, Chinyere Wilfred
🎥 **Year:** 2026
🇳🇬 **Genre:** Nigerian Movie | Nollywood | Drama | Comedy

Enjoy the movie, and don't forget to **LIKE, COMMENT, SHARE, AND SUBSCRIBE** for more latest Nigerian movies and Nollywood releases.

#OdogwuInABottle #StephenOdimgbe #EkeneUmenwa #ChinyereWilfred #NollywoodMovies2026 #NigerianMovies2026 #2026NollywoodMovies #LatestNigerianMovies #NewNollywoodMovies #Nollywood",UCOLT00WaMAcBWCPf-BSIJvA,EXCLUSIVE NOLLYFLIX+,75900,994,2026-10-04T13:00:34Z,104.1,2663,9.0,0.0,True,True,True,2026-10-06
umenwa_odimgbe,Ekene Umenwa,Stephen Odimgbe,FWDdHnao5Uc,"BLOOD FOR BLOOD (New Movie) EKENE UMENWA, STEPHEN ODIMGBE 2026 Latest Nigerian Nollywood Movie","Visit us and watch the best of Nigerian Movies , Latest Nollywood Movies. Watch the  best of Nollywood actors, best of Nigerian actors, best of LIZZY GOLD, YUL EDOCHIE, EKENE UMENWA, EBUBE OBIO, NOSA REX, MALEEK MILTON, UJU OKOLI and many more action, Romance, Drama, epic movies Only on SUNYFLIX Nollywood Channel. See Clips, trailer's, behind the scenes and exclusives Nollywood latest Movies.

#Nigerianmovie #Ghanamovie #Nollywoodmovie",UCj87Z0k0PPU0d63DJ6EyihA,SUNYFLIX,46900,276,2026-03-29T12:30:38Z,244.9,52264,341.0,34.0,True,True,True,2026-10-06
umenwa_odimgbe,Ekene Umenwa,Stephen Odimgbe,rSoi_y3iolk,EKENE THE CITY HUSTLER 1&2 - EKENE UMENWA & STEPHEN ODIMGBE 2026 LATEST NIGERIA MOVIE,"Ultimate Nolly Tv is a channel that bring only blockbuster movies to your door steps
We bring exclusive Nigerian Nollywood Movies
Click here to subscribe==https://bit.ly/3Uv6rMb",UCxiajZwioeUx42HzdGf8muw,Ultimate NollyTV,207000,2291,2026-06-26T14:41:09Z,85.0,5865,53.0,2.0,True,True,True,2026-10-06
umenwa_odimgbe,Ekene Umenwa,Stephen Odimgbe,8s-lu9rJQC0,"MY VILLAGE WIFE~EKENE UMENWA, ONNY MICHAEL, STEPHEN ODIMGBE, 2025 LATEST NIGERIAN NOLLYWOOD MOVIE","MY VILLAGE WIFE~EKENE UMENWA, ONNY MICHAEL, STEPHEN ODIMGBE, 2025 LATEST NIGERIAN NOLLYWOOD MOVIE

Future Nolly tv channel on YouTube is your best plug for exciting and educative Nigerian latest movies.

You all are welcome and I encourage you to stay connected and subscribe for educative, fresh and Classic Latest Nollywood movies.

stay tuned to enjoy your favorite actors like Fredrick Leonard,Yul Edochie, Lizzy Gold, Sonia Uche, Ruth Kadiri, Maurice Sam, Sarian Martins, Uju Okoli, Yvonne Jegede, Destiny Etiko, Onny Michael, Ngozi Ezeonu, Mike Ezuruonye, Zubby Michael, Ebele Okaro, Chacha Eke, Nuella Njibuigo.
Trust me you won't Regret it, stay connected Thank you, SUBCRIBE.",UCNYwhmDltMq0WFfT3T7TNjw,FutureNollyTV,8980,52,2025-12-04T09:21:37Z,100.2,2598,9.0,0.0,True,True,True,2026-10-06
umenwa_odimgbe,Ekene Umenwa,Stephen Odimgbe,_Ev35gwy6x8,"CRAZY BROTHER IN-LAW (New Movie) EKENE UMENWA, STEPHEN ODIMGBE 2026 LATEST NIGERIAN NOLLYWOOD MOVIE","Visit us and watch the best of Nigerian Movies , Latest Nollywood Movies. Watch the  best of Nollywood actors, best of Nigerian actors, best of LIZZY GOLD, YUL EDOCHIE, EKENE UMENWA, EBUBE OBIO, NOSA REX, MALEEK MILTON, UJU OKOLI and many more action, Romance, Drama, epic movies Only on SUNYFLIX Nollywood Channel. See Clips, trailer's, behind the scenes and exclusives Nollywood latest Movies.

#Nigerianmovie #Ghanamovie #Nollywoodmovie",UCj87Z0k0PPU0d63DJ6EyihA,SUNYFLIX,46900,276,2026-03-18T12:06:44Z,357.0,43218,262.0,13.0,True,True,True,2026-10-06
umenwa_odimgbe,Ekene Umenwa,Stephen Odimgbe,zwnSRw1ZHIU,"THE STUBBORN FISH SELLER SEASON 5&6 -EKENE UMENWA, STEPHEN ODIMGBE-2026 LATEST NIGERIAN  MOVIES","THE STUBBORN FISH SELLER IS 2026 LATEST/NEW NIGERIAN NOLLYWOOD MOVIE STARRING  UGEZU J UGEZU, JOYCE KALU, KEN ERICS


PERFECT NOLLYWOODMOVIES is the home of the latest and greatest Nigerian Nollywood movies, Nigerian TV Shows and Ghanaian Ghallywood movies . Visit our channel to watch thousands of hot Nigerian movies featuring amazing Nollywood actors such as Mercy Johnson,  Mama Gee, Ken Erics, Majid Michel, Rachael Okonkwo, Regina Daniels, Genevieve Nnaji, Ramsey Noah, Jim Iyke, the hilarious Mr Ibu and many more. With new Nollywood movies released on  realnolly online tv every week, we work extremely hard to maximize your viewing pleasure.  

Watch loads of Nigerian movie trailers, Nigerian movie clips & teasers featuring your favorite Nollywood actors on the nollywoodlatest tv YouTube channel.

Thank you so much for watching this!

#Nollywoodmovies #Nigerianmovies #Ghanamovies #Latestmovies",UCIRz6_U2chGFJU1CmMyHf1A,PERFECT NOLLYWOODMOVIES,154000,1960,2026-09-16T09:00:38Z,66.2,12299,71.0,1.0,True,True,True,2026-10-06
umenwa_odimgbe,Ekene Umenwa,Stephen Odimgbe,5191hhF3dT8,"MY HELPER | LATEST NIGERIAN MOVIES 2026 - EKENE UMENWA,STEPHEN ODIMGBE","This funny movie starring Ekene Umenwa is a blend of both emotional and comedy 

Bella Naija home for non-stop, captivating Nollywood movies and entertainment for true movie lovers.

#Nigerianmovies2026 #LatestNollywoodmovies #Entertainment #Movies #Nigeriandramamovies #Drama #Romance #Comedy #subscribenow #uchemontana #clintonjoshua #michaeldappa #bambam #trending #trendingvideo #fullnollywoodmovies #uk #USA #Canada",UCW9HTPmlmazdt7IqiDRZMpQ,BELLANAIJA MOVIES,3100,487,2026-06-28T13:30:08Z,172.1,216,0.0,0.0,True,True,True,2026-10-06
umenwa_odimgbe,Ekene Umenwa,Stephen Odimgbe,R4Vbs8L6w2o,NO LONGER PRIVATE | Ekene Umenwa & Stephen Odimgbe | Latest Nigerian Movie 2026,"A secret is exposed, and everything changes. Watch No Longer Private for drama, suspense, and unexpected twists. 🎬🔥",UCbVu2G6rHdcAUTuJ0VSqa1g,De Land TV,0,6,2026-10-06T10:04:41Z,75.3,0,0.0,0.0,True,True,True,2026-10-06
umenwa_odimgbe,Ekene Umenwa,Stephen Odimgbe,9k2KIt-DfKw,I JUST ARRIVED | STEPHEN ODIMGBE | EKENE UMENWA | LATEST NOLLYWOOD MOVIES 2026,"Get ready for nonstop laughter, drama, and unexpected surprises in **I JUST ARRIVED**, starring **Stephen Odimgbe** and **Ekene Umenwa**! This hilarious Nollywood comedy is packed with funny moments, crazy situations, and unforgettable entertainment. Enjoy this exciting **latest Nollywood movie 2026**!

#IJustArrived #StephenOdimgbe #ekeneumenwa  #latestnollywoodmovies  #NollywoodMovies2026 #nollywoodcomedy  #nigerianmoviestars  #africanmovies  #newnollywoodmovies  #nollywood2026",UC1Cfyt0M17BGcyHvDkoOicw,NOLLYWOOD TIES TV,13100,647,2026-10-04T18:00:07Z,114.7,15958,69.0,2.0,True,True,True,2026-10-06
umenwa_odimgbe,Ekene Umenwa,Stephen Odimgbe,Y0aSxyrsPP4,"MR AND MRS TROUBLE(FULL MOVIE)EKENE UMENWA,STEPHEN ODIMGBE,MALEEK MILTON,2026 LATEST MOVIE","MR AND MRS TROUBLE(FULL MOVIE)EKENE UMENWA,STEPHEN ODIMGBE,MALEEK MILTON,2026 LATEST MOVIE

Welcome to Nollywood 247 movies. Watch the best Nollywood Movie, the Latest Nollywood Movies. Watch best of Nollywood actors, best of Nigerian movie, the best ofKen Erics , the Best Of Mercy Johnson the best of, Destiny Etiko, Yul Edochie, Ebele Okaro, Uju Okoli, Ngozi Ezeonu, Zubby Michael, Jerry Williams in Latest Nollywood movies, action, Romance, Drama, epic, Only on AFRICAN DRAMA SERIES,YouTube best of Nollywood Channel. See Clips, trailers, behind-the-scenes, and exclusives of Nollywood's latest Movies.",UCq0zn620Bcf-7-JzM0Z0b6w,African Best Series,131000,449,2026-02-12T20:10:15Z,246.4,1168,17.0,1.0,True,True,True,2026-10-06
umenwa_odimgbe,Ekene Umenwa,Stephen Odimgbe,LUp27Yf7REc,THE PRINCE AND THE FISH SELLER - Stephen Odimgbe Ekene Umenwa -2026 LATEST NIGERIAN NOLLYWOOD MOVIES,"THE PRINCE AND THE FISH SELLER - Stephen Odimgbe Ekene Umenwa -2026 LATEST NIGERIAN NOLLYWOOD MOVIES

CAST: STEPHEN ODIMGBE OMA NNANNA

Watch this amazing Nollywood movie filled with romance, drama, and powerful storytelling. This Nigerian movie features talented Nollywood actors and showcases the beauty of African cinema.
Nollywood movies, Latest Nollywood movies, Nigerian movies, African movies, Naija movies, Nollywood romance movies, Nigerian drama movies, African love story movies, Trending Nollywood movies",UCXPs42_kz5vWTCR6j9lOyZg,Danga Movies TV,20800,289,2026-09-13T15:30:39Z,126.7,25956,114.0,5.0,True,True,True,2026-10-06
umenwa_odimgbe,Ekene Umenwa,Stephen Odimgbe,tgVBM-OKF94,"OYIBO HOT PEPPER | STEPHEN ODIMGBE, EKENE UMENWA | Latest Nigerian Nollywood Full Movie 2026.","OYIBO HOT PEPPER is a hilarious and entertaining Nigerian Nollywood movie starring Stephen Odimgbe and Ekene Umenwa, packed with comedy, drama, romance, culture clash, family wahala, and unexpected twists. Get ready for plenty of laughter and entertaining moments as the story unfolds!

Please click the link to subscribe to the Latest Nigerian Movie:
https://www..com/channel/UCIh6VnuQdr5F2q8sF4FEO6g

Please subscribe for the hottest, latest, interesting, and most exciting 2026 Nollywood movies.

#OyiboHotPepper #StephenOdimgbe #EkeneUmenwa #StephenOdimgbeMovies #EkeneUmenwaMovies #Nollywood #NollywoodMovies #NigerianMovies #Nollywood2026 #NollywoodFullMovie #LatestNollywoodMovies #AfricanMovies #NigerianComedy #NigerianDrama #CultureClash #Nigeria #Ghana #SouthAfrica #UK #USA #Canada #MoviesStage #unitedstatesofamerica #unitedkingdom #unitedstates #canada. ‪

Cliquez pour vous abonner aux meilleurs films nigérians de Nollywood.",UCIh6VnuQdr5F2q8sF4FEO6g,MOVIES STAGE ,148000,1140,2026-10-05T11:00:08Z,134.5,1333,10.0,0.0,True,True,True,2026-10-06
umenwa_odimgbe,Ekene Umenwa,Stephen Odimgbe,_5SgQrlP7k8,"MY WIFE AND I (FULL MOVIE) EKENE UMENWA,STEPHEN ODIMGBE NEW RELEASED 2026 MOVIE","MY WIFE AND I (FULL MOVIE) EKENE UMENWA,STEPHEN ODIMGBE NEW RELEASED 2026 MOVIE


WELCOME TO NOLLYMATE MOVIE TV WE SHOWCASE THE BEST NIGERIAN MOVIES",UCkiyDaN4Az-5IO3QXdzZ0aw,Nollymate movies tv,35500,90,2026-08-26T17:00:08Z,181.8,403,2.0,0.0,True,True,True,2026-10-06
umenwa_odimgbe,Ekene Umenwa,Stephen Odimgbe,IAX1A1m66Ms,"SOMADINA THE FISH SELLER-: EKENE UMENWA, STEPHEN ODIMGBE, LATEST 2026 NOLLYWOOD MOVIE","new nigerian movies,trending nigerian movies,nigerian movies,latest nigerian movies,new nigerian film,free nigerian movies,nigerian movies 2026 latest full movies,nigerian movies 2025 latest full movies,trending nollywood movies,2026 nigerian movies,nigerian movies 2025 latest full movies,nollywood movies,the london husband nigerian movie,nigerian movies 2026new nigerian movies 2025,exciting nollywood movies,new nigerian movies 2026 latest full movies
#mauricesam #nollywoodmovies2025 #NOollyhubs tv#
#zubby micheals movies #mike godson movies# #nollywoodmovies #latestnollywoodmovies2026 #ebube obio movies#chike daniels movies#
#nollywoodmovies #nigerianmovies #trending #stayhome #nollywoodmovies2026#when truth cries# mike godson#lizzy gold# warrior princess# viral movies#

latest nigerian movies,nigerian movies 2026 latest full movies,nigerian movies 2026 latest full movies,nigerian movies,nigerian movies 2024 latest full movies,free nigerian movies,new nigerian movies,trending nigerian",UCKxME77V41BMZZynsC5GTlA,NOLLYHUBS TV,66600,2073,2026-09-20T09:03:14Z,74.0,34640,222.0,14.0,True,True,True,2026-10-06
umenwa_odimgbe,Ekene Umenwa,Stephen Odimgbe,GUnpReHgX2M,"THE LAZY HUSBAND 1 | STEPHEN ODIMGBE , EKENE UMENWA - Latest Nollywood Full Movie 2026.","Jasper has no ambition, no direction, and no desire to change his life. Instead of becoming responsible, he chooses laziness, dependence, and selfishness, turning himself into a burden on both his family and his marriage.
Rather than correcting him, his mother encourages his terrible behavior, standing by him as they manipulate, steal from, and destroy the peace of his own sister’s life. Together, they believe they can continue their wicked ways without consequences.
But life has a way of turning the tables. As karma begins to catch up with Jasper, he is forced to confront the damage he has caused and the painful results of the evil he once planted.
Will Jasper finally change for the better… or continue down a path of destruction?


Please click the link to subscribe for the Latest Nigerian Movie:
https://www..com/channel/UCIh6VnuQdr5F2q8sF4FEO6g

Please subscribe for the hottest, latest, interesting and most exciting Latest 2026 Nollywood Movie.

#AfricanMovies #NollywoodMovies #Lates",UCIh6VnuQdr5F2q8sF4FEO6g,MOVIES STAGE ,148000,1140,2026-05-14T20:00:20Z,172.4,108364,601.0,28.0,True,True,True,2026-10-06
umenwa_odimgbe,Ekene Umenwa,Stephen Odimgbe,H8ED6_TU_Ak,"SOMADINA THE FISH SELLER 7&8 -Stephen Odimgbe, Ekene Umenwa |Nigerian movies 2026 latest full movies","#trendingnigerianmovies #africanmovies #nollywoodmovies 
SOMADINA THE FISH SELLER 7&8 -Stephen Odimgbe, Ekene Umenwa |Nigerian movies 2026 latest full movies

Watch the best Nollywood movies, best Nigerian movies and African movies on NOLLYMATE STARS TV.

We welcome all Nollywood lovers to join our community and expect the very best of Nigerian movies, Nollywood movies, African movies, comedy movies, epic movies, romantic movies, family movies, action movies, thriller movies, and series.

👉Don't forget to SUBSCRIBE: https://www.youtube.com/channel/UC2eVEg3g8j-9XIAV6XRfLLg and like & comment on your favourite scene.
#africanfilms #film #movie",UC2eVEg3g8j-9XIAV6XRfLLg,NOLLYMATE STARS TV,26100,1101,2026-09-18T09:30:15Z,62.8,7278,33.0,5.0,True,True,True,2026-10-06
umenwa_odimgbe,Ekene Umenwa,Stephen Odimgbe,AcsBddksieY,ONOME THE CITY HUSTLER PT 1 - Ekene Umenwa / Stephen Odimgbe - 2026 Latest Nigerian Nollywood Movie,"Onome The City Hustler - New Nollywood Movie is a 2026 Nigerian film. It will have you glued to your screen and pinned to your chair. It features Ekene Umenwa / Stephen Odimgbe, And Many more Actors and Actresses
Onome The City Hustler - (New Movie) - 2026 Latest New Nigerian Nollywood Movie #new #Movie#2026#nigerianmovies2026latestfullmovies #nollywoodmovies#2026movie emov#africanmoviechannel#lates2026movies#movie#lovemovie#nollywoodpicturestv#latest#nigerian#nollywood#film#ekeneumenwamovies #Onomethecityhustler#stephenodimgbe",UCi8vPG6uMxIjoZMhLLX2BkQ,Nollywoodpicturestv,2990000,10560,2026-06-26T11:12:27Z,44.6,83775,1059.0,79.0,True,True,False,2026-10-06
umenwa_odimgbe,Ekene Umenwa,Stephen Odimgbe,8RGp7pQBhCU,"SOMADINA THE FISH SELLER 7&8-: EKENE UMENWA, STEPHEN ODIMGBE, LATEST 2026 NOLLYWOOD MOVIE","new nigerian movies,trending nigerian movies,nigerian movies,latest nigerian movies,new nigerian film,free nigerian movies,nigerian movies 2026 latest full movies,nigerian movies 2025 latest full movies,trending nollywood movies,2026 nigerian movies,nigerian movies 2025 latest full movies,nollywood movies,the london husband nigerian movie,nigerian movies 2026new nigerian movies 2025,exciting nollywood movies,new nigerian movies 2026 latest full movies
#mauricesam #nollywoodmovies2025 #NOollyhubs tv#
#zubby micheals movies #mike godson movies# #nollywoodmovies #latestnollywoodmovies2026 #ebube obio movies#chike daniels movies#
#nollywoodmovies #nigerianmovies #trending #stayhome #nollywoodmovies2026#when truth cries# mike godson#lizzy gold# warrior princess# viral movies#

latest nigerian movies,nigerian movies 2026 latest full movies,nigerian movies 2026 latest full movies,nigerian movies,nigerian movies 2024 latest full movies,free nigerian movies,new nigerian movies,trending nigerian",UCKxME77V41BMZZynsC5GTlA,NOLLYHUBS TV,66600,2073,2026-09-18T09:02:03Z,69.7,47267,287.0,43.0,True,True,True,2026-10-06
umenwa_odimgbe,Ekene Umenwa,Stephen Odimgbe,1mpL1uT2hxg,THIS EKENE UMENWA 2026 FUNNY MOVIE WITH STEPHEN ODIMGBE WILL MAKE YOU LAUGH OUT LOUD TODAY,"Click here to subscribe now: https://www.youtube.com/channel/UCMycUuZzST-ay88H3dOeqYA

Stay connected and watch the best of Nigerian Movies, Latest Nollywood Movies. Watch the  best of Nollywood actors,, best of Mercy Johnson, best Of Ken Erics, best of , Destiny Etiko, Yul Edochie, Ebele Okaro, Uju Okoli, Ngozi Ezeonu, Zubby Michael, Jerry Williams in Latest Nollywood movies, action, Romance, Drama, epic, Only on FirstHand NollyTV. YouTube best of Nollywood Channel. See Clips, trailer's, behind the scenes and exclusives Nollywood latest Movies.

#2025 #nigerianmovies #nollywoodmovies #ghanamovies #africanmovies #latestnigerianmovies #latestnollywoodmovies #trending #viralvideo #newmovie
#trendingfullmovies",UCMycUuZzST-ay88H3dOeqYA,FirstHand NollyTV,6380,401,2026-05-30T15:29:12Z,200.3,140,0.0,0.0,True,True,True,2026-10-06
umenwa_odimgbe,Ekene Umenwa,Stephen Odimgbe,zAOYWcGyTn8,"SOMADINA AND THE ROYAL KINGDOM - STEPHEN ODIMGBE, EKENE UMENWA - 2026 Latest Nigerian Full Movies","SYNOPSIS :

Licensed Exclusively To Realnolly 
Powered By FLIXNOLLY TV
WATCH THE BEST OF NOLLYWOOD SUPERSTARS ON THIS BLOCKBSTER STARRING UGEZU J, UGEZU, KANAYO O. KANAYO, SEDATER GODWIN, AMAECHI ANAEKWE, AND DONT FORGET TO LIKE, COMMENT AND SHARE. 
Powered by RealNollyTV
Subscribe for more Videos by Clicking the link below
https://www.youtube.com/channel/UCAjfWmDllm0f0vMXlNkb7wQ
2021  Latest Nigerian Movies African Nollywood Movies 

Watch and enjoy latest Nigerian movies on Nigerian number one YouTube Channel, PCOLLINS TV
Watch the best, Amazing and Exciting collections of Nollywood/African Movies. 
Visit the Nigerian Nollywood Movies Channel, for New and Latest, Drama, Comedy, funny, Epic movies and more of Nigerian Entertainment.

African Nollywood Movies

CHECK OUT THE LATEST NIGERIAN MOVIES BELOW in any of our collections

TRENDING Nigerian Movies this Week

The Best NIGERIAN 2018 MOVIES 

COMEDY Nigerian Movies 

VILLAGE / EPIC Nigerian Movies 

MERCY JOHNSON Nigerian Movies 

F",UCAjfWmDllm0f0vMXlNkb7wQ,FLIXNOLLY TV,132000,992,2026-09-13T09:30:37Z,70.4,16839,93.0,0.0,True,True,True,2026-10-06
umenwa_odimgbe,Ekene Umenwa,Stephen Odimgbe,Nc2t79D2UT8,"WAR WITHOUT LOVE~ STEPHEN ODIMGBE, EKENE UMENWA 2025 Latest Nigerian Movies","WAR WITHOUT LOVE~ STEPHEN ODIMGBE, EKENE UMENWA 2025 Latest Nigerian Movies 


Watch the Best Of Nigerian Nollywood Movies
Visit us and watch the best of Nigerian Movies , Latest Nollywood Movies. Watch the  best of Nollywood actors, best of Nigerian actors, best of Mercy Johnson, best Of Ken Erics, best of , Destiny Etiko, Yul Edochie, Ebele Okaro, Uju Okoli, Ngozi Ezeonu, Zubby Michael, Jerry Williams in Latest Nollywood movies, action, Romance, Drama, epic, Only on FRIENDLY NOLLYTV YouTube best of Nollywood Channel. See Clips, trailer's, behind the scenes and exclusives Nollywood latest Movies.",UC8r8yYL1f4xFr9v7O3z4Oiw,FRIENDLY NOLLYTV,134000,586,2025-11-15T18:57:09Z,186.5,651,5.0,0.0,True,True,True,2026-10-06
umenwa_odimgbe,Ekene Umenwa,Stephen Odimgbe,-WfE3CRfbes,CRAZY SISTER IN-LAW PT 1 - Ekene Umenwa/ Stephen Odimgbe 2026 Latest Nigerian Nollywood Movie,"Crazy Sister In-Law -  New Nollywood Movie is a 2026 Nigerian film. It will have you glued to your screen and pinned to your chair. It features Stephen Odimgbe, Ekene Umenwa, Nwaba  and many more Actors and Actresses
Crazy Sister In-law (New Movie) - 2026 Latest New Nigerian Nollywood Movie new #Movie #movies #2026#nigerianmovies #nollywoodmovies#2026movie emov#africanmoviechannel#lates2025movies#movie#lovemovie#nollywoodpicturestv#latest#nigerian#nollywood#film #newmovie#Movie#crazysistersin-law#stephenodimgbe#ekeneumenwa",UCi8vPG6uMxIjoZMhLLX2BkQ,Nollywoodpicturestv,2990000,10560,2026-03-11T11:10:07Z,47.4,153085,1889.0,144.0,True,True,False,2026-10-06
umenwa_odimgbe,Ekene Umenwa,Stephen Odimgbe,BXwAV7oRpRo,"Pathway of Mercy Full Movie – Ekene Umenwa, Stephen Odemgbe, Ebele Okaro | Latest Nollywood Movie","In Pathway of Mercy (2025), Somaga (Ekene Umenwa Ogbodo) is a naïve yet beautiful village girl who works tirelessly with her friends to survive, dreaming of a better life and admiring the big cars that pass through her world. Loved by many but envied by others, she draws strength from her strong-willed mother (Ebele Okaro), who also struggles daily to keep their family afloat.

When Prince  (Stephen Odimgbe), a devout and humble heir to the throne, enters their lives, Somaga discovers a love she never imagined. But his royal destiny comes with obstacles his powerful mother (Ola Daniels) has already chosen a pretending wealthy bride (Prisma James) for him. Torn between true love and royal duty, the prince must make a decision that could change the fate of both families.

A moving Nollywood drama of love, faith, betrayal, and hope, Pathway of Mercy captures the clash between wealth and humility, tradition and freedom, jealousy and forgiveness. Will mercy prevail on the pathway of love? 
",UCNL6JutHsTjziKjmVtWnB1A,EKENE UMENWA TV,939000,295,2025-09-26T08:00:14Z,220.6,327570,3044.0,322.0,True,True,True,2026-10-06
umenwa_odimgbe,Ekene Umenwa,Stephen Odimgbe,ogAuR-BuJ8w,"PROMISE ME LOVE(Part 2)~EKENE UMENWA, STEPHEN ODIMGBE, JOHN BADAIKI 2026 Nigerian movie","PROMISE ME LOVE(Part 2)~EKENE UMENWA, STEPHEN ODIMGBE, JOHN BADAIKI 2026 Nigerian movie

🔔𝐃𝐨𝐧'𝐭 𝐟𝐨𝐫𝐠𝐞𝐭 𝐭𝐨 𝐬𝐮𝐛𝐬𝐜𝐫𝐢𝐛𝐞 𝐭𝐨 𝐨𝐮𝐫 𝐜𝐡𝐚𝐧𝐧𝐞𝐥 𝐟𝐨𝐫 𝐦𝐨𝐫𝐞 𝐮𝐩𝐝𝐚𝐭𝐞𝐬.
https://www.youtube.com/channel/UC0xz56kbzXxH_pZTzrqpVtw

🔗 Stay Connected With Us.

Facebook: https://www.facebook.com/SUNYRICHYNOLLYTV
Instagram: https://www.instagram.com/realsunyrichyofficial/

=============================

🎬Suggested videos for you:
▶️ https://www.youtube.com/watch?v=t6TQPr8FMJA
▶️ https://www.youtube.com/watch?v=tjR367YKqfo
▶️ https://www.youtube.com/watch?v=oFWf4Dy2ktU 
▶️https://www.youtube.com/watch?v=nbn2ehdeRtM
▶️ https://www.youtube.com/watch?v=hKcijt1lUkY 
▶️ https://www.youtube.com/watch?v=VTxFMILh2LY
▶️ https://www.youtube.com/watch?v=mSAOFlIxtKw
▶️ https://www.youtube.com/watch?v=2uMOrFPopAE
▶️ https://www.youtube.com/watch?v=W0y-OyKA0rk
▶️ https://www.youtube.com/watch?v=2SSHdTtPQ3E
▶️ https://www.youtube.com/watch?v=HyF8Oq63-qE
=================================
Sunyrichy NollyTv channel on Youtube is you",UC0xz56kbzXxH_pZTzrqpVtw,SUNYRICHY NOLLYTV,1000000,2389,2026-05-30T16:07:59Z,85.4,248340,3150.0,256.0,True,True,True,2026-10-06
umenwa_odimgbe,Ekene Umenwa,Stephen Odimgbe,AwHcqmg0leE,"HIDDEN FIRE FULL MOVIE (New Movie)EKENE UMENWA, STEPHEN ODIMGBE 2026 LATEST NIGERIAN NOLLYWOOD MOVIE","Click here to subscribe now: https://www.youtube.com/channel/UCBYnItlc7iFdtiyA7QUvvFQ

Stay connected and watch the best of Nigerian Movies , Latest Nollywood Movies. Watch the  best of Nollywood actors,, best of Mercy Johnson, best Of Ken Erics, best of , Destiny Etiko, Yul Edochie, Ebele Okaro, Uju Okoli, Ngozi Ezeonu, Zubby Michael, Jerry Williams in Latest Nollywood movies, action, Romance, Drama, epic, Only on Topten NollyTv. YouTube best of Nollywood Channel. See Clips, trailer's, behind the scenes and exclusives Nollywood latest Movies.

#Nigerianmovies #Ghanamovies #Nollywoodmovies #trending",UCBYnItlc7iFdtiyA7QUvvFQ,UpperClass NollyTv,2200,26,2026-08-24T15:40:06Z,235.6,384,5.0,0.0,True,True,True,2026-10-06
umenwa_odimgbe,Ekene Umenwa,Stephen Odimgbe,jwZru8qUPt8,"POT OF TROUBLE~ EKENE UMENWA, STEPHEN ODIMGBE, 2026 LATEST NIGERIAN MOVIE","POT OF TROUBLE~ EKENE UMENWA, STEPHEN ODIMGBE, 2026 LATEST NIGERIAN MOVIE

Welcome to Climax Nolly tv Channel on youtube....

Please Support and Subscribe to this channel for premium and Classic Nollywood Movies and Drama...

We are glad to have you here and possibly want you to stay connected with this community for the best nollywood movie experience.

Subscribe and Stay Connected for Interesting Nollywood Movies Featuring Your favorire actors such as:  Mercy Johnson, Maurice Sam, Sonia Uche, Ebube Nwagbo, Obio Oluebube, Charles Inojie, Sam Dede, Ebube Nwaguru, Flash Boy, Chidi Dike,Baba Rex, Chioma Nwoha, Queen  Nwokoye etc. 

We are here for your premium entertainment and we promise to serve you with quality and interesting movies",UChVu-cBB1X67mXzAZ46ZxTA,CLIMAX NOLLYTV,1380,127,2026-07-30T16:15:27Z,129.8,88,0.0,0.0,True,True,True,2026-10-06
umenwa_odimgbe,Ekene Umenwa,Stephen Odimgbe,z-KJvhvUGIs,"THE STUBBORN FISH SELLER SEASON 3&4 -EKENE UMENWA, STEPHEN ODIMGBE-2026 LATEST NIGERIAN  MOVIES","THE STUBBORN FISH SELLER IS 2026 LATEST/NEW NIGERIAN NOLLYWOOD MOVIE STARRING  UGEZU J UGEZU, JOYCE KALU, KEN ERICS


PERFECT NOLLYWOODMOVIES is the home of the latest and greatest Nigerian Nollywood movies, Nigerian TV Shows and Ghanaian Ghallywood movies . Visit our channel to watch thousands of hot Nigerian movies featuring amazing Nollywood actors such as Mercy Johnson,  Mama Gee, Ken Erics, Majid Michel, Rachael Okonkwo, Regina Daniels, Genevieve Nnaji, Ramsey Noah, Jim Iyke, the hilarious Mr Ibu and many more. With new Nollywood movies released on  realnolly online tv every week, we work extremely hard to maximize your viewing pleasure.  

Watch loads of Nigerian movie trailers, Nigerian movie clips & teasers featuring your favorite Nollywood actors on the nollywoodlatest tv YouTube channel.

Thank you so much for watching this!

#Nollywoodmovies #Nigerianmovies #Ghanamovies #Latestmovies",UCIRz6_U2chGFJU1CmMyHf1A,PERFECT NOLLYWOODMOVIES,154000,1960,2026-09-13T11:23:39Z,61.3,2492,10.0,0.0,True,True,True,2026-10-06
umenwa_odimgbe,Ekene Umenwa,Stephen Odimgbe,IlYdtxZCDZc,"MY DESTINY HELPER - EKENE UMENWA, STEPHEN ODIMGBE, TRACY EDWIN- 2026 Latest Nigerian Nollywood Movie","MY DESTINY HELPER - EKENE UMENWA, STEPHEN ODIMGBE, TRACY EDWIN- 2026 Latest Nigerian Nollywood Movie

""Experience the Brilliance of Nollywood's Finest Actors on Your Screen! Discover the Best and Latest Nigerian Movies of 2025 Exclusively on Our Channel.

SUBSCRIBE AND HIT THE NOTIFICATION BELL 

https://www.youtube.com/c/amazonnollytv?sub_confirmation=1

Subscribe to Amazon Nolly tv now and unlock unlimited access to a diverse collection of free full Nollywood movies on YouTube! Get ready to be entertained with our latest selection of Nigerian movies from 2023, and occasionally enjoy Yoruba movies on our channel as well



#latestnollywoodmovies #latestnigerianmovies #2024nollywoodmovies",UCIdXYHIrmwcxPd_9oNhdC9g,AMAZON NOLLY TV,143000,82,2026-01-16T16:00:27Z,93.2,830379,7234.0,547.0,True,True,True,2026-10-06
umenwa_odimgbe,Ekene Umenwa,Stephen Odimgbe,zV6nDo2obhA,"ROYAL SECRET(EKENE UMENWA,STEPHEN ODIMGBE)New 2026 Nigerian Movie","ROYAL SECRET(EKENE UMENWA,STEPHEN ODIMGBE)New 2026 Nigerian Movie

GLOBAL NOLLYTV Is a home of Best, Excellent and unique movies, SUBSCRIBE  AND WE WOULD SATISFY YOUR MOVIE NEEDS(simply THE BEST).
click to Subscribe....  https://www.youtube.com/channel/UC4AuQhAiOn2nXsVdaDDsbKw",UC4AuQhAiOn2nXsVdaDDsbKw,GLOBAL NOLLYMOVIES,6920,139,2026-08-20T16:13:08Z,137.3,143,0.0,0.0,True,True,True,2026-10-06
umenwa_odimgbe,Ekene Umenwa,Stephen Odimgbe,MAeEzESdTOA,"PERSONAL BELONGING 1 (NEWLY RELEASE 2025) - EKENE UMENWA, STEPHEN ODIMGBE 2025 LATEST NIGERIAN MOVIE","Click here to subscribe now: https://www.youtube.com/channel/UCfvpiff5xHD4tBtODSGv2qA

Stay connected and watch the best of Nigerian Movies , Latest Nollywood Movies. Watch the  best of Nollywood actors,, best of Mercy Johnson, best Of Ken Erics, best of , Destiny Etiko, Yul Edochie, Ebele Okaro, Uju Okoli, Ngozi Ezeonu, Zubby Michael, Jerry Williams in Latest Nollywood movies, action, Romance, Drama, epic, Only on TopNollywood Movies Tv. YouTube best of Nollywood Channel. See Clips, trailer's, behind the scenes and exclusives Nollywood latest Movies.

#Nigerianmovies #Ghanamovies #Nollywoodmovies #trending",UCfvpiff5xHD4tBtODSGv2qA,TopNollywood Movies Tv,62,193,2025-10-12T10:01:11Z,22.5,35,0.0,0.0,True,True,False,2026-10-06
umenwa_odimgbe,Ekene Umenwa,Stephen Odimgbe,2pvK7k3iAzI,"NNENNA -Ekene Umenwa, Stephen Odimgbe - Latest Nigerian movie ","Welcome to Nollywood Global TV! 🎬

This is your number one home for Nollywood movies, African stories, and unforgettable dramas. We bring you the latest Nigerian movies, trending love stories, emotional family dramas, action-packed blockbusters, and epic traditional tales – all in one place.

✨ On this channel, you will enjoy:
✅ Daily Nollywood movie uploads (fresh, exciting & entertaining)
✅ Romantic & emotional love stories that will touch your heart
✅ Epic & traditional African movies filled with culture and lessons
✅ Blockbuster Nigerian movies featuring your favorite stars – Frederick Leonard, Zubby Michael, Destiny Etiko, Mike Godson, Yul Edochie, Mary Igwe, and more!

🌍 We are Nollywood Global TV – sharing Nigerian and African movies with fans in Nigeria, Ghana, USA, UK, Canada, South Africa, and all over the world.

💖 If you love Nollywood, this is your home. Subscribe now, turn on the notification bell 🔔 and don’t miss",UCzKqCKJYYqKbCYs2HLrzyqQ,NOLLYWOOD GLOBAL TV,18500,798,2026-08-13T17:00:33Z,113.7,96,0.0,0.0,True,True,True,2026-10-06
umenwa_odimgbe,Ekene Umenwa,Stephen Odimgbe,4CulfpD_CFM,"My Classmate (2025) - Ekene Umenwa,stephen Odimgbe,2025 Latest Nigerian Nollywood movie ","#africanmovies #nigerianmovies #latestnigerianmovies2025 

UrbanNolly is one of the most popular Nigerian Nollywood Movie Channels on YouTube. This channel brings Nigerian Nollywood New Movies to your doorstep: 2025 Movies, 2024 Movies, 2023 movies, 2021 Movies and 2022 Movies. Here you can watch various genres of Nollywood Movies such as Epic Movies, Romance Movies, Comedy Movies, Royal Movies, Action Movies and Suspense Movies.",UCpah3Wib1uTaHEA9rkVn-jQ,Nollywood Movies HQ,34700,152,2025-11-03T15:19:42Z,75.9,4536,30.0,2.0,True,True,True,2026-10-06
umenwa_odimgbe,Ekene Umenwa,Stephen Odimgbe,IdsN3_r1-XE,"THE PALACE MAID 2 [LATEST RELEASE] EKENE UMENWA, STEPHEN ODIMGBE- LATEST NIGERIAN NOLLYWOOD MOVIE","#latestnigeriannollywoodmovie #nigerianmovie #africanmovie #movie #ekeneumenwa 

In This Nigerian Movie Starring EKENE UMENWA and STEPHEN ODIMGBE



Subscribe to  @rhandymovies  to get the best YouTube movies from your favourite actors. Also turn on notification so you don't miss anything!!!

Don't forget to like and leave a comment so we can constantly improve and serve you better 
CHEERS!!!!",UCKcXfh9r34BmxGRfUNo7nvg,RHANDY AFRICAN MOVIES,111000,2048,2026-05-03T21:00:06Z,128.3,2300,11.0,0.0,True,True,True,2026-10-06
umenwa_odimgbe,Ekene Umenwa,Stephen Odimgbe,QFZoAIpbFD8,CRAZY SISTER IN LAW 1&2 - EKENE UMENWA / STEPHEN ODIMGBE 2026 LATEST NIGERIAN MOVIE,"Welcome to @bluepicturestv001 an online platform that brings to you the finest of Nollywood Blockbuster movies, a one-stop YouTube channel that showcases the best of Nollywood Action, Romantic, Epic, Classic, Royal and Family movies featuring your best Actors and Actresses. Our mission is to fascinate you with non-stop hit movies everyday. Subscribe to be entertained.

https://www.youtube.com/@bluepicturestv001

#latest #new nigerian nollywood movies #nollywood #nollywoodmovies #2026 #ruthkadiri247 #2026latestnigerianmovies #latestLizzygoldmovies #nigerian #nigeria #2026toptrendingnigerianmovies #toptrendingnollywoodmovies #new #film #fullmovie #completenigerianmovie #2026newlatestnigerianmovies #newmovie #full #movies #frederickleonard2026latestnewtrendingmovies #nigerian #lizzy gold nigerian movies 2026 #nigerianmovies2026latestfullmovies #lizzygoldnigerianmovies2026 #lizzygoldlatestfullmovies2026 #nigerianmovies2026latestfullmovie #lizzygoldlatestfullnigerianmovies2026 #lizzygoldlat",UCWXen7iFINIlgZD6YBZaeNQ,BluePicturesTv,409000,4308,2026-03-11T14:35:07Z,89.5,6557,48.0,7.0,True,True,True,2026-10-06
umenwa_odimgbe,Ekene Umenwa,Stephen Odimgbe,gvRSu0SZ6vs,BAG OF TROUBLE - STEPHEN ODIMGBE | EKENE UMENWA | 2026 Nigerian Movies Latest African Movies,"When an ordinary man stumbles upon a mysterious bag, he believes his financial struggles are finally over. But every attempt to enjoy his newfound fortune unleashes a fresh wave of chaos, betrayal, and deadly secrets. As greedy relatives, dangerous criminals, and unexpected enemies close in, he discovers that the bag carries far more than money—it carries trouble.

Now, he must decide whether to keep fighting for the life he has always wanted or let go before the bag destroys everyone he loves. In the end, one question remains: Is any fortune worth a lifetime of trouble?
#nollywood   #africanmovies   #RomanticComedy #lovestory  #Playboy #RelationshipDrama #truelove   #heartbreak  #familydrama   #comedydrama   #lovewins   #emotionalmovie   #nigerianmoviestars  #trendingmovies  #youtubemovies  #mustwatch  #africancinema   #romance  #nollywoodplusmovies  #usa  
Stephen Odimgbe, Obi Okoli, Sochi Infinity",UCeAWHB2jxBnez4SA6ulcurw,NOLLYWOOD PLUS MOVIES,21500,1153,2026-07-03T19:00:08Z,114.9,82,0.0,0.0,True,True,True,2026-10-06
umenwa_odimgbe,Ekene Umenwa,Stephen Odimgbe,sPATGR6h-3o,"PHILOMENA FULL MOVIE - EKENE UMENWA, STEPHEN ODIMGBE (FLASHBOY), Latest 2026 Nigerian Movie","Click here to subscribe now: https://www.youtube.com/channel/UCBYnItlc7iFdtiyA7QUvvFQ

Stay connected and watch the best of Nigerian Movies , Latest Nollywood Movies. Watch the  best of Nollywood actors,, best of Mercy Johnson, best Of Ken Erics, best of , Destiny Etiko, Yul Edochie, Ebele Okaro, Uju Okoli, Ngozi Ezeonu, Zubby Michael, Jerry Williams in Latest Nollywood movies, action, Romance, Drama, epic, Only on Topten NollyTv. YouTube best of Nollywood Channel. See Clips, trailer's, behind the scenes and exclusives Nollywood latest Movies.

#Nigerianmovies #Ghanamovies #Nollywoodmovies #trending",UCBYnItlc7iFdtiyA7QUvvFQ,UpperClass NollyTv,2200,26,2026-09-17T15:16:49Z,166.2,4149,13.0,0.0,True,True,True,2026-10-06
umenwa_odimgbe,Ekene Umenwa,Stephen Odimgbe,4sLulVAPnV8,"PLUS AND MINUS (NEW MOVIE) EKENE UMENWA, STEPHEN ODIMGBE, Latest Nigerian Nollywood Movies MFA","Watch and enjoy latest Nigerian movies on Nigerian number one YouTube Channel,
Nigerian Nollywood Movies. LATEST NIGERIAN MOVIES BELOW in any of our collections #Nollywood #Movies brings you the best of #entertainment on #YouTube channel, #FREE movies is all you get here each time
 you visit the Nollywood Romance #YouTube Channel, for #new and Latest #2020 #Nigerian films, just #subscribe to this 
channel on Youtube Watch #Nollywood #movies on Nollywood Romance, FREE African movies, Nigerian FREE Movies on Youtube.#nollywood #newmovies #nigerianmovies #Nollywoodmovies #Nigerianmovies #Ghanamovies #Latestmovies #2018Movies #2019movies #2020movies #zubbymichael #nollywoddpridetv #newmovies #royalmovies #epicmovies #villagemovies #accra #ghana #cotonou #guyana #benin #portharcourt #lagos #
CHIKAMSO OZONIGBO NOLLYWOOD MOVIES

OZOR NOLLYWOOD MOVIES

DIAMOND OKECHI NOLLYWOOD MOVIE 

ESTHER OKOLIE MOVIES

SHASHA DONALDS MOVIES

DESTINY ETIKO NOLLYWOOD MOVIES

ACHU HANKS NIGERIAN MOVIES



RET",UC4EvMg8hhYrpw04HjzEi24w,AMAZING MOVIES TV,71200,1787,2025-12-03T12:00:10Z,90.3,1967,9.0,0.0,True,True,True,2026-10-06
umenwa_odimgbe,Ekene Umenwa,Stephen Odimgbe,4-1b3WIsPvY,"THE STUBBORN FISH SELLER 1&2 -EKENE UMENWA, STEPHEN ODIMGBE-2026 LATEST NIGERIAN  MOVIES","THE STUBBORN FISH SELLER IS 2026 LATEST/NEW NIGERIAN NOLLYWOOD MOVIE STARRING  UGEZU J UGEZU, JOYCE KALU, KEN ERICS


PERFECT NOLLYWOODMOVIES is the home of the latest and greatest Nigerian Nollywood movies, Nigerian TV Shows and Ghanaian Ghallywood movies . Visit our channel to watch thousands of hot Nigerian movies featuring amazing Nollywood actors such as Mercy Johnson,  Mama Gee, Ken Erics, Majid Michel, Rachael Okonkwo, Regina Daniels, Genevieve Nnaji, Ramsey Noah, Jim Iyke, the hilarious Mr Ibu and many more. With new Nollywood movies released on  realnolly online tv every week, we work extremely hard to maximize your viewing pleasure.  

Watch loads of Nigerian movie trailers, Nigerian movie clips & teasers featuring your favorite Nollywood actors on the nollywoodlatest tv YouTube channel.

Thank you so much for watching this!

#Nollywoodmovies #Nigerianmovies #Ghanamovies #Latestmovies",UCIRz6_U2chGFJU1CmMyHf1A,PERFECT NOLLYWOODMOVIES,154000,1960,2026-09-11T10:58:18Z,64.8,2753,12.0,0.0,True,True,True,2026-10-06
umenwa_odimgbe,Ekene Umenwa,Stephen Odimgbe,A89yPYpefKo,"HIDDEN FIRE (2026)- STEPHEN ODIMGBE, EKENE UMENWA, EBELE OKARO || LATEST NIGERIAN NOLLYWOOD MOVIE","HIDDEN FIRE (2026) - STEPHEN ODIMGBE, EKENE UMENWA, EBELE OKARO || LATEST NIGERIAN NEW MOVIE 
When something special holds a bond between two people from different backgrounds together, the fight against them becomes a fire to the parents. Ekene Umenwa Palazo and her mother Ebele Okaro went through fire because of the strong bond between Stephen Odimgbe Flash boy and Ekene, but an obstacle stands on the way. A new Nollywood 2026 full movie, packed with love, drama, education, passion, and relatable life scenes. A movie for every family. Nigerian Christian family movies

#newmovie #trendingmovies #ekeneumenwa #2026movie  #latestnollywoodmovies",UCbhi8sZL_-ZR7KHQV_1Gazg,NOLLY GOLD TV,52100,248,2026-04-09T16:02:51Z,108.1,9327,145.0,10.0,True,True,True,2026-10-06
umenwa_odimgbe,Ekene Umenwa,Stephen Odimgbe,4GOuhon5zTs,Crazy Sister Inlaw 1&2 - EKENE UMENWA & STEPHEN ODIMGBE 2026 Nig Movie,"Crown Nolly Films Tv Brings the best and authentic nollywood blockbuster movies to your doorstep. 
 Kindly Subscribe !",UCDPoFNOtDYmFDHCSTAlzQ1Q,CROWN NOLLY FILMS Tv,52000,746,2026-03-11T14:35:44Z,89.5,120150,841.0,61.0,True,True,True,2026-10-06
umenwa_odimgbe,Ekene Umenwa,Stephen Odimgbe,g9mFXYvPKl8,"THE UPCOMING WIFE | EKENE UMENWA, STEPHEN ODIMGBE | LATEST NIGERIAN NOLLYWOOD MOVIES","Nigerian Movie Starring: Stephen Odimgbe, Ekene Umenwa, Tracy Edwin





#nigerianmovies #nollywoodmovies #familymovies",UCS3OsUcCA-vkr2HQVpppMfg,PureNolly Premium TV,389000,1489,2026-02-20T16:00:55Z,171.5,2228,15.0,0.0,True,True,True,2026-10-06
umenwa_odimgbe,Ekene Umenwa,Stephen Odimgbe,YsFVkQPO_sM,"PROBLEM NA MY WORK - (New Movie) EKENE UMENWA, STEPHEN ODIMGBE 2025 LATEST NIGERIAN NOLLYWOOD MOVIE","Visit us and watch the best of Nigerian Movies , Latest Nollywood Movies. Watch the  best of Nollywood actors, best of Nigerian actors, best of Mercy Johnson, best Of Ken Erics, best of , Destiny Etiko, Yul Edochie, Ebele Okaro, Uju Okoli, Ngozi Ezeonu, Zubby Michael, Jerry Williams in Latest Nollywood movies, action, Romance, Drama, epic, Only on  KLASSIPICTURES TV YouTube best of Nollywood Channel. See Clips, trailer's, behind the scenes and exclusives Nollywood latest Movies.",UCOzs3XQapmHClAlrsIc_DdQ,KLASSIC PICTURESTV,235000,605,2025-12-15T14:02:22Z,160.9,649,12.0,1.0,True,True,True,2026-10-06
umenwa_odimgbe,Ekene Umenwa,Stephen Odimgbe,2pzNvnMeIP8,BABY HUSBAND (NEW) STEPHEN ODIMGBE | EKENE UMENWA | NIGERIAN MOVIES 2026 #nollywoodnigerianmovies,"YOUTUBE NOLLYWOOD MOVIES TV channel brings you the latest releases renowned Nigerian filmmakers and actors. From the biggest stars to emerging talents, our platform showcases the best of Nollywood's cinematic prowess.

Kindly Click the link below to subscribe https://www.youtube.com/@youtubenollywoodmoviestv
?sub_confirmation=1

#nigerianmovies #nollywoodmovies #africanmovie #2026movies #lovemovies",UCfXS5ue312v-VtRf2_nMSvg,YOUTUBE NOLLYWOOD MOVIES TV,12800,339,2026-09-21T16:00:14Z,67.2,562,2.0,0.0,True,True,True,2026-10-06
umenwa_odimgbe,Ekene Umenwa,Stephen Odimgbe,a-UIQkQH3co,THE INTRUDER 2 - EKENE UMENWA STEPHEN ODIMGBE - Latest Nigerian Movie DMP,"Click here to subscribe now: https://www.youtube.com/channel/UCGaA1J1BSfmWdWq9MIfqYXg

Stay connected and watch the best of Nigerian Movies , Latest Nollywood Movies. Watch the  best of Nollywood actors,, best of Mercy Johnson, best Of Ken Erics, best of , Destiny Etiko, Yul Edochie, Ebele Okaro, Uju Okoli, Ngozi Ezeonu, Zubby Michael, Jerry Williams in Latest Nollywood movies, action, Romance, Drama, epic, Only on ArrowsDreams NollyTV. YouTube best of Nollywood Channel. See Clips, trailer's, behind the scenes and exclusives Nollywood latest Movies.

#Nigerianmovies #Ghanamovies #Nollywoodmovies #trending",UCGaA1J1BSfmWdWq9MIfqYXg,001 NOLLYWOOD MOVIES 🍿,48800,1533,2026-10-05T12:55:59Z,89.2,400,3.0,1.0,True,True,True,2026-10-06
umenwa_odimgbe,Ekene Umenwa,Stephen Odimgbe,AC1xRGcfbzA,"STINY LOCAL WIFE~ STEPHEN ODIMGBE, EKENE UMENWA 2025 Latest Nigerian Movies  #trending #viralvideo","STINY LOCAL WIFE~ STEPHEN ODIMGBE, EKENE UMENWA 2025 Latest Nigerian Movies  #trending #viralvideo 

Watch the Best Of Nigerian Nollywood Movies
Visit us and watch the best of Nigerian Movies , Latest Nollywood Movies. Watch the  best of Nollywood actors, best of Nigerian actors, best of Mercy Johnson, best Of Ken Erics, best of , Destiny Etiko, Yul Edochie, Ebele Okaro, Uju Okoli, Ngozi Ezeonu, Zubby Michael, Jerry Williams in Latest Nollywood movies, action, Romance, Drama, epic, Only on FRIENDLY NOLLYTV YouTube best of Nollywood Channel. See Clips, trailer's, behind the scenes and exclusives Nollywood latest Movies.",UC8r8yYL1f4xFr9v7O3z4Oiw,FRIENDLY NOLLYTV,134000,586,2025-04-17T19:10:51Z,103.3,53538,374.0,20.0,True,True,True,2026-10-06
umenwa_odimgbe,Ekene Umenwa,Stephen Odimgbe,lRr2SQgd8aU,CRAZY SISTER IN-LAW - Ekene Umenwa/ Stephen Odimgbe 2026 Latest Nigerian Nollywood Movie,"Watch 2026 Best Of Nigerian Nollywood Movies
Featuring all trending actors and blockbuster movies
Bringing you the latest Nigerian movies

#nigerian movies #nollywoodmovies #africanmovies #fullnigerianmovies",UCJN19iO9H7I5lWfIrTiROtA,TheYoungNolly Stars Tv,156000,3355,2026-03-14T21:00:43Z,89.5,4203,27.0,2.0,True,True,True,2026-10-06
umenwa_odimgbe,Ekene Umenwa,Stephen Odimgbe,vonYN2sJtNw,THE PRINCE & D FISH SELLER - Stephen Odimgbe Ekene Umenwa -2026 LATEST NIGERIAN NOLLYWOOD MOVIES PT2,"Nollywood Unedited Movies brings you the best of entertainment on YouTube channel,
FREE movies is all you get here each time you visit the Nollywood movie Romance. #nigerianmovies #ghanamovies #nollywood",UCwIGC3q7PJ2FpJszgjiceUw,NOLLYWOOD UNEDITED TV,74200,2259,2026-10-01T12:00:37Z,88.7,1336,8.0,0.0,True,True,True,2026-10-06
umenwa_odimgbe,Ekene Umenwa,Stephen Odimgbe,WTK6LSGa35s,"CREDIT WIVES - (New Movie) EKENE UMENWA, STEPHEN ODIMGBE 2026 Latest Nigerian Nollywood Movie","Visit us and watch the best of Nigerian Movies , Latest Nollywood Movies. Watch the  best of Nollywood actors, best of Nigerian actors, best of Mercy Johnson, best Of Ken Erics, best of , Destiny Etiko, Yul Edochie, Ebele Okaro, Uju Okoli, Ngozi Ezeonu, Zubby Michael, Jerry Williams in Latest Nollywood movies, action, Romance, Drama, epic, Only on S NOLLYWOODTV YouTube best of Nollywood Channel. See Clips, trailer's, behind the scenes and exclusives Nollywood latest Movies.

#Nigerianmovie #Ghanamovie #Nollywoodmovie",UCNGywvNx5_wolN0-z9orVKQ,SNollywoodTV,453000,805,2026-09-16T14:05:12Z,149.6,1228,13.0,0.0,True,True,True,2026-10-06
umenwa_odimgbe,Ekene Umenwa,Stephen Odimgbe,KNP6M3pbTnA,"CHOSEN QUEEN (2025)EKENE UMENWA, STEPHEN ODIMGBE, MALEEK MALTON UGEGBE AJAELO NEW NOLLYWOOD MOVIE","CHOSEN QUUEN EKENE UMENWA, STEPHEN ODIMGBE, MALEEK MALTON UGEGBE AJAELO NEW NOLLYWOOD TRENDING MOVIE
NEW 2025 TRENDING MOVIE 
EKENE UMENWA LATEST MOVIE
STEPHEN ODIMGBE NEW MOVIE
MALEEK MALTON 2025 MOVIE
UGEGBE AJAELO NEW MOVIE 
 LATEST MOVIE
 LEONARD NEW MOVIE
NEW MOVIES
 LATEST REALEASE  MOVIE
  TRENDIG MOVIE 
 

Amicus Movies is your best Nigerian movie plug... We upload latest Nigerian movies and of course some old beautiful movies to bring back good memories especially those that made our childhood days..... Salvage Nollytv  upload movies of your favorite actors and actresses. The Likes of Mercy Johnson, Destiny etiko, Chizzy Alichi, Fredrick Leonard, Jerry Williams, Ebele Okaro, Yul Edochie, Ngozi EzeOnu, Phil Daniels,  Pete Edochie,  Uju Okoli, Zubby Michael and many others.... We upload both Royal, family, Glamour, epic movies..... We also acknowledge observations and corrections in Salvage Nollytv for improvement purposes. Subscribe using the Link below
#trending #nollywoodmovi",UCMeL5m3iwzXxsxca_tF_67A,Amicus Nollywood Movies,28200,597,2025-11-16T16:00:26Z,230.8,10173,78.0,11.0,True,True,True,2026-10-06
umenwa_odimgbe,Ekene Umenwa,Stephen Odimgbe,CM8pJpZ8dBk,"JACINTA MY VILLAGE WIFE - (New Movie) EKENE UMENWA, STEPHEN ODIMGBE 2026 LATEST NIGERIAN MOVIE","Visit us and watch the best of Nigerian Movies , Latest Nollywood Movies. Watch the  best of Nollywood actors, best of Nigerian actors, best of Mercy Johnson, best Of Ken Erics, best of , Destiny Etiko, Yul Edochie, Ebele Okaro, Uju Okoli, Ngozi Ezeonu, Zubby Michael, Jerry Williams in Latest Nollywood movies, action, Romance, Drama, epic, Only on PRIME AFRICAN MOVIES YouTube best of Nollywood Channel. See Clips, trailer's, behind the scenes and exclusives Nollywood latest Movies.

#Nigerianmovie #Ghanamovie #Nollywoodmovie",UCIMezCrj6FKFFFpfn2r_o6w,PRIME AFRICAN MOVIES,307,36,2026-02-14T13:29:50Z,187.3,742,4.0,0.0,True,True,True,2026-10-06
umenwa_odimgbe,Ekene Umenwa,Stephen Odimgbe,Y074fczoVbA,"Pathway of Mercy (2025) – Ekene Umenwa, Stephen Odemgbe, Ebele Okaro | Latest Nollywood Movie","In Pathway of Mercy (2025), Somaga (Ekene Umenwa Ogbodo) is a naïve yet beautiful village girl who works tirelessly with her friends to survive, dreaming of a better life and admiring the big cars that pass through her world. Loved by many but envied by others, she draws strength from her strong-willed mother (Ebele Okaro), who also struggles daily to keep their family afloat.

When Prince  (Stephen Odimgbe), a devout and humble heir to the throne, enters their lives, Somaga discovers a love she never imagined. But his royal destiny comes with obstacles his powerful mother (Ola Daniels) has already chosen a pretending wealthy bride (Prisma James) for him. Torn between true love and royal duty, the prince must make a decision that could change the fate of both families.

A moving Nollywood drama of love, faith, betrayal, and hope, Pathway of Mercy captures the clash between wealth and humility, tradition and freedom, jealousy and forgiveness. Will mercy prevail on the pathway of love? 
",UCNL6JutHsTjziKjmVtWnB1A,EKENE UMENWA TV,939000,295,2025-09-13T16:00:28Z,114.5,1682166,22588.0,3844.0,True,True,True,2026-10-06
umenwa_odimgbe,Ekene Umenwa,Stephen Odimgbe,GrGUoxwGcVM,Crazy Sister In-Law (Season 1&2) Ekene Umenwa And Stephen Odimgbe Latest Nig. Movies 2026,"Welcome to AFRICAN MAGIC TV, your #1 source for the best Nollywood, Yoruba, and Ghanaian movies — streaming 24/7 with no dull moment!

From romantic dramas to thrilling action, epic historical stories, rib-cracking comedy, and powerful traditional tales, we bring you blockbuster films starring your favorite Nollywood legends:
🎭 Mercy Johnson, Destiny Etiko, Yul Edochie, Tonto Dikeh, Zubby Michael, and many more!

🎥 What We Offer:

✅ Full HD Nollywood & Yoruba movies
✅ Classic and trending titles updated daily
✅ Subtitles for global audience
✅ Exclusive premieres & behind-the-scenes content
✅ Family-friendly & faith-based content included
✅ Powerful village stories, love tales, and royal sagas

Whether you're in Nigeria, Ghana, the UK, USA, or anywhere in the world, AFRICAN MAGIC TV keeps you connected to African storytelling at its finest.#new #Movie #movies #2025 #nigerianmovies #nollywoodmovies #2025movies #africanmoviechannel #latest2025movies #romancemovie #lovemovie #Lizzygold  #n",UCOXVwDVDnNYEIUsVIK_bt1Q,AFRICAN MAGIC TV,123000,2680,2026-03-12T07:00:31Z,89.5,2358,22.0,4.0,True,True,True,2026-10-06
umenwa_odimgbe,Ekene Umenwa,Stephen Odimgbe,v1v6Ujgl0R4,"SOMADINA THE FISH SELLER 5&6-: EKENE UMENWA, STEPHEN ODIMGBE, LATEST 2026 NOLLYWOOD MOVIE","new nigerian movies,trending nigerian movies,nigerian movies,latest nigerian movies,new nigerian film,free nigerian movies,nigerian movies 2026 latest full movies,nigerian movies 2025 latest full movies,trending nollywood movies,2026 nigerian movies,nigerian movies 2025 latest full movies,nollywood movies,the london husband nigerian movie,nigerian movies 2026new nigerian movies 2025,exciting nollywood movies,new nigerian movies 2026 latest full movies
#mauricesam #nollywoodmovies2025 #NOollyhubs tv#
#zubby micheals movies #mike godson movies# #nollywoodmovies #latestnollywoodmovies2026 #ebube obio movies#chike daniels movies#
#nollywoodmovies #nigerianmovies #trending #stayhome #nollywoodmovies2026#when truth cries# mike godson#lizzy gold# warrior princess# viral movies#

latest nigerian movies,nigerian movies 2026 latest full movies,nigerian movies 2026 latest full movies,nigerian movies,nigerian movies 2024 latest full movies,free nigerian movies,new nigerian movies,trending nigerian",UCKxME77V41BMZZynsC5GTlA,NOLLYHUBS TV,66600,2073,2026-09-16T09:05:06Z,68.3,27750,152.0,3.0,True,True,True,2026-10-06
umenwa_odimgbe,Ekene Umenwa,Stephen Odimgbe,gMzNjpcKIeU,"EKENE - EKENE UMENWA, STEPHEN ODIMGBE - Latest Nigerian Movie DMP","Here on FIRST PREMIUM TV, we bring you Topnotch Nigerian Nollywood Movies starring the A list actors like Maurice Sam,Uche montana ,Sonia Uche,Clinton Joshua,Ray Emodi, Too sweet Annan, Destiny Etiko, Regina Daniels, LizzyGold, Fredrick Leonard and many more, in all genres; Love and Romance, Family Movies, Comedy, Tragedy, Crime... Do well to subscribe and stay Tuned for premium entertainment.

#movie #nollywood #trending #nigeria #nollywoodmovies",UCwuAIt0WIDqGox8gYTcGSyg,HOT Nollywood Movies Tv,25600,1276,2026-08-19T11:30:02Z,100.2,43,2.0,0.0,True,True,True,2026-10-06
umenwa_odimgbe,Ekene Umenwa,Stephen Odimgbe,y-qxKoicysk,CRAZY SISTER IN-LAW PT 3&4 - Ekene Umenwa/ Stephen Odimgbe 2026 Latest Nigerian Nollywood Movie,"Visit us and watch the best of Nigerian Movies , Latest Nollywood Movies. Watch the  best of Nollywood actors, best of Nigerian actors, best of LIZZY GOLD, YUL EDOCHIE, EKENE UMENWA, EBUBE OBIO, NOSA REX, MALEEK MILTON, UJU OKOLI and many more action, Romance, Drama, epic movies Only on PRIME AFRICAN MOVIES Nollywood Channel. See Clips, trailer's, behind the scenes and exclusives Nollywood latest Movies.

#Nigerianmovie #Ghanamovie #Nollywoodmovie",UCIMezCrj6FKFFFpfn2r_o6w,PRIME AFRICAN MOVIES,307,36,2026-03-13T15:23:42Z,150.6,262,0.0,0.0,True,True,True,2026-10-06
umenwa_odimgbe,Ekene Umenwa,Stephen Odimgbe,G6XwoDNLDHE,"THE STUBBORN CHEF | STEPHEN ODIMGBE , EKENE UMENWA - Latest Nigerian Nollywood Full Movie.","A talented but stubborn chef clashes with everyone around him until love, family, and unexpected challenges force him to choose between pride and happiness.

Like | Comment |  Subscribe to NOLLYWOOD MOVIE VAULT for more Latest Nollywood Movies 2026, Full Nigerian Movies, and African Movie premieres every week.

Please click the link to subscribe for the Latest Nigerian Movie:

https://www.youtube.com/channel/UCkdRDFynUdMSl0mTfOYHJpQ

#TheStubbornChef #Nollywood #LatestNollywoodMovie #AfricanMovies #StephenOdimgbe #EkeneUmenwa #RomanticComedy #FamilyDrama #LoveStory #NigerianMovies #FullMovie #TrendingMovies #2026Movies #MovieNight #AfricanCinema #Nigeria #Ghana #Kenya #SouthAfrica #UnitedStates #UnitedKingdom #Canada 


Cliquez pour vous abonner aux meilleurs films nigérians de Nollywood.",UCkdRDFynUdMSl0mTfOYHJpQ,NOLLYWOOD MOVIE VAULT,111,239,2026-07-25T18:00:01Z,146.7,196,1.0,0.0,True,True,True,2026-10-06
umenwa_odimgbe,Ekene Umenwa,Stephen Odimgbe,3P-a5WmjNoc,THE INTRUDER (PT 2) - EKENE UMENWA STEPHEN ODIMGBE - Latest Nigerian Movie,"# AFRICAN SCREEN TV – Official Channel Description

**Welcome to African Screen TV – Your Home for the Best Nollywood & African Movies!**

African Screen TV brings you the latest and most entertaining **Nollywood movies**, **Nigerian movies**, and **African films**. Enjoy full-length movies featuring captivating stories, unforgettable characters, and performances from some of Nollywood's biggest stars.

On this channel you'll find:

🎬 Latest Nigerian Movies
🎬 New Nollywood Full Movies
🎬 Romantic Love Stories
🎬 Family Drama Movies
🎬 Royal Palace & Kingdom Stories
🎬 Epic Village Movies
🎬 Action & Crime Thrillers
🎬 Emotional and Inspirational African Movies

Watch performances from popular Nollywood actors including **Frederick Leonard, Chinenye Nnebe, Sonia Uche, Maurice Sam, Ekene Umenwa, Ruth Kadiri, Destiny Etiko, Regina Daniels, Lizzy Gold, Uche Montana, Chidi Dike, Sharon Ifedi, Zubby Michael**, and many more.

We upload fresh, high-quality movies regularly, so there's always someth",UC5rnrPZfLehN_oDdQ3htVvQ,African Screen tv,3990,324,2026-10-05T15:00:28Z,186.2,107,1.0,0.0,True,True,True,2026-10-06
umenwa_odimgbe,Ekene Umenwa,Stephen Odimgbe,yZy2QHFVH4g,"SOMADINA THE FISH SELLER 3&4 STEPHEN ODIMGBE, EKENE UMENWA 2026 Latest NOLLYWOOD MOVIE","new nigerian movies,trending nigerian movies,nigerian movies,latest nigerian movies,new nigerian film,free nigerian movies,nigerian movies 2026 latest full movies,nigerian movies 2025 latest full movies,trending nollywood movies,2026 nigerian movies,nigerian movies 2025 latest full movies,nollywood movies,the london husband nigerian movie,nigerian movies 2026new nigerian movies 2025,exciting nollywood movies,new nigerian movies 2026 latest full movies
#mauricesam #nollywoodmovies2025 #NOollyhubs tv#
#zubby micheals movies #mike godson movies# #nollywoodmovies #latestnollywoodmovies2026 #ebube obio movies#chike daniels movies#
#nollywoodmovies #nigerianmovies #trending #stayhome #nollywoodmovies2026#when truth cries# mike godson#lizzy gold# warrior princess# viral movies#

latest nigerian movies,nigerian movies 2026 latest full movies,nigerian movies 2026 latest full movies,nigerian movies,nigerian movies 2024 latest full movies,free nigerian movies,new nigerian movies,trending nigerian",UCKxME77V41BMZZynsC5GTlA,NOLLYHUBS TV,66600,2073,2026-09-13T10:33:29Z,73.2,24888,107.0,2.0,True,True,True,2026-10-06
umenwa_odimgbe,Ekene Umenwa,Stephen Odimgbe,rieU3g4Frzw,"MGBEKE THE VILLAGE GIRL 5&6 (NEW TRENDING MOVIE) - EKENE UMENWA,STEPHEN ODIMGBE LATEST NOLLY MOVIE","Softel Tv brings you the best of entertainment on YouTube channel, FREE movies is all you get here each time you visit Softel TV channel, for new and Latest  Nigerian films, just subscribe to this channel on Youtube for your latest Nigerian  Movies",UCAi91O6bSQlE85fWPb87nnA,Softel Tv,186000,4569,2026-03-17T14:00:00Z,81.1,2405,7.0,1.0,True,True,True,2026-10-06
